solid OpenSCAD_Model
  facet normal 0.997289 0.0735899 0
    outer loop
      vertex 130.243 6.39842 -48
      vertex 129.772 12.7814 -50
      vertex 129.772 12.7814 -48
    endloop
  endfacet
  facet normal 0.997289 0.0735899 0
    outer loop
      vertex 129.772 12.7814 -50
      vertex 130.243 6.39842 -48
      vertex 130.243 6.39842 -50
    endloop
  endfacet
  facet normal 0.997289 0.0735899 0
    outer loop
      vertex 130.243 6.39842 50
      vertex 129.772 12.7814 48
      vertex 129.772 12.7814 50
    endloop
  endfacet
  facet normal 0.997289 0.0735899 0
    outer loop
      vertex 129.772 12.7814 48
      vertex 130.243 6.39842 50
      vertex 130.243 6.39842 48
    endloop
  endfacet
  facet normal 0.999699 0.0245299 0
    outer loop
      vertex 130.4 0 -48
      vertex 130.243 6.39842 -50
      vertex 130.243 6.39842 -48
    endloop
  endfacet
  facet normal 0.999699 0.0245299 0
    outer loop
      vertex 130.243 6.39842 -50
      vertex 130.4 0 -48
      vertex 130.4 0 -50
    endloop
  endfacet
  facet normal 0.999699 0.0245299 0
    outer loop
      vertex 130.4 0 50
      vertex 130.243 6.39842 48
      vertex 130.243 6.39842 50
    endloop
  endfacet
  facet normal 0.999699 0.0245299 0
    outer loop
      vertex 130.243 6.39842 48
      vertex 130.4 0 50
      vertex 130.4 0 48
    endloop
  endfacet
  facet normal 0.992484 0.122376 0
    outer loop
      vertex 128.989 19.1337 50
      vertex 129.622 14 48
      vertex 128.989 19.1337 -50
    endloop
  endfacet
  facet normal 0.992489 0.122337 0.000103025
    outer loop
      vertex 129.772 12.7814 50
      vertex 129.622 14 48
      vertex 128.989 19.1337 50
    endloop
  endfacet
  facet normal 0.992509 0.12217 0
    outer loop
      vertex 129.622 14 48
      vertex 129.772 12.7814 50
      vertex 129.772 12.7814 48
    endloop
  endfacet
  facet normal 0.992484 0.122376 -0
    outer loop
      vertex 129.622 14 -48
      vertex 128.989 19.1337 -50
      vertex 129.622 14 48
    endloop
  endfacet
  facet normal 0.992509 0.12217 -0
    outer loop
      vertex 129.772 12.7814 -50
      vertex 129.622 14 -48
      vertex 129.772 12.7814 -48
    endloop
  endfacet
  facet normal 0.992489 0.122337 -0.000103025
    outer loop
      vertex 129.622 14 -48
      vertex 129.772 12.7814 -50
      vertex 128.989 19.1337 -50
    endloop
  endfacet
  facet normal 0 0 1
    outer loop
      vertex 116.4 0 50
      vertex 130.4 0 50
      vertex 130.243 6.39842 50
    endloop
  endfacet
  facet normal 0 0 1
    outer loop
      vertex 116.26 5.71148 50
      vertex 130.243 6.39842 50
      vertex 129.772 12.7814 50
    endloop
  endfacet
  facet normal 0 0 1
    outer loop
      vertex 130.4 0 50
      vertex 116.4 0 50
      vertex 130.243 -6.39842 50
    endloop
  endfacet
  facet normal 0 0 1
    outer loop
      vertex 115.84 11.4092 50
      vertex 129.772 12.7814 50
      vertex 128.989 19.1337 50
    endloop
  endfacet
  facet normal -0 0 1
    outer loop
      vertex 116.26 -5.71148 50
      vertex 130.243 -6.39842 50
      vertex 116.4 0 50
    endloop
  endfacet
  facet normal 0 0 1
    outer loop
      vertex 115.14 17.0794 50
      vertex 128.989 19.1337 50
      vertex 127.894 25.4398 50
    endloop
  endfacet
  facet normal 0 0 1
    outer loop
      vertex 130.243 -6.39842 50
      vertex 116.26 -5.71148 50
      vertex 129.772 -12.7814 50
    endloop
  endfacet
  facet normal 0 0 1
    outer loop
      vertex 114.163 22.7085 50
      vertex 127.894 25.4398 50
      vertex 126.492 31.6846 50
    endloop
  endfacet
  facet normal -0 0 1
    outer loop
      vertex 115.84 -11.4092 50
      vertex 129.772 -12.7814 50
      vertex 116.26 -5.71148 50
    endloop
  endfacet
  facet normal 0 0 1
    outer loop
      vertex 112.912 28.2829 50
      vertex 126.492 31.6846 50
      vertex 124.785 37.8531 50
    endloop
  endfacet
  facet normal 0 0 1
    outer loop
      vertex 129.772 -12.7814 50
      vertex 115.84 -11.4092 50
      vertex 128.989 -19.1337 50
    endloop
  endfacet
  facet normal 0 0 1
    outer loop
      vertex 111.388 33.7891 50
      vertex 124.785 37.8531 50
      vertex 122.777 43.9304 50
    endloop
  endfacet
  facet normal -0 0 1
    outer loop
      vertex 115.14 -17.0794 50
      vertex 128.989 -19.1337 50
      vertex 115.84 -11.4092 50
    endloop
  endfacet
  facet normal 0 0 1
    outer loop
      vertex 109.596 39.214 50
      vertex 122.777 43.9304 50
      vertex 120.474 49.9019 50
    endloop
  endfacet
  facet normal 0 0 1
    outer loop
      vertex 128.989 -19.1337 50
      vertex 115.14 -17.0794 50
      vertex 127.894 -25.4398 50
    endloop
  endfacet
  facet normal 0 0 1
    outer loop
      vertex 107.54 44.5443 50
      vertex 120.474 49.9019 50
      vertex 117.88 55.7532 50
    endloop
  endfacet
  facet normal -0 0 1
    outer loop
      vertex 114.163 -22.7085 50
      vertex 127.894 -25.4398 50
      vertex 115.14 -17.0794 50
    endloop
  endfacet
  facet normal 0 0 1
    outer loop
      vertex 127.894 -25.4398 50
      vertex 114.163 -22.7085 50
      vertex 126.492 -31.6846 50
    endloop
  endfacet
  facet normal 0 0 1
    outer loop
      vertex 130.243 6.39842 50
      vertex 116.26 5.71148 50
      vertex 116.4 0 50
    endloop
  endfacet
  facet normal 0 0 1
    outer loop
      vertex 129.772 12.7814 50
      vertex 115.84 11.4092 50
      vertex 116.26 5.71148 50
    endloop
  endfacet
  facet normal 0 0 1
    outer loop
      vertex 128.989 19.1337 50
      vertex 115.14 17.0794 50
      vertex 115.84 11.4092 50
    endloop
  endfacet
  facet normal 0 0 1
    outer loop
      vertex 105.224 49.7674 50
      vertex 117.88 55.7532 50
      vertex 115.003 61.4701 50
    endloop
  endfacet
  facet normal 0 0 1
    outer loop
      vertex 127.894 25.4398 50
      vertex 114.163 22.7085 50
      vertex 115.14 17.0794 50
    endloop
  endfacet
  facet normal 0 0 1
    outer loop
      vertex 126.492 31.6846 50
      vertex 112.912 28.2829 50
      vertex 114.163 22.7085 50
    endloop
  endfacet
  facet normal 0 0 1
    outer loop
      vertex 102.656 54.8706 50
      vertex 115.003 61.4701 50
      vertex 111.848 67.039 50
    endloop
  endfacet
  facet normal 0 0 1
    outer loop
      vertex 124.785 37.8531 50
      vertex 111.388 33.7891 50
      vertex 112.912 28.2829 50
    endloop
  endfacet
  facet normal 0 0 1
    outer loop
      vertex 122.777 43.9304 50
      vertex 109.596 39.214 50
      vertex 111.388 33.7891 50
    endloop
  endfacet
  facet normal 0 0 1
    outer loop
      vertex 99.8396 59.8416 50
      vertex 111.848 67.039 50
      vertex 108.424 72.4464 50
    endloop
  endfacet
  facet normal 0 0 1
    outer loop
      vertex 120.474 49.9019 50
      vertex 107.54 44.5443 50
      vertex 109.596 39.214 50
    endloop
  endfacet
  facet normal 0 0 1
    outer loop
      vertex 117.88 55.7532 50
      vertex 105.224 49.7674 50
      vertex 107.54 44.5443 50
    endloop
  endfacet
  facet normal 0 0 1
    outer loop
      vertex 96.7831 64.6684 50
      vertex 108.424 72.4464 50
      vertex 104.738 77.6792 50
    endloop
  endfacet
  facet normal 0 0 1
    outer loop
      vertex 115.003 61.4701 50
      vertex 102.656 54.8706 50
      vertex 105.224 49.7674 50
    endloop
  endfacet
  facet normal 0 0 1
    outer loop
      vertex 93.4934 69.3394 50
      vertex 104.738 77.6792 50
      vertex 100.801 82.7249 50
    endloop
  endfacet
  facet normal 0 0 1
    outer loop
      vertex 111.848 67.039 50
      vertex 99.8396 59.8416 50
      vertex 102.656 54.8706 50
    endloop
  endfacet
  facet normal 0 0 1
    outer loop
      vertex 108.424 72.4464 50
      vertex 96.7831 64.6684 50
      vertex 99.8396 59.8416 50
    endloop
  endfacet
  facet normal 0 0 1
    outer loop
      vertex 89.9784 73.8434 50
      vertex 100.801 82.7249 50
      vertex 96.62 87.5713 50
    endloop
  endfacet
  facet normal 0 0 1
    outer loop
      vertex 104.738 77.6792 50
      vertex 93.4934 69.3394 50
      vertex 96.7831 64.6684 50
    endloop
  endfacet
  facet normal 0 0 1
    outer loop
      vertex 86.2467 78.1695 50
      vertex 96.62 87.5713 50
      vertex 92.2067 92.2067 50
    endloop
  endfacet
  facet normal 0 0 1
    outer loop
      vertex 100.801 82.7249 50
      vertex 89.9784 73.8434 50
      vertex 93.4934 69.3394 50
    endloop
  endfacet
  facet normal 0 0 1
    outer loop
      vertex 82.3072 82.3072 50
      vertex 92.2067 92.2067 50
      vertex 87.5713 96.62 50
    endloop
  endfacet
  facet normal 0 0 1
    outer loop
      vertex 96.62 87.5713 50
      vertex 86.2467 78.1695 50
      vertex 89.9784 73.8434 50
    endloop
  endfacet
  facet normal 0 0 1
    outer loop
      vertex 78.1695 86.2467 50
      vertex 87.5713 96.62 50
      vertex 82.7249 100.801 50
    endloop
  endfacet
  facet normal 0 0 1
    outer loop
      vertex 92.2067 92.2067 50
      vertex 82.3072 82.3072 50
      vertex 86.2467 78.1695 50
    endloop
  endfacet
  facet normal 0 0 1
    outer loop
      vertex 87.5713 96.62 50
      vertex 78.1695 86.2467 50
      vertex 82.3072 82.3072 50
    endloop
  endfacet
  facet normal 0 0 1
    outer loop
      vertex 73.8434 89.9784 50
      vertex 82.7249 100.801 50
      vertex 77.6792 104.738 50
    endloop
  endfacet
  facet normal 0 0 1
    outer loop
      vertex 82.7249 100.801 50
      vertex 73.8434 89.9784 50
      vertex 78.1695 86.2467 50
    endloop
  endfacet
  facet normal 0 0 1
    outer loop
      vertex 69.3394 93.4934 50
      vertex 77.6792 104.738 50
      vertex 72.4464 108.424 50
    endloop
  endfacet
  facet normal 0 0 1
    outer loop
      vertex 77.6792 104.738 50
      vertex 69.3394 93.4934 50
      vertex 73.8434 89.9784 50
    endloop
  endfacet
  facet normal 0 0 1
    outer loop
      vertex 64.6684 96.7831 50
      vertex 72.4464 108.424 50
      vertex 67.039 111.848 50
    endloop
  endfacet
  facet normal 0 0 1
    outer loop
      vertex 72.4464 108.424 50
      vertex 64.6684 96.7831 50
      vertex 69.3394 93.4934 50
    endloop
  endfacet
  facet normal 0 0 1
    outer loop
      vertex 59.8416 99.8396 50
      vertex 67.039 111.848 50
      vertex 61.4701 115.003 50
    endloop
  endfacet
  facet normal 0 0 1
    outer loop
      vertex 67.039 111.848 50
      vertex 59.8416 99.8396 50
      vertex 64.6684 96.7831 50
    endloop
  endfacet
  facet normal 0 0 1
    outer loop
      vertex 54.8706 102.656 50
      vertex 61.4701 115.003 50
      vertex 55.7532 117.88 50
    endloop
  endfacet
  facet normal 0 0 1
    outer loop
      vertex 61.4701 115.003 50
      vertex 54.8706 102.656 50
      vertex 59.8416 99.8396 50
    endloop
  endfacet
  facet normal 0 0 1
    outer loop
      vertex 49.7674 105.224 50
      vertex 55.7532 117.88 50
      vertex 49.9019 120.474 50
    endloop
  endfacet
  facet normal 0 0 1
    outer loop
      vertex 55.7532 117.88 50
      vertex 49.7674 105.224 50
      vertex 54.8706 102.656 50
    endloop
  endfacet
  facet normal 0 0 1
    outer loop
      vertex 49.9019 120.474 50
      vertex 44.5443 107.54 50
      vertex 49.7674 105.224 50
    endloop
  endfacet
  facet normal 0 0 1
    outer loop
      vertex 43.9304 122.777 50
      vertex 44.5443 107.54 50
      vertex 49.9019 120.474 50
    endloop
  endfacet
  facet normal 0 0 1
    outer loop
      vertex 43.9304 122.777 50
      vertex 39.214 109.596 50
      vertex 44.5443 107.54 50
    endloop
  endfacet
  facet normal 0 0 1
    outer loop
      vertex 37.8531 124.785 50
      vertex 39.214 109.596 50
      vertex 43.9304 122.777 50
    endloop
  endfacet
  facet normal 0 0 1
    outer loop
      vertex 37.8531 124.785 50
      vertex 33.7891 111.388 50
      vertex 39.214 109.596 50
    endloop
  endfacet
  facet normal 0 0 1
    outer loop
      vertex 31.6846 126.492 50
      vertex 33.7891 111.388 50
      vertex 37.8531 124.785 50
    endloop
  endfacet
  facet normal 0 0 1
    outer loop
      vertex 31.6846 126.492 50
      vertex 28.2829 112.912 50
      vertex 33.7891 111.388 50
    endloop
  endfacet
  facet normal 0 0 1
    outer loop
      vertex 25.4398 127.894 50
      vertex 28.2829 112.912 50
      vertex 31.6846 126.492 50
    endloop
  endfacet
  facet normal 0 0 1
    outer loop
      vertex 25.4398 127.894 50
      vertex 22.7085 114.163 50
      vertex 28.2829 112.912 50
    endloop
  endfacet
  facet normal 0 0 1
    outer loop
      vertex 19.1337 128.989 50
      vertex 22.7085 114.163 50
      vertex 25.4398 127.894 50
    endloop
  endfacet
  facet normal 0 0 1
    outer loop
      vertex 19.1337 128.989 50
      vertex 17.0794 115.14 50
      vertex 22.7085 114.163 50
    endloop
  endfacet
  facet normal 0 0 1
    outer loop
      vertex 12.7814 129.772 50
      vertex 17.0794 115.14 50
      vertex 19.1337 128.989 50
    endloop
  endfacet
  facet normal 0 0 1
    outer loop
      vertex 12.7814 129.772 50
      vertex 11.4092 115.84 50
      vertex 17.0794 115.14 50
    endloop
  endfacet
  facet normal 0 0 1
    outer loop
      vertex 6.39842 130.243 50
      vertex 11.4092 115.84 50
      vertex 12.7814 129.772 50
    endloop
  endfacet
  facet normal 0 0 1
    outer loop
      vertex 6.39842 130.243 50
      vertex 5.71148 116.26 50
      vertex 11.4092 115.84 50
    endloop
  endfacet
  facet normal 0 0 1
    outer loop
      vertex 0 130.4 50
      vertex 5.71148 116.26 50
      vertex 6.39842 130.243 50
    endloop
  endfacet
  facet normal 0 0 1
    outer loop
      vertex 0 130.4 50
      vertex 0 116.4 50
      vertex 5.71148 116.26 50
    endloop
  endfacet
  facet normal 0 0 1
    outer loop
      vertex 0 130.4 50
      vertex -5.71148 116.26 50
      vertex 0 116.4 50
    endloop
  endfacet
  facet normal -0 0 1
    outer loop
      vertex -6.39842 130.243 50
      vertex -5.71148 116.26 50
      vertex 0 130.4 50
    endloop
  endfacet
  facet normal 0 0 1
    outer loop
      vertex -6.39842 130.243 50
      vertex -11.4092 115.84 50
      vertex -5.71148 116.26 50
    endloop
  endfacet
  facet normal -0 0 1
    outer loop
      vertex -12.7814 129.772 50
      vertex -11.4092 115.84 50
      vertex -6.39842 130.243 50
    endloop
  endfacet
  facet normal 0 0 1
    outer loop
      vertex -12.7814 129.772 50
      vertex -17.0794 115.14 50
      vertex -11.4092 115.84 50
    endloop
  endfacet
  facet normal -0 0 1
    outer loop
      vertex -19.1337 128.989 50
      vertex -17.0794 115.14 50
      vertex -12.7814 129.772 50
    endloop
  endfacet
  facet normal 0 0 1
    outer loop
      vertex -19.1337 128.989 50
      vertex -22.7085 114.163 50
      vertex -17.0794 115.14 50
    endloop
  endfacet
  facet normal -0 0 1
    outer loop
      vertex -25.4398 127.894 50
      vertex -22.7085 114.163 50
      vertex -19.1337 128.989 50
    endloop
  endfacet
  facet normal 0 0 1
    outer loop
      vertex -25.4398 127.894 50
      vertex -28.2829 112.912 50
      vertex -22.7085 114.163 50
    endloop
  endfacet
  facet normal -0 0 1
    outer loop
      vertex -31.6846 126.492 50
      vertex -28.2829 112.912 50
      vertex -25.4398 127.894 50
    endloop
  endfacet
  facet normal 0 0 1
    outer loop
      vertex -31.6846 126.492 50
      vertex -33.7891 111.388 50
      vertex -28.2829 112.912 50
    endloop
  endfacet
  facet normal -0 0 1
    outer loop
      vertex -37.8531 124.785 50
      vertex -33.7891 111.388 50
      vertex -31.6846 126.492 50
    endloop
  endfacet
  facet normal 0 0 1
    outer loop
      vertex -37.8531 124.785 50
      vertex -39.214 109.596 50
      vertex -33.7891 111.388 50
    endloop
  endfacet
  facet normal -0 0 1
    outer loop
      vertex -43.9304 122.777 50
      vertex -39.214 109.596 50
      vertex -37.8531 124.785 50
    endloop
  endfacet
  facet normal 0 0 1
    outer loop
      vertex -43.9304 122.777 50
      vertex -44.5443 107.54 50
      vertex -39.214 109.596 50
    endloop
  endfacet
  facet normal -0 0 1
    outer loop
      vertex -49.9019 120.474 50
      vertex -44.5443 107.54 50
      vertex -43.9304 122.777 50
    endloop
  endfacet
  facet normal 0 0 1
    outer loop
      vertex -44.5443 107.54 50
      vertex -49.9019 120.474 50
      vertex -49.7674 105.224 50
    endloop
  endfacet
  facet normal -0 0 1
    outer loop
      vertex -55.7532 117.88 50
      vertex -49.7674 105.224 50
      vertex -49.9019 120.474 50
    endloop
  endfacet
  facet normal 0 0 1
    outer loop
      vertex -49.7674 105.224 50
      vertex -55.7532 117.88 50
      vertex -54.8706 102.656 50
    endloop
  endfacet
  facet normal -0 0 1
    outer loop
      vertex -61.4701 115.003 50
      vertex -54.8706 102.656 50
      vertex -55.7532 117.88 50
    endloop
  endfacet
  facet normal 0 0 1
    outer loop
      vertex -54.8706 102.656 50
      vertex -61.4701 115.003 50
      vertex -59.8416 99.8396 50
    endloop
  endfacet
  facet normal -0 0 1
    outer loop
      vertex -67.039 111.848 50
      vertex -59.8416 99.8396 50
      vertex -61.4701 115.003 50
    endloop
  endfacet
  facet normal 0 0 1
    outer loop
      vertex -59.8416 99.8396 50
      vertex -67.039 111.848 50
      vertex -64.6684 96.7831 50
    endloop
  endfacet
  facet normal -0 0 1
    outer loop
      vertex -72.4464 108.424 50
      vertex -64.6684 96.7831 50
      vertex -67.039 111.848 50
    endloop
  endfacet
  facet normal 0 0 1
    outer loop
      vertex -64.6684 96.7831 50
      vertex -72.4464 108.424 50
      vertex -69.3394 93.4934 50
    endloop
  endfacet
  facet normal -0 0 1
    outer loop
      vertex -77.6792 104.738 50
      vertex -69.3394 93.4934 50
      vertex -72.4464 108.424 50
    endloop
  endfacet
  facet normal 0 0 1
    outer loop
      vertex -69.3394 93.4934 50
      vertex -77.6792 104.738 50
      vertex -73.8434 89.9784 50
    endloop
  endfacet
  facet normal -0 0 1
    outer loop
      vertex -82.7249 100.801 50
      vertex -73.8434 89.9784 50
      vertex -77.6792 104.738 50
    endloop
  endfacet
  facet normal 0 0 1
    outer loop
      vertex -73.8434 89.9784 50
      vertex -82.7249 100.801 50
      vertex -78.1695 86.2467 50
    endloop
  endfacet
  facet normal -0 0 1
    outer loop
      vertex -87.5713 96.62 50
      vertex -78.1695 86.2467 50
      vertex -82.7249 100.801 50
    endloop
  endfacet
  facet normal 0 0 1
    outer loop
      vertex -78.1695 86.2467 50
      vertex -87.5713 96.62 50
      vertex -82.3072 82.3072 50
    endloop
  endfacet
  facet normal -0 0 1
    outer loop
      vertex -92.2067 92.2067 50
      vertex -82.3072 82.3072 50
      vertex -87.5713 96.62 50
    endloop
  endfacet
  facet normal 0 0 1
    outer loop
      vertex -82.3072 82.3072 50
      vertex -92.2067 92.2067 50
      vertex -86.2467 78.1695 50
    endloop
  endfacet
  facet normal -0 0 1
    outer loop
      vertex -96.62 87.5713 50
      vertex -86.2467 78.1695 50
      vertex -92.2067 92.2067 50
    endloop
  endfacet
  facet normal 0 0 1
    outer loop
      vertex -86.2467 78.1695 50
      vertex -96.62 87.5713 50
      vertex -89.9784 73.8434 50
    endloop
  endfacet
  facet normal -0 0 1
    outer loop
      vertex -100.801 82.7249 50
      vertex -89.9784 73.8434 50
      vertex -96.62 87.5713 50
    endloop
  endfacet
  facet normal 0 0 1
    outer loop
      vertex -89.9784 73.8434 50
      vertex -100.801 82.7249 50
      vertex -93.4934 69.3394 50
    endloop
  endfacet
  facet normal -0 0 1
    outer loop
      vertex -104.738 77.6792 50
      vertex -93.4934 69.3394 50
      vertex -100.801 82.7249 50
    endloop
  endfacet
  facet normal 0 0 1
    outer loop
      vertex -93.4934 69.3394 50
      vertex -104.738 77.6792 50
      vertex -96.7831 64.6684 50
    endloop
  endfacet
  facet normal -0 0 1
    outer loop
      vertex -108.424 72.4464 50
      vertex -96.7831 64.6684 50
      vertex -104.738 77.6792 50
    endloop
  endfacet
  facet normal 0 0 1
    outer loop
      vertex -96.7831 64.6684 50
      vertex -108.424 72.4464 50
      vertex -99.8396 59.8416 50
    endloop
  endfacet
  facet normal -0 0 1
    outer loop
      vertex -111.848 67.039 50
      vertex -99.8396 59.8416 50
      vertex -108.424 72.4464 50
    endloop
  endfacet
  facet normal 0 0 1
    outer loop
      vertex -99.8396 59.8416 50
      vertex -111.848 67.039 50
      vertex -102.656 54.8706 50
    endloop
  endfacet
  facet normal -0 0 1
    outer loop
      vertex -115.003 61.4701 50
      vertex -102.656 54.8706 50
      vertex -111.848 67.039 50
    endloop
  endfacet
  facet normal 0 0 1
    outer loop
      vertex -102.656 54.8706 50
      vertex -115.003 61.4701 50
      vertex -105.224 49.7674 50
    endloop
  endfacet
  facet normal -0 0 1
    outer loop
      vertex -117.88 55.7532 50
      vertex -105.224 49.7674 50
      vertex -115.003 61.4701 50
    endloop
  endfacet
  facet normal 0 0 1
    outer loop
      vertex -105.224 49.7674 50
      vertex -117.88 55.7532 50
      vertex -107.54 44.5443 50
    endloop
  endfacet
  facet normal -0 0 1
    outer loop
      vertex -120.474 49.9019 50
      vertex -107.54 44.5443 50
      vertex -117.88 55.7532 50
    endloop
  endfacet
  facet normal 0 0 1
    outer loop
      vertex -107.54 44.5443 50
      vertex -120.474 49.9019 50
      vertex -109.596 39.214 50
    endloop
  endfacet
  facet normal -0 0 1
    outer loop
      vertex -122.777 43.9304 50
      vertex -109.596 39.214 50
      vertex -120.474 49.9019 50
    endloop
  endfacet
  facet normal 0 0 1
    outer loop
      vertex -109.596 39.214 50
      vertex -122.777 43.9304 50
      vertex -111.388 33.7891 50
    endloop
  endfacet
  facet normal -0 0 1
    outer loop
      vertex -124.785 37.8531 50
      vertex -111.388 33.7891 50
      vertex -122.777 43.9304 50
    endloop
  endfacet
  facet normal 0 0 1
    outer loop
      vertex -111.388 33.7891 50
      vertex -124.785 37.8531 50
      vertex -112.912 28.2829 50
    endloop
  endfacet
  facet normal -0 0 1
    outer loop
      vertex -126.492 31.6846 50
      vertex -112.912 28.2829 50
      vertex -124.785 37.8531 50
    endloop
  endfacet
  facet normal 0 0 1
    outer loop
      vertex -112.912 28.2829 50
      vertex -126.492 31.6846 50
      vertex -114.163 22.7085 50
    endloop
  endfacet
  facet normal -0 0 1
    outer loop
      vertex 112.912 -28.2829 50
      vertex 126.492 -31.6846 50
      vertex 114.163 -22.7085 50
    endloop
  endfacet
  facet normal 0 0 1
    outer loop
      vertex 126.492 -31.6846 50
      vertex 112.912 -28.2829 50
      vertex 124.785 -37.8531 50
    endloop
  endfacet
  facet normal -0 0 1
    outer loop
      vertex 111.388 -33.7891 50
      vertex 124.785 -37.8531 50
      vertex 112.912 -28.2829 50
    endloop
  endfacet
  facet normal 0 0 1
    outer loop
      vertex 124.785 -37.8531 50
      vertex 111.388 -33.7891 50
      vertex 122.777 -43.9304 50
    endloop
  endfacet
  facet normal -0 0 1
    outer loop
      vertex 109.596 -39.214 50
      vertex 122.777 -43.9304 50
      vertex 111.388 -33.7891 50
    endloop
  endfacet
  facet normal 0 0 1
    outer loop
      vertex 122.777 -43.9304 50
      vertex 109.596 -39.214 50
      vertex 120.474 -49.9019 50
    endloop
  endfacet
  facet normal -0 0 1
    outer loop
      vertex 107.54 -44.5443 50
      vertex 120.474 -49.9019 50
      vertex 109.596 -39.214 50
    endloop
  endfacet
  facet normal 0 0 1
    outer loop
      vertex 120.474 -49.9019 50
      vertex 107.54 -44.5443 50
      vertex 117.88 -55.7532 50
    endloop
  endfacet
  facet normal -0 0 1
    outer loop
      vertex 105.224 -49.7674 50
      vertex 117.88 -55.7532 50
      vertex 107.54 -44.5443 50
    endloop
  endfacet
  facet normal 0 0 1
    outer loop
      vertex 117.88 -55.7532 50
      vertex 105.224 -49.7674 50
      vertex 115.003 -61.4701 50
    endloop
  endfacet
  facet normal -0 0 1
    outer loop
      vertex 102.656 -54.8706 50
      vertex 115.003 -61.4701 50
      vertex 105.224 -49.7674 50
    endloop
  endfacet
  facet normal 0 0 1
    outer loop
      vertex 115.003 -61.4701 50
      vertex 102.656 -54.8706 50
      vertex 111.848 -67.039 50
    endloop
  endfacet
  facet normal -0 0 1
    outer loop
      vertex 99.8396 -59.8416 50
      vertex 111.848 -67.039 50
      vertex 102.656 -54.8706 50
    endloop
  endfacet
  facet normal 0 0 1
    outer loop
      vertex 111.848 -67.039 50
      vertex 99.8396 -59.8416 50
      vertex 108.424 -72.4464 50
    endloop
  endfacet
  facet normal -0 0 1
    outer loop
      vertex 96.7831 -64.6684 50
      vertex 108.424 -72.4464 50
      vertex 99.8396 -59.8416 50
    endloop
  endfacet
  facet normal 0 0 1
    outer loop
      vertex 108.424 -72.4464 50
      vertex 96.7831 -64.6684 50
      vertex 104.738 -77.6792 50
    endloop
  endfacet
  facet normal -0 0 1
    outer loop
      vertex 93.4934 -69.3394 50
      vertex 104.738 -77.6792 50
      vertex 96.7831 -64.6684 50
    endloop
  endfacet
  facet normal 0 0 1
    outer loop
      vertex 104.738 -77.6792 50
      vertex 93.4934 -69.3394 50
      vertex 100.801 -82.7249 50
    endloop
  endfacet
  facet normal -0 0 1
    outer loop
      vertex 89.9784 -73.8434 50
      vertex 100.801 -82.7249 50
      vertex 93.4934 -69.3394 50
    endloop
  endfacet
  facet normal 0 0 1
    outer loop
      vertex 100.801 -82.7249 50
      vertex 89.9784 -73.8434 50
      vertex 96.62 -87.5713 50
    endloop
  endfacet
  facet normal -0 0 1
    outer loop
      vertex 86.2467 -78.1695 50
      vertex 96.62 -87.5713 50
      vertex 89.9784 -73.8434 50
    endloop
  endfacet
  facet normal 0 0 1
    outer loop
      vertex 96.62 -87.5713 50
      vertex 86.2467 -78.1695 50
      vertex 92.2067 -92.2067 50
    endloop
  endfacet
  facet normal -0 0 1
    outer loop
      vertex 82.3072 -82.3072 50
      vertex 92.2067 -92.2067 50
      vertex 86.2467 -78.1695 50
    endloop
  endfacet
  facet normal 0 0 1
    outer loop
      vertex 92.2067 -92.2067 50
      vertex 82.3072 -82.3072 50
      vertex 87.5713 -96.62 50
    endloop
  endfacet
  facet normal -0 0 1
    outer loop
      vertex 78.1695 -86.2467 50
      vertex 87.5713 -96.62 50
      vertex 82.3072 -82.3072 50
    endloop
  endfacet
  facet normal 0 0 1
    outer loop
      vertex 87.5713 -96.62 50
      vertex 78.1695 -86.2467 50
      vertex 82.7249 -100.801 50
    endloop
  endfacet
  facet normal -0 0 1
    outer loop
      vertex 73.8434 -89.9784 50
      vertex 82.7249 -100.801 50
      vertex 78.1695 -86.2467 50
    endloop
  endfacet
  facet normal 0 0 1
    outer loop
      vertex 82.7249 -100.801 50
      vertex 73.8434 -89.9784 50
      vertex 77.6792 -104.738 50
    endloop
  endfacet
  facet normal -0 0 1
    outer loop
      vertex 69.3394 -93.4934 50
      vertex 77.6792 -104.738 50
      vertex 73.8434 -89.9784 50
    endloop
  endfacet
  facet normal 0 0 1
    outer loop
      vertex 77.6792 -104.738 50
      vertex 69.3394 -93.4934 50
      vertex 72.4464 -108.424 50
    endloop
  endfacet
  facet normal -0 0 1
    outer loop
      vertex 64.6684 -96.7831 50
      vertex 72.4464 -108.424 50
      vertex 69.3394 -93.4934 50
    endloop
  endfacet
  facet normal 0 0 1
    outer loop
      vertex 72.4464 -108.424 50
      vertex 64.6684 -96.7831 50
      vertex 67.039 -111.848 50
    endloop
  endfacet
  facet normal -0 0 1
    outer loop
      vertex 59.8416 -99.8396 50
      vertex 67.039 -111.848 50
      vertex 64.6684 -96.7831 50
    endloop
  endfacet
  facet normal 0 0 1
    outer loop
      vertex 67.039 -111.848 50
      vertex 59.8416 -99.8396 50
      vertex 61.4701 -115.003 50
    endloop
  endfacet
  facet normal -0 0 1
    outer loop
      vertex 54.8706 -102.656 50
      vertex 61.4701 -115.003 50
      vertex 59.8416 -99.8396 50
    endloop
  endfacet
  facet normal 0 0 1
    outer loop
      vertex 61.4701 -115.003 50
      vertex 54.8706 -102.656 50
      vertex 55.7532 -117.88 50
    endloop
  endfacet
  facet normal -0 0 1
    outer loop
      vertex 49.7674 -105.224 50
      vertex 55.7532 -117.88 50
      vertex 54.8706 -102.656 50
    endloop
  endfacet
  facet normal 0 0 1
    outer loop
      vertex 55.7532 -117.88 50
      vertex 49.7674 -105.224 50
      vertex 49.9019 -120.474 50
    endloop
  endfacet
  facet normal -0 0 1
    outer loop
      vertex 44.5443 -107.54 50
      vertex 49.9019 -120.474 50
      vertex 49.7674 -105.224 50
    endloop
  endfacet
  facet normal 0 0 1
    outer loop
      vertex 44.5443 -107.54 50
      vertex 43.9304 -122.777 50
      vertex 49.9019 -120.474 50
    endloop
  endfacet
  facet normal -0 0 1
    outer loop
      vertex 39.214 -109.596 50
      vertex 43.9304 -122.777 50
      vertex 44.5443 -107.54 50
    endloop
  endfacet
  facet normal 0 0 1
    outer loop
      vertex 39.214 -109.596 50
      vertex 37.8531 -124.785 50
      vertex 43.9304 -122.777 50
    endloop
  endfacet
  facet normal -0 0 1
    outer loop
      vertex 33.7891 -111.388 50
      vertex 37.8531 -124.785 50
      vertex 39.214 -109.596 50
    endloop
  endfacet
  facet normal 0 0 1
    outer loop
      vertex 33.7891 -111.388 50
      vertex 31.6846 -126.492 50
      vertex 37.8531 -124.785 50
    endloop
  endfacet
  facet normal -0 0 1
    outer loop
      vertex 28.2829 -112.912 50
      vertex 31.6846 -126.492 50
      vertex 33.7891 -111.388 50
    endloop
  endfacet
  facet normal 0 0 1
    outer loop
      vertex 28.2829 -112.912 50
      vertex 25.4398 -127.894 50
      vertex 31.6846 -126.492 50
    endloop
  endfacet
  facet normal -0 0 1
    outer loop
      vertex 22.7085 -114.163 50
      vertex 25.4398 -127.894 50
      vertex 28.2829 -112.912 50
    endloop
  endfacet
  facet normal 0 0 1
    outer loop
      vertex 22.7085 -114.163 50
      vertex 19.1337 -128.989 50
      vertex 25.4398 -127.894 50
    endloop
  endfacet
  facet normal -0 0 1
    outer loop
      vertex 17.0794 -115.14 50
      vertex 19.1337 -128.989 50
      vertex 22.7085 -114.163 50
    endloop
  endfacet
  facet normal 0 0 1
    outer loop
      vertex 17.0794 -115.14 50
      vertex 12.7814 -129.772 50
      vertex 19.1337 -128.989 50
    endloop
  endfacet
  facet normal -0 0 1
    outer loop
      vertex 11.4092 -115.84 50
      vertex 12.7814 -129.772 50
      vertex 17.0794 -115.14 50
    endloop
  endfacet
  facet normal 0 0 1
    outer loop
      vertex 11.4092 -115.84 50
      vertex 6.39842 -130.243 50
      vertex 12.7814 -129.772 50
    endloop
  endfacet
  facet normal -0 0 1
    outer loop
      vertex 5.71148 -116.26 50
      vertex 6.39842 -130.243 50
      vertex 11.4092 -115.84 50
    endloop
  endfacet
  facet normal -0 0 1
    outer loop
      vertex 0 -116.4 50
      vertex 6.39842 -130.243 50
      vertex 5.71148 -116.26 50
    endloop
  endfacet
  facet normal 0 0 1
    outer loop
      vertex 0 -116.4 50
      vertex 0 -130.4 50
      vertex 6.39842 -130.243 50
    endloop
  endfacet
  facet normal 0 0 1
    outer loop
      vertex -5.71148 -116.26 50
      vertex 0 -130.4 50
      vertex 0 -116.4 50
    endloop
  endfacet
  facet normal 0 0 1
    outer loop
      vertex -5.71148 -116.26 50
      vertex -6.39842 -130.243 50
      vertex 0 -130.4 50
    endloop
  endfacet
  facet normal 0 0 1
    outer loop
      vertex -11.4092 -115.84 50
      vertex -6.39842 -130.243 50
      vertex -5.71148 -116.26 50
    endloop
  endfacet
  facet normal 0 0 1
    outer loop
      vertex -11.4092 -115.84 50
      vertex -12.7814 -129.772 50
      vertex -6.39842 -130.243 50
    endloop
  endfacet
  facet normal 0 0 1
    outer loop
      vertex -17.0794 -115.14 50
      vertex -12.7814 -129.772 50
      vertex -11.4092 -115.84 50
    endloop
  endfacet
  facet normal 0 0 1
    outer loop
      vertex -17.0794 -115.14 50
      vertex -19.1337 -128.989 50
      vertex -12.7814 -129.772 50
    endloop
  endfacet
  facet normal 0 0 1
    outer loop
      vertex -22.7085 -114.163 50
      vertex -19.1337 -128.989 50
      vertex -17.0794 -115.14 50
    endloop
  endfacet
  facet normal 0 0 1
    outer loop
      vertex -22.7085 -114.163 50
      vertex -25.4398 -127.894 50
      vertex -19.1337 -128.989 50
    endloop
  endfacet
  facet normal 0 0 1
    outer loop
      vertex -28.2829 -112.912 50
      vertex -25.4398 -127.894 50
      vertex -22.7085 -114.163 50
    endloop
  endfacet
  facet normal 0 0 1
    outer loop
      vertex -28.2829 -112.912 50
      vertex -31.6846 -126.492 50
      vertex -25.4398 -127.894 50
    endloop
  endfacet
  facet normal 0 0 1
    outer loop
      vertex -33.7891 -111.388 50
      vertex -31.6846 -126.492 50
      vertex -28.2829 -112.912 50
    endloop
  endfacet
  facet normal 0 0 1
    outer loop
      vertex -33.7891 -111.388 50
      vertex -37.8531 -124.785 50
      vertex -31.6846 -126.492 50
    endloop
  endfacet
  facet normal 0 0 1
    outer loop
      vertex -39.214 -109.596 50
      vertex -37.8531 -124.785 50
      vertex -33.7891 -111.388 50
    endloop
  endfacet
  facet normal 0 0 1
    outer loop
      vertex -39.214 -109.596 50
      vertex -43.9304 -122.777 50
      vertex -37.8531 -124.785 50
    endloop
  endfacet
  facet normal 0 0 1
    outer loop
      vertex -44.5443 -107.54 50
      vertex -43.9304 -122.777 50
      vertex -39.214 -109.596 50
    endloop
  endfacet
  facet normal 0 0 1
    outer loop
      vertex -49.9019 -120.474 50
      vertex -44.5443 -107.54 50
      vertex -49.7674 -105.224 50
    endloop
  endfacet
  facet normal 0 0 1
    outer loop
      vertex -44.5443 -107.54 50
      vertex -49.9019 -120.474 50
      vertex -43.9304 -122.777 50
    endloop
  endfacet
  facet normal 0 0 1
    outer loop
      vertex -55.7532 -117.88 50
      vertex -49.7674 -105.224 50
      vertex -54.8706 -102.656 50
    endloop
  endfacet
  facet normal 0 0 1
    outer loop
      vertex -49.7674 -105.224 50
      vertex -55.7532 -117.88 50
      vertex -49.9019 -120.474 50
    endloop
  endfacet
  facet normal 0 0 1
    outer loop
      vertex -61.4701 -115.003 50
      vertex -54.8706 -102.656 50
      vertex -59.8416 -99.8396 50
    endloop
  endfacet
  facet normal 0 0 1
    outer loop
      vertex -54.8706 -102.656 50
      vertex -61.4701 -115.003 50
      vertex -55.7532 -117.88 50
    endloop
  endfacet
  facet normal 0 0 1
    outer loop
      vertex -67.039 -111.848 50
      vertex -59.8416 -99.8396 50
      vertex -64.6684 -96.7831 50
    endloop
  endfacet
  facet normal 0 0 1
    outer loop
      vertex -59.8416 -99.8396 50
      vertex -67.039 -111.848 50
      vertex -61.4701 -115.003 50
    endloop
  endfacet
  facet normal 0 0 1
    outer loop
      vertex -72.4464 -108.424 50
      vertex -64.6684 -96.7831 50
      vertex -69.3394 -93.4934 50
    endloop
  endfacet
  facet normal 0 0 1
    outer loop
      vertex -64.6684 -96.7831 50
      vertex -72.4464 -108.424 50
      vertex -67.039 -111.848 50
    endloop
  endfacet
  facet normal 0 0 1
    outer loop
      vertex -77.6792 -104.738 50
      vertex -69.3394 -93.4934 50
      vertex -73.8434 -89.9784 50
    endloop
  endfacet
  facet normal 0 0 1
    outer loop
      vertex -69.3394 -93.4934 50
      vertex -77.6792 -104.738 50
      vertex -72.4464 -108.424 50
    endloop
  endfacet
  facet normal 0 0 1
    outer loop
      vertex -82.7249 -100.801 50
      vertex -73.8434 -89.9784 50
      vertex -78.1695 -86.2467 50
    endloop
  endfacet
  facet normal 0 0 1
    outer loop
      vertex -87.5713 -96.62 50
      vertex -78.1695 -86.2467 50
      vertex -82.3072 -82.3072 50
    endloop
  endfacet
  facet normal 0 0 1
    outer loop
      vertex -73.8434 -89.9784 50
      vertex -82.7249 -100.801 50
      vertex -77.6792 -104.738 50
    endloop
  endfacet
  facet normal 0 0 1
    outer loop
      vertex -92.2067 -92.2067 50
      vertex -82.3072 -82.3072 50
      vertex -86.2467 -78.1695 50
    endloop
  endfacet
  facet normal 0 0 1
    outer loop
      vertex -78.1695 -86.2467 50
      vertex -87.5713 -96.62 50
      vertex -82.7249 -100.801 50
    endloop
  endfacet
  facet normal 0 0 1
    outer loop
      vertex -96.62 -87.5713 50
      vertex -86.2467 -78.1695 50
      vertex -89.9784 -73.8434 50
    endloop
  endfacet
  facet normal 0 0 1
    outer loop
      vertex -82.3072 -82.3072 50
      vertex -92.2067 -92.2067 50
      vertex -87.5713 -96.62 50
    endloop
  endfacet
  facet normal 0 0 1
    outer loop
      vertex -100.801 -82.7249 50
      vertex -89.9784 -73.8434 50
      vertex -93.4934 -69.3394 50
    endloop
  endfacet
  facet normal 0 0 1
    outer loop
      vertex -86.2467 -78.1695 50
      vertex -96.62 -87.5713 50
      vertex -92.2067 -92.2067 50
    endloop
  endfacet
  facet normal 0 0 1
    outer loop
      vertex -104.738 -77.6792 50
      vertex -93.4934 -69.3394 50
      vertex -96.7831 -64.6684 50
    endloop
  endfacet
  facet normal 0 0 1
    outer loop
      vertex -108.424 -72.4464 50
      vertex -96.7831 -64.6684 50
      vertex -99.8396 -59.8416 50
    endloop
  endfacet
  facet normal 0 0 1
    outer loop
      vertex -89.9784 -73.8434 50
      vertex -100.801 -82.7249 50
      vertex -96.62 -87.5713 50
    endloop
  endfacet
  facet normal 0 0 1
    outer loop
      vertex -111.848 -67.039 50
      vertex -99.8396 -59.8416 50
      vertex -102.656 -54.8706 50
    endloop
  endfacet
  facet normal 0 0 1
    outer loop
      vertex -93.4934 -69.3394 50
      vertex -104.738 -77.6792 50
      vertex -100.801 -82.7249 50
    endloop
  endfacet
  facet normal 0 0 1
    outer loop
      vertex -115.003 -61.4701 50
      vertex -102.656 -54.8706 50
      vertex -105.224 -49.7674 50
    endloop
  endfacet
  facet normal 0 0 1
    outer loop
      vertex -117.88 -55.7532 50
      vertex -105.224 -49.7674 50
      vertex -107.54 -44.5443 50
    endloop
  endfacet
  facet normal 0 0 1
    outer loop
      vertex -96.7831 -64.6684 50
      vertex -108.424 -72.4464 50
      vertex -104.738 -77.6792 50
    endloop
  endfacet
  facet normal 0 0 1
    outer loop
      vertex -120.474 -49.9019 50
      vertex -107.54 -44.5443 50
      vertex -109.596 -39.214 50
    endloop
  endfacet
  facet normal 0 0 1
    outer loop
      vertex -122.777 -43.9304 50
      vertex -109.596 -39.214 50
      vertex -111.388 -33.7891 50
    endloop
  endfacet
  facet normal 0 0 1
    outer loop
      vertex -99.8396 -59.8416 50
      vertex -111.848 -67.039 50
      vertex -108.424 -72.4464 50
    endloop
  endfacet
  facet normal 0 0 1
    outer loop
      vertex -124.785 -37.8531 50
      vertex -111.388 -33.7891 50
      vertex -112.912 -28.2829 50
    endloop
  endfacet
  facet normal 0 0 1
    outer loop
      vertex -126.492 -31.6846 50
      vertex -112.912 -28.2829 50
      vertex -114.163 -22.7085 50
    endloop
  endfacet
  facet normal 0 0 1
    outer loop
      vertex -102.656 -54.8706 50
      vertex -115.003 -61.4701 50
      vertex -111.848 -67.039 50
    endloop
  endfacet
  facet normal 0 0 1
    outer loop
      vertex -127.894 -25.4398 50
      vertex -114.163 -22.7085 50
      vertex -115.14 -17.0794 50
    endloop
  endfacet
  facet normal 0 0 1
    outer loop
      vertex -128.989 -19.1337 50
      vertex -115.14 -17.0794 50
      vertex -115.84 -11.4092 50
    endloop
  endfacet
  facet normal 0 0 1
    outer loop
      vertex -129.772 -12.7814 50
      vertex -115.84 -11.4092 50
      vertex -116.26 -5.71148 50
    endloop
  endfacet
  facet normal 0 0 1
    outer loop
      vertex -130.243 -6.39842 50
      vertex -116.26 -5.71148 50
      vertex -116.4 0 50
    endloop
  endfacet
  facet normal -0 0 1
    outer loop
      vertex -127.894 25.4398 50
      vertex -114.163 22.7085 50
      vertex -126.492 31.6846 50
    endloop
  endfacet
  facet normal 0 0 1
    outer loop
      vertex -105.224 -49.7674 50
      vertex -117.88 -55.7532 50
      vertex -115.003 -61.4701 50
    endloop
  endfacet
  facet normal 0 0 1
    outer loop
      vertex -114.163 22.7085 50
      vertex -127.894 25.4398 50
      vertex -115.14 17.0794 50
    endloop
  endfacet
  facet normal 0 0 1
    outer loop
      vertex -107.54 -44.5443 50
      vertex -120.474 -49.9019 50
      vertex -117.88 -55.7532 50
    endloop
  endfacet
  facet normal -0 0 1
    outer loop
      vertex -128.989 19.1337 50
      vertex -115.14 17.0794 50
      vertex -127.894 25.4398 50
    endloop
  endfacet
  facet normal 0 0 1
    outer loop
      vertex -109.596 -39.214 50
      vertex -122.777 -43.9304 50
      vertex -120.474 -49.9019 50
    endloop
  endfacet
  facet normal 0 0 1
    outer loop
      vertex -115.14 17.0794 50
      vertex -128.989 19.1337 50
      vertex -115.84 11.4092 50
    endloop
  endfacet
  facet normal 0 0 1
    outer loop
      vertex -111.388 -33.7891 50
      vertex -124.785 -37.8531 50
      vertex -122.777 -43.9304 50
    endloop
  endfacet
  facet normal -0 0 1
    outer loop
      vertex -129.772 12.7814 50
      vertex -115.84 11.4092 50
      vertex -128.989 19.1337 50
    endloop
  endfacet
  facet normal 0 0 1
    outer loop
      vertex -112.912 -28.2829 50
      vertex -126.492 -31.6846 50
      vertex -124.785 -37.8531 50
    endloop
  endfacet
  facet normal 0 0 1
    outer loop
      vertex -115.84 11.4092 50
      vertex -129.772 12.7814 50
      vertex -116.26 5.71148 50
    endloop
  endfacet
  facet normal 0 0 1
    outer loop
      vertex -114.163 -22.7085 50
      vertex -127.894 -25.4398 50
      vertex -126.492 -31.6846 50
    endloop
  endfacet
  facet normal -0 0 1
    outer loop
      vertex -130.243 6.39842 50
      vertex -116.26 5.71148 50
      vertex -129.772 12.7814 50
    endloop
  endfacet
  facet normal 0 0 1
    outer loop
      vertex -115.14 -17.0794 50
      vertex -128.989 -19.1337 50
      vertex -127.894 -25.4398 50
    endloop
  endfacet
  facet normal 0 0 1
    outer loop
      vertex -116.26 5.71148 50
      vertex -130.243 6.39842 50
      vertex -116.4 0 50
    endloop
  endfacet
  facet normal 0 0 1
    outer loop
      vertex -115.84 -11.4092 50
      vertex -129.772 -12.7814 50
      vertex -128.989 -19.1337 50
    endloop
  endfacet
  facet normal 0 0 1
    outer loop
      vertex -130.4 0 50
      vertex -116.4 0 50
      vertex -130.243 6.39842 50
    endloop
  endfacet
  facet normal 0 0 1
    outer loop
      vertex -116.26 -5.71148 50
      vertex -130.243 -6.39842 50
      vertex -129.772 -12.7814 50
    endloop
  endfacet
  facet normal 0 0 1
    outer loop
      vertex -116.4 0 50
      vertex -130.4 0 50
      vertex -130.243 -6.39842 50
    endloop
  endfacet
  facet normal 0.449531 0.893265 -0
    outer loop
      vertex 61.4701 115.003 -50
      vertex 55.7532 117.88 -48
      vertex 61.4701 115.003 -48
    endloop
  endfacet
  facet normal 0.449531 0.893265 0
    outer loop
      vertex 55.7532 117.88 -48
      vertex 61.4701 115.003 -50
      vertex 55.7532 117.88 -50
    endloop
  endfacet
  facet normal 0.449531 0.893265 -0
    outer loop
      vertex 61.4701 115.003 48
      vertex 55.7532 117.88 50
      vertex 61.4701 115.003 50
    endloop
  endfacet
  facet normal 0.449531 0.893265 0
    outer loop
      vertex 55.7532 117.88 50
      vertex 61.4701 115.003 48
      vertex 55.7532 117.88 48
    endloop
  endfacet
  facet normal 0.0735899 -0.997289 0
    outer loop
      vertex 6.39842 -130.243 -50
      vertex 12.7814 -129.772 -48
      vertex 6.39842 -130.243 -48
    endloop
  endfacet
  facet normal 0.0735899 -0.997289 0
    outer loop
      vertex 12.7814 -129.772 -48
      vertex 6.39842 -130.243 -50
      vertex 12.7814 -129.772 -50
    endloop
  endfacet
  facet normal 0.0735899 -0.997289 0
    outer loop
      vertex 6.39842 -130.243 48
      vertex 12.7814 -129.772 50
      vertex 6.39842 -130.243 50
    endloop
  endfacet
  facet normal 0.0735899 -0.997289 0
    outer loop
      vertex 12.7814 -129.772 50
      vertex 6.39842 -130.243 48
      vertex 12.7814 -129.772 48
    endloop
  endfacet
  facet normal 0.844868 0.534976 0
    outer loop
      vertex 111.848 67.039 -48
      vertex 108.424 72.4464 -50
      vertex 108.424 72.4464 -48
    endloop
  endfacet
  facet normal 0.844868 0.534976 0
    outer loop
      vertex 108.424 72.4464 -50
      vertex 111.848 67.039 -48
      vertex 111.848 67.039 -50
    endloop
  endfacet
  facet normal 0.844868 0.534976 0
    outer loop
      vertex 111.848 67.039 50
      vertex 108.424 72.4464 48
      vertex 108.424 72.4464 50
    endloop
  endfacet
  facet normal 0.844868 0.534976 0
    outer loop
      vertex 108.424 72.4464 48
      vertex 111.848 67.039 50
      vertex 111.848 67.039 48
    endloop
  endfacet
  facet normal 0.689543 -0.724245 0
    outer loop
      vertex 87.5713 -96.62 -50
      vertex 92.2067 -92.2067 50
      vertex 87.5713 -96.62 50
    endloop
  endfacet
  facet normal 0.689543 -0.724245 0
    outer loop
      vertex 92.2067 -92.2067 50
      vertex 87.5713 -96.62 -50
      vertex 92.2067 -92.2067 -50
    endloop
  endfacet
  facet normal -0.757173 -0.653215 0
    outer loop
      vertex -96.62 -87.5713 -50
      vertex -100.801 -82.7249 50
      vertex -100.801 -82.7249 -50
    endloop
  endfacet
  facet normal -0.757173 -0.653215 0
    outer loop
      vertex -100.801 -82.7249 50
      vertex -96.62 -87.5713 -50
      vertex -96.62 -87.5713 50
    endloop
  endfacet
  facet normal 0.724245 0.689543 0
    outer loop
      vertex 96.62 87.5713 50
      vertex 92.2067 92.2067 -50
      vertex 92.2067 92.2067 50
    endloop
  endfacet
  facet normal 0.724245 0.689543 0
    outer loop
      vertex 92.2067 92.2067 -50
      vertex 96.62 87.5713 50
      vertex 96.62 87.5713 -50
    endloop
  endfacet
  facet normal -0.122337 -0.992489 0.000103025
    outer loop
      vertex -19.1337 -128.989 50
      vertex -14 -129.622 48
      vertex -12.7814 -129.772 50
    endloop
  endfacet
  facet normal -0.122376 -0.992484 0
    outer loop
      vertex -19.1337 -128.989 50
      vertex -14 -129.622 -48
      vertex -14 -129.622 48
    endloop
  endfacet
  facet normal -0.122376 -0.992484 0
    outer loop
      vertex -19.1337 -128.989 -50
      vertex -14 -129.622 -48
      vertex -19.1337 -128.989 50
    endloop
  endfacet
  facet normal -0.122337 -0.992489 -0.000103025
    outer loop
      vertex -12.7814 -129.772 -50
      vertex -14 -129.622 -48
      vertex -19.1337 -128.989 -50
    endloop
  endfacet
  facet normal -0.12217 -0.992509 0
    outer loop
      vertex -14 -129.622 -48
      vertex -12.7814 -129.772 -50
      vertex -12.7814 -129.772 -48
    endloop
  endfacet
  facet normal -0.12217 -0.992509 -0
    outer loop
      vertex -12.7814 -129.772 50
      vertex -14 -129.622 48
      vertex -12.7814 -129.772 48
    endloop
  endfacet
  facet normal 0.975713 0.219054 0
    outer loop
      vertex 127.894 25.4398 50
      vertex 126.492 31.6846 -50
      vertex 126.492 31.6846 50
    endloop
  endfacet
  facet normal 0.975713 0.219054 0
    outer loop
      vertex 126.492 31.6846 -50
      vertex 127.894 25.4398 50
      vertex 127.894 25.4398 -50
    endloop
  endfacet
  facet normal -0.12217 0.992509 0
    outer loop
      vertex -12.7814 129.772 -48
      vertex -12.7814 129.772 -50
      vertex -14 129.622 -48
    endloop
  endfacet
  facet normal -0.12217 0.992509 0
    outer loop
      vertex -14 129.622 48
      vertex -12.7814 129.772 50
      vertex -12.7814 129.772 48
    endloop
  endfacet
  facet normal -0.122337 0.992489 0.000103025
    outer loop
      vertex -12.7814 129.772 50
      vertex -14 129.622 48
      vertex -19.1337 128.989 50
    endloop
  endfacet
  facet normal -0.122376 0.992484 0
    outer loop
      vertex -14 129.622 -48
      vertex -19.1337 128.989 50
      vertex -14 129.622 48
    endloop
  endfacet
  facet normal -0.122376 0.992484 0
    outer loop
      vertex -14 129.622 -48
      vertex -19.1337 128.989 -50
      vertex -19.1337 128.989 50
    endloop
  endfacet
  facet normal -0.122337 0.992489 -0.000103025
    outer loop
      vertex -19.1337 128.989 -50
      vertex -14 129.622 -48
      vertex -12.7814 129.772 -50
    endloop
  endfacet
  facet normal -0.844868 -0.534976 0
    outer loop
      vertex -108.424 -72.4464 -50
      vertex -111.848 -67.039 -48
      vertex -111.848 -67.039 -50
    endloop
  endfacet
  facet normal -0.844868 -0.534976 0
    outer loop
      vertex -111.848 -67.039 -48
      vertex -108.424 -72.4464 -50
      vertex -108.424 -72.4464 -48
    endloop
  endfacet
  facet normal -0.844868 -0.534976 0
    outer loop
      vertex -108.424 -72.4464 48
      vertex -111.848 -67.039 50
      vertex -111.848 -67.039 48
    endloop
  endfacet
  facet normal -0.844868 -0.534976 0
    outer loop
      vertex -111.848 -67.039 50
      vertex -108.424 -72.4464 48
      vertex -108.424 -72.4464 50
    endloop
  endfacet
  facet normal -0.615163 0.7884 0
    outer loop
      vertex -77.6792 104.738 -50
      vertex -82.7249 100.801 50
      vertex -77.6792 104.738 50
    endloop
  endfacet
  facet normal -0.615163 0.7884 0
    outer loop
      vertex -82.7249 100.801 50
      vertex -77.6792 104.738 -50
      vertex -82.7249 100.801 -50
    endloop
  endfacet
  facet normal 0.985257 0.171081 0
    outer loop
      vertex 128.989 19.1337 50
      vertex 127.894 25.4398 -50
      vertex 127.894 25.4398 50
    endloop
  endfacet
  facet normal 0.985257 0.171081 0
    outer loop
      vertex 127.894 25.4398 -50
      vertex 128.989 19.1337 50
      vertex 128.989 19.1337 -50
    endloop
  endfacet
  facet normal -0.575897 0.817522 0
    outer loop
      vertex -72.4464 108.424 -48
      vertex -72.4464 108.424 -50
      vertex -76.9379 105.26 -48
    endloop
  endfacet
  facet normal -0.575897 0.817522 0
    outer loop
      vertex -76.9379 105.26 48
      vertex -72.4464 108.424 50
      vertex -72.4464 108.424 48
    endloop
  endfacet
  facet normal -0.575876 0.817537 -7.11017e-05
    outer loop
      vertex -72.4464 108.424 50
      vertex -76.9379 105.26 48
      vertex -77.6792 104.738 50
    endloop
  endfacet
  facet normal -0.575747 0.817628 0
    outer loop
      vertex -76.9379 105.26 -48
      vertex -77.6792 104.738 50
      vertex -76.9379 105.26 48
    endloop
  endfacet
  facet normal -0.575747 0.817628 0
    outer loop
      vertex -76.9379 105.26 -48
      vertex -77.6792 104.738 -50
      vertex -77.6792 104.738 50
    endloop
  endfacet
  facet normal -0.575876 0.817537 7.11017e-05
    outer loop
      vertex -77.6792 104.738 -50
      vertex -76.9379 105.26 -48
      vertex -72.4464 108.424 -50
    endloop
  endfacet
  facet normal 0.893265 -0.449531 0
    outer loop
      vertex 115.003 -61.4701 -48
      vertex 117.88 -55.7532 -50
      vertex 117.88 -55.7532 -48
    endloop
  endfacet
  facet normal 0.893265 -0.449531 0
    outer loop
      vertex 117.88 -55.7532 -50
      vertex 115.003 -61.4701 -48
      vertex 115.003 -61.4701 -50
    endloop
  endfacet
  facet normal 0.893265 -0.449531 0
    outer loop
      vertex 115.003 -61.4701 50
      vertex 117.88 -55.7532 48
      vertex 117.88 -55.7532 50
    endloop
  endfacet
  facet normal 0.893265 -0.449531 0
    outer loop
      vertex 117.88 -55.7532 48
      vertex 115.003 -61.4701 50
      vertex 115.003 -61.4701 48
    endloop
  endfacet
  facet normal -0.949513 -0.313728 0
    outer loop
      vertex -122.777 -43.9304 -50
      vertex -124.785 -37.8531 50
      vertex -124.785 -37.8531 -50
    endloop
  endfacet
  facet normal -0.949513 -0.313728 0
    outer loop
      vertex -124.785 -37.8531 50
      vertex -122.777 -43.9304 -50
      vertex -122.777 -43.9304 50
    endloop
  endfacet
  facet normal -0.949513 0.313728 0
    outer loop
      vertex -124.785 37.8531 -50
      vertex -122.777 43.9304 50
      vertex -122.777 43.9304 -50
    endloop
  endfacet
  facet normal -0.949513 0.313728 0
    outer loop
      vertex -122.777 43.9304 50
      vertex -124.785 37.8531 -50
      vertex -124.785 37.8531 50
    endloop
  endfacet
  facet normal 0.87007 -0.492929 0
    outer loop
      vertex 111.848 -67.039 -48
      vertex 115.003 -61.4701 -50
      vertex 115.003 -61.4701 -48
    endloop
  endfacet
  facet normal 0.87007 -0.492929 0
    outer loop
      vertex 115.003 -61.4701 -50
      vertex 111.848 -67.039 -48
      vertex 111.848 -67.039 -50
    endloop
  endfacet
  facet normal 0.87007 -0.492929 0
    outer loop
      vertex 111.848 -67.039 50
      vertex 115.003 -61.4701 48
      vertex 115.003 -61.4701 50
    endloop
  endfacet
  facet normal 0.87007 -0.492929 0
    outer loop
      vertex 115.003 -61.4701 48
      vertex 111.848 -67.039 50
      vertex 111.848 -67.039 48
    endloop
  endfacet
  facet normal 0.122337 0.992489 0.000103025
    outer loop
      vertex 19.1337 128.989 50
      vertex 14 129.622 48
      vertex 12.7814 129.772 50
    endloop
  endfacet
  facet normal 0.122376 0.992484 0
    outer loop
      vertex 19.1337 128.989 50
      vertex 14 129.622 -48
      vertex 14 129.622 48
    endloop
  endfacet
  facet normal 0.122376 0.992484 -0
    outer loop
      vertex 19.1337 128.989 -50
      vertex 14 129.622 -48
      vertex 19.1337 128.989 50
    endloop
  endfacet
  facet normal 0.122337 0.992489 -0.000103025
    outer loop
      vertex 12.7814 129.772 -50
      vertex 14 129.622 -48
      vertex 19.1337 128.989 -50
    endloop
  endfacet
  facet normal 0.12217 0.992509 0
    outer loop
      vertex 14 129.622 -48
      vertex 12.7814 129.772 -50
      vertex 12.7814 129.772 -48
    endloop
  endfacet
  facet normal 0.12217 0.992509 0
    outer loop
      vertex 12.7814 129.772 50
      vertex 14 129.622 48
      vertex 12.7814 129.772 48
    endloop
  endfacet
  facet normal 0.492929 0.87007 -0
    outer loop
      vertex 67.039 111.848 -50
      vertex 61.4701 115.003 -48
      vertex 67.039 111.848 -48
    endloop
  endfacet
  facet normal 0.492929 0.87007 0
    outer loop
      vertex 61.4701 115.003 -48
      vertex 67.039 111.848 -50
      vertex 61.4701 115.003 -50
    endloop
  endfacet
  facet normal 0.492929 0.87007 -0
    outer loop
      vertex 67.039 111.848 48
      vertex 61.4701 115.003 50
      vertex 67.039 111.848 50
    endloop
  endfacet
  facet normal 0.492929 0.87007 0
    outer loop
      vertex 61.4701 115.003 50
      vertex 67.039 111.848 48
      vertex 61.4701 115.003 48
    endloop
  endfacet
  facet normal 0.724245 -0.689543 0
    outer loop
      vertex 92.2067 -92.2067 50
      vertex 96.62 -87.5713 -50
      vertex 96.62 -87.5713 50
    endloop
  endfacet
  facet normal 0.724245 -0.689543 0
    outer loop
      vertex 96.62 -87.5713 -50
      vertex 92.2067 -92.2067 50
      vertex 92.2067 -92.2067 -50
    endloop
  endfacet
  facet normal 0.949513 -0.313728 0
    outer loop
      vertex 122.777 -43.9304 50
      vertex 124.785 -37.8531 -50
      vertex 124.785 -37.8531 50
    endloop
  endfacet
  facet normal 0.949513 -0.313728 0
    outer loop
      vertex 124.785 -37.8531 -50
      vertex 122.777 -43.9304 50
      vertex 122.777 -43.9304 -50
    endloop
  endfacet
  facet normal -0.757173 0.653215 0
    outer loop
      vertex -100.801 82.7249 -50
      vertex -96.62 87.5713 50
      vertex -96.62 87.5713 -50
    endloop
  endfacet
  facet normal -0.757173 0.653215 0
    outer loop
      vertex -96.62 87.5713 50
      vertex -100.801 82.7249 -50
      vertex -100.801 82.7249 50
    endloop
  endfacet
  facet normal 0.963778 0.266705 0
    outer loop
      vertex 126.492 31.6846 50
      vertex 124.785 37.8531 -50
      vertex 124.785 37.8531 50
    endloop
  endfacet
  facet normal 0.963778 0.266705 0
    outer loop
      vertex 124.785 37.8531 -50
      vertex 126.492 31.6846 50
      vertex 126.492 31.6846 -50
    endloop
  endfacet
  facet normal 0.171081 -0.985257 0
    outer loop
      vertex 19.1337 -128.989 -50
      vertex 25.4398 -127.894 50
      vertex 19.1337 -128.989 50
    endloop
  endfacet
  facet normal 0.171081 -0.985257 0
    outer loop
      vertex 25.4398 -127.894 50
      vertex 19.1337 -128.989 -50
      vertex 25.4398 -127.894 -50
    endloop
  endfacet
  facet normal 0.949513 0.313728 0
    outer loop
      vertex 124.785 37.8531 50
      vertex 122.777 43.9304 -50
      vertex 122.777 43.9304 50
    endloop
  endfacet
  facet normal 0.949513 0.313728 0
    outer loop
      vertex 122.777 43.9304 -50
      vertex 124.785 37.8531 50
      vertex 124.785 37.8531 -50
    endloop
  endfacet
  facet normal 0.575876 0.817537 -7.11017e-05
    outer loop
      vertex 77.6792 104.738 50
      vertex 76.9379 105.26 48
      vertex 72.4464 108.424 50
    endloop
  endfacet
  facet normal 0.575747 0.817628 0
    outer loop
      vertex 77.6792 104.738 50
      vertex 76.9379 105.26 -48
      vertex 76.9379 105.26 48
    endloop
  endfacet
  facet normal 0.575747 0.817628 -0
    outer loop
      vertex 77.6792 104.738 -50
      vertex 76.9379 105.26 -48
      vertex 77.6792 104.738 50
    endloop
  endfacet
  facet normal 0.575876 0.817537 7.11017e-05
    outer loop
      vertex 72.4464 108.424 -50
      vertex 76.9379 105.26 -48
      vertex 77.6792 104.738 -50
    endloop
  endfacet
  facet normal 0.575897 0.817522 0
    outer loop
      vertex 76.9379 105.26 -48
      vertex 72.4464 108.424 -50
      vertex 72.4464 108.424 -48
    endloop
  endfacet
  facet normal 0.575897 0.817522 0
    outer loop
      vertex 72.4464 108.424 50
      vertex 76.9379 105.26 48
      vertex 72.4464 108.424 48
    endloop
  endfacet
  facet normal -0.653215 -0.757173 0
    outer loop
      vertex -87.5713 -96.62 -50
      vertex -82.7249 -100.801 50
      vertex -87.5713 -96.62 50
    endloop
  endfacet
  facet normal -0.653215 -0.757173 -0
    outer loop
      vertex -82.7249 -100.801 50
      vertex -87.5713 -96.62 -50
      vertex -82.7249 -100.801 -50
    endloop
  endfacet
  facet normal 0.359832 0.933017 -0
    outer loop
      vertex 49.9019 120.474 -50
      vertex 43.9304 122.777 50
      vertex 49.9019 120.474 50
    endloop
  endfacet
  facet normal 0.359832 0.933017 0
    outer loop
      vertex 43.9304 122.777 50
      vertex 49.9019 120.474 -50
      vertex 43.9304 122.777 -50
    endloop
  endfacet
  facet normal 0.817628 0.575747 0
    outer loop
      vertex 104.738 77.6792 50
      vertex 105.26 76.9379 48
      vertex 104.738 77.6792 -50
    endloop
  endfacet
  facet normal 0.817537 0.575876 -7.11017e-05
    outer loop
      vertex 108.424 72.4464 50
      vertex 105.26 76.9379 48
      vertex 104.738 77.6792 50
    endloop
  endfacet
  facet normal 0.817522 0.575897 0
    outer loop
      vertex 105.26 76.9379 48
      vertex 108.424 72.4464 50
      vertex 108.424 72.4464 48
    endloop
  endfacet
  facet normal 0.817628 0.575747 -0
    outer loop
      vertex 105.26 76.9379 -48
      vertex 104.738 77.6792 -50
      vertex 105.26 76.9379 48
    endloop
  endfacet
  facet normal 0.817522 0.575897 -0
    outer loop
      vertex 108.424 72.4464 -50
      vertex 105.26 76.9379 -48
      vertex 108.424 72.4464 -48
    endloop
  endfacet
  facet normal 0.817537 0.575876 7.11017e-05
    outer loop
      vertex 105.26 76.9379 -48
      vertex 108.424 72.4464 -50
      vertex 104.738 77.6792 -50
    endloop
  endfacet
  facet normal -0.933017 0.359832 0
    outer loop
      vertex -122.777 43.9304 -50
      vertex -120.474 49.9019 50
      vertex -120.474 49.9019 -50
    endloop
  endfacet
  facet normal -0.933017 0.359832 0
    outer loop
      vertex -120.474 49.9019 50
      vertex -122.777 43.9304 -50
      vertex -122.777 43.9304 50
    endloop
  endfacet
  facet normal 0.7884 -0.615163 0
    outer loop
      vertex 100.801 -82.7249 50
      vertex 104.738 -77.6792 -50
      vertex 104.738 -77.6792 50
    endloop
  endfacet
  facet normal 0.7884 -0.615163 0
    outer loop
      vertex 104.738 -77.6792 -50
      vertex 100.801 -82.7249 50
      vertex 100.801 -82.7249 -50
    endloop
  endfacet
  facet normal -0.689543 0.724245 0
    outer loop
      vertex -87.5713 96.62 -50
      vertex -92.2067 92.2067 50
      vertex -87.5713 96.62 50
    endloop
  endfacet
  facet normal -0.689543 0.724245 0
    outer loop
      vertex -92.2067 92.2067 50
      vertex -87.5713 96.62 -50
      vertex -92.2067 92.2067 -50
    endloop
  endfacet
  facet normal -0.999699 0.0245299 0
    outer loop
      vertex -130.4 0 48
      vertex -130.243 6.39842 50
      vertex -130.243 6.39842 48
    endloop
  endfacet
  facet normal -0.999699 0.0245299 0
    outer loop
      vertex -130.243 6.39842 50
      vertex -130.4 0 48
      vertex -130.4 0 50
    endloop
  endfacet
  facet normal -0.999699 0.0245299 0
    outer loop
      vertex -130.4 0 -50
      vertex -130.243 6.39842 -48
      vertex -130.243 6.39842 -50
    endloop
  endfacet
  facet normal -0.999699 0.0245299 0
    outer loop
      vertex -130.243 6.39842 -48
      vertex -130.4 0 -50
      vertex -130.4 0 -48
    endloop
  endfacet
  facet normal -0.171081 -0.985257 0
    outer loop
      vertex -25.4398 -127.894 -50
      vertex -19.1337 -128.989 50
      vertex -25.4398 -127.894 50
    endloop
  endfacet
  facet normal -0.171081 -0.985257 -0
    outer loop
      vertex -19.1337 -128.989 50
      vertex -25.4398 -127.894 -50
      vertex -19.1337 -128.989 -50
    endloop
  endfacet
  facet normal 0.0245299 -0.999699 0
    outer loop
      vertex 0 -130.4 48
      vertex 6.39842 -130.243 50
      vertex 0 -130.4 50
    endloop
  endfacet
  facet normal 0.0245299 -0.999699 0
    outer loop
      vertex 6.39842 -130.243 50
      vertex 0 -130.4 48
      vertex 6.39842 -130.243 48
    endloop
  endfacet
  facet normal 0.0245299 -0.999699 0
    outer loop
      vertex 0 -130.4 -50
      vertex 6.39842 -130.243 -48
      vertex 0 -130.4 -48
    endloop
  endfacet
  facet normal 0.0245299 -0.999699 0
    outer loop
      vertex 6.39842 -130.243 -48
      vertex 0 -130.4 -50
      vertex 6.39842 -130.243 -50
    endloop
  endfacet
  facet normal -0.992484 0.122376 0
    outer loop
      vertex -128.989 19.1337 -50
      vertex -129.622 14 -48
      vertex -128.989 19.1337 50
    endloop
  endfacet
  facet normal -0.992489 0.122337 -0.000103025
    outer loop
      vertex -129.772 12.7814 -50
      vertex -129.622 14 -48
      vertex -128.989 19.1337 -50
    endloop
  endfacet
  facet normal -0.992509 0.12217 0
    outer loop
      vertex -129.622 14 -48
      vertex -129.772 12.7814 -50
      vertex -129.772 12.7814 -48
    endloop
  endfacet
  facet normal -0.992484 0.122376 0
    outer loop
      vertex -129.622 14 48
      vertex -128.989 19.1337 50
      vertex -129.622 14 -48
    endloop
  endfacet
  facet normal -0.992509 0.12217 0
    outer loop
      vertex -129.772 12.7814 50
      vertex -129.622 14 48
      vertex -129.772 12.7814 48
    endloop
  endfacet
  facet normal -0.992489 0.122337 0.000103025
    outer loop
      vertex -129.622 14 48
      vertex -129.772 12.7814 50
      vertex -128.989 19.1337 50
    endloop
  endfacet
  facet normal 0.997289 -0.0735899 0
    outer loop
      vertex 129.772 -12.7814 -48
      vertex 130.243 -6.39842 -50
      vertex 130.243 -6.39842 -48
    endloop
  endfacet
  facet normal 0.997289 -0.0735899 0
    outer loop
      vertex 130.243 -6.39842 -50
      vertex 129.772 -12.7814 -48
      vertex 129.772 -12.7814 -50
    endloop
  endfacet
  facet normal 0.997289 -0.0735899 0
    outer loop
      vertex 129.772 -12.7814 50
      vertex 130.243 -6.39842 48
      vertex 130.243 -6.39842 50
    endloop
  endfacet
  facet normal 0.997289 -0.0735899 0
    outer loop
      vertex 130.243 -6.39842 48
      vertex 129.772 -12.7814 50
      vertex 129.772 -12.7814 48
    endloop
  endfacet
  facet normal 0.689543 0.724245 -0
    outer loop
      vertex 92.2067 92.2067 -50
      vertex 87.5713 96.62 50
      vertex 92.2067 92.2067 50
    endloop
  endfacet
  facet normal 0.689543 0.724245 0
    outer loop
      vertex 87.5713 96.62 50
      vertex 92.2067 92.2067 -50
      vertex 87.5713 96.62 -50
    endloop
  endfacet
  facet normal 0.405327 0.914172 0
    outer loop
      vertex 55.7532 117.88 -48
      vertex 55.7532 117.88 -50
      vertex 52.6791 119.243 -48
    endloop
  endfacet
  facet normal 0.405327 0.914172 0
    outer loop
      vertex 52.6791 119.243 48
      vertex 55.7532 117.88 50
      vertex 55.7532 117.88 48
    endloop
  endfacet
  facet normal 0.40528 0.914193 8.64384e-05
    outer loop
      vertex 55.7532 117.88 50
      vertex 52.6791 119.243 48
      vertex 49.9019 120.474 50
    endloop
  endfacet
  facet normal 0.405228 0.914216 -0
    outer loop
      vertex 52.6791 119.243 -48
      vertex 49.9019 120.474 50
      vertex 52.6791 119.243 48
    endloop
  endfacet
  facet normal 0.405228 0.914216 0
    outer loop
      vertex 52.6791 119.243 -48
      vertex 49.9019 120.474 -50
      vertex 49.9019 120.474 50
    endloop
  endfacet
  facet normal 0.40528 0.914193 -8.64384e-05
    outer loop
      vertex 49.9019 120.474 -50
      vertex 52.6791 119.243 -48
      vertex 55.7532 117.88 -50
    endloop
  endfacet
  facet normal -0.997289 -0.0735899 0
    outer loop
      vertex -129.772 -12.7814 48
      vertex -130.243 -6.39842 50
      vertex -130.243 -6.39842 48
    endloop
  endfacet
  facet normal -0.997289 -0.0735899 0
    outer loop
      vertex -130.243 -6.39842 50
      vertex -129.772 -12.7814 48
      vertex -129.772 -12.7814 50
    endloop
  endfacet
  facet normal -0.997289 -0.0735899 0
    outer loop
      vertex -129.772 -12.7814 -50
      vertex -130.243 -6.39842 -48
      vertex -130.243 -6.39842 -50
    endloop
  endfacet
  facet normal -0.997289 -0.0735899 0
    outer loop
      vertex -130.243 -6.39842 -48
      vertex -129.772 -12.7814 -50
      vertex -129.772 -12.7814 -48
    endloop
  endfacet
  facet normal -0.405327 -0.914172 -0
    outer loop
      vertex -55.7532 -117.88 -48
      vertex -55.7532 -117.88 -50
      vertex -52.6791 -119.243 -48
    endloop
  endfacet
  facet normal -0.405327 -0.914172 0
    outer loop
      vertex -52.6791 -119.243 48
      vertex -55.7532 -117.88 50
      vertex -55.7532 -117.88 48
    endloop
  endfacet
  facet normal -0.40528 -0.914193 8.64384e-05
    outer loop
      vertex -55.7532 -117.88 50
      vertex -52.6791 -119.243 48
      vertex -49.9019 -120.474 50
    endloop
  endfacet
  facet normal -0.405228 -0.914216 0
    outer loop
      vertex -52.6791 -119.243 -48
      vertex -49.9019 -120.474 50
      vertex -52.6791 -119.243 48
    endloop
  endfacet
  facet normal -0.405228 -0.914216 0
    outer loop
      vertex -52.6791 -119.243 -48
      vertex -49.9019 -120.474 -50
      vertex -49.9019 -120.474 50
    endloop
  endfacet
  facet normal -0.40528 -0.914193 -8.64384e-05
    outer loop
      vertex -49.9019 -120.474 -50
      vertex -52.6791 -119.243 -48
      vertex -55.7532 -117.88 -50
    endloop
  endfacet
  facet normal -0.359832 -0.933017 0
    outer loop
      vertex -49.9019 -120.474 -50
      vertex -43.9304 -122.777 50
      vertex -49.9019 -120.474 50
    endloop
  endfacet
  facet normal -0.359832 -0.933017 -0
    outer loop
      vertex -43.9304 -122.777 50
      vertex -49.9019 -120.474 -50
      vertex -43.9304 -122.777 -50
    endloop
  endfacet
  facet normal -0.999699 -0.0245299 0
    outer loop
      vertex -130.243 -6.39842 -50
      vertex -130.4 0 -48
      vertex -130.4 0 -50
    endloop
  endfacet
  facet normal -0.999699 -0.0245299 0
    outer loop
      vertex -130.4 0 -48
      vertex -130.243 -6.39842 -50
      vertex -130.243 -6.39842 -48
    endloop
  endfacet
  facet normal -0.999699 -0.0245299 0
    outer loop
      vertex -130.243 -6.39842 48
      vertex -130.4 0 50
      vertex -130.4 0 48
    endloop
  endfacet
  facet normal -0.999699 -0.0245299 0
    outer loop
      vertex -130.4 0 50
      vertex -130.243 -6.39842 48
      vertex -130.243 -6.39842 50
    endloop
  endfacet
  facet normal 0.171081 0.985257 -0
    outer loop
      vertex 25.4398 127.894 -50
      vertex 19.1337 128.989 50
      vertex 25.4398 127.894 50
    endloop
  endfacet
  facet normal 0.171081 0.985257 0
    outer loop
      vertex 19.1337 128.989 50
      vertex 25.4398 127.894 -50
      vertex 19.1337 128.989 -50
    endloop
  endfacet
  facet normal -0.914216 -0.405228 0
    outer loop
      vertex -120.474 -49.9019 -50
      vertex -119.243 -52.6791 -48
      vertex -120.474 -49.9019 50
    endloop
  endfacet
  facet normal -0.914193 -0.40528 -8.64384e-05
    outer loop
      vertex -117.88 -55.7532 -50
      vertex -119.243 -52.6791 -48
      vertex -120.474 -49.9019 -50
    endloop
  endfacet
  facet normal -0.914172 -0.405327 0
    outer loop
      vertex -119.243 -52.6791 -48
      vertex -117.88 -55.7532 -50
      vertex -117.88 -55.7532 -48
    endloop
  endfacet
  facet normal -0.914216 -0.405228 -0
    outer loop
      vertex -119.243 -52.6791 48
      vertex -120.474 -49.9019 50
      vertex -119.243 -52.6791 -48
    endloop
  endfacet
  facet normal -0.914172 -0.405327 -0
    outer loop
      vertex -117.88 -55.7532 50
      vertex -119.243 -52.6791 48
      vertex -117.88 -55.7532 48
    endloop
  endfacet
  facet normal -0.914193 -0.40528 8.64384e-05
    outer loop
      vertex -119.243 -52.6791 48
      vertex -117.88 -55.7532 50
      vertex -120.474 -49.9019 50
    endloop
  endfacet
  facet normal -0.7884 0.615163 0
    outer loop
      vertex -104.738 77.6792 -50
      vertex -100.801 82.7249 50
      vertex -100.801 82.7249 -50
    endloop
  endfacet
  facet normal -0.7884 0.615163 0
    outer loop
      vertex -100.801 82.7249 50
      vertex -104.738 77.6792 -50
      vertex -104.738 77.6792 50
    endloop
  endfacet
  facet normal -0.313728 0.949513 0
    outer loop
      vertex -37.8531 124.785 -50
      vertex -43.9304 122.777 50
      vertex -37.8531 124.785 50
    endloop
  endfacet
  facet normal -0.313728 0.949513 0
    outer loop
      vertex -43.9304 122.777 50
      vertex -37.8531 124.785 -50
      vertex -43.9304 122.777 -50
    endloop
  endfacet
  facet normal -0.914172 0.405327 0
    outer loop
      vertex -117.88 55.7532 -50
      vertex -119.243 52.6791 -48
      vertex -117.88 55.7532 -48
    endloop
  endfacet
  facet normal -0.914216 0.405228 0
    outer loop
      vertex -119.243 52.6791 -48
      vertex -120.474 49.9019 -50
      vertex -119.243 52.6791 48
    endloop
  endfacet
  facet normal -0.914193 0.40528 -8.64384e-05
    outer loop
      vertex -120.474 49.9019 -50
      vertex -119.243 52.6791 -48
      vertex -117.88 55.7532 -50
    endloop
  endfacet
  facet normal -0.914172 0.405327 0
    outer loop
      vertex -119.243 52.6791 48
      vertex -117.88 55.7532 50
      vertex -117.88 55.7532 48
    endloop
  endfacet
  facet normal -0.914193 0.40528 8.64384e-05
    outer loop
      vertex -119.243 52.6791 48
      vertex -120.474 49.9019 50
      vertex -117.88 55.7532 50
    endloop
  endfacet
  facet normal -0.914216 0.405228 0
    outer loop
      vertex -120.474 49.9019 50
      vertex -119.243 52.6791 48
      vertex -120.474 49.9019 -50
    endloop
  endfacet
  facet normal 0.992509 -0.12217 0
    outer loop
      vertex 129.772 -12.7814 50
      vertex 129.622 -14 48
      vertex 129.772 -12.7814 48
    endloop
  endfacet
  facet normal 0.992484 -0.122376 0
    outer loop
      vertex 129.622 -14 48
      vertex 128.989 -19.1337 50
      vertex 129.622 -14 -48
    endloop
  endfacet
  facet normal 0.992489 -0.122337 0.000103025
    outer loop
      vertex 128.989 -19.1337 50
      vertex 129.622 -14 48
      vertex 129.772 -12.7814 50
    endloop
  endfacet
  facet normal 0.992509 -0.12217 0
    outer loop
      vertex 129.622 -14 -48
      vertex 129.772 -12.7814 -50
      vertex 129.772 -12.7814 -48
    endloop
  endfacet
  facet normal 0.992489 -0.122337 -0.000103025
    outer loop
      vertex 129.622 -14 -48
      vertex 128.989 -19.1337 -50
      vertex 129.772 -12.7814 -50
    endloop
  endfacet
  facet normal 0.992484 -0.122376 0
    outer loop
      vertex 128.989 -19.1337 -50
      vertex 129.622 -14 -48
      vertex 128.989 -19.1337 50
    endloop
  endfacet
  facet normal 0.933017 0.359832 0
    outer loop
      vertex 122.777 43.9304 50
      vertex 120.474 49.9019 -50
      vertex 120.474 49.9019 50
    endloop
  endfacet
  facet normal 0.933017 0.359832 0
    outer loop
      vertex 120.474 49.9019 -50
      vertex 122.777 43.9304 50
      vertex 122.777 43.9304 -50
    endloop
  endfacet
  facet normal -0.893265 0.449531 0
    outer loop
      vertex -117.88 55.7532 48
      vertex -115.003 61.4701 50
      vertex -115.003 61.4701 48
    endloop
  endfacet
  facet normal -0.893265 0.449531 0
    outer loop
      vertex -115.003 61.4701 50
      vertex -117.88 55.7532 48
      vertex -117.88 55.7532 50
    endloop
  endfacet
  facet normal -0.893265 0.449531 0
    outer loop
      vertex -117.88 55.7532 -50
      vertex -115.003 61.4701 -48
      vertex -115.003 61.4701 -50
    endloop
  endfacet
  facet normal -0.893265 0.449531 0
    outer loop
      vertex -115.003 61.4701 -48
      vertex -117.88 55.7532 -50
      vertex -117.88 55.7532 -48
    endloop
  endfacet
  facet normal 0.933017 -0.359832 0
    outer loop
      vertex 120.474 -49.9019 50
      vertex 122.777 -43.9304 -50
      vertex 122.777 -43.9304 50
    endloop
  endfacet
  facet normal 0.933017 -0.359832 0
    outer loop
      vertex 122.777 -43.9304 -50
      vertex 120.474 -49.9019 50
      vertex 120.474 -49.9019 -50
    endloop
  endfacet
  facet normal -0.492929 0.87007 0
    outer loop
      vertex -61.4701 115.003 -50
      vertex -67.039 111.848 -48
      vertex -61.4701 115.003 -48
    endloop
  endfacet
  facet normal -0.492929 0.87007 0
    outer loop
      vertex -67.039 111.848 -48
      vertex -61.4701 115.003 -50
      vertex -67.039 111.848 -50
    endloop
  endfacet
  facet normal -0.492929 0.87007 0
    outer loop
      vertex -61.4701 115.003 48
      vertex -67.039 111.848 50
      vertex -61.4701 115.003 50
    endloop
  endfacet
  facet normal -0.492929 0.87007 0
    outer loop
      vertex -67.039 111.848 50
      vertex -61.4701 115.003 48
      vertex -67.039 111.848 48
    endloop
  endfacet
  facet normal -0.817522 -0.575897 0
    outer loop
      vertex -108.424 -72.4464 -50
      vertex -105.26 -76.9379 -48
      vertex -108.424 -72.4464 -48
    endloop
  endfacet
  facet normal -0.817628 -0.575747 0
    outer loop
      vertex -105.26 -76.9379 -48
      vertex -104.738 -77.6792 -50
      vertex -105.26 -76.9379 48
    endloop
  endfacet
  facet normal -0.817537 -0.575876 7.11017e-05
    outer loop
      vertex -104.738 -77.6792 -50
      vertex -105.26 -76.9379 -48
      vertex -108.424 -72.4464 -50
    endloop
  endfacet
  facet normal -0.817522 -0.575897 0
    outer loop
      vertex -105.26 -76.9379 48
      vertex -108.424 -72.4464 50
      vertex -108.424 -72.4464 48
    endloop
  endfacet
  facet normal -0.817537 -0.575876 -7.11017e-05
    outer loop
      vertex -105.26 -76.9379 48
      vertex -104.738 -77.6792 50
      vertex -108.424 -72.4464 50
    endloop
  endfacet
  facet normal -0.817628 -0.575747 -0
    outer loop
      vertex -104.738 -77.6792 50
      vertex -105.26 -76.9379 48
      vertex -104.738 -77.6792 -50
    endloop
  endfacet
  facet normal -0.0245299 -0.999699 0
    outer loop
      vertex -6.39842 -130.243 48
      vertex 0 -130.4 50
      vertex -6.39842 -130.243 50
    endloop
  endfacet
  facet normal -0.0245299 -0.999699 -0
    outer loop
      vertex 0 -130.4 50
      vertex -6.39842 -130.243 48
      vertex 0 -130.4 48
    endloop
  endfacet
  facet normal -0.0245299 -0.999699 0
    outer loop
      vertex -6.39842 -130.243 -50
      vertex 0 -130.4 -48
      vertex -6.39842 -130.243 -48
    endloop
  endfacet
  facet normal -0.0245299 -0.999699 -0
    outer loop
      vertex 0 -130.4 -48
      vertex -6.39842 -130.243 -50
      vertex 0 -130.4 -50
    endloop
  endfacet
  facet normal 0.534976 0.844868 -0
    outer loop
      vertex 72.4464 108.424 -50
      vertex 67.039 111.848 -48
      vertex 72.4464 108.424 -48
    endloop
  endfacet
  facet normal 0.534976 0.844868 0
    outer loop
      vertex 67.039 111.848 -48
      vertex 72.4464 108.424 -50
      vertex 67.039 111.848 -50
    endloop
  endfacet
  facet normal 0.534976 0.844868 -0
    outer loop
      vertex 72.4464 108.424 48
      vertex 67.039 111.848 50
      vertex 72.4464 108.424 50
    endloop
  endfacet
  facet normal 0.534976 0.844868 0
    outer loop
      vertex 67.039 111.848 50
      vertex 72.4464 108.424 48
      vertex 67.039 111.848 48
    endloop
  endfacet
  facet normal -0.724245 -0.689543 0
    outer loop
      vertex -92.2067 -92.2067 -50
      vertex -96.62 -87.5713 50
      vertex -96.62 -87.5713 -50
    endloop
  endfacet
  facet normal -0.724245 -0.689543 0
    outer loop
      vertex -96.62 -87.5713 50
      vertex -92.2067 -92.2067 -50
      vertex -92.2067 -92.2067 50
    endloop
  endfacet
  facet normal 0 0 -1
    outer loop
      vertex 116.4 0 -50
      vertex 130.4 0 -50
      vertex 130.243 -6.39842 -50
    endloop
  endfacet
  facet normal 0 0 -1
    outer loop
      vertex 116.26 -5.71148 -50
      vertex 130.243 -6.39842 -50
      vertex 129.772 -12.7814 -50
    endloop
  endfacet
  facet normal 0 0 -1
    outer loop
      vertex 130.4 0 -50
      vertex 116.4 0 -50
      vertex 130.243 6.39842 -50
    endloop
  endfacet
  facet normal 0 0 -1
    outer loop
      vertex 115.84 -11.4092 -50
      vertex 129.772 -12.7814 -50
      vertex 128.989 -19.1337 -50
    endloop
  endfacet
  facet normal 0 0 -1
    outer loop
      vertex 116.26 5.71148 -50
      vertex 130.243 6.39842 -50
      vertex 116.4 0 -50
    endloop
  endfacet
  facet normal 0 0 -1
    outer loop
      vertex 115.14 -17.0794 -50
      vertex 128.989 -19.1337 -50
      vertex 127.894 -25.4398 -50
    endloop
  endfacet
  facet normal -0 0 -1
    outer loop
      vertex 130.243 6.39842 -50
      vertex 116.26 5.71148 -50
      vertex 129.772 12.7814 -50
    endloop
  endfacet
  facet normal 0 0 -1
    outer loop
      vertex 114.163 -22.7085 -50
      vertex 127.894 -25.4398 -50
      vertex 126.492 -31.6846 -50
    endloop
  endfacet
  facet normal 0 0 -1
    outer loop
      vertex 115.84 11.4092 -50
      vertex 129.772 12.7814 -50
      vertex 116.26 5.71148 -50
    endloop
  endfacet
  facet normal 0 0 -1
    outer loop
      vertex 112.912 -28.2829 -50
      vertex 126.492 -31.6846 -50
      vertex 124.785 -37.8531 -50
    endloop
  endfacet
  facet normal -0 0 -1
    outer loop
      vertex 129.772 12.7814 -50
      vertex 115.84 11.4092 -50
      vertex 128.989 19.1337 -50
    endloop
  endfacet
  facet normal 0 0 -1
    outer loop
      vertex 111.388 -33.7891 -50
      vertex 124.785 -37.8531 -50
      vertex 122.777 -43.9304 -50
    endloop
  endfacet
  facet normal 0 0 -1
    outer loop
      vertex 115.14 17.0794 -50
      vertex 128.989 19.1337 -50
      vertex 115.84 11.4092 -50
    endloop
  endfacet
  facet normal 0 0 -1
    outer loop
      vertex 109.596 -39.214 -50
      vertex 122.777 -43.9304 -50
      vertex 120.474 -49.9019 -50
    endloop
  endfacet
  facet normal -0 0 -1
    outer loop
      vertex 128.989 19.1337 -50
      vertex 115.14 17.0794 -50
      vertex 127.894 25.4398 -50
    endloop
  endfacet
  facet normal 0 0 -1
    outer loop
      vertex 107.54 -44.5443 -50
      vertex 120.474 -49.9019 -50
      vertex 117.88 -55.7532 -50
    endloop
  endfacet
  facet normal 0 0 -1
    outer loop
      vertex 114.163 22.7085 -50
      vertex 127.894 25.4398 -50
      vertex 115.14 17.0794 -50
    endloop
  endfacet
  facet normal -0 0 -1
    outer loop
      vertex 127.894 25.4398 -50
      vertex 114.163 22.7085 -50
      vertex 126.492 31.6846 -50
    endloop
  endfacet
  facet normal 0 0 -1
    outer loop
      vertex 130.243 -6.39842 -50
      vertex 116.26 -5.71148 -50
      vertex 116.4 0 -50
    endloop
  endfacet
  facet normal 0 0 -1
    outer loop
      vertex 129.772 -12.7814 -50
      vertex 115.84 -11.4092 -50
      vertex 116.26 -5.71148 -50
    endloop
  endfacet
  facet normal 0 0 -1
    outer loop
      vertex 128.989 -19.1337 -50
      vertex 115.14 -17.0794 -50
      vertex 115.84 -11.4092 -50
    endloop
  endfacet
  facet normal 0 0 -1
    outer loop
      vertex 105.224 -49.7674 -50
      vertex 117.88 -55.7532 -50
      vertex 115.003 -61.4701 -50
    endloop
  endfacet
  facet normal 0 0 -1
    outer loop
      vertex 127.894 -25.4398 -50
      vertex 114.163 -22.7085 -50
      vertex 115.14 -17.0794 -50
    endloop
  endfacet
  facet normal 0 0 -1
    outer loop
      vertex 126.492 -31.6846 -50
      vertex 112.912 -28.2829 -50
      vertex 114.163 -22.7085 -50
    endloop
  endfacet
  facet normal 0 0 -1
    outer loop
      vertex 102.656 -54.8706 -50
      vertex 115.003 -61.4701 -50
      vertex 111.848 -67.039 -50
    endloop
  endfacet
  facet normal 0 0 -1
    outer loop
      vertex 124.785 -37.8531 -50
      vertex 111.388 -33.7891 -50
      vertex 112.912 -28.2829 -50
    endloop
  endfacet
  facet normal 0 0 -1
    outer loop
      vertex 122.777 -43.9304 -50
      vertex 109.596 -39.214 -50
      vertex 111.388 -33.7891 -50
    endloop
  endfacet
  facet normal 0 0 -1
    outer loop
      vertex 99.8396 -59.8416 -50
      vertex 111.848 -67.039 -50
      vertex 108.424 -72.4464 -50
    endloop
  endfacet
  facet normal 0 0 -1
    outer loop
      vertex 120.474 -49.9019 -50
      vertex 107.54 -44.5443 -50
      vertex 109.596 -39.214 -50
    endloop
  endfacet
  facet normal 0 0 -1
    outer loop
      vertex 117.88 -55.7532 -50
      vertex 105.224 -49.7674 -50
      vertex 107.54 -44.5443 -50
    endloop
  endfacet
  facet normal 0 0 -1
    outer loop
      vertex 96.7831 -64.6684 -50
      vertex 108.424 -72.4464 -50
      vertex 104.738 -77.6792 -50
    endloop
  endfacet
  facet normal 0 0 -1
    outer loop
      vertex 115.003 -61.4701 -50
      vertex 102.656 -54.8706 -50
      vertex 105.224 -49.7674 -50
    endloop
  endfacet
  facet normal 0 0 -1
    outer loop
      vertex 93.4934 -69.3394 -50
      vertex 104.738 -77.6792 -50
      vertex 100.801 -82.7249 -50
    endloop
  endfacet
  facet normal 0 0 -1
    outer loop
      vertex 111.848 -67.039 -50
      vertex 99.8396 -59.8416 -50
      vertex 102.656 -54.8706 -50
    endloop
  endfacet
  facet normal 0 0 -1
    outer loop
      vertex 108.424 -72.4464 -50
      vertex 96.7831 -64.6684 -50
      vertex 99.8396 -59.8416 -50
    endloop
  endfacet
  facet normal 0 0 -1
    outer loop
      vertex 89.9784 -73.8434 -50
      vertex 100.801 -82.7249 -50
      vertex 96.62 -87.5713 -50
    endloop
  endfacet
  facet normal 0 0 -1
    outer loop
      vertex 104.738 -77.6792 -50
      vertex 93.4934 -69.3394 -50
      vertex 96.7831 -64.6684 -50
    endloop
  endfacet
  facet normal 0 0 -1
    outer loop
      vertex 86.2467 -78.1695 -50
      vertex 96.62 -87.5713 -50
      vertex 92.2067 -92.2067 -50
    endloop
  endfacet
  facet normal 0 0 -1
    outer loop
      vertex 100.801 -82.7249 -50
      vertex 89.9784 -73.8434 -50
      vertex 93.4934 -69.3394 -50
    endloop
  endfacet
  facet normal 0 0 -1
    outer loop
      vertex 82.3072 -82.3072 -50
      vertex 92.2067 -92.2067 -50
      vertex 87.5713 -96.62 -50
    endloop
  endfacet
  facet normal 0 0 -1
    outer loop
      vertex 96.62 -87.5713 -50
      vertex 86.2467 -78.1695 -50
      vertex 89.9784 -73.8434 -50
    endloop
  endfacet
  facet normal 0 0 -1
    outer loop
      vertex 78.1695 -86.2467 -50
      vertex 87.5713 -96.62 -50
      vertex 82.7249 -100.801 -50
    endloop
  endfacet
  facet normal 0 0 -1
    outer loop
      vertex 92.2067 -92.2067 -50
      vertex 82.3072 -82.3072 -50
      vertex 86.2467 -78.1695 -50
    endloop
  endfacet
  facet normal 0 0 -1
    outer loop
      vertex 87.5713 -96.62 -50
      vertex 78.1695 -86.2467 -50
      vertex 82.3072 -82.3072 -50
    endloop
  endfacet
  facet normal 0 0 -1
    outer loop
      vertex 73.8434 -89.9784 -50
      vertex 82.7249 -100.801 -50
      vertex 77.6792 -104.738 -50
    endloop
  endfacet
  facet normal 0 0 -1
    outer loop
      vertex 82.7249 -100.801 -50
      vertex 73.8434 -89.9784 -50
      vertex 78.1695 -86.2467 -50
    endloop
  endfacet
  facet normal 0 0 -1
    outer loop
      vertex 69.3394 -93.4934 -50
      vertex 77.6792 -104.738 -50
      vertex 72.4464 -108.424 -50
    endloop
  endfacet
  facet normal 0 0 -1
    outer loop
      vertex 77.6792 -104.738 -50
      vertex 69.3394 -93.4934 -50
      vertex 73.8434 -89.9784 -50
    endloop
  endfacet
  facet normal 0 0 -1
    outer loop
      vertex 64.6684 -96.7831 -50
      vertex 72.4464 -108.424 -50
      vertex 67.039 -111.848 -50
    endloop
  endfacet
  facet normal 0 0 -1
    outer loop
      vertex 72.4464 -108.424 -50
      vertex 64.6684 -96.7831 -50
      vertex 69.3394 -93.4934 -50
    endloop
  endfacet
  facet normal 0 0 -1
    outer loop
      vertex 59.8416 -99.8396 -50
      vertex 67.039 -111.848 -50
      vertex 61.4701 -115.003 -50
    endloop
  endfacet
  facet normal 0 0 -1
    outer loop
      vertex 67.039 -111.848 -50
      vertex 59.8416 -99.8396 -50
      vertex 64.6684 -96.7831 -50
    endloop
  endfacet
  facet normal 0 0 -1
    outer loop
      vertex 54.8706 -102.656 -50
      vertex 61.4701 -115.003 -50
      vertex 55.7532 -117.88 -50
    endloop
  endfacet
  facet normal 0 0 -1
    outer loop
      vertex 61.4701 -115.003 -50
      vertex 54.8706 -102.656 -50
      vertex 59.8416 -99.8396 -50
    endloop
  endfacet
  facet normal 0 0 -1
    outer loop
      vertex 49.7674 -105.224 -50
      vertex 55.7532 -117.88 -50
      vertex 49.9019 -120.474 -50
    endloop
  endfacet
  facet normal 0 0 -1
    outer loop
      vertex 55.7532 -117.88 -50
      vertex 49.7674 -105.224 -50
      vertex 54.8706 -102.656 -50
    endloop
  endfacet
  facet normal 0 0 -1
    outer loop
      vertex 49.9019 -120.474 -50
      vertex 44.5443 -107.54 -50
      vertex 49.7674 -105.224 -50
    endloop
  endfacet
  facet normal 0 0 -1
    outer loop
      vertex 43.9304 -122.777 -50
      vertex 44.5443 -107.54 -50
      vertex 49.9019 -120.474 -50
    endloop
  endfacet
  facet normal 0 0 -1
    outer loop
      vertex 43.9304 -122.777 -50
      vertex 39.214 -109.596 -50
      vertex 44.5443 -107.54 -50
    endloop
  endfacet
  facet normal 0 0 -1
    outer loop
      vertex 37.8531 -124.785 -50
      vertex 39.214 -109.596 -50
      vertex 43.9304 -122.777 -50
    endloop
  endfacet
  facet normal 0 0 -1
    outer loop
      vertex 37.8531 -124.785 -50
      vertex 33.7891 -111.388 -50
      vertex 39.214 -109.596 -50
    endloop
  endfacet
  facet normal 0 0 -1
    outer loop
      vertex 31.6846 -126.492 -50
      vertex 33.7891 -111.388 -50
      vertex 37.8531 -124.785 -50
    endloop
  endfacet
  facet normal 0 0 -1
    outer loop
      vertex 31.6846 -126.492 -50
      vertex 28.2829 -112.912 -50
      vertex 33.7891 -111.388 -50
    endloop
  endfacet
  facet normal 0 0 -1
    outer loop
      vertex 25.4398 -127.894 -50
      vertex 28.2829 -112.912 -50
      vertex 31.6846 -126.492 -50
    endloop
  endfacet
  facet normal 0 0 -1
    outer loop
      vertex 25.4398 -127.894 -50
      vertex 22.7085 -114.163 -50
      vertex 28.2829 -112.912 -50
    endloop
  endfacet
  facet normal 0 0 -1
    outer loop
      vertex 19.1337 -128.989 -50
      vertex 22.7085 -114.163 -50
      vertex 25.4398 -127.894 -50
    endloop
  endfacet
  facet normal 0 0 -1
    outer loop
      vertex 19.1337 -128.989 -50
      vertex 17.0794 -115.14 -50
      vertex 22.7085 -114.163 -50
    endloop
  endfacet
  facet normal 0 0 -1
    outer loop
      vertex 12.7814 -129.772 -50
      vertex 17.0794 -115.14 -50
      vertex 19.1337 -128.989 -50
    endloop
  endfacet
  facet normal 0 0 -1
    outer loop
      vertex 12.7814 -129.772 -50
      vertex 11.4092 -115.84 -50
      vertex 17.0794 -115.14 -50
    endloop
  endfacet
  facet normal 0 0 -1
    outer loop
      vertex 6.39842 -130.243 -50
      vertex 11.4092 -115.84 -50
      vertex 12.7814 -129.772 -50
    endloop
  endfacet
  facet normal 0 0 -1
    outer loop
      vertex 6.39842 -130.243 -50
      vertex 5.71148 -116.26 -50
      vertex 11.4092 -115.84 -50
    endloop
  endfacet
  facet normal 0 0 -1
    outer loop
      vertex 0 -130.4 -50
      vertex 5.71148 -116.26 -50
      vertex 6.39842 -130.243 -50
    endloop
  endfacet
  facet normal 0 0 -1
    outer loop
      vertex 0 -130.4 -50
      vertex 0 -116.4 -50
      vertex 5.71148 -116.26 -50
    endloop
  endfacet
  facet normal 0 0 -1
    outer loop
      vertex 0 -130.4 -50
      vertex -5.71148 -116.26 -50
      vertex 0 -116.4 -50
    endloop
  endfacet
  facet normal 0 0 -1
    outer loop
      vertex -6.39842 -130.243 -50
      vertex -5.71148 -116.26 -50
      vertex 0 -130.4 -50
    endloop
  endfacet
  facet normal 0 0 -1
    outer loop
      vertex -6.39842 -130.243 -50
      vertex -11.4092 -115.84 -50
      vertex -5.71148 -116.26 -50
    endloop
  endfacet
  facet normal 0 0 -1
    outer loop
      vertex -12.7814 -129.772 -50
      vertex -11.4092 -115.84 -50
      vertex -6.39842 -130.243 -50
    endloop
  endfacet
  facet normal 0 0 -1
    outer loop
      vertex -12.7814 -129.772 -50
      vertex -17.0794 -115.14 -50
      vertex -11.4092 -115.84 -50
    endloop
  endfacet
  facet normal 0 0 -1
    outer loop
      vertex -19.1337 -128.989 -50
      vertex -17.0794 -115.14 -50
      vertex -12.7814 -129.772 -50
    endloop
  endfacet
  facet normal 0 0 -1
    outer loop
      vertex -19.1337 -128.989 -50
      vertex -22.7085 -114.163 -50
      vertex -17.0794 -115.14 -50
    endloop
  endfacet
  facet normal 0 0 -1
    outer loop
      vertex -25.4398 -127.894 -50
      vertex -22.7085 -114.163 -50
      vertex -19.1337 -128.989 -50
    endloop
  endfacet
  facet normal 0 0 -1
    outer loop
      vertex -25.4398 -127.894 -50
      vertex -28.2829 -112.912 -50
      vertex -22.7085 -114.163 -50
    endloop
  endfacet
  facet normal 0 0 -1
    outer loop
      vertex -31.6846 -126.492 -50
      vertex -28.2829 -112.912 -50
      vertex -25.4398 -127.894 -50
    endloop
  endfacet
  facet normal 0 0 -1
    outer loop
      vertex -31.6846 -126.492 -50
      vertex -33.7891 -111.388 -50
      vertex -28.2829 -112.912 -50
    endloop
  endfacet
  facet normal 0 0 -1
    outer loop
      vertex -37.8531 -124.785 -50
      vertex -33.7891 -111.388 -50
      vertex -31.6846 -126.492 -50
    endloop
  endfacet
  facet normal 0 0 -1
    outer loop
      vertex -37.8531 -124.785 -50
      vertex -39.214 -109.596 -50
      vertex -33.7891 -111.388 -50
    endloop
  endfacet
  facet normal 0 0 -1
    outer loop
      vertex -43.9304 -122.777 -50
      vertex -39.214 -109.596 -50
      vertex -37.8531 -124.785 -50
    endloop
  endfacet
  facet normal 0 0 -1
    outer loop
      vertex -43.9304 -122.777 -50
      vertex -44.5443 -107.54 -50
      vertex -39.214 -109.596 -50
    endloop
  endfacet
  facet normal 0 0 -1
    outer loop
      vertex -49.9019 -120.474 -50
      vertex -44.5443 -107.54 -50
      vertex -43.9304 -122.777 -50
    endloop
  endfacet
  facet normal -0 0 -1
    outer loop
      vertex -44.5443 -107.54 -50
      vertex -49.9019 -120.474 -50
      vertex -49.7674 -105.224 -50
    endloop
  endfacet
  facet normal 0 0 -1
    outer loop
      vertex -55.7532 -117.88 -50
      vertex -49.7674 -105.224 -50
      vertex -49.9019 -120.474 -50
    endloop
  endfacet
  facet normal -0 0 -1
    outer loop
      vertex -49.7674 -105.224 -50
      vertex -55.7532 -117.88 -50
      vertex -54.8706 -102.656 -50
    endloop
  endfacet
  facet normal 0 0 -1
    outer loop
      vertex -61.4701 -115.003 -50
      vertex -54.8706 -102.656 -50
      vertex -55.7532 -117.88 -50
    endloop
  endfacet
  facet normal -0 0 -1
    outer loop
      vertex -54.8706 -102.656 -50
      vertex -61.4701 -115.003 -50
      vertex -59.8416 -99.8396 -50
    endloop
  endfacet
  facet normal 0 0 -1
    outer loop
      vertex -67.039 -111.848 -50
      vertex -59.8416 -99.8396 -50
      vertex -61.4701 -115.003 -50
    endloop
  endfacet
  facet normal -0 0 -1
    outer loop
      vertex -59.8416 -99.8396 -50
      vertex -67.039 -111.848 -50
      vertex -64.6684 -96.7831 -50
    endloop
  endfacet
  facet normal 0 0 -1
    outer loop
      vertex -72.4464 -108.424 -50
      vertex -64.6684 -96.7831 -50
      vertex -67.039 -111.848 -50
    endloop
  endfacet
  facet normal -0 0 -1
    outer loop
      vertex -64.6684 -96.7831 -50
      vertex -72.4464 -108.424 -50
      vertex -69.3394 -93.4934 -50
    endloop
  endfacet
  facet normal 0 0 -1
    outer loop
      vertex -77.6792 -104.738 -50
      vertex -69.3394 -93.4934 -50
      vertex -72.4464 -108.424 -50
    endloop
  endfacet
  facet normal -0 0 -1
    outer loop
      vertex -69.3394 -93.4934 -50
      vertex -77.6792 -104.738 -50
      vertex -73.8434 -89.9784 -50
    endloop
  endfacet
  facet normal 0 0 -1
    outer loop
      vertex -82.7249 -100.801 -50
      vertex -73.8434 -89.9784 -50
      vertex -77.6792 -104.738 -50
    endloop
  endfacet
  facet normal -0 0 -1
    outer loop
      vertex -73.8434 -89.9784 -50
      vertex -82.7249 -100.801 -50
      vertex -78.1695 -86.2467 -50
    endloop
  endfacet
  facet normal 0 0 -1
    outer loop
      vertex -87.5713 -96.62 -50
      vertex -78.1695 -86.2467 -50
      vertex -82.7249 -100.801 -50
    endloop
  endfacet
  facet normal -0 0 -1
    outer loop
      vertex -78.1695 -86.2467 -50
      vertex -87.5713 -96.62 -50
      vertex -82.3072 -82.3072 -50
    endloop
  endfacet
  facet normal 0 0 -1
    outer loop
      vertex -92.2067 -92.2067 -50
      vertex -82.3072 -82.3072 -50
      vertex -87.5713 -96.62 -50
    endloop
  endfacet
  facet normal -0 0 -1
    outer loop
      vertex -82.3072 -82.3072 -50
      vertex -92.2067 -92.2067 -50
      vertex -86.2467 -78.1695 -50
    endloop
  endfacet
  facet normal 0 0 -1
    outer loop
      vertex -96.62 -87.5713 -50
      vertex -86.2467 -78.1695 -50
      vertex -92.2067 -92.2067 -50
    endloop
  endfacet
  facet normal -0 0 -1
    outer loop
      vertex -86.2467 -78.1695 -50
      vertex -96.62 -87.5713 -50
      vertex -89.9784 -73.8434 -50
    endloop
  endfacet
  facet normal 0 0 -1
    outer loop
      vertex -100.801 -82.7249 -50
      vertex -89.9784 -73.8434 -50
      vertex -96.62 -87.5713 -50
    endloop
  endfacet
  facet normal -0 0 -1
    outer loop
      vertex -89.9784 -73.8434 -50
      vertex -100.801 -82.7249 -50
      vertex -93.4934 -69.3394 -50
    endloop
  endfacet
  facet normal 0 0 -1
    outer loop
      vertex -104.738 -77.6792 -50
      vertex -93.4934 -69.3394 -50
      vertex -100.801 -82.7249 -50
    endloop
  endfacet
  facet normal -0 0 -1
    outer loop
      vertex -93.4934 -69.3394 -50
      vertex -104.738 -77.6792 -50
      vertex -96.7831 -64.6684 -50
    endloop
  endfacet
  facet normal 0 0 -1
    outer loop
      vertex -108.424 -72.4464 -50
      vertex -96.7831 -64.6684 -50
      vertex -104.738 -77.6792 -50
    endloop
  endfacet
  facet normal -0 0 -1
    outer loop
      vertex -96.7831 -64.6684 -50
      vertex -108.424 -72.4464 -50
      vertex -99.8396 -59.8416 -50
    endloop
  endfacet
  facet normal 0 0 -1
    outer loop
      vertex -111.848 -67.039 -50
      vertex -99.8396 -59.8416 -50
      vertex -108.424 -72.4464 -50
    endloop
  endfacet
  facet normal -0 0 -1
    outer loop
      vertex -99.8396 -59.8416 -50
      vertex -111.848 -67.039 -50
      vertex -102.656 -54.8706 -50
    endloop
  endfacet
  facet normal 0 0 -1
    outer loop
      vertex -115.003 -61.4701 -50
      vertex -102.656 -54.8706 -50
      vertex -111.848 -67.039 -50
    endloop
  endfacet
  facet normal -0 0 -1
    outer loop
      vertex -102.656 -54.8706 -50
      vertex -115.003 -61.4701 -50
      vertex -105.224 -49.7674 -50
    endloop
  endfacet
  facet normal 0 0 -1
    outer loop
      vertex -117.88 -55.7532 -50
      vertex -105.224 -49.7674 -50
      vertex -115.003 -61.4701 -50
    endloop
  endfacet
  facet normal -0 0 -1
    outer loop
      vertex -105.224 -49.7674 -50
      vertex -117.88 -55.7532 -50
      vertex -107.54 -44.5443 -50
    endloop
  endfacet
  facet normal 0 0 -1
    outer loop
      vertex -120.474 -49.9019 -50
      vertex -107.54 -44.5443 -50
      vertex -117.88 -55.7532 -50
    endloop
  endfacet
  facet normal -0 0 -1
    outer loop
      vertex -107.54 -44.5443 -50
      vertex -120.474 -49.9019 -50
      vertex -109.596 -39.214 -50
    endloop
  endfacet
  facet normal 0 0 -1
    outer loop
      vertex -122.777 -43.9304 -50
      vertex -109.596 -39.214 -50
      vertex -120.474 -49.9019 -50
    endloop
  endfacet
  facet normal -0 0 -1
    outer loop
      vertex -109.596 -39.214 -50
      vertex -122.777 -43.9304 -50
      vertex -111.388 -33.7891 -50
    endloop
  endfacet
  facet normal 0 0 -1
    outer loop
      vertex -124.785 -37.8531 -50
      vertex -111.388 -33.7891 -50
      vertex -122.777 -43.9304 -50
    endloop
  endfacet
  facet normal -0 0 -1
    outer loop
      vertex -111.388 -33.7891 -50
      vertex -124.785 -37.8531 -50
      vertex -112.912 -28.2829 -50
    endloop
  endfacet
  facet normal 0 0 -1
    outer loop
      vertex -126.492 -31.6846 -50
      vertex -112.912 -28.2829 -50
      vertex -124.785 -37.8531 -50
    endloop
  endfacet
  facet normal -0 0 -1
    outer loop
      vertex -112.912 -28.2829 -50
      vertex -126.492 -31.6846 -50
      vertex -114.163 -22.7085 -50
    endloop
  endfacet
  facet normal 0 0 -1
    outer loop
      vertex 112.912 28.2829 -50
      vertex 126.492 31.6846 -50
      vertex 114.163 22.7085 -50
    endloop
  endfacet
  facet normal -0 0 -1
    outer loop
      vertex 126.492 31.6846 -50
      vertex 112.912 28.2829 -50
      vertex 124.785 37.8531 -50
    endloop
  endfacet
  facet normal 0 0 -1
    outer loop
      vertex 111.388 33.7891 -50
      vertex 124.785 37.8531 -50
      vertex 112.912 28.2829 -50
    endloop
  endfacet
  facet normal -0 0 -1
    outer loop
      vertex 124.785 37.8531 -50
      vertex 111.388 33.7891 -50
      vertex 122.777 43.9304 -50
    endloop
  endfacet
  facet normal 0 0 -1
    outer loop
      vertex 109.596 39.214 -50
      vertex 122.777 43.9304 -50
      vertex 111.388 33.7891 -50
    endloop
  endfacet
  facet normal -0 0 -1
    outer loop
      vertex 122.777 43.9304 -50
      vertex 109.596 39.214 -50
      vertex 120.474 49.9019 -50
    endloop
  endfacet
  facet normal 0 0 -1
    outer loop
      vertex 107.54 44.5443 -50
      vertex 120.474 49.9019 -50
      vertex 109.596 39.214 -50
    endloop
  endfacet
  facet normal -0 0 -1
    outer loop
      vertex 120.474 49.9019 -50
      vertex 107.54 44.5443 -50
      vertex 117.88 55.7532 -50
    endloop
  endfacet
  facet normal 0 0 -1
    outer loop
      vertex 105.224 49.7674 -50
      vertex 117.88 55.7532 -50
      vertex 107.54 44.5443 -50
    endloop
  endfacet
  facet normal -0 0 -1
    outer loop
      vertex 117.88 55.7532 -50
      vertex 105.224 49.7674 -50
      vertex 115.003 61.4701 -50
    endloop
  endfacet
  facet normal 0 0 -1
    outer loop
      vertex 102.656 54.8706 -50
      vertex 115.003 61.4701 -50
      vertex 105.224 49.7674 -50
    endloop
  endfacet
  facet normal -0 0 -1
    outer loop
      vertex 115.003 61.4701 -50
      vertex 102.656 54.8706 -50
      vertex 111.848 67.039 -50
    endloop
  endfacet
  facet normal 0 0 -1
    outer loop
      vertex 99.8396 59.8416 -50
      vertex 111.848 67.039 -50
      vertex 102.656 54.8706 -50
    endloop
  endfacet
  facet normal -0 0 -1
    outer loop
      vertex 111.848 67.039 -50
      vertex 99.8396 59.8416 -50
      vertex 108.424 72.4464 -50
    endloop
  endfacet
  facet normal 0 0 -1
    outer loop
      vertex 96.7831 64.6684 -50
      vertex 108.424 72.4464 -50
      vertex 99.8396 59.8416 -50
    endloop
  endfacet
  facet normal -0 0 -1
    outer loop
      vertex 108.424 72.4464 -50
      vertex 96.7831 64.6684 -50
      vertex 104.738 77.6792 -50
    endloop
  endfacet
  facet normal 0 0 -1
    outer loop
      vertex 93.4934 69.3394 -50
      vertex 104.738 77.6792 -50
      vertex 96.7831 64.6684 -50
    endloop
  endfacet
  facet normal -0 0 -1
    outer loop
      vertex 104.738 77.6792 -50
      vertex 93.4934 69.3394 -50
      vertex 100.801 82.7249 -50
    endloop
  endfacet
  facet normal 0 0 -1
    outer loop
      vertex 89.9784 73.8434 -50
      vertex 100.801 82.7249 -50
      vertex 93.4934 69.3394 -50
    endloop
  endfacet
  facet normal -0 0 -1
    outer loop
      vertex 100.801 82.7249 -50
      vertex 89.9784 73.8434 -50
      vertex 96.62 87.5713 -50
    endloop
  endfacet
  facet normal 0 0 -1
    outer loop
      vertex 86.2467 78.1695 -50
      vertex 96.62 87.5713 -50
      vertex 89.9784 73.8434 -50
    endloop
  endfacet
  facet normal -0 0 -1
    outer loop
      vertex 96.62 87.5713 -50
      vertex 86.2467 78.1695 -50
      vertex 92.2067 92.2067 -50
    endloop
  endfacet
  facet normal 0 0 -1
    outer loop
      vertex 82.3072 82.3072 -50
      vertex 92.2067 92.2067 -50
      vertex 86.2467 78.1695 -50
    endloop
  endfacet
  facet normal -0 0 -1
    outer loop
      vertex 92.2067 92.2067 -50
      vertex 82.3072 82.3072 -50
      vertex 87.5713 96.62 -50
    endloop
  endfacet
  facet normal 0 0 -1
    outer loop
      vertex 78.1695 86.2467 -50
      vertex 87.5713 96.62 -50
      vertex 82.3072 82.3072 -50
    endloop
  endfacet
  facet normal -0 0 -1
    outer loop
      vertex 87.5713 96.62 -50
      vertex 78.1695 86.2467 -50
      vertex 82.7249 100.801 -50
    endloop
  endfacet
  facet normal 0 0 -1
    outer loop
      vertex 73.8434 89.9784 -50
      vertex 82.7249 100.801 -50
      vertex 78.1695 86.2467 -50
    endloop
  endfacet
  facet normal -0 0 -1
    outer loop
      vertex 82.7249 100.801 -50
      vertex 73.8434 89.9784 -50
      vertex 77.6792 104.738 -50
    endloop
  endfacet
  facet normal 0 0 -1
    outer loop
      vertex 69.3394 93.4934 -50
      vertex 77.6792 104.738 -50
      vertex 73.8434 89.9784 -50
    endloop
  endfacet
  facet normal -0 0 -1
    outer loop
      vertex 77.6792 104.738 -50
      vertex 69.3394 93.4934 -50
      vertex 72.4464 108.424 -50
    endloop
  endfacet
  facet normal 0 0 -1
    outer loop
      vertex 64.6684 96.7831 -50
      vertex 72.4464 108.424 -50
      vertex 69.3394 93.4934 -50
    endloop
  endfacet
  facet normal -0 0 -1
    outer loop
      vertex 72.4464 108.424 -50
      vertex 64.6684 96.7831 -50
      vertex 67.039 111.848 -50
    endloop
  endfacet
  facet normal 0 0 -1
    outer loop
      vertex 59.8416 99.8396 -50
      vertex 67.039 111.848 -50
      vertex 64.6684 96.7831 -50
    endloop
  endfacet
  facet normal -0 0 -1
    outer loop
      vertex 67.039 111.848 -50
      vertex 59.8416 99.8396 -50
      vertex 61.4701 115.003 -50
    endloop
  endfacet
  facet normal 0 0 -1
    outer loop
      vertex 54.8706 102.656 -50
      vertex 61.4701 115.003 -50
      vertex 59.8416 99.8396 -50
    endloop
  endfacet
  facet normal -0 0 -1
    outer loop
      vertex 61.4701 115.003 -50
      vertex 54.8706 102.656 -50
      vertex 55.7532 117.88 -50
    endloop
  endfacet
  facet normal 0 0 -1
    outer loop
      vertex 49.7674 105.224 -50
      vertex 55.7532 117.88 -50
      vertex 54.8706 102.656 -50
    endloop
  endfacet
  facet normal -0 0 -1
    outer loop
      vertex 55.7532 117.88 -50
      vertex 49.7674 105.224 -50
      vertex 49.9019 120.474 -50
    endloop
  endfacet
  facet normal 0 0 -1
    outer loop
      vertex 44.5443 107.54 -50
      vertex 49.9019 120.474 -50
      vertex 49.7674 105.224 -50
    endloop
  endfacet
  facet normal 0 0 -1
    outer loop
      vertex 44.5443 107.54 -50
      vertex 43.9304 122.777 -50
      vertex 49.9019 120.474 -50
    endloop
  endfacet
  facet normal 0 0 -1
    outer loop
      vertex 39.214 109.596 -50
      vertex 43.9304 122.777 -50
      vertex 44.5443 107.54 -50
    endloop
  endfacet
  facet normal 0 0 -1
    outer loop
      vertex 39.214 109.596 -50
      vertex 37.8531 124.785 -50
      vertex 43.9304 122.777 -50
    endloop
  endfacet
  facet normal 0 0 -1
    outer loop
      vertex 33.7891 111.388 -50
      vertex 37.8531 124.785 -50
      vertex 39.214 109.596 -50
    endloop
  endfacet
  facet normal 0 0 -1
    outer loop
      vertex 33.7891 111.388 -50
      vertex 31.6846 126.492 -50
      vertex 37.8531 124.785 -50
    endloop
  endfacet
  facet normal 0 0 -1
    outer loop
      vertex 28.2829 112.912 -50
      vertex 31.6846 126.492 -50
      vertex 33.7891 111.388 -50
    endloop
  endfacet
  facet normal 0 0 -1
    outer loop
      vertex 28.2829 112.912 -50
      vertex 25.4398 127.894 -50
      vertex 31.6846 126.492 -50
    endloop
  endfacet
  facet normal 0 0 -1
    outer loop
      vertex 22.7085 114.163 -50
      vertex 25.4398 127.894 -50
      vertex 28.2829 112.912 -50
    endloop
  endfacet
  facet normal 0 0 -1
    outer loop
      vertex 22.7085 114.163 -50
      vertex 19.1337 128.989 -50
      vertex 25.4398 127.894 -50
    endloop
  endfacet
  facet normal 0 0 -1
    outer loop
      vertex 17.0794 115.14 -50
      vertex 19.1337 128.989 -50
      vertex 22.7085 114.163 -50
    endloop
  endfacet
  facet normal 0 0 -1
    outer loop
      vertex 17.0794 115.14 -50
      vertex 12.7814 129.772 -50
      vertex 19.1337 128.989 -50
    endloop
  endfacet
  facet normal 0 0 -1
    outer loop
      vertex 11.4092 115.84 -50
      vertex 12.7814 129.772 -50
      vertex 17.0794 115.14 -50
    endloop
  endfacet
  facet normal 0 0 -1
    outer loop
      vertex 11.4092 115.84 -50
      vertex 6.39842 130.243 -50
      vertex 12.7814 129.772 -50
    endloop
  endfacet
  facet normal 0 0 -1
    outer loop
      vertex 5.71148 116.26 -50
      vertex 6.39842 130.243 -50
      vertex 11.4092 115.84 -50
    endloop
  endfacet
  facet normal 0 0 -1
    outer loop
      vertex 0 116.4 -50
      vertex 6.39842 130.243 -50
      vertex 5.71148 116.26 -50
    endloop
  endfacet
  facet normal 0 0 -1
    outer loop
      vertex 0 116.4 -50
      vertex 0 130.4 -50
      vertex 6.39842 130.243 -50
    endloop
  endfacet
  facet normal 0 0 -1
    outer loop
      vertex -5.71148 116.26 -50
      vertex 0 130.4 -50
      vertex 0 116.4 -50
    endloop
  endfacet
  facet normal 0 0 -1
    outer loop
      vertex -5.71148 116.26 -50
      vertex -6.39842 130.243 -50
      vertex 0 130.4 -50
    endloop
  endfacet
  facet normal 0 0 -1
    outer loop
      vertex -11.4092 115.84 -50
      vertex -6.39842 130.243 -50
      vertex -5.71148 116.26 -50
    endloop
  endfacet
  facet normal 0 0 -1
    outer loop
      vertex -11.4092 115.84 -50
      vertex -12.7814 129.772 -50
      vertex -6.39842 130.243 -50
    endloop
  endfacet
  facet normal 0 0 -1
    outer loop
      vertex -17.0794 115.14 -50
      vertex -12.7814 129.772 -50
      vertex -11.4092 115.84 -50
    endloop
  endfacet
  facet normal 0 0 -1
    outer loop
      vertex -17.0794 115.14 -50
      vertex -19.1337 128.989 -50
      vertex -12.7814 129.772 -50
    endloop
  endfacet
  facet normal 0 0 -1
    outer loop
      vertex -22.7085 114.163 -50
      vertex -19.1337 128.989 -50
      vertex -17.0794 115.14 -50
    endloop
  endfacet
  facet normal 0 0 -1
    outer loop
      vertex -22.7085 114.163 -50
      vertex -25.4398 127.894 -50
      vertex -19.1337 128.989 -50
    endloop
  endfacet
  facet normal 0 0 -1
    outer loop
      vertex -28.2829 112.912 -50
      vertex -25.4398 127.894 -50
      vertex -22.7085 114.163 -50
    endloop
  endfacet
  facet normal 0 0 -1
    outer loop
      vertex -28.2829 112.912 -50
      vertex -31.6846 126.492 -50
      vertex -25.4398 127.894 -50
    endloop
  endfacet
  facet normal 0 0 -1
    outer loop
      vertex -33.7891 111.388 -50
      vertex -31.6846 126.492 -50
      vertex -28.2829 112.912 -50
    endloop
  endfacet
  facet normal 0 0 -1
    outer loop
      vertex -33.7891 111.388 -50
      vertex -37.8531 124.785 -50
      vertex -31.6846 126.492 -50
    endloop
  endfacet
  facet normal 0 0 -1
    outer loop
      vertex -39.214 109.596 -50
      vertex -37.8531 124.785 -50
      vertex -33.7891 111.388 -50
    endloop
  endfacet
  facet normal 0 0 -1
    outer loop
      vertex -39.214 109.596 -50
      vertex -43.9304 122.777 -50
      vertex -37.8531 124.785 -50
    endloop
  endfacet
  facet normal 0 0 -1
    outer loop
      vertex -44.5443 107.54 -50
      vertex -43.9304 122.777 -50
      vertex -39.214 109.596 -50
    endloop
  endfacet
  facet normal 0 0 -1
    outer loop
      vertex -49.9019 120.474 -50
      vertex -44.5443 107.54 -50
      vertex -49.7674 105.224 -50
    endloop
  endfacet
  facet normal 0 0 -1
    outer loop
      vertex -44.5443 107.54 -50
      vertex -49.9019 120.474 -50
      vertex -43.9304 122.777 -50
    endloop
  endfacet
  facet normal 0 0 -1
    outer loop
      vertex -55.7532 117.88 -50
      vertex -49.7674 105.224 -50
      vertex -54.8706 102.656 -50
    endloop
  endfacet
  facet normal 0 0 -1
    outer loop
      vertex -49.7674 105.224 -50
      vertex -55.7532 117.88 -50
      vertex -49.9019 120.474 -50
    endloop
  endfacet
  facet normal 0 0 -1
    outer loop
      vertex -61.4701 115.003 -50
      vertex -54.8706 102.656 -50
      vertex -59.8416 99.8396 -50
    endloop
  endfacet
  facet normal 0 0 -1
    outer loop
      vertex -54.8706 102.656 -50
      vertex -61.4701 115.003 -50
      vertex -55.7532 117.88 -50
    endloop
  endfacet
  facet normal 0 0 -1
    outer loop
      vertex -67.039 111.848 -50
      vertex -59.8416 99.8396 -50
      vertex -64.6684 96.7831 -50
    endloop
  endfacet
  facet normal 0 0 -1
    outer loop
      vertex -59.8416 99.8396 -50
      vertex -67.039 111.848 -50
      vertex -61.4701 115.003 -50
    endloop
  endfacet
  facet normal 0 0 -1
    outer loop
      vertex -72.4464 108.424 -50
      vertex -64.6684 96.7831 -50
      vertex -69.3394 93.4934 -50
    endloop
  endfacet
  facet normal 0 0 -1
    outer loop
      vertex -64.6684 96.7831 -50
      vertex -72.4464 108.424 -50
      vertex -67.039 111.848 -50
    endloop
  endfacet
  facet normal 0 0 -1
    outer loop
      vertex -77.6792 104.738 -50
      vertex -69.3394 93.4934 -50
      vertex -73.8434 89.9784 -50
    endloop
  endfacet
  facet normal 0 0 -1
    outer loop
      vertex -69.3394 93.4934 -50
      vertex -77.6792 104.738 -50
      vertex -72.4464 108.424 -50
    endloop
  endfacet
  facet normal 0 0 -1
    outer loop
      vertex -82.7249 100.801 -50
      vertex -73.8434 89.9784 -50
      vertex -78.1695 86.2467 -50
    endloop
  endfacet
  facet normal 0 0 -1
    outer loop
      vertex -87.5713 96.62 -50
      vertex -78.1695 86.2467 -50
      vertex -82.3072 82.3072 -50
    endloop
  endfacet
  facet normal 0 0 -1
    outer loop
      vertex -73.8434 89.9784 -50
      vertex -82.7249 100.801 -50
      vertex -77.6792 104.738 -50
    endloop
  endfacet
  facet normal 0 0 -1
    outer loop
      vertex -92.2067 92.2067 -50
      vertex -82.3072 82.3072 -50
      vertex -86.2467 78.1695 -50
    endloop
  endfacet
  facet normal 0 0 -1
    outer loop
      vertex -78.1695 86.2467 -50
      vertex -87.5713 96.62 -50
      vertex -82.7249 100.801 -50
    endloop
  endfacet
  facet normal 0 0 -1
    outer loop
      vertex -96.62 87.5713 -50
      vertex -86.2467 78.1695 -50
      vertex -89.9784 73.8434 -50
    endloop
  endfacet
  facet normal 0 0 -1
    outer loop
      vertex -82.3072 82.3072 -50
      vertex -92.2067 92.2067 -50
      vertex -87.5713 96.62 -50
    endloop
  endfacet
  facet normal 0 0 -1
    outer loop
      vertex -100.801 82.7249 -50
      vertex -89.9784 73.8434 -50
      vertex -93.4934 69.3394 -50
    endloop
  endfacet
  facet normal 0 0 -1
    outer loop
      vertex -86.2467 78.1695 -50
      vertex -96.62 87.5713 -50
      vertex -92.2067 92.2067 -50
    endloop
  endfacet
  facet normal 0 0 -1
    outer loop
      vertex -104.738 77.6792 -50
      vertex -93.4934 69.3394 -50
      vertex -96.7831 64.6684 -50
    endloop
  endfacet
  facet normal 0 0 -1
    outer loop
      vertex -108.424 72.4464 -50
      vertex -96.7831 64.6684 -50
      vertex -99.8396 59.8416 -50
    endloop
  endfacet
  facet normal 0 0 -1
    outer loop
      vertex -89.9784 73.8434 -50
      vertex -100.801 82.7249 -50
      vertex -96.62 87.5713 -50
    endloop
  endfacet
  facet normal 0 0 -1
    outer loop
      vertex -111.848 67.039 -50
      vertex -99.8396 59.8416 -50
      vertex -102.656 54.8706 -50
    endloop
  endfacet
  facet normal 0 0 -1
    outer loop
      vertex -93.4934 69.3394 -50
      vertex -104.738 77.6792 -50
      vertex -100.801 82.7249 -50
    endloop
  endfacet
  facet normal 0 0 -1
    outer loop
      vertex -115.003 61.4701 -50
      vertex -102.656 54.8706 -50
      vertex -105.224 49.7674 -50
    endloop
  endfacet
  facet normal 0 0 -1
    outer loop
      vertex -117.88 55.7532 -50
      vertex -105.224 49.7674 -50
      vertex -107.54 44.5443 -50
    endloop
  endfacet
  facet normal 0 0 -1
    outer loop
      vertex -96.7831 64.6684 -50
      vertex -108.424 72.4464 -50
      vertex -104.738 77.6792 -50
    endloop
  endfacet
  facet normal 0 0 -1
    outer loop
      vertex -120.474 49.9019 -50
      vertex -107.54 44.5443 -50
      vertex -109.596 39.214 -50
    endloop
  endfacet
  facet normal 0 0 -1
    outer loop
      vertex -122.777 43.9304 -50
      vertex -109.596 39.214 -50
      vertex -111.388 33.7891 -50
    endloop
  endfacet
  facet normal 0 0 -1
    outer loop
      vertex -99.8396 59.8416 -50
      vertex -111.848 67.039 -50
      vertex -108.424 72.4464 -50
    endloop
  endfacet
  facet normal 0 0 -1
    outer loop
      vertex -124.785 37.8531 -50
      vertex -111.388 33.7891 -50
      vertex -112.912 28.2829 -50
    endloop
  endfacet
  facet normal 0 0 -1
    outer loop
      vertex -126.492 31.6846 -50
      vertex -112.912 28.2829 -50
      vertex -114.163 22.7085 -50
    endloop
  endfacet
  facet normal 0 0 -1
    outer loop
      vertex -102.656 54.8706 -50
      vertex -115.003 61.4701 -50
      vertex -111.848 67.039 -50
    endloop
  endfacet
  facet normal 0 0 -1
    outer loop
      vertex -127.894 25.4398 -50
      vertex -114.163 22.7085 -50
      vertex -115.14 17.0794 -50
    endloop
  endfacet
  facet normal 0 0 -1
    outer loop
      vertex -128.989 19.1337 -50
      vertex -115.14 17.0794 -50
      vertex -115.84 11.4092 -50
    endloop
  endfacet
  facet normal 0 0 -1
    outer loop
      vertex -129.772 12.7814 -50
      vertex -115.84 11.4092 -50
      vertex -116.26 5.71148 -50
    endloop
  endfacet
  facet normal 0 0 -1
    outer loop
      vertex -130.243 6.39842 -50
      vertex -116.26 5.71148 -50
      vertex -116.4 0 -50
    endloop
  endfacet
  facet normal 0 0 -1
    outer loop
      vertex -127.894 -25.4398 -50
      vertex -114.163 -22.7085 -50
      vertex -126.492 -31.6846 -50
    endloop
  endfacet
  facet normal 0 0 -1
    outer loop
      vertex -105.224 49.7674 -50
      vertex -117.88 55.7532 -50
      vertex -115.003 61.4701 -50
    endloop
  endfacet
  facet normal -0 0 -1
    outer loop
      vertex -114.163 -22.7085 -50
      vertex -127.894 -25.4398 -50
      vertex -115.14 -17.0794 -50
    endloop
  endfacet
  facet normal 0 0 -1
    outer loop
      vertex -107.54 44.5443 -50
      vertex -120.474 49.9019 -50
      vertex -117.88 55.7532 -50
    endloop
  endfacet
  facet normal 0 0 -1
    outer loop
      vertex -128.989 -19.1337 -50
      vertex -115.14 -17.0794 -50
      vertex -127.894 -25.4398 -50
    endloop
  endfacet
  facet normal 0 0 -1
    outer loop
      vertex -109.596 39.214 -50
      vertex -122.777 43.9304 -50
      vertex -120.474 49.9019 -50
    endloop
  endfacet
  facet normal -0 0 -1
    outer loop
      vertex -115.14 -17.0794 -50
      vertex -128.989 -19.1337 -50
      vertex -115.84 -11.4092 -50
    endloop
  endfacet
  facet normal 0 0 -1
    outer loop
      vertex -111.388 33.7891 -50
      vertex -124.785 37.8531 -50
      vertex -122.777 43.9304 -50
    endloop
  endfacet
  facet normal 0 0 -1
    outer loop
      vertex -129.772 -12.7814 -50
      vertex -115.84 -11.4092 -50
      vertex -128.989 -19.1337 -50
    endloop
  endfacet
  facet normal 0 0 -1
    outer loop
      vertex -112.912 28.2829 -50
      vertex -126.492 31.6846 -50
      vertex -124.785 37.8531 -50
    endloop
  endfacet
  facet normal -0 0 -1
    outer loop
      vertex -115.84 -11.4092 -50
      vertex -129.772 -12.7814 -50
      vertex -116.26 -5.71148 -50
    endloop
  endfacet
  facet normal 0 0 -1
    outer loop
      vertex -114.163 22.7085 -50
      vertex -127.894 25.4398 -50
      vertex -126.492 31.6846 -50
    endloop
  endfacet
  facet normal 0 0 -1
    outer loop
      vertex -130.243 -6.39842 -50
      vertex -116.26 -5.71148 -50
      vertex -129.772 -12.7814 -50
    endloop
  endfacet
  facet normal 0 0 -1
    outer loop
      vertex -115.14 17.0794 -50
      vertex -128.989 19.1337 -50
      vertex -127.894 25.4398 -50
    endloop
  endfacet
  facet normal -0 0 -1
    outer loop
      vertex -116.26 -5.71148 -50
      vertex -130.243 -6.39842 -50
      vertex -116.4 0 -50
    endloop
  endfacet
  facet normal 0 0 -1
    outer loop
      vertex -115.84 11.4092 -50
      vertex -129.772 12.7814 -50
      vertex -128.989 19.1337 -50
    endloop
  endfacet
  facet normal 0 0 -1
    outer loop
      vertex -130.4 0 -50
      vertex -116.4 0 -50
      vertex -130.243 -6.39842 -50
    endloop
  endfacet
  facet normal 0 0 -1
    outer loop
      vertex -116.26 5.71148 -50
      vertex -130.243 6.39842 -50
      vertex -129.772 12.7814 -50
    endloop
  endfacet
  facet normal 0 0 -1
    outer loop
      vertex -116.4 0 -50
      vertex -130.4 0 -50
      vertex -130.243 6.39842 -50
    endloop
  endfacet
  facet normal -0.0735899 0.997289 0
    outer loop
      vertex -6.39842 130.243 48
      vertex -12.7814 129.772 50
      vertex -6.39842 130.243 50
    endloop
  endfacet
  facet normal -0.0735899 0.997289 0
    outer loop
      vertex -12.7814 129.772 50
      vertex -6.39842 130.243 48
      vertex -12.7814 129.772 48
    endloop
  endfacet
  facet normal -0.0735899 0.997289 0
    outer loop
      vertex -6.39842 130.243 -50
      vertex -12.7814 129.772 -48
      vertex -6.39842 130.243 -48
    endloop
  endfacet
  facet normal -0.0735899 0.997289 0
    outer loop
      vertex -12.7814 129.772 -48
      vertex -6.39842 130.243 -50
      vertex -12.7814 129.772 -50
    endloop
  endfacet
  facet normal 0.893265 0.449531 0
    outer loop
      vertex 117.88 55.7532 50
      vertex 115.003 61.4701 48
      vertex 115.003 61.4701 50
    endloop
  endfacet
  facet normal 0.893265 0.449531 0
    outer loop
      vertex 115.003 61.4701 48
      vertex 117.88 55.7532 50
      vertex 117.88 55.7532 48
    endloop
  endfacet
  facet normal 0.893265 0.449531 0
    outer loop
      vertex 117.88 55.7532 -48
      vertex 115.003 61.4701 -50
      vertex 115.003 61.4701 -48
    endloop
  endfacet
  facet normal 0.893265 0.449531 0
    outer loop
      vertex 115.003 61.4701 -50
      vertex 117.88 55.7532 -48
      vertex 117.88 55.7532 -50
    endloop
  endfacet
  facet normal -0.266705 -0.963778 0
    outer loop
      vertex -37.8531 -124.785 -50
      vertex -31.6846 -126.492 50
      vertex -37.8531 -124.785 50
    endloop
  endfacet
  facet normal -0.266705 -0.963778 -0
    outer loop
      vertex -31.6846 -126.492 50
      vertex -37.8531 -124.785 -50
      vertex -31.6846 -126.492 -50
    endloop
  endfacet
  facet normal 0.0735899 0.997289 -0
    outer loop
      vertex 12.7814 129.772 48
      vertex 6.39842 130.243 50
      vertex 12.7814 129.772 50
    endloop
  endfacet
  facet normal 0.0735899 0.997289 0
    outer loop
      vertex 6.39842 130.243 50
      vertex 12.7814 129.772 48
      vertex 6.39842 130.243 48
    endloop
  endfacet
  facet normal 0.0735899 0.997289 -0
    outer loop
      vertex 12.7814 129.772 -50
      vertex 6.39842 130.243 -48
      vertex 12.7814 129.772 -48
    endloop
  endfacet
  facet normal 0.0735899 0.997289 0
    outer loop
      vertex 6.39842 130.243 -48
      vertex 12.7814 129.772 -50
      vertex 6.39842 130.243 -50
    endloop
  endfacet
  facet normal 0.219054 -0.975713 0
    outer loop
      vertex 25.4398 -127.894 -50
      vertex 31.6846 -126.492 50
      vertex 25.4398 -127.894 50
    endloop
  endfacet
  facet normal 0.219054 -0.975713 0
    outer loop
      vertex 31.6846 -126.492 50
      vertex 25.4398 -127.894 -50
      vertex 31.6846 -126.492 -50
    endloop
  endfacet
  facet normal 0.999699 -0.0245299 0
    outer loop
      vertex 130.243 -6.39842 50
      vertex 130.4 0 48
      vertex 130.4 0 50
    endloop
  endfacet
  facet normal 0.999699 -0.0245299 0
    outer loop
      vertex 130.4 0 48
      vertex 130.243 -6.39842 50
      vertex 130.243 -6.39842 48
    endloop
  endfacet
  facet normal 0.999699 -0.0245299 0
    outer loop
      vertex 130.243 -6.39842 -48
      vertex 130.4 0 -50
      vertex 130.4 0 -48
    endloop
  endfacet
  facet normal 0.999699 -0.0245299 0
    outer loop
      vertex 130.4 0 -50
      vertex 130.243 -6.39842 -48
      vertex 130.243 -6.39842 -50
    endloop
  endfacet
  facet normal -0.689543 -0.724245 0
    outer loop
      vertex -92.2067 -92.2067 -50
      vertex -87.5713 -96.62 50
      vertex -92.2067 -92.2067 50
    endloop
  endfacet
  facet normal -0.689543 -0.724245 -0
    outer loop
      vertex -87.5713 -96.62 50
      vertex -92.2067 -92.2067 -50
      vertex -87.5713 -96.62 -50
    endloop
  endfacet
  facet normal -0.963778 0.266705 0
    outer loop
      vertex -126.492 31.6846 -50
      vertex -124.785 37.8531 50
      vertex -124.785 37.8531 -50
    endloop
  endfacet
  facet normal -0.963778 0.266705 0
    outer loop
      vertex -124.785 37.8531 50
      vertex -126.492 31.6846 -50
      vertex -126.492 31.6846 50
    endloop
  endfacet
  facet normal -0.0735899 -0.997289 0
    outer loop
      vertex -12.7814 -129.772 -50
      vertex -6.39842 -130.243 -48
      vertex -12.7814 -129.772 -48
    endloop
  endfacet
  facet normal -0.0735899 -0.997289 -0
    outer loop
      vertex -6.39842 -130.243 -48
      vertex -12.7814 -129.772 -50
      vertex -6.39842 -130.243 -50
    endloop
  endfacet
  facet normal -0.0735899 -0.997289 0
    outer loop
      vertex -12.7814 -129.772 48
      vertex -6.39842 -130.243 50
      vertex -12.7814 -129.772 50
    endloop
  endfacet
  facet normal -0.0735899 -0.997289 -0
    outer loop
      vertex -6.39842 -130.243 50
      vertex -12.7814 -129.772 48
      vertex -6.39842 -130.243 48
    endloop
  endfacet
  facet normal 0.87007 0.492929 0
    outer loop
      vertex 115.003 61.4701 -48
      vertex 111.848 67.039 -50
      vertex 111.848 67.039 -48
    endloop
  endfacet
  facet normal 0.87007 0.492929 0
    outer loop
      vertex 111.848 67.039 -50
      vertex 115.003 61.4701 -48
      vertex 115.003 61.4701 -50
    endloop
  endfacet
  facet normal 0.87007 0.492929 0
    outer loop
      vertex 115.003 61.4701 50
      vertex 111.848 67.039 48
      vertex 111.848 67.039 50
    endloop
  endfacet
  facet normal 0.87007 0.492929 0
    outer loop
      vertex 111.848 67.039 48
      vertex 115.003 61.4701 50
      vertex 115.003 61.4701 48
    endloop
  endfacet
  facet normal -0.724245 0.689543 0
    outer loop
      vertex -96.62 87.5713 -50
      vertex -92.2067 92.2067 50
      vertex -92.2067 92.2067 -50
    endloop
  endfacet
  facet normal -0.724245 0.689543 0
    outer loop
      vertex -92.2067 92.2067 50
      vertex -96.62 87.5713 -50
      vertex -96.62 87.5713 50
    endloop
  endfacet
  facet normal 0.757173 0.653215 0
    outer loop
      vertex 100.801 82.7249 50
      vertex 96.62 87.5713 -50
      vertex 96.62 87.5713 50
    endloop
  endfacet
  facet normal 0.757173 0.653215 0
    outer loop
      vertex 96.62 87.5713 -50
      vertex 100.801 82.7249 50
      vertex 100.801 82.7249 -50
    endloop
  endfacet
  facet normal 0.914172 0.405327 0
    outer loop
      vertex 117.88 55.7532 50
      vertex 119.243 52.6791 48
      vertex 117.88 55.7532 48
    endloop
  endfacet
  facet normal 0.914216 0.405228 0
    outer loop
      vertex 119.243 52.6791 48
      vertex 120.474 49.9019 50
      vertex 119.243 52.6791 -48
    endloop
  endfacet
  facet normal 0.914193 0.40528 8.64384e-05
    outer loop
      vertex 120.474 49.9019 50
      vertex 119.243 52.6791 48
      vertex 117.88 55.7532 50
    endloop
  endfacet
  facet normal 0.914172 0.405327 0
    outer loop
      vertex 119.243 52.6791 -48
      vertex 117.88 55.7532 -50
      vertex 117.88 55.7532 -48
    endloop
  endfacet
  facet normal 0.914193 0.40528 -8.64384e-05
    outer loop
      vertex 119.243 52.6791 -48
      vertex 120.474 49.9019 -50
      vertex 117.88 55.7532 -50
    endloop
  endfacet
  facet normal 0.914216 0.405228 -0
    outer loop
      vertex 120.474 49.9019 -50
      vertex 119.243 52.6791 -48
      vertex 120.474 49.9019 50
    endloop
  endfacet
  facet normal -0.992509 -0.12217 0
    outer loop
      vertex -129.772 -12.7814 -50
      vertex -129.622 -14 -48
      vertex -129.772 -12.7814 -48
    endloop
  endfacet
  facet normal -0.992484 -0.122376 0
    outer loop
      vertex -129.622 -14 -48
      vertex -128.989 -19.1337 -50
      vertex -129.622 -14 48
    endloop
  endfacet
  facet normal -0.992489 -0.122337 -0.000103025
    outer loop
      vertex -128.989 -19.1337 -50
      vertex -129.622 -14 -48
      vertex -129.772 -12.7814 -50
    endloop
  endfacet
  facet normal -0.992509 -0.12217 0
    outer loop
      vertex -129.622 -14 48
      vertex -129.772 -12.7814 50
      vertex -129.772 -12.7814 48
    endloop
  endfacet
  facet normal -0.992489 -0.122337 0.000103025
    outer loop
      vertex -129.622 -14 48
      vertex -128.989 -19.1337 50
      vertex -129.772 -12.7814 50
    endloop
  endfacet
  facet normal -0.992484 -0.122376 -0
    outer loop
      vertex -128.989 -19.1337 50
      vertex -129.622 -14 48
      vertex -128.989 -19.1337 -50
    endloop
  endfacet
  facet normal -0.534976 0.844868 0
    outer loop
      vertex -67.039 111.848 -50
      vertex -72.4464 108.424 -48
      vertex -67.039 111.848 -48
    endloop
  endfacet
  facet normal -0.534976 0.844868 0
    outer loop
      vertex -72.4464 108.424 -48
      vertex -67.039 111.848 -50
      vertex -72.4464 108.424 -50
    endloop
  endfacet
  facet normal -0.534976 0.844868 0
    outer loop
      vertex -67.039 111.848 48
      vertex -72.4464 108.424 50
      vertex -67.039 111.848 50
    endloop
  endfacet
  facet normal -0.534976 0.844868 0
    outer loop
      vertex -72.4464 108.424 50
      vertex -67.039 111.848 48
      vertex -72.4464 108.424 48
    endloop
  endfacet
  facet normal 0.653215 -0.757173 0
    outer loop
      vertex 82.7249 -100.801 -50
      vertex 87.5713 -96.62 50
      vertex 82.7249 -100.801 50
    endloop
  endfacet
  facet normal 0.653215 -0.757173 0
    outer loop
      vertex 87.5713 -96.62 50
      vertex 82.7249 -100.801 -50
      vertex 87.5713 -96.62 -50
    endloop
  endfacet
  facet normal 0.914216 -0.405228 0
    outer loop
      vertex 120.474 -49.9019 50
      vertex 119.243 -52.6791 48
      vertex 120.474 -49.9019 -50
    endloop
  endfacet
  facet normal 0.914193 -0.40528 8.64384e-05
    outer loop
      vertex 117.88 -55.7532 50
      vertex 119.243 -52.6791 48
      vertex 120.474 -49.9019 50
    endloop
  endfacet
  facet normal 0.914172 -0.405327 0
    outer loop
      vertex 119.243 -52.6791 48
      vertex 117.88 -55.7532 50
      vertex 117.88 -55.7532 48
    endloop
  endfacet
  facet normal 0.914216 -0.405228 0
    outer loop
      vertex 119.243 -52.6791 -48
      vertex 120.474 -49.9019 -50
      vertex 119.243 -52.6791 48
    endloop
  endfacet
  facet normal 0.914172 -0.405327 0
    outer loop
      vertex 117.88 -55.7532 -50
      vertex 119.243 -52.6791 -48
      vertex 117.88 -55.7532 -48
    endloop
  endfacet
  facet normal 0.914193 -0.40528 -8.64384e-05
    outer loop
      vertex 119.243 -52.6791 -48
      vertex 117.88 -55.7532 -50
      vertex 120.474 -49.9019 -50
    endloop
  endfacet
  facet normal 0.757173 -0.653215 0
    outer loop
      vertex 96.62 -87.5713 50
      vertex 100.801 -82.7249 -50
      vertex 100.801 -82.7249 50
    endloop
  endfacet
  facet normal 0.757173 -0.653215 0
    outer loop
      vertex 100.801 -82.7249 -50
      vertex 96.62 -87.5713 50
      vertex 96.62 -87.5713 -50
    endloop
  endfacet
  facet normal 0.963778 -0.266705 0
    outer loop
      vertex 124.785 -37.8531 50
      vertex 126.492 -31.6846 -50
      vertex 126.492 -31.6846 50
    endloop
  endfacet
  facet normal 0.963778 -0.266705 0
    outer loop
      vertex 126.492 -31.6846 -50
      vertex 124.785 -37.8531 50
      vertex 124.785 -37.8531 -50
    endloop
  endfacet
  facet normal -0.87007 -0.492929 0
    outer loop
      vertex -111.848 -67.039 48
      vertex -115.003 -61.4701 50
      vertex -115.003 -61.4701 48
    endloop
  endfacet
  facet normal -0.87007 -0.492929 0
    outer loop
      vertex -115.003 -61.4701 50
      vertex -111.848 -67.039 48
      vertex -111.848 -67.039 50
    endloop
  endfacet
  facet normal -0.87007 -0.492929 0
    outer loop
      vertex -111.848 -67.039 -50
      vertex -115.003 -61.4701 -48
      vertex -115.003 -61.4701 -50
    endloop
  endfacet
  facet normal -0.87007 -0.492929 0
    outer loop
      vertex -115.003 -61.4701 -48
      vertex -111.848 -67.039 -50
      vertex -111.848 -67.039 -48
    endloop
  endfacet
  facet normal 0.975713 -0.219054 0
    outer loop
      vertex 126.492 -31.6846 50
      vertex 127.894 -25.4398 -50
      vertex 127.894 -25.4398 50
    endloop
  endfacet
  facet normal 0.975713 -0.219054 0
    outer loop
      vertex 127.894 -25.4398 -50
      vertex 126.492 -31.6846 50
      vertex 126.492 -31.6846 -50
    endloop
  endfacet
  facet normal -0.492929 -0.87007 0
    outer loop
      vertex -67.039 -111.848 -50
      vertex -61.4701 -115.003 -48
      vertex -67.039 -111.848 -48
    endloop
  endfacet
  facet normal -0.492929 -0.87007 -0
    outer loop
      vertex -61.4701 -115.003 -48
      vertex -67.039 -111.848 -50
      vertex -61.4701 -115.003 -50
    endloop
  endfacet
  facet normal -0.492929 -0.87007 0
    outer loop
      vertex -67.039 -111.848 48
      vertex -61.4701 -115.003 50
      vertex -67.039 -111.848 50
    endloop
  endfacet
  facet normal -0.492929 -0.87007 -0
    outer loop
      vertex -61.4701 -115.003 50
      vertex -67.039 -111.848 48
      vertex -61.4701 -115.003 48
    endloop
  endfacet
  facet normal -0.219054 0.975713 0
    outer loop
      vertex -25.4398 127.894 -50
      vertex -31.6846 126.492 50
      vertex -25.4398 127.894 50
    endloop
  endfacet
  facet normal -0.219054 0.975713 0
    outer loop
      vertex -31.6846 126.492 50
      vertex -25.4398 127.894 -50
      vertex -31.6846 126.492 -50
    endloop
  endfacet
  facet normal 0.985257 -0.171081 0
    outer loop
      vertex 127.894 -25.4398 50
      vertex 128.989 -19.1337 -50
      vertex 128.989 -19.1337 50
    endloop
  endfacet
  facet normal 0.985257 -0.171081 0
    outer loop
      vertex 128.989 -19.1337 -50
      vertex 127.894 -25.4398 50
      vertex 127.894 -25.4398 -50
    endloop
  endfacet
  facet normal 0.653215 0.757173 -0
    outer loop
      vertex 87.5713 96.62 -50
      vertex 82.7249 100.801 50
      vertex 87.5713 96.62 50
    endloop
  endfacet
  facet normal 0.653215 0.757173 0
    outer loop
      vertex 82.7249 100.801 50
      vertex 87.5713 96.62 -50
      vertex 82.7249 100.801 -50
    endloop
  endfacet
  facet normal 0.534976 -0.844868 0
    outer loop
      vertex 67.039 -111.848 -50
      vertex 72.4464 -108.424 -48
      vertex 67.039 -111.848 -48
    endloop
  endfacet
  facet normal 0.534976 -0.844868 0
    outer loop
      vertex 72.4464 -108.424 -48
      vertex 67.039 -111.848 -50
      vertex 72.4464 -108.424 -50
    endloop
  endfacet
  facet normal 0.534976 -0.844868 0
    outer loop
      vertex 67.039 -111.848 48
      vertex 72.4464 -108.424 50
      vertex 67.039 -111.848 50
    endloop
  endfacet
  facet normal 0.534976 -0.844868 0
    outer loop
      vertex 72.4464 -108.424 50
      vertex 67.039 -111.848 48
      vertex 72.4464 -108.424 48
    endloop
  endfacet
  facet normal 0.575897 -0.817522 0
    outer loop
      vertex 72.4464 -108.424 -48
      vertex 72.4464 -108.424 -50
      vertex 76.9379 -105.26 -48
    endloop
  endfacet
  facet normal 0.575897 -0.817522 0
    outer loop
      vertex 76.9379 -105.26 48
      vertex 72.4464 -108.424 50
      vertex 72.4464 -108.424 48
    endloop
  endfacet
  facet normal 0.575876 -0.817537 -7.11017e-05
    outer loop
      vertex 72.4464 -108.424 50
      vertex 76.9379 -105.26 48
      vertex 77.6792 -104.738 50
    endloop
  endfacet
  facet normal 0.575747 -0.817628 0
    outer loop
      vertex 76.9379 -105.26 -48
      vertex 77.6792 -104.738 50
      vertex 76.9379 -105.26 48
    endloop
  endfacet
  facet normal 0.575747 -0.817628 0
    outer loop
      vertex 76.9379 -105.26 -48
      vertex 77.6792 -104.738 -50
      vertex 77.6792 -104.738 50
    endloop
  endfacet
  facet normal 0.575876 -0.817537 7.11017e-05
    outer loop
      vertex 77.6792 -104.738 -50
      vertex 76.9379 -105.26 -48
      vertex 72.4464 -108.424 -50
    endloop
  endfacet
  facet normal 0.492929 -0.87007 0
    outer loop
      vertex 61.4701 -115.003 -50
      vertex 67.039 -111.848 -48
      vertex 61.4701 -115.003 -48
    endloop
  endfacet
  facet normal 0.492929 -0.87007 0
    outer loop
      vertex 67.039 -111.848 -48
      vertex 61.4701 -115.003 -50
      vertex 67.039 -111.848 -50
    endloop
  endfacet
  facet normal 0.492929 -0.87007 0
    outer loop
      vertex 61.4701 -115.003 48
      vertex 67.039 -111.848 50
      vertex 61.4701 -115.003 50
    endloop
  endfacet
  facet normal 0.492929 -0.87007 0
    outer loop
      vertex 67.039 -111.848 50
      vertex 61.4701 -115.003 48
      vertex 67.039 -111.848 48
    endloop
  endfacet
  facet normal -0.359832 0.933017 0
    outer loop
      vertex -43.9304 122.777 -50
      vertex -49.9019 120.474 50
      vertex -43.9304 122.777 50
    endloop
  endfacet
  facet normal -0.359832 0.933017 0
    outer loop
      vertex -49.9019 120.474 50
      vertex -43.9304 122.777 -50
      vertex -49.9019 120.474 -50
    endloop
  endfacet
  facet normal -0.0245299 0.999699 0
    outer loop
      vertex 0 130.4 48
      vertex -6.39842 130.243 50
      vertex 0 130.4 50
    endloop
  endfacet
  facet normal -0.0245299 0.999699 0
    outer loop
      vertex -6.39842 130.243 50
      vertex 0 130.4 48
      vertex -6.39842 130.243 48
    endloop
  endfacet
  facet normal -0.0245299 0.999699 0
    outer loop
      vertex 0 130.4 -50
      vertex -6.39842 130.243 -48
      vertex 0 130.4 -48
    endloop
  endfacet
  facet normal -0.0245299 0.999699 0
    outer loop
      vertex -6.39842 130.243 -48
      vertex 0 130.4 -50
      vertex -6.39842 130.243 -50
    endloop
  endfacet
  facet normal 0.615163 0.7884 -0
    outer loop
      vertex 82.7249 100.801 -50
      vertex 77.6792 104.738 50
      vertex 82.7249 100.801 50
    endloop
  endfacet
  facet normal 0.615163 0.7884 0
    outer loop
      vertex 77.6792 104.738 50
      vertex 82.7249 100.801 -50
      vertex 77.6792 104.738 -50
    endloop
  endfacet
  facet normal -0.653215 0.757173 0
    outer loop
      vertex -82.7249 100.801 -50
      vertex -87.5713 96.62 50
      vertex -82.7249 100.801 50
    endloop
  endfacet
  facet normal -0.653215 0.757173 0
    outer loop
      vertex -87.5713 96.62 50
      vertex -82.7249 100.801 -50
      vertex -87.5713 96.62 -50
    endloop
  endfacet
  facet normal -0.171081 0.985257 0
    outer loop
      vertex -19.1337 128.989 -50
      vertex -25.4398 127.894 50
      vertex -19.1337 128.989 50
    endloop
  endfacet
  facet normal -0.171081 0.985257 0
    outer loop
      vertex -25.4398 127.894 50
      vertex -19.1337 128.989 -50
      vertex -25.4398 127.894 -50
    endloop
  endfacet
  facet normal -0.975713 0.219054 0
    outer loop
      vertex -127.894 25.4398 -50
      vertex -126.492 31.6846 50
      vertex -126.492 31.6846 -50
    endloop
  endfacet
  facet normal -0.975713 0.219054 0
    outer loop
      vertex -126.492 31.6846 50
      vertex -127.894 25.4398 -50
      vertex -127.894 25.4398 50
    endloop
  endfacet
  facet normal -0.933017 -0.359832 0
    outer loop
      vertex -120.474 -49.9019 -50
      vertex -122.777 -43.9304 50
      vertex -122.777 -43.9304 -50
    endloop
  endfacet
  facet normal -0.933017 -0.359832 0
    outer loop
      vertex -122.777 -43.9304 50
      vertex -120.474 -49.9019 -50
      vertex -120.474 -49.9019 50
    endloop
  endfacet
  facet normal -0.975713 -0.219054 0
    outer loop
      vertex -126.492 -31.6846 -50
      vertex -127.894 -25.4398 50
      vertex -127.894 -25.4398 -50
    endloop
  endfacet
  facet normal -0.975713 -0.219054 0
    outer loop
      vertex -127.894 -25.4398 50
      vertex -126.492 -31.6846 -50
      vertex -126.492 -31.6846 50
    endloop
  endfacet
  facet normal 0.844868 -0.534976 0
    outer loop
      vertex 108.424 -72.4464 -48
      vertex 111.848 -67.039 -50
      vertex 111.848 -67.039 -48
    endloop
  endfacet
  facet normal 0.844868 -0.534976 0
    outer loop
      vertex 111.848 -67.039 -50
      vertex 108.424 -72.4464 -48
      vertex 108.424 -72.4464 -50
    endloop
  endfacet
  facet normal 0.844868 -0.534976 0
    outer loop
      vertex 108.424 -72.4464 50
      vertex 111.848 -67.039 48
      vertex 111.848 -67.039 50
    endloop
  endfacet
  facet normal 0.844868 -0.534976 0
    outer loop
      vertex 111.848 -67.039 48
      vertex 108.424 -72.4464 50
      vertex 108.424 -72.4464 48
    endloop
  endfacet
  facet normal 0.359832 -0.933017 0
    outer loop
      vertex 43.9304 -122.777 -50
      vertex 49.9019 -120.474 50
      vertex 43.9304 -122.777 50
    endloop
  endfacet
  facet normal 0.359832 -0.933017 0
    outer loop
      vertex 49.9019 -120.474 50
      vertex 43.9304 -122.777 -50
      vertex 49.9019 -120.474 -50
    endloop
  endfacet
  facet normal 0.615163 -0.7884 0
    outer loop
      vertex 77.6792 -104.738 -50
      vertex 82.7249 -100.801 50
      vertex 77.6792 -104.738 50
    endloop
  endfacet
  facet normal 0.615163 -0.7884 0
    outer loop
      vertex 82.7249 -100.801 50
      vertex 77.6792 -104.738 -50
      vertex 82.7249 -100.801 -50
    endloop
  endfacet
  facet normal 0.219054 0.975713 -0
    outer loop
      vertex 31.6846 126.492 -50
      vertex 25.4398 127.894 50
      vertex 31.6846 126.492 50
    endloop
  endfacet
  facet normal 0.219054 0.975713 0
    outer loop
      vertex 25.4398 127.894 50
      vertex 31.6846 126.492 -50
      vertex 25.4398 127.894 -50
    endloop
  endfacet
  facet normal 0.266705 0.963778 -0
    outer loop
      vertex 37.8531 124.785 -50
      vertex 31.6846 126.492 50
      vertex 37.8531 124.785 50
    endloop
  endfacet
  facet normal 0.266705 0.963778 0
    outer loop
      vertex 31.6846 126.492 50
      vertex 37.8531 124.785 -50
      vertex 31.6846 126.492 -50
    endloop
  endfacet
  facet normal 0.449531 -0.893265 0
    outer loop
      vertex 55.7532 -117.88 48
      vertex 61.4701 -115.003 50
      vertex 55.7532 -117.88 50
    endloop
  endfacet
  facet normal 0.449531 -0.893265 0
    outer loop
      vertex 61.4701 -115.003 50
      vertex 55.7532 -117.88 48
      vertex 61.4701 -115.003 48
    endloop
  endfacet
  facet normal 0.449531 -0.893265 0
    outer loop
      vertex 55.7532 -117.88 -50
      vertex 61.4701 -115.003 -48
      vertex 55.7532 -117.88 -48
    endloop
  endfacet
  facet normal 0.449531 -0.893265 0
    outer loop
      vertex 61.4701 -115.003 -48
      vertex 55.7532 -117.88 -50
      vertex 61.4701 -115.003 -50
    endloop
  endfacet
  facet normal -0.817628 0.575747 0
    outer loop
      vertex -104.738 77.6792 -50
      vertex -105.26 76.9379 -48
      vertex -104.738 77.6792 50
    endloop
  endfacet
  facet normal -0.817537 0.575876 7.11017e-05
    outer loop
      vertex -108.424 72.4464 -50
      vertex -105.26 76.9379 -48
      vertex -104.738 77.6792 -50
    endloop
  endfacet
  facet normal -0.817522 0.575897 0
    outer loop
      vertex -105.26 76.9379 -48
      vertex -108.424 72.4464 -50
      vertex -108.424 72.4464 -48
    endloop
  endfacet
  facet normal -0.817628 0.575747 0
    outer loop
      vertex -105.26 76.9379 48
      vertex -104.738 77.6792 50
      vertex -105.26 76.9379 -48
    endloop
  endfacet
  facet normal -0.817522 0.575897 0
    outer loop
      vertex -108.424 72.4464 50
      vertex -105.26 76.9379 48
      vertex -108.424 72.4464 48
    endloop
  endfacet
  facet normal -0.817537 0.575876 -7.11017e-05
    outer loop
      vertex -105.26 76.9379 48
      vertex -108.424 72.4464 50
      vertex -104.738 77.6792 50
    endloop
  endfacet
  facet normal -0.219054 -0.975713 0
    outer loop
      vertex -31.6846 -126.492 -50
      vertex -25.4398 -127.894 50
      vertex -31.6846 -126.492 50
    endloop
  endfacet
  facet normal -0.219054 -0.975713 -0
    outer loop
      vertex -25.4398 -127.894 50
      vertex -31.6846 -126.492 -50
      vertex -25.4398 -127.894 -50
    endloop
  endfacet
  facet normal 0.817522 -0.575897 0
    outer loop
      vertex 108.424 -72.4464 50
      vertex 105.26 -76.9379 48
      vertex 108.424 -72.4464 48
    endloop
  endfacet
  facet normal 0.817628 -0.575747 0
    outer loop
      vertex 105.26 -76.9379 48
      vertex 104.738 -77.6792 50
      vertex 105.26 -76.9379 -48
    endloop
  endfacet
  facet normal 0.817537 -0.575876 -7.11017e-05
    outer loop
      vertex 104.738 -77.6792 50
      vertex 105.26 -76.9379 48
      vertex 108.424 -72.4464 50
    endloop
  endfacet
  facet normal 0.817522 -0.575897 0
    outer loop
      vertex 105.26 -76.9379 -48
      vertex 108.424 -72.4464 -50
      vertex 108.424 -72.4464 -48
    endloop
  endfacet
  facet normal 0.817537 -0.575876 7.11017e-05
    outer loop
      vertex 105.26 -76.9379 -48
      vertex 104.738 -77.6792 -50
      vertex 108.424 -72.4464 -50
    endloop
  endfacet
  facet normal 0.817628 -0.575747 0
    outer loop
      vertex 104.738 -77.6792 -50
      vertex 105.26 -76.9379 -48
      vertex 104.738 -77.6792 50
    endloop
  endfacet
  facet normal 0.12217 -0.992509 0
    outer loop
      vertex 12.7814 -129.772 -48
      vertex 12.7814 -129.772 -50
      vertex 14 -129.622 -48
    endloop
  endfacet
  facet normal 0.12217 -0.992509 0
    outer loop
      vertex 14 -129.622 48
      vertex 12.7814 -129.772 50
      vertex 12.7814 -129.772 48
    endloop
  endfacet
  facet normal 0.122337 -0.992489 0.000103025
    outer loop
      vertex 12.7814 -129.772 50
      vertex 14 -129.622 48
      vertex 19.1337 -128.989 50
    endloop
  endfacet
  facet normal 0.122376 -0.992484 0
    outer loop
      vertex 14 -129.622 -48
      vertex 19.1337 -128.989 50
      vertex 14 -129.622 48
    endloop
  endfacet
  facet normal 0.122376 -0.992484 0
    outer loop
      vertex 14 -129.622 -48
      vertex 19.1337 -128.989 -50
      vertex 19.1337 -128.989 50
    endloop
  endfacet
  facet normal 0.122337 -0.992489 -0.000103025
    outer loop
      vertex 19.1337 -128.989 -50
      vertex 14 -129.622 -48
      vertex 12.7814 -129.772 -50
    endloop
  endfacet
  facet normal 0.0245299 0.999699 -0
    outer loop
      vertex 6.39842 130.243 48
      vertex 0 130.4 50
      vertex 6.39842 130.243 50
    endloop
  endfacet
  facet normal 0.0245299 0.999699 0
    outer loop
      vertex 0 130.4 50
      vertex 6.39842 130.243 48
      vertex 0 130.4 48
    endloop
  endfacet
  facet normal 0.0245299 0.999699 -0
    outer loop
      vertex 6.39842 130.243 -50
      vertex 0 130.4 -48
      vertex 6.39842 130.243 -48
    endloop
  endfacet
  facet normal 0.0245299 0.999699 0
    outer loop
      vertex 0 130.4 -48
      vertex 6.39842 130.243 -50
      vertex 0 130.4 -50
    endloop
  endfacet
  facet normal -0.844868 0.534976 0
    outer loop
      vertex -111.848 67.039 -50
      vertex -108.424 72.4464 -48
      vertex -108.424 72.4464 -50
    endloop
  endfacet
  facet normal -0.844868 0.534976 0
    outer loop
      vertex -108.424 72.4464 -48
      vertex -111.848 67.039 -50
      vertex -111.848 67.039 -48
    endloop
  endfacet
  facet normal -0.844868 0.534976 0
    outer loop
      vertex -111.848 67.039 48
      vertex -108.424 72.4464 50
      vertex -108.424 72.4464 48
    endloop
  endfacet
  facet normal -0.844868 0.534976 0
    outer loop
      vertex -108.424 72.4464 50
      vertex -111.848 67.039 48
      vertex -111.848 67.039 50
    endloop
  endfacet
  facet normal 0.266705 -0.963778 0
    outer loop
      vertex 31.6846 -126.492 -50
      vertex 37.8531 -124.785 50
      vertex 31.6846 -126.492 50
    endloop
  endfacet
  facet normal 0.266705 -0.963778 0
    outer loop
      vertex 37.8531 -124.785 50
      vertex 31.6846 -126.492 -50
      vertex 37.8531 -124.785 -50
    endloop
  endfacet
  facet normal -0.615163 -0.7884 0
    outer loop
      vertex -82.7249 -100.801 -50
      vertex -77.6792 -104.738 50
      vertex -82.7249 -100.801 50
    endloop
  endfacet
  facet normal -0.615163 -0.7884 -0
    outer loop
      vertex -77.6792 -104.738 50
      vertex -82.7249 -100.801 -50
      vertex -77.6792 -104.738 -50
    endloop
  endfacet
  facet normal -0.985257 -0.171081 0
    outer loop
      vertex -127.894 -25.4398 -50
      vertex -128.989 -19.1337 50
      vertex -128.989 -19.1337 -50
    endloop
  endfacet
  facet normal -0.985257 -0.171081 0
    outer loop
      vertex -128.989 -19.1337 50
      vertex -127.894 -25.4398 -50
      vertex -127.894 -25.4398 50
    endloop
  endfacet
  facet normal 0.40528 -0.914193 8.64384e-05
    outer loop
      vertex 49.9019 -120.474 50
      vertex 52.6791 -119.243 48
      vertex 55.7532 -117.88 50
    endloop
  endfacet
  facet normal 0.405228 -0.914216 0
    outer loop
      vertex 49.9019 -120.474 50
      vertex 52.6791 -119.243 -48
      vertex 52.6791 -119.243 48
    endloop
  endfacet
  facet normal 0.405228 -0.914216 0
    outer loop
      vertex 49.9019 -120.474 -50
      vertex 52.6791 -119.243 -48
      vertex 49.9019 -120.474 50
    endloop
  endfacet
  facet normal 0.40528 -0.914193 -8.64384e-05
    outer loop
      vertex 55.7532 -117.88 -50
      vertex 52.6791 -119.243 -48
      vertex 49.9019 -120.474 -50
    endloop
  endfacet
  facet normal 0.405327 -0.914172 0
    outer loop
      vertex 52.6791 -119.243 -48
      vertex 55.7532 -117.88 -50
      vertex 55.7532 -117.88 -48
    endloop
  endfacet
  facet normal 0.405327 -0.914172 0
    outer loop
      vertex 55.7532 -117.88 50
      vertex 52.6791 -119.243 48
      vertex 55.7532 -117.88 48
    endloop
  endfacet
  facet normal -0.893265 -0.449531 0
    outer loop
      vertex -115.003 -61.4701 48
      vertex -117.88 -55.7532 50
      vertex -117.88 -55.7532 48
    endloop
  endfacet
  facet normal -0.893265 -0.449531 0
    outer loop
      vertex -117.88 -55.7532 50
      vertex -115.003 -61.4701 48
      vertex -115.003 -61.4701 50
    endloop
  endfacet
  facet normal -0.893265 -0.449531 0
    outer loop
      vertex -115.003 -61.4701 -50
      vertex -117.88 -55.7532 -48
      vertex -117.88 -55.7532 -50
    endloop
  endfacet
  facet normal -0.893265 -0.449531 0
    outer loop
      vertex -117.88 -55.7532 -48
      vertex -115.003 -61.4701 -50
      vertex -115.003 -61.4701 -48
    endloop
  endfacet
  facet normal 0.313728 0.949513 -0
    outer loop
      vertex 43.9304 122.777 -50
      vertex 37.8531 124.785 50
      vertex 43.9304 122.777 50
    endloop
  endfacet
  facet normal 0.313728 0.949513 0
    outer loop
      vertex 37.8531 124.785 50
      vertex 43.9304 122.777 -50
      vertex 37.8531 124.785 -50
    endloop
  endfacet
  facet normal -0.449531 0.893265 0
    outer loop
      vertex -55.7532 117.88 48
      vertex -61.4701 115.003 50
      vertex -55.7532 117.88 50
    endloop
  endfacet
  facet normal -0.449531 0.893265 0
    outer loop
      vertex -61.4701 115.003 50
      vertex -55.7532 117.88 48
      vertex -61.4701 115.003 48
    endloop
  endfacet
  facet normal -0.449531 0.893265 0
    outer loop
      vertex -55.7532 117.88 -50
      vertex -61.4701 115.003 -48
      vertex -55.7532 117.88 -48
    endloop
  endfacet
  facet normal -0.449531 0.893265 0
    outer loop
      vertex -61.4701 115.003 -48
      vertex -55.7532 117.88 -50
      vertex -61.4701 115.003 -50
    endloop
  endfacet
  facet normal -0.313728 -0.949513 0
    outer loop
      vertex -43.9304 -122.777 -50
      vertex -37.8531 -124.785 50
      vertex -43.9304 -122.777 50
    endloop
  endfacet
  facet normal -0.313728 -0.949513 -0
    outer loop
      vertex -37.8531 -124.785 50
      vertex -43.9304 -122.777 -50
      vertex -37.8531 -124.785 -50
    endloop
  endfacet
  facet normal -0.997289 0.0735899 0
    outer loop
      vertex -130.243 6.39842 48
      vertex -129.772 12.7814 50
      vertex -129.772 12.7814 48
    endloop
  endfacet
  facet normal -0.997289 0.0735899 0
    outer loop
      vertex -129.772 12.7814 50
      vertex -130.243 6.39842 48
      vertex -130.243 6.39842 50
    endloop
  endfacet
  facet normal -0.997289 0.0735899 0
    outer loop
      vertex -130.243 6.39842 -50
      vertex -129.772 12.7814 -48
      vertex -129.772 12.7814 -50
    endloop
  endfacet
  facet normal -0.997289 0.0735899 0
    outer loop
      vertex -129.772 12.7814 -48
      vertex -130.243 6.39842 -50
      vertex -130.243 6.39842 -48
    endloop
  endfacet
  facet normal -0.985257 0.171081 0
    outer loop
      vertex -128.989 19.1337 -50
      vertex -127.894 25.4398 50
      vertex -127.894 25.4398 -50
    endloop
  endfacet
  facet normal -0.985257 0.171081 0
    outer loop
      vertex -127.894 25.4398 50
      vertex -128.989 19.1337 -50
      vertex -128.989 19.1337 50
    endloop
  endfacet
  facet normal 0.313728 -0.949513 0
    outer loop
      vertex 37.8531 -124.785 -50
      vertex 43.9304 -122.777 50
      vertex 37.8531 -124.785 50
    endloop
  endfacet
  facet normal 0.313728 -0.949513 0
    outer loop
      vertex 43.9304 -122.777 50
      vertex 37.8531 -124.785 -50
      vertex 43.9304 -122.777 -50
    endloop
  endfacet
  facet normal -0.266705 0.963778 0
    outer loop
      vertex -31.6846 126.492 -50
      vertex -37.8531 124.785 50
      vertex -31.6846 126.492 50
    endloop
  endfacet
  facet normal -0.266705 0.963778 0
    outer loop
      vertex -37.8531 124.785 50
      vertex -31.6846 126.492 -50
      vertex -37.8531 124.785 -50
    endloop
  endfacet
  facet normal -0.7884 -0.615163 0
    outer loop
      vertex -100.801 -82.7249 -50
      vertex -104.738 -77.6792 50
      vertex -104.738 -77.6792 -50
    endloop
  endfacet
  facet normal -0.7884 -0.615163 0
    outer loop
      vertex -104.738 -77.6792 50
      vertex -100.801 -82.7249 -50
      vertex -100.801 -82.7249 50
    endloop
  endfacet
  facet normal 0.7884 0.615163 0
    outer loop
      vertex 104.738 77.6792 50
      vertex 100.801 82.7249 -50
      vertex 100.801 82.7249 50
    endloop
  endfacet
  facet normal 0.7884 0.615163 0
    outer loop
      vertex 100.801 82.7249 -50
      vertex 104.738 77.6792 50
      vertex 104.738 77.6792 -50
    endloop
  endfacet
  facet normal -0.963778 -0.266705 0
    outer loop
      vertex -124.785 -37.8531 -50
      vertex -126.492 -31.6846 50
      vertex -126.492 -31.6846 -50
    endloop
  endfacet
  facet normal -0.963778 -0.266705 0
    outer loop
      vertex -126.492 -31.6846 50
      vertex -124.785 -37.8531 -50
      vertex -124.785 -37.8531 50
    endloop
  endfacet
  facet normal -0.449531 -0.893265 0
    outer loop
      vertex -61.4701 -115.003 -50
      vertex -55.7532 -117.88 -48
      vertex -61.4701 -115.003 -48
    endloop
  endfacet
  facet normal -0.449531 -0.893265 -0
    outer loop
      vertex -55.7532 -117.88 -48
      vertex -61.4701 -115.003 -50
      vertex -55.7532 -117.88 -50
    endloop
  endfacet
  facet normal -0.449531 -0.893265 0
    outer loop
      vertex -61.4701 -115.003 48
      vertex -55.7532 -117.88 50
      vertex -61.4701 -115.003 50
    endloop
  endfacet
  facet normal -0.449531 -0.893265 -0
    outer loop
      vertex -55.7532 -117.88 50
      vertex -61.4701 -115.003 48
      vertex -55.7532 -117.88 48
    endloop
  endfacet
  facet normal -0.87007 0.492929 0
    outer loop
      vertex -115.003 61.4701 48
      vertex -111.848 67.039 50
      vertex -111.848 67.039 48
    endloop
  endfacet
  facet normal -0.87007 0.492929 0
    outer loop
      vertex -111.848 67.039 50
      vertex -115.003 61.4701 48
      vertex -115.003 61.4701 50
    endloop
  endfacet
  facet normal -0.87007 0.492929 0
    outer loop
      vertex -115.003 61.4701 -50
      vertex -111.848 67.039 -48
      vertex -111.848 67.039 -50
    endloop
  endfacet
  facet normal -0.87007 0.492929 0
    outer loop
      vertex -111.848 67.039 -48
      vertex -115.003 61.4701 -50
      vertex -115.003 61.4701 -48
    endloop
  endfacet
  facet normal -0.40528 0.914193 8.64384e-05
    outer loop
      vertex -49.9019 120.474 50
      vertex -52.6791 119.243 48
      vertex -55.7532 117.88 50
    endloop
  endfacet
  facet normal -0.405228 0.914216 0
    outer loop
      vertex -49.9019 120.474 50
      vertex -52.6791 119.243 -48
      vertex -52.6791 119.243 48
    endloop
  endfacet
  facet normal -0.405228 0.914216 0
    outer loop
      vertex -49.9019 120.474 -50
      vertex -52.6791 119.243 -48
      vertex -49.9019 120.474 50
    endloop
  endfacet
  facet normal -0.40528 0.914193 -8.64384e-05
    outer loop
      vertex -55.7532 117.88 -50
      vertex -52.6791 119.243 -48
      vertex -49.9019 120.474 -50
    endloop
  endfacet
  facet normal -0.405327 0.914172 0
    outer loop
      vertex -52.6791 119.243 -48
      vertex -55.7532 117.88 -50
      vertex -55.7532 117.88 -48
    endloop
  endfacet
  facet normal -0.405327 0.914172 0
    outer loop
      vertex -55.7532 117.88 50
      vertex -52.6791 119.243 48
      vertex -55.7532 117.88 48
    endloop
  endfacet
  facet normal -0.575876 -0.817537 -7.11017e-05
    outer loop
      vertex -77.6792 -104.738 50
      vertex -76.9379 -105.26 48
      vertex -72.4464 -108.424 50
    endloop
  endfacet
  facet normal -0.575747 -0.817628 0
    outer loop
      vertex -77.6792 -104.738 50
      vertex -76.9379 -105.26 -48
      vertex -76.9379 -105.26 48
    endloop
  endfacet
  facet normal -0.575747 -0.817628 0
    outer loop
      vertex -77.6792 -104.738 -50
      vertex -76.9379 -105.26 -48
      vertex -77.6792 -104.738 50
    endloop
  endfacet
  facet normal -0.575876 -0.817537 7.11017e-05
    outer loop
      vertex -72.4464 -108.424 -50
      vertex -76.9379 -105.26 -48
      vertex -77.6792 -104.738 -50
    endloop
  endfacet
  facet normal -0.575897 -0.817522 0
    outer loop
      vertex -76.9379 -105.26 -48
      vertex -72.4464 -108.424 -50
      vertex -72.4464 -108.424 -48
    endloop
  endfacet
  facet normal -0.575897 -0.817522 -0
    outer loop
      vertex -72.4464 -108.424 50
      vertex -76.9379 -105.26 48
      vertex -72.4464 -108.424 48
    endloop
  endfacet
  facet normal -0.534976 -0.844868 0
    outer loop
      vertex -72.4464 -108.424 48
      vertex -67.039 -111.848 50
      vertex -72.4464 -108.424 50
    endloop
  endfacet
  facet normal -0.534976 -0.844868 -0
    outer loop
      vertex -67.039 -111.848 50
      vertex -72.4464 -108.424 48
      vertex -67.039 -111.848 48
    endloop
  endfacet
  facet normal -0.534976 -0.844868 0
    outer loop
      vertex -72.4464 -108.424 -50
      vertex -67.039 -111.848 -48
      vertex -72.4464 -108.424 -48
    endloop
  endfacet
  facet normal -0.534976 -0.844868 -0
    outer loop
      vertex -67.039 -111.848 -48
      vertex -72.4464 -108.424 -50
      vertex -67.039 -111.848 -50
    endloop
  endfacet
  facet normal -0.997291 -0.0735634 0
    outer loop
      vertex 115.84 11.4092 -50
      vertex 116.239 6 -8
      vertex 115.84 11.4092 50
    endloop
  endfacet
  facet normal -0.997294 -0.0735142 6.36073e-06
    outer loop
      vertex 116.26 5.71148 -50
      vertex 116.239 6 -8
      vertex 115.84 11.4092 -50
    endloop
  endfacet
  facet normal -0.997362 -0.0725932 0
    outer loop
      vertex 116.239 6 -8
      vertex 116.26 5.71148 -50
      vertex 116.26 5.71148 -8
    endloop
  endfacet
  facet normal -0.997291 -0.0735634 -0
    outer loop
      vertex 116.239 6 8
      vertex 115.84 11.4092 50
      vertex 116.239 6 -8
    endloop
  endfacet
  facet normal -0.997362 -0.0725932 -0
    outer loop
      vertex 116.26 5.71148 50
      vertex 116.239 6 8
      vertex 116.26 5.71148 8
    endloop
  endfacet
  facet normal -0.997294 -0.0735142 -6.36073e-06
    outer loop
      vertex 116.239 6 8
      vertex 116.26 5.71148 50
      vertex 115.84 11.4092 50
    endloop
  endfacet
  facet normal -0.9997 -0.0245047 0
    outer loop
      vertex 116.4 0 8
      vertex 116.26 5.71148 50
      vertex 116.26 5.71148 8
    endloop
  endfacet
  facet normal -0.9997 -0.0245047 0
    outer loop
      vertex 116.26 5.71148 50
      vertex 116.4 0 8
      vertex 116.4 0 50
    endloop
  endfacet
  facet normal -0.9997 -0.0245047 0
    outer loop
      vertex 116.4 0 -50
      vertex 116.26 5.71148 -8
      vertex 116.26 5.71148 -50
    endloop
  endfacet
  facet normal -0.9997 -0.0245047 0
    outer loop
      vertex 116.26 5.71148 -8
      vertex 116.4 0 -50
      vertex 116.4 0 -8
    endloop
  endfacet
  facet normal -0.992466 -0.122522 0
    outer loop
      vertex 115.84 11.4092 -50
      vertex 115.14 17.0794 50
      vertex 115.14 17.0794 -50
    endloop
  endfacet
  facet normal -0.992466 -0.122522 0
    outer loop
      vertex 115.14 17.0794 50
      vertex 115.84 11.4092 -50
      vertex 115.84 11.4092 50
    endloop
  endfacet
  facet normal -0.757211 -0.653171 0
    outer loop
      vertex 89.9784 73.8434 -50
      vertex 86.2467 78.1695 50
      vertex 86.2467 78.1695 -50
    endloop
  endfacet
  facet normal -0.757211 -0.653171 0
    outer loop
      vertex 86.2467 78.1695 50
      vertex 89.9784 73.8434 -50
      vertex 89.9784 73.8434 50
    endloop
  endfacet
  facet normal -0.0735142 0.997294 -6.36073e-06
    outer loop
      vertex 11.4092 -115.84 50
      vertex 6 -116.239 8
      vertex 5.71148 -116.26 50
    endloop
  endfacet
  facet normal -0.0735634 0.997291 0
    outer loop
      vertex 11.4092 -115.84 50
      vertex 6 -116.239 -8
      vertex 6 -116.239 8
    endloop
  endfacet
  facet normal -0.0735634 0.997291 0
    outer loop
      vertex 11.4092 -115.84 -50
      vertex 6 -116.239 -8
      vertex 11.4092 -115.84 50
    endloop
  endfacet
  facet normal -0.0735142 0.997294 6.36073e-06
    outer loop
      vertex 5.71148 -116.26 -50
      vertex 6 -116.239 -8
      vertex 11.4092 -115.84 -50
    endloop
  endfacet
  facet normal -0.0725932 0.997362 0
    outer loop
      vertex 6 -116.239 -8
      vertex 5.71148 -116.26 -50
      vertex 5.71148 -116.26 -8
    endloop
  endfacet
  facet normal -0.0725932 0.997362 0
    outer loop
      vertex 5.71148 -116.26 50
      vertex 6 -116.239 8
      vertex 5.71148 -116.26 8
    endloop
  endfacet
  facet normal 0.933 -0.359876 0
    outer loop
      vertex -109.596 39.214 50
      vertex -107.54 44.5443 -50
      vertex -107.54 44.5443 50
    endloop
  endfacet
  facet normal 0.933 -0.359876 0
    outer loop
      vertex -107.54 44.5443 -50
      vertex -109.596 39.214 50
      vertex -109.596 39.214 -50
    endloop
  endfacet
  facet normal -0.653171 -0.757211 0
    outer loop
      vertex 73.8434 89.9784 -50
      vertex 78.1695 86.2467 50
      vertex 73.8434 89.9784 50
    endloop
  endfacet
  facet normal -0.653171 -0.757211 -0
    outer loop
      vertex 78.1695 86.2467 50
      vertex 73.8434 89.9784 -50
      vertex 78.1695 86.2467 -50
    endloop
  endfacet
  facet normal 0.615236 0.788343 -0
    outer loop
      vertex -69.3394 -93.4934 -50
      vertex -73.8434 -89.9784 50
      vertex -69.3394 -93.4934 50
    endloop
  endfacet
  facet normal 0.615236 0.788343 0
    outer loop
      vertex -73.8434 -89.9784 50
      vertex -69.3394 -93.4934 -50
      vertex -73.8434 -89.9784 -50
    endloop
  endfacet
  facet normal -0.492946 -0.87006 0
    outer loop
      vertex 54.8706 102.656 8
      vertex 59.8416 99.8396 50
      vertex 54.8706 102.656 50
    endloop
  endfacet
  facet normal -0.492946 -0.87006 -0
    outer loop
      vertex 59.8416 99.8396 50
      vertex 54.8706 102.656 8
      vertex 59.8416 99.8396 8
    endloop
  endfacet
  facet normal -0.492946 -0.87006 0
    outer loop
      vertex 54.8706 102.656 -50
      vertex 59.8416 99.8396 -8
      vertex 54.8706 102.656 -8
    endloop
  endfacet
  facet normal -0.492946 -0.87006 -0
    outer loop
      vertex 59.8416 99.8396 -8
      vertex 54.8706 102.656 -50
      vertex 59.8416 99.8396 -50
    endloop
  endfacet
  facet normal -0.788343 0.615236 0
    outer loop
      vertex 89.9784 -73.8434 -50
      vertex 93.4934 -69.3394 50
      vertex 93.4934 -69.3394 -50
    endloop
  endfacet
  facet normal -0.788343 0.615236 0
    outer loop
      vertex 93.4934 -69.3394 50
      vertex 89.9784 -73.8434 -50
      vertex 89.9784 -73.8434 50
    endloop
  endfacet
  facet normal -0.788343 -0.615236 0
    outer loop
      vertex 93.4934 69.3394 -50
      vertex 89.9784 73.8434 50
      vertex 89.9784 73.8434 -50
    endloop
  endfacet
  facet normal -0.788343 -0.615236 0
    outer loop
      vertex 89.9784 73.8434 50
      vertex 93.4934 69.3394 -50
      vertex 93.4934 69.3394 50
    endloop
  endfacet
  facet normal 0.949536 0.313659 0
    outer loop
      vertex -109.596 -39.214 50
      vertex -111.388 -33.7891 -50
      vertex -111.388 -33.7891 50
    endloop
  endfacet
  facet normal 0.949536 0.313659 0
    outer loop
      vertex -111.388 -33.7891 -50
      vertex -109.596 -39.214 50
      vertex -109.596 -39.214 -50
    endloop
  endfacet
  facet normal 0.171006 0.98527 -0
    outer loop
      vertex -17.0794 -115.14 -50
      vertex -22.7085 -114.163 50
      vertex -17.0794 -115.14 50
    endloop
  endfacet
  facet normal 0.171006 0.98527 0
    outer loop
      vertex -22.7085 -114.163 50
      vertex -17.0794 -115.14 -50
      vertex -22.7085 -114.163 -50
    endloop
  endfacet
  facet normal -0.975731 0.218972 0
    outer loop
      vertex 112.912 -28.2829 -50
      vertex 114.163 -22.7085 50
      vertex 114.163 -22.7085 -50
    endloop
  endfacet
  facet normal -0.975731 0.218972 0
    outer loop
      vertex 114.163 -22.7085 50
      vertex 112.912 -28.2829 -50
      vertex 112.912 -28.2829 50
    endloop
  endfacet
  facet normal -0.949536 -0.313659 0
    outer loop
      vertex 111.388 33.7891 -50
      vertex 109.596 39.214 50
      vertex 109.596 39.214 -50
    endloop
  endfacet
  facet normal -0.949536 -0.313659 0
    outer loop
      vertex 109.596 39.214 50
      vertex 111.388 33.7891 -50
      vertex 111.388 33.7891 50
    endloop
  endfacet
  facet normal -0.0245047 0.9997 0
    outer loop
      vertex 5.71148 -116.26 8
      vertex 0 -116.4 50
      vertex 5.71148 -116.26 50
    endloop
  endfacet
  facet normal -0.0245047 0.9997 0
    outer loop
      vertex 0 -116.4 50
      vertex 5.71148 -116.26 8
      vertex 0 -116.4 8
    endloop
  endfacet
  facet normal -0.0245047 0.9997 0
    outer loop
      vertex 5.71148 -116.26 -50
      vertex 0 -116.4 -8
      vertex 5.71148 -116.26 -8
    endloop
  endfacet
  facet normal -0.0245047 0.9997 0
    outer loop
      vertex 0 -116.4 -8
      vertex 5.71148 -116.26 -50
      vertex 0 -116.4 -50
    endloop
  endfacet
  facet normal -0.893316 0.44943 0
    outer loop
      vertex 105.224 -49.7674 -50
      vertex 103.643 -52.9099 -8
      vertex 105.224 -49.7674 50
    endloop
  endfacet
  facet normal -0.893276 0.449509 7.42179e-06
    outer loop
      vertex 102.656 -54.8706 -50
      vertex 103.643 -52.9099 -8
      vertex 105.224 -49.7674 -50
    endloop
  endfacet
  facet normal -0.893212 0.449636 0
    outer loop
      vertex 103.643 -52.9099 -8
      vertex 102.656 -54.8706 -50
      vertex 102.656 -54.8706 -8
    endloop
  endfacet
  facet normal -0.893316 0.44943 0
    outer loop
      vertex 103.643 -52.9099 8
      vertex 105.224 -49.7674 50
      vertex 103.643 -52.9099 -8
    endloop
  endfacet
  facet normal -0.893212 0.449636 0
    outer loop
      vertex 102.656 -54.8706 50
      vertex 103.643 -52.9099 8
      vertex 102.656 -54.8706 8
    endloop
  endfacet
  facet normal -0.893276 0.449509 -7.42179e-06
    outer loop
      vertex 103.643 -52.9099 8
      vertex 102.656 -54.8706 50
      vertex 105.224 -49.7674 50
    endloop
  endfacet
  facet normal -0.26675 0.963766 0
    outer loop
      vertex 33.7891 -111.388 -50
      vertex 28.2829 -112.912 50
      vertex 33.7891 -111.388 50
    endloop
  endfacet
  facet normal -0.26675 0.963766 0
    outer loop
      vertex 28.2829 -112.912 50
      vertex 33.7891 -111.388 -50
      vertex 28.2829 -112.912 -50
    endloop
  endfacet
  facet normal 0.689548 0.72424 -0
    outer loop
      vertex -78.1695 -86.2467 -50
      vertex -82.3072 -82.3072 50
      vertex -78.1695 -86.2467 50
    endloop
  endfacet
  facet normal 0.689548 0.72424 0
    outer loop
      vertex -82.3072 -82.3072 50
      vertex -78.1695 -86.2467 -50
      vertex -82.3072 -82.3072 -50
    endloop
  endfacet
  facet normal 0.963766 -0.26675 0
    outer loop
      vertex -112.912 28.2829 50
      vertex -111.388 33.7891 -50
      vertex -111.388 33.7891 50
    endloop
  endfacet
  facet normal 0.963766 -0.26675 0
    outer loop
      vertex -111.388 33.7891 -50
      vertex -112.912 28.2829 50
      vertex -112.912 28.2829 -50
    endloop
  endfacet
  facet normal -0.87006 -0.492946 0
    outer loop
      vertex 102.656 54.8706 8
      vertex 99.8396 59.8416 50
      vertex 99.8396 59.8416 8
    endloop
  endfacet
  facet normal -0.87006 -0.492946 0
    outer loop
      vertex 99.8396 59.8416 50
      vertex 102.656 54.8706 8
      vertex 102.656 54.8706 50
    endloop
  endfacet
  facet normal -0.87006 -0.492946 0
    outer loop
      vertex 102.656 54.8706 -50
      vertex 99.8396 59.8416 -8
      vertex 99.8396 59.8416 -50
    endloop
  endfacet
  facet normal -0.87006 -0.492946 0
    outer loop
      vertex 99.8396 59.8416 -8
      vertex 102.656 54.8706 -50
      vertex 102.656 54.8706 -8
    endloop
  endfacet
  facet normal -0.171006 0.98527 0
    outer loop
      vertex 22.7085 -114.163 -50
      vertex 17.0794 -115.14 50
      vertex 22.7085 -114.163 50
    endloop
  endfacet
  facet normal -0.171006 0.98527 0
    outer loop
      vertex 17.0794 -115.14 50
      vertex 22.7085 -114.163 -50
      vertex 17.0794 -115.14 -50
    endloop
  endfacet
  facet normal -0.449509 -0.893276 -7.42179e-06
    outer loop
      vertex 49.7674 105.224 50
      vertex 52.9099 103.643 8
      vertex 54.8706 102.656 50
    endloop
  endfacet
  facet normal -0.44943 -0.893316 0
    outer loop
      vertex 49.7674 105.224 50
      vertex 52.9099 103.643 -8
      vertex 52.9099 103.643 8
    endloop
  endfacet
  facet normal -0.44943 -0.893316 0
    outer loop
      vertex 49.7674 105.224 -50
      vertex 52.9099 103.643 -8
      vertex 49.7674 105.224 50
    endloop
  endfacet
  facet normal -0.449509 -0.893276 7.42179e-06
    outer loop
      vertex 54.8706 102.656 -50
      vertex 52.9099 103.643 -8
      vertex 49.7674 105.224 -50
    endloop
  endfacet
  facet normal -0.449636 -0.893212 0
    outer loop
      vertex 52.9099 103.643 -8
      vertex 54.8706 102.656 -50
      vertex 54.8706 102.656 -8
    endloop
  endfacet
  facet normal -0.449636 -0.893212 -0
    outer loop
      vertex 54.8706 102.656 50
      vertex 52.9099 103.643 8
      vertex 54.8706 102.656 8
    endloop
  endfacet
  facet normal -0.575809 -0.817584 0
    outer loop
      vertex 64.6684 96.7831 -50
      vertex 69.3394 93.4934 50
      vertex 64.6684 96.7831 50
    endloop
  endfacet
  facet normal -0.575809 -0.817584 -0
    outer loop
      vertex 69.3394 93.4934 50
      vertex 64.6684 96.7831 -50
      vertex 69.3394 93.4934 -50
    endloop
  endfacet
  facet normal 0.992466 -0.122522 0
    outer loop
      vertex -115.84 11.4092 50
      vertex -115.14 17.0794 -50
      vertex -115.14 17.0794 50
    endloop
  endfacet
  facet normal 0.992466 -0.122522 0
    outer loop
      vertex -115.14 17.0794 -50
      vertex -115.84 11.4092 50
      vertex -115.84 11.4092 -50
    endloop
  endfacet
  facet normal -0.844856 0.534994 0
    outer loop
      vertex 99.8396 -59.8416 -50
      vertex 97.6467 -63.3046 -8
      vertex 99.8396 -59.8416 -8
    endloop
  endfacet
  facet normal -0.844858 0.53499 0
    outer loop
      vertex 97.6467 -63.3046 -8
      vertex 96.7831 -64.6684 -50
      vertex 97.6467 -63.3046 8
    endloop
  endfacet
  facet normal -0.844857 0.534993 -1.25941e-07
    outer loop
      vertex 96.7831 -64.6684 -50
      vertex 97.6467 -63.3046 -8
      vertex 99.8396 -59.8416 -50
    endloop
  endfacet
  facet normal -0.844856 0.534994 0
    outer loop
      vertex 97.6467 -63.3046 8
      vertex 99.8396 -59.8416 50
      vertex 99.8396 -59.8416 8
    endloop
  endfacet
  facet normal -0.844857 0.534993 1.25941e-07
    outer loop
      vertex 97.6467 -63.3046 8
      vertex 96.7831 -64.6684 50
      vertex 99.8396 -59.8416 50
    endloop
  endfacet
  facet normal -0.844858 0.53499 0
    outer loop
      vertex 96.7831 -64.6684 50
      vertex 97.6467 -63.3046 8
      vertex 96.7831 -64.6684 -50
    endloop
  endfacet
  facet normal 0.914161 -0.405352 0
    outer loop
      vertex -107.54 44.5443 50
      vertex -105.224 49.7674 -50
      vertex -105.224 49.7674 50
    endloop
  endfacet
  facet normal 0.914161 -0.405352 0
    outer loop
      vertex -105.224 49.7674 -50
      vertex -107.54 44.5443 50
      vertex -107.54 44.5443 -50
    endloop
  endfacet
  facet normal -0.844858 -0.53499 0
    outer loop
      vertex 96.7831 64.6684 -50
      vertex 97.6467 63.3046 -8
      vertex 96.7831 64.6684 50
    endloop
  endfacet
  facet normal -0.844857 -0.534993 -1.25941e-07
    outer loop
      vertex 99.8396 59.8416 -50
      vertex 97.6467 63.3046 -8
      vertex 96.7831 64.6684 -50
    endloop
  endfacet
  facet normal -0.844856 -0.534994 0
    outer loop
      vertex 97.6467 63.3046 -8
      vertex 99.8396 59.8416 -50
      vertex 99.8396 59.8416 -8
    endloop
  endfacet
  facet normal -0.844858 -0.53499 -0
    outer loop
      vertex 97.6467 63.3046 8
      vertex 96.7831 64.6684 50
      vertex 97.6467 63.3046 -8
    endloop
  endfacet
  facet normal -0.844856 -0.534994 -0
    outer loop
      vertex 99.8396 59.8416 50
      vertex 97.6467 63.3046 8
      vertex 99.8396 59.8416 8
    endloop
  endfacet
  facet normal -0.844857 -0.534993 1.25941e-07
    outer loop
      vertex 97.6467 63.3046 8
      vertex 99.8396 59.8416 50
      vertex 96.7831 64.6684 50
    endloop
  endfacet
  facet normal -0.122522 -0.992466 0
    outer loop
      vertex 11.4092 115.84 -50
      vertex 17.0794 115.14 50
      vertex 11.4092 115.84 50
    endloop
  endfacet
  facet normal -0.122522 -0.992466 -0
    outer loop
      vertex 17.0794 115.14 50
      vertex 11.4092 115.84 -50
      vertex 17.0794 115.14 -50
    endloop
  endfacet
  facet normal -0.893212 -0.449636 0
    outer loop
      vertex 102.656 54.8706 -50
      vertex 103.643 52.9099 -8
      vertex 102.656 54.8706 -8
    endloop
  endfacet
  facet normal -0.893316 -0.44943 0
    outer loop
      vertex 103.643 52.9099 -8
      vertex 105.224 49.7674 -50
      vertex 103.643 52.9099 8
    endloop
  endfacet
  facet normal -0.893276 -0.449509 7.42179e-06
    outer loop
      vertex 105.224 49.7674 -50
      vertex 103.643 52.9099 -8
      vertex 102.656 54.8706 -50
    endloop
  endfacet
  facet normal -0.893212 -0.449636 0
    outer loop
      vertex 103.643 52.9099 8
      vertex 102.656 54.8706 50
      vertex 102.656 54.8706 8
    endloop
  endfacet
  facet normal -0.893316 -0.44943 -0
    outer loop
      vertex 105.224 49.7674 50
      vertex 103.643 52.9099 8
      vertex 105.224 49.7674 -50
    endloop
  endfacet
  facet normal -0.893276 -0.449509 -7.42179e-06
    outer loop
      vertex 103.643 52.9099 8
      vertex 105.224 49.7674 50
      vertex 102.656 54.8706 50
    endloop
  endfacet
  facet normal -0.98527 0.171006 0
    outer loop
      vertex 114.163 -22.7085 -50
      vertex 115.14 -17.0794 50
      vertex 115.14 -17.0794 -50
    endloop
  endfacet
  facet normal -0.98527 0.171006 0
    outer loop
      vertex 115.14 -17.0794 50
      vertex 114.163 -22.7085 -50
      vertex 114.163 -22.7085 50
    endloop
  endfacet
  facet normal -0.405352 0.914161 0
    outer loop
      vertex 49.7674 -105.224 -50
      vertex 44.5443 -107.54 50
      vertex 49.7674 -105.224 50
    endloop
  endfacet
  facet normal -0.405352 0.914161 0
    outer loop
      vertex 44.5443 -107.54 50
      vertex 49.7674 -105.224 -50
      vertex 44.5443 -107.54 -50
    endloop
  endfacet
  facet normal -0.492946 0.87006 0
    outer loop
      vertex 59.8416 -99.8396 8
      vertex 54.8706 -102.656 50
      vertex 59.8416 -99.8396 50
    endloop
  endfacet
  facet normal -0.492946 0.87006 0
    outer loop
      vertex 54.8706 -102.656 50
      vertex 59.8416 -99.8396 8
      vertex 54.8706 -102.656 8
    endloop
  endfacet
  facet normal -0.492946 0.87006 0
    outer loop
      vertex 59.8416 -99.8396 -50
      vertex 54.8706 -102.656 -8
      vertex 59.8416 -99.8396 -8
    endloop
  endfacet
  facet normal -0.492946 0.87006 0
    outer loop
      vertex 54.8706 -102.656 -8
      vertex 59.8416 -99.8396 -50
      vertex 54.8706 -102.656 -50
    endloop
  endfacet
  facet normal 0.218972 -0.975731 0
    outer loop
      vertex -28.2829 112.912 -50
      vertex -22.7085 114.163 50
      vertex -28.2829 112.912 50
    endloop
  endfacet
  facet normal 0.218972 -0.975731 0
    outer loop
      vertex -22.7085 114.163 50
      vertex -28.2829 112.912 -50
      vertex -22.7085 114.163 -50
    endloop
  endfacet
  facet normal 0.893212 -0.449636 0
    outer loop
      vertex -102.656 54.8706 50
      vertex -103.643 52.9099 8
      vertex -102.656 54.8706 8
    endloop
  endfacet
  facet normal 0.893316 -0.44943 0
    outer loop
      vertex -103.643 52.9099 8
      vertex -105.224 49.7674 50
      vertex -103.643 52.9099 -8
    endloop
  endfacet
  facet normal 0.893276 -0.449509 -7.42179e-06
    outer loop
      vertex -105.224 49.7674 50
      vertex -103.643 52.9099 8
      vertex -102.656 54.8706 50
    endloop
  endfacet
  facet normal 0.893212 -0.449636 0
    outer loop
      vertex -103.643 52.9099 -8
      vertex -102.656 54.8706 -50
      vertex -102.656 54.8706 -8
    endloop
  endfacet
  facet normal 0.893316 -0.44943 0
    outer loop
      vertex -105.224 49.7674 -50
      vertex -103.643 52.9099 -8
      vertex -105.224 49.7674 50
    endloop
  endfacet
  facet normal 0.893276 -0.449509 7.42179e-06
    outer loop
      vertex -103.643 52.9099 -8
      vertex -105.224 49.7674 -50
      vertex -102.656 54.8706 -50
    endloop
  endfacet
  facet normal -0.963766 0.26675 0
    outer loop
      vertex 111.388 -33.7891 -50
      vertex 112.912 -28.2829 50
      vertex 112.912 -28.2829 -50
    endloop
  endfacet
  facet normal -0.963766 0.26675 0
    outer loop
      vertex 112.912 -28.2829 50
      vertex 111.388 -33.7891 -50
      vertex 111.388 -33.7891 50
    endloop
  endfacet
  facet normal 0.26675 0.963766 -0
    outer loop
      vertex -28.2829 -112.912 -50
      vertex -33.7891 -111.388 50
      vertex -28.2829 -112.912 50
    endloop
  endfacet
  facet normal 0.26675 0.963766 0
    outer loop
      vertex -33.7891 -111.388 50
      vertex -28.2829 -112.912 -50
      vertex -33.7891 -111.388 -50
    endloop
  endfacet
  facet normal 0.171006 -0.98527 0
    outer loop
      vertex -22.7085 114.163 -50
      vertex -17.0794 115.14 50
      vertex -22.7085 114.163 50
    endloop
  endfacet
  facet normal 0.171006 -0.98527 0
    outer loop
      vertex -17.0794 115.14 50
      vertex -22.7085 114.163 -50
      vertex -17.0794 115.14 -50
    endloop
  endfacet
  facet normal -0.313659 -0.949536 0
    outer loop
      vertex 33.7891 111.388 -50
      vertex 39.214 109.596 50
      vertex 33.7891 111.388 50
    endloop
  endfacet
  facet normal -0.313659 -0.949536 -0
    outer loop
      vertex 39.214 109.596 50
      vertex 33.7891 111.388 -50
      vertex 39.214 109.596 -50
    endloop
  endfacet
  facet normal 0.997362 0.0725932 0
    outer loop
      vertex -116.26 -5.71148 50
      vertex -116.239 -6 8
      vertex -116.26 -5.71148 8
    endloop
  endfacet
  facet normal 0.997291 0.0735634 0
    outer loop
      vertex -116.239 -6 8
      vertex -115.84 -11.4092 50
      vertex -116.239 -6 -8
    endloop
  endfacet
  facet normal 0.997294 0.0735142 -6.36073e-06
    outer loop
      vertex -115.84 -11.4092 50
      vertex -116.239 -6 8
      vertex -116.26 -5.71148 50
    endloop
  endfacet
  facet normal 0.997362 0.0725932 0
    outer loop
      vertex -116.239 -6 -8
      vertex -116.26 -5.71148 -50
      vertex -116.26 -5.71148 -8
    endloop
  endfacet
  facet normal 0.997291 0.0735634 -0
    outer loop
      vertex -115.84 -11.4092 -50
      vertex -116.239 -6 -8
      vertex -115.84 -11.4092 50
    endloop
  endfacet
  facet normal 0.997294 0.0735142 6.36073e-06
    outer loop
      vertex -116.239 -6 -8
      vertex -115.84 -11.4092 -50
      vertex -116.26 -5.71148 -50
    endloop
  endfacet
  facet normal 0.98527 -0.171006 0
    outer loop
      vertex -115.14 17.0794 50
      vertex -114.163 22.7085 -50
      vertex -114.163 22.7085 50
    endloop
  endfacet
  facet normal 0.98527 -0.171006 0
    outer loop
      vertex -114.163 22.7085 -50
      vertex -115.14 17.0794 50
      vertex -115.14 17.0794 -50
    endloop
  endfacet
  facet normal 0.757211 0.653171 0
    outer loop
      vertex -86.2467 -78.1695 50
      vertex -89.9784 -73.8434 -50
      vertex -89.9784 -73.8434 50
    endloop
  endfacet
  facet normal 0.757211 0.653171 0
    outer loop
      vertex -89.9784 -73.8434 -50
      vertex -86.2467 -78.1695 50
      vertex -86.2467 -78.1695 -50
    endloop
  endfacet
  facet normal 0.0725932 0.997362 0
    outer loop
      vertex -5.71148 -116.26 -8
      vertex -5.71148 -116.26 -50
      vertex -6 -116.239 -8
    endloop
  endfacet
  facet normal 0.0725932 0.997362 0
    outer loop
      vertex -6 -116.239 8
      vertex -5.71148 -116.26 50
      vertex -5.71148 -116.26 8
    endloop
  endfacet
  facet normal 0.0735142 0.997294 -6.36073e-06
    outer loop
      vertex -5.71148 -116.26 50
      vertex -6 -116.239 8
      vertex -11.4092 -115.84 50
    endloop
  endfacet
  facet normal 0.0735634 0.997291 -0
    outer loop
      vertex -6 -116.239 -8
      vertex -11.4092 -115.84 50
      vertex -6 -116.239 8
    endloop
  endfacet
  facet normal 0.0735142 0.997294 6.36073e-06
    outer loop
      vertex -11.4092 -115.84 -50
      vertex -6 -116.239 -8
      vertex -5.71148 -116.26 -50
    endloop
  endfacet
  facet normal 0.0735634 0.997291 0
    outer loop
      vertex -6 -116.239 -8
      vertex -11.4092 -115.84 -50
      vertex -11.4092 -115.84 50
    endloop
  endfacet
  facet normal 0.933 0.359876 0
    outer loop
      vertex -107.54 -44.5443 50
      vertex -109.596 -39.214 -50
      vertex -109.596 -39.214 50
    endloop
  endfacet
  facet normal 0.933 0.359876 0
    outer loop
      vertex -109.596 -39.214 -50
      vertex -107.54 -44.5443 50
      vertex -107.54 -44.5443 -50
    endloop
  endfacet
  facet normal -0.992466 0.122522 0
    outer loop
      vertex 115.14 -17.0794 -50
      vertex 115.84 -11.4092 50
      vertex 115.84 -11.4092 -50
    endloop
  endfacet
  facet normal -0.992466 0.122522 0
    outer loop
      vertex 115.84 -11.4092 50
      vertex 115.14 -17.0794 -50
      vertex 115.14 -17.0794 50
    endloop
  endfacet
  facet normal -0.933 -0.359876 0
    outer loop
      vertex 109.596 39.214 -50
      vertex 107.54 44.5443 50
      vertex 107.54 44.5443 -50
    endloop
  endfacet
  facet normal -0.933 -0.359876 0
    outer loop
      vertex 107.54 44.5443 50
      vertex 109.596 39.214 -50
      vertex 109.596 39.214 50
    endloop
  endfacet
  facet normal -0.72424 0.689548 0
    outer loop
      vertex 82.3072 -82.3072 -50
      vertex 86.2467 -78.1695 50
      vertex 86.2467 -78.1695 -50
    endloop
  endfacet
  facet normal -0.72424 0.689548 0
    outer loop
      vertex 86.2467 -78.1695 50
      vertex 82.3072 -82.3072 -50
      vertex 82.3072 -82.3072 50
    endloop
  endfacet
  facet normal 0.72424 0.689548 0
    outer loop
      vertex -82.3072 -82.3072 50
      vertex -86.2467 -78.1695 -50
      vertex -86.2467 -78.1695 50
    endloop
  endfacet
  facet normal 0.72424 0.689548 0
    outer loop
      vertex -86.2467 -78.1695 -50
      vertex -82.3072 -82.3072 50
      vertex -82.3072 -82.3072 -50
    endloop
  endfacet
  facet normal -0.757211 0.653171 0
    outer loop
      vertex 86.2467 -78.1695 -50
      vertex 89.9784 -73.8434 50
      vertex 89.9784 -73.8434 -50
    endloop
  endfacet
  facet normal -0.757211 0.653171 0
    outer loop
      vertex 89.9784 -73.8434 50
      vertex 86.2467 -78.1695 -50
      vertex 86.2467 -78.1695 50
    endloop
  endfacet
  facet normal -0.87006 0.492946 0
    outer loop
      vertex 99.8396 -59.8416 8
      vertex 102.656 -54.8706 50
      vertex 102.656 -54.8706 8
    endloop
  endfacet
  facet normal -0.87006 0.492946 0
    outer loop
      vertex 102.656 -54.8706 50
      vertex 99.8396 -59.8416 8
      vertex 99.8396 -59.8416 50
    endloop
  endfacet
  facet normal -0.87006 0.492946 0
    outer loop
      vertex 99.8396 -59.8416 -50
      vertex 102.656 -54.8706 -8
      vertex 102.656 -54.8706 -50
    endloop
  endfacet
  facet normal -0.87006 0.492946 0
    outer loop
      vertex 102.656 -54.8706 -8
      vertex 99.8396 -59.8416 -50
      vertex 99.8396 -59.8416 -8
    endloop
  endfacet
  facet normal 0.653171 -0.757211 0
    outer loop
      vertex -78.1695 86.2467 -50
      vertex -73.8434 89.9784 50
      vertex -78.1695 86.2467 50
    endloop
  endfacet
  facet normal 0.653171 -0.757211 0
    outer loop
      vertex -73.8434 89.9784 50
      vertex -78.1695 86.2467 -50
      vertex -73.8434 89.9784 -50
    endloop
  endfacet
  facet normal 0.534994 0.844856 0
    outer loop
      vertex -59.8416 -99.8396 -8
      vertex -59.8416 -99.8396 -50
      vertex -63.3046 -97.6467 -8
    endloop
  endfacet
  facet normal 0.534994 0.844856 0
    outer loop
      vertex -63.3046 -97.6467 8
      vertex -59.8416 -99.8396 50
      vertex -59.8416 -99.8396 8
    endloop
  endfacet
  facet normal 0.534993 0.844857 1.25941e-07
    outer loop
      vertex -59.8416 -99.8396 50
      vertex -63.3046 -97.6467 8
      vertex -64.6684 -96.7831 50
    endloop
  endfacet
  facet normal 0.53499 0.844858 -0
    outer loop
      vertex -63.3046 -97.6467 -8
      vertex -64.6684 -96.7831 50
      vertex -63.3046 -97.6467 8
    endloop
  endfacet
  facet normal 0.53499 0.844858 0
    outer loop
      vertex -63.3046 -97.6467 -8
      vertex -64.6684 -96.7831 -50
      vertex -64.6684 -96.7831 50
    endloop
  endfacet
  facet normal 0.534993 0.844857 -1.25941e-07
    outer loop
      vertex -64.6684 -96.7831 -50
      vertex -63.3046 -97.6467 -8
      vertex -59.8416 -99.8396 -50
    endloop
  endfacet
  facet normal 0.449509 0.893276 -7.42179e-06
    outer loop
      vertex -49.7674 -105.224 50
      vertex -52.9099 -103.643 8
      vertex -54.8706 -102.656 50
    endloop
  endfacet
  facet normal 0.44943 0.893316 0
    outer loop
      vertex -49.7674 -105.224 50
      vertex -52.9099 -103.643 -8
      vertex -52.9099 -103.643 8
    endloop
  endfacet
  facet normal 0.44943 0.893316 -0
    outer loop
      vertex -49.7674 -105.224 -50
      vertex -52.9099 -103.643 -8
      vertex -49.7674 -105.224 50
    endloop
  endfacet
  facet normal 0.449509 0.893276 7.42179e-06
    outer loop
      vertex -54.8706 -102.656 -50
      vertex -52.9099 -103.643 -8
      vertex -49.7674 -105.224 -50
    endloop
  endfacet
  facet normal 0.449636 0.893212 0
    outer loop
      vertex -52.9099 -103.643 -8
      vertex -54.8706 -102.656 -50
      vertex -54.8706 -102.656 -8
    endloop
  endfacet
  facet normal 0.449636 0.893212 0
    outer loop
      vertex -54.8706 -102.656 50
      vertex -52.9099 -103.643 8
      vertex -54.8706 -102.656 8
    endloop
  endfacet
  facet normal -0.534993 0.844857 1.25941e-07
    outer loop
      vertex 64.6684 -96.7831 50
      vertex 63.3046 -97.6467 8
      vertex 59.8416 -99.8396 50
    endloop
  endfacet
  facet normal -0.53499 0.844858 0
    outer loop
      vertex 64.6684 -96.7831 50
      vertex 63.3046 -97.6467 -8
      vertex 63.3046 -97.6467 8
    endloop
  endfacet
  facet normal -0.53499 0.844858 0
    outer loop
      vertex 64.6684 -96.7831 -50
      vertex 63.3046 -97.6467 -8
      vertex 64.6684 -96.7831 50
    endloop
  endfacet
  facet normal -0.534993 0.844857 -1.25941e-07
    outer loop
      vertex 59.8416 -99.8396 -50
      vertex 63.3046 -97.6467 -8
      vertex 64.6684 -96.7831 -50
    endloop
  endfacet
  facet normal -0.534994 0.844856 0
    outer loop
      vertex 63.3046 -97.6467 -8
      vertex 59.8416 -99.8396 -50
      vertex 59.8416 -99.8396 -8
    endloop
  endfacet
  facet normal -0.534994 0.844856 0
    outer loop
      vertex 59.8416 -99.8396 50
      vertex 63.3046 -97.6467 8
      vertex 59.8416 -99.8396 8
    endloop
  endfacet
  facet normal -0.218972 0.975731 0
    outer loop
      vertex 28.2829 -112.912 -50
      vertex 22.7085 -114.163 50
      vertex 28.2829 -112.912 50
    endloop
  endfacet
  facet normal -0.218972 0.975731 0
    outer loop
      vertex 22.7085 -114.163 50
      vertex 28.2829 -112.912 -50
      vertex 22.7085 -114.163 -50
    endloop
  endfacet
  facet normal -0.949536 0.313659 0
    outer loop
      vertex 109.596 -39.214 -50
      vertex 111.388 -33.7891 50
      vertex 111.388 -33.7891 -50
    endloop
  endfacet
  facet normal -0.949536 0.313659 0
    outer loop
      vertex 111.388 -33.7891 50
      vertex 109.596 -39.214 -50
      vertex 109.596 -39.214 50
    endloop
  endfacet
  facet normal -0.359876 -0.933 0
    outer loop
      vertex 39.214 109.596 -50
      vertex 44.5443 107.54 50
      vertex 39.214 109.596 50
    endloop
  endfacet
  facet normal -0.359876 -0.933 -0
    outer loop
      vertex 44.5443 107.54 50
      vertex 39.214 109.596 -50
      vertex 44.5443 107.54 -50
    endloop
  endfacet
  facet normal -0.171006 -0.98527 0
    outer loop
      vertex 17.0794 115.14 -50
      vertex 22.7085 114.163 50
      vertex 17.0794 115.14 50
    endloop
  endfacet
  facet normal -0.171006 -0.98527 -0
    outer loop
      vertex 22.7085 114.163 50
      vertex 17.0794 115.14 -50
      vertex 22.7085 114.163 -50
    endloop
  endfacet
  facet normal 0.9997 -0.0245047 0
    outer loop
      vertex -116.4 0 50
      vertex -116.26 5.71148 8
      vertex -116.26 5.71148 50
    endloop
  endfacet
  facet normal 0.9997 -0.0245047 0
    outer loop
      vertex -116.26 5.71148 8
      vertex -116.4 0 50
      vertex -116.4 0 8
    endloop
  endfacet
  facet normal 0.9997 -0.0245047 0
    outer loop
      vertex -116.4 0 -8
      vertex -116.26 5.71148 -50
      vertex -116.26 5.71148 -8
    endloop
  endfacet
  facet normal 0.9997 -0.0245047 0
    outer loop
      vertex -116.26 5.71148 -50
      vertex -116.4 0 -8
      vertex -116.4 0 -50
    endloop
  endfacet
  facet normal 0.313659 -0.949536 0
    outer loop
      vertex -39.214 109.596 -50
      vertex -33.7891 111.388 50
      vertex -39.214 109.596 50
    endloop
  endfacet
  facet normal 0.313659 -0.949536 0
    outer loop
      vertex -33.7891 111.388 50
      vertex -39.214 109.596 -50
      vertex -33.7891 111.388 -50
    endloop
  endfacet
  facet normal 0.449636 -0.893212 0
    outer loop
      vertex -54.8706 102.656 -8
      vertex -54.8706 102.656 -50
      vertex -52.9099 103.643 -8
    endloop
  endfacet
  facet normal 0.449636 -0.893212 0
    outer loop
      vertex -52.9099 103.643 8
      vertex -54.8706 102.656 50
      vertex -54.8706 102.656 8
    endloop
  endfacet
  facet normal 0.449509 -0.893276 -7.42179e-06
    outer loop
      vertex -54.8706 102.656 50
      vertex -52.9099 103.643 8
      vertex -49.7674 105.224 50
    endloop
  endfacet
  facet normal 0.44943 -0.893316 0
    outer loop
      vertex -52.9099 103.643 -8
      vertex -49.7674 105.224 50
      vertex -52.9099 103.643 8
    endloop
  endfacet
  facet normal 0.449509 -0.893276 7.42179e-06
    outer loop
      vertex -49.7674 105.224 -50
      vertex -52.9099 103.643 -8
      vertex -54.8706 102.656 -50
    endloop
  endfacet
  facet normal 0.44943 -0.893316 0
    outer loop
      vertex -52.9099 103.643 -8
      vertex -49.7674 105.224 -50
      vertex -49.7674 105.224 50
    endloop
  endfacet
  facet normal 0.844856 0.534994 0
    outer loop
      vertex -99.8396 -59.8416 50
      vertex -97.6467 -63.3046 8
      vertex -99.8396 -59.8416 8
    endloop
  endfacet
  facet normal 0.844858 0.53499 0
    outer loop
      vertex -97.6467 -63.3046 8
      vertex -96.7831 -64.6684 50
      vertex -97.6467 -63.3046 -8
    endloop
  endfacet
  facet normal 0.844857 0.534993 1.25941e-07
    outer loop
      vertex -96.7831 -64.6684 50
      vertex -97.6467 -63.3046 8
      vertex -99.8396 -59.8416 50
    endloop
  endfacet
  facet normal 0.844856 0.534994 0
    outer loop
      vertex -97.6467 -63.3046 -8
      vertex -99.8396 -59.8416 -50
      vertex -99.8396 -59.8416 -8
    endloop
  endfacet
  facet normal 0.844857 0.534993 -1.25941e-07
    outer loop
      vertex -97.6467 -63.3046 -8
      vertex -96.7831 -64.6684 -50
      vertex -99.8396 -59.8416 -50
    endloop
  endfacet
  facet normal 0.844858 0.53499 -0
    outer loop
      vertex -96.7831 -64.6684 -50
      vertex -97.6467 -63.3046 -8
      vertex -96.7831 -64.6684 50
    endloop
  endfacet
  facet normal 0.653171 0.757211 -0
    outer loop
      vertex -73.8434 -89.9784 -50
      vertex -78.1695 -86.2467 50
      vertex -73.8434 -89.9784 50
    endloop
  endfacet
  facet normal 0.653171 0.757211 0
    outer loop
      vertex -78.1695 -86.2467 50
      vertex -73.8434 -89.9784 -50
      vertex -78.1695 -86.2467 -50
    endloop
  endfacet
  facet normal -0.689548 -0.72424 0
    outer loop
      vertex 78.1695 86.2467 -50
      vertex 82.3072 82.3072 50
      vertex 78.1695 86.2467 50
    endloop
  endfacet
  facet normal -0.689548 -0.72424 -0
    outer loop
      vertex 82.3072 82.3072 50
      vertex 78.1695 86.2467 -50
      vertex 82.3072 82.3072 -50
    endloop
  endfacet
  facet normal -0.122522 0.992466 0
    outer loop
      vertex 17.0794 -115.14 -50
      vertex 11.4092 -115.84 50
      vertex 17.0794 -115.14 50
    endloop
  endfacet
  facet normal -0.122522 0.992466 0
    outer loop
      vertex 11.4092 -115.84 50
      vertex 17.0794 -115.14 -50
      vertex 11.4092 -115.84 -50
    endloop
  endfacet
  facet normal -0.817584 -0.575809 0
    outer loop
      vertex 96.7831 64.6684 -50
      vertex 93.4934 69.3394 50
      vertex 93.4934 69.3394 -50
    endloop
  endfacet
  facet normal -0.817584 -0.575809 0
    outer loop
      vertex 93.4934 69.3394 50
      vertex 96.7831 64.6684 -50
      vertex 96.7831 64.6684 50
    endloop
  endfacet
  facet normal 0.992466 0.122522 0
    outer loop
      vertex -115.14 -17.0794 50
      vertex -115.84 -11.4092 -50
      vertex -115.84 -11.4092 50
    endloop
  endfacet
  facet normal 0.992466 0.122522 0
    outer loop
      vertex -115.84 -11.4092 -50
      vertex -115.14 -17.0794 50
      vertex -115.14 -17.0794 -50
    endloop
  endfacet
  facet normal -0.689548 0.72424 0
    outer loop
      vertex 82.3072 -82.3072 -50
      vertex 78.1695 -86.2467 50
      vertex 82.3072 -82.3072 50
    endloop
  endfacet
  facet normal -0.689548 0.72424 0
    outer loop
      vertex 78.1695 -86.2467 50
      vertex 82.3072 -82.3072 -50
      vertex 78.1695 -86.2467 -50
    endloop
  endfacet
  facet normal -0.405352 -0.914161 0
    outer loop
      vertex 44.5443 107.54 -50
      vertex 49.7674 105.224 50
      vertex 44.5443 107.54 50
    endloop
  endfacet
  facet normal -0.405352 -0.914161 -0
    outer loop
      vertex 49.7674 105.224 50
      vertex 44.5443 107.54 -50
      vertex 49.7674 105.224 -50
    endloop
  endfacet
  facet normal -0.653171 0.757211 0
    outer loop
      vertex 78.1695 -86.2467 -50
      vertex 73.8434 -89.9784 50
      vertex 78.1695 -86.2467 50
    endloop
  endfacet
  facet normal -0.653171 0.757211 0
    outer loop
      vertex 73.8434 -89.9784 50
      vertex 78.1695 -86.2467 -50
      vertex 73.8434 -89.9784 -50
    endloop
  endfacet
  facet normal 0.122522 -0.992466 0
    outer loop
      vertex -17.0794 115.14 -50
      vertex -11.4092 115.84 50
      vertex -17.0794 115.14 50
    endloop
  endfacet
  facet normal 0.122522 -0.992466 0
    outer loop
      vertex -11.4092 115.84 50
      vertex -17.0794 115.14 -50
      vertex -11.4092 115.84 -50
    endloop
  endfacet
  facet normal -0.98527 -0.171006 0
    outer loop
      vertex 115.14 17.0794 -50
      vertex 114.163 22.7085 50
      vertex 114.163 22.7085 -50
    endloop
  endfacet
  facet normal -0.98527 -0.171006 0
    outer loop
      vertex 114.163 22.7085 50
      vertex 115.14 17.0794 -50
      vertex 115.14 17.0794 50
    endloop
  endfacet
  facet normal 0.359876 0.933 -0
    outer loop
      vertex -39.214 -109.596 -50
      vertex -44.5443 -107.54 50
      vertex -39.214 -109.596 50
    endloop
  endfacet
  facet normal 0.359876 0.933 0
    outer loop
      vertex -44.5443 -107.54 50
      vertex -39.214 -109.596 -50
      vertex -44.5443 -107.54 -50
    endloop
  endfacet
  facet normal 0.313659 0.949536 -0
    outer loop
      vertex -33.7891 -111.388 -50
      vertex -39.214 -109.596 50
      vertex -33.7891 -111.388 50
    endloop
  endfacet
  facet normal 0.313659 0.949536 0
    outer loop
      vertex -39.214 -109.596 50
      vertex -33.7891 -111.388 -50
      vertex -39.214 -109.596 -50
    endloop
  endfacet
  facet normal -0.997362 0.0725932 0
    outer loop
      vertex 116.26 -5.71148 -50
      vertex 116.239 -6 -8
      vertex 116.26 -5.71148 -8
    endloop
  endfacet
  facet normal -0.997291 0.0735634 0
    outer loop
      vertex 116.239 -6 -8
      vertex 115.84 -11.4092 -50
      vertex 116.239 -6 8
    endloop
  endfacet
  facet normal -0.997294 0.0735142 6.36073e-06
    outer loop
      vertex 115.84 -11.4092 -50
      vertex 116.239 -6 -8
      vertex 116.26 -5.71148 -50
    endloop
  endfacet
  facet normal -0.997362 0.0725932 0
    outer loop
      vertex 116.239 -6 8
      vertex 116.26 -5.71148 50
      vertex 116.26 -5.71148 8
    endloop
  endfacet
  facet normal -0.997291 0.0735634 0
    outer loop
      vertex 115.84 -11.4092 50
      vertex 116.239 -6 8
      vertex 115.84 -11.4092 -50
    endloop
  endfacet
  facet normal -0.997294 0.0735142 -6.36073e-06
    outer loop
      vertex 116.239 -6 8
      vertex 115.84 -11.4092 50
      vertex 116.26 -5.71148 50
    endloop
  endfacet
  facet normal -0.9997 0.0245047 0
    outer loop
      vertex 116.26 -5.71148 8
      vertex 116.4 0 50
      vertex 116.4 0 8
    endloop
  endfacet
  facet normal -0.9997 0.0245047 0
    outer loop
      vertex 116.4 0 50
      vertex 116.26 -5.71148 8
      vertex 116.26 -5.71148 50
    endloop
  endfacet
  facet normal -0.9997 0.0245047 0
    outer loop
      vertex 116.26 -5.71148 -50
      vertex 116.4 0 -8
      vertex 116.4 0 -50
    endloop
  endfacet
  facet normal -0.9997 0.0245047 0
    outer loop
      vertex 116.4 0 -8
      vertex 116.26 -5.71148 -50
      vertex 116.26 -5.71148 -8
    endloop
  endfacet
  facet normal 0.0245047 -0.9997 0
    outer loop
      vertex -5.71148 116.26 8
      vertex 0 116.4 50
      vertex -5.71148 116.26 50
    endloop
  endfacet
  facet normal 0.0245047 -0.9997 0
    outer loop
      vertex 0 116.4 50
      vertex -5.71148 116.26 8
      vertex 0 116.4 8
    endloop
  endfacet
  facet normal 0.0245047 -0.9997 0
    outer loop
      vertex -5.71148 116.26 -50
      vertex 0 116.4 -8
      vertex -5.71148 116.26 -8
    endloop
  endfacet
  facet normal 0.0245047 -0.9997 0
    outer loop
      vertex 0 116.4 -8
      vertex -5.71148 116.26 -50
      vertex 0 116.4 -50
    endloop
  endfacet
  facet normal 0.359876 -0.933 0
    outer loop
      vertex -44.5443 107.54 -50
      vertex -39.214 109.596 50
      vertex -44.5443 107.54 50
    endloop
  endfacet
  facet normal 0.359876 -0.933 0
    outer loop
      vertex -39.214 109.596 50
      vertex -44.5443 107.54 -50
      vertex -39.214 109.596 -50
    endloop
  endfacet
  facet normal 0.949536 -0.313659 0
    outer loop
      vertex -111.388 33.7891 50
      vertex -109.596 39.214 -50
      vertex -109.596 39.214 50
    endloop
  endfacet
  facet normal 0.949536 -0.313659 0
    outer loop
      vertex -109.596 39.214 -50
      vertex -111.388 33.7891 50
      vertex -111.388 33.7891 -50
    endloop
  endfacet
  facet normal 0.997291 -0.0735634 0
    outer loop
      vertex -115.84 11.4092 50
      vertex -116.239 6 8
      vertex -115.84 11.4092 -50
    endloop
  endfacet
  facet normal 0.997294 -0.0735142 -6.36073e-06
    outer loop
      vertex -116.26 5.71148 50
      vertex -116.239 6 8
      vertex -115.84 11.4092 50
    endloop
  endfacet
  facet normal 0.997362 -0.0725932 0
    outer loop
      vertex -116.239 6 8
      vertex -116.26 5.71148 50
      vertex -116.26 5.71148 8
    endloop
  endfacet
  facet normal 0.997291 -0.0735634 0
    outer loop
      vertex -116.239 6 -8
      vertex -115.84 11.4092 -50
      vertex -116.239 6 8
    endloop
  endfacet
  facet normal 0.997362 -0.0725932 0
    outer loop
      vertex -116.26 5.71148 -50
      vertex -116.239 6 -8
      vertex -116.26 5.71148 -8
    endloop
  endfacet
  facet normal 0.997294 -0.0735142 6.36073e-06
    outer loop
      vertex -116.239 6 -8
      vertex -116.26 5.71148 -50
      vertex -115.84 11.4092 -50
    endloop
  endfacet
  facet normal -0.914161 -0.405352 0
    outer loop
      vertex 107.54 44.5443 -50
      vertex 105.224 49.7674 50
      vertex 105.224 49.7674 -50
    endloop
  endfacet
  facet normal -0.914161 -0.405352 0
    outer loop
      vertex 105.224 49.7674 50
      vertex 107.54 44.5443 -50
      vertex 107.54 44.5443 50
    endloop
  endfacet
  facet normal 0.975731 0.218972 0
    outer loop
      vertex -112.912 -28.2829 50
      vertex -114.163 -22.7085 -50
      vertex -114.163 -22.7085 50
    endloop
  endfacet
  facet normal 0.975731 0.218972 0
    outer loop
      vertex -114.163 -22.7085 -50
      vertex -112.912 -28.2829 50
      vertex -112.912 -28.2829 -50
    endloop
  endfacet
  facet normal -0.975731 -0.218972 0
    outer loop
      vertex 114.163 22.7085 -50
      vertex 112.912 28.2829 50
      vertex 112.912 28.2829 -50
    endloop
  endfacet
  facet normal -0.975731 -0.218972 0
    outer loop
      vertex 112.912 28.2829 50
      vertex 114.163 22.7085 -50
      vertex 114.163 22.7085 50
    endloop
  endfacet
  facet normal -0.26675 -0.963766 0
    outer loop
      vertex 28.2829 112.912 -50
      vertex 33.7891 111.388 50
      vertex 28.2829 112.912 50
    endloop
  endfacet
  facet normal -0.26675 -0.963766 -0
    outer loop
      vertex 33.7891 111.388 50
      vertex 28.2829 112.912 -50
      vertex 33.7891 111.388 -50
    endloop
  endfacet
  facet normal -0.72424 -0.689548 0
    outer loop
      vertex 86.2467 78.1695 -50
      vertex 82.3072 82.3072 50
      vertex 82.3072 82.3072 -50
    endloop
  endfacet
  facet normal -0.72424 -0.689548 0
    outer loop
      vertex 82.3072 82.3072 50
      vertex 86.2467 78.1695 -50
      vertex 86.2467 78.1695 50
    endloop
  endfacet
  facet normal -0.963766 -0.26675 0
    outer loop
      vertex 112.912 28.2829 -50
      vertex 111.388 33.7891 50
      vertex 111.388 33.7891 -50
    endloop
  endfacet
  facet normal -0.963766 -0.26675 0
    outer loop
      vertex 111.388 33.7891 50
      vertex 112.912 28.2829 -50
      vertex 112.912 28.2829 50
    endloop
  endfacet
  facet normal -0.359876 0.933 0
    outer loop
      vertex 44.5443 -107.54 -50
      vertex 39.214 -109.596 50
      vertex 44.5443 -107.54 50
    endloop
  endfacet
  facet normal -0.359876 0.933 0
    outer loop
      vertex 39.214 -109.596 50
      vertex 44.5443 -107.54 -50
      vertex 39.214 -109.596 -50
    endloop
  endfacet
  facet normal -0.534994 -0.844856 -0
    outer loop
      vertex 59.8416 99.8396 -8
      vertex 59.8416 99.8396 -50
      vertex 63.3046 97.6467 -8
    endloop
  endfacet
  facet normal -0.534994 -0.844856 0
    outer loop
      vertex 63.3046 97.6467 8
      vertex 59.8416 99.8396 50
      vertex 59.8416 99.8396 8
    endloop
  endfacet
  facet normal -0.534993 -0.844857 1.25941e-07
    outer loop
      vertex 59.8416 99.8396 50
      vertex 63.3046 97.6467 8
      vertex 64.6684 96.7831 50
    endloop
  endfacet
  facet normal -0.53499 -0.844858 0
    outer loop
      vertex 63.3046 97.6467 -8
      vertex 64.6684 96.7831 50
      vertex 63.3046 97.6467 8
    endloop
  endfacet
  facet normal -0.53499 -0.844858 0
    outer loop
      vertex 63.3046 97.6467 -8
      vertex 64.6684 96.7831 -50
      vertex 64.6684 96.7831 50
    endloop
  endfacet
  facet normal -0.534993 -0.844857 -1.25941e-07
    outer loop
      vertex 64.6684 96.7831 -50
      vertex 63.3046 97.6467 -8
      vertex 59.8416 99.8396 -50
    endloop
  endfacet
  facet normal 0.0245047 0.9997 -0
    outer loop
      vertex 0 -116.4 8
      vertex -5.71148 -116.26 50
      vertex 0 -116.4 50
    endloop
  endfacet
  facet normal 0.0245047 0.9997 0
    outer loop
      vertex -5.71148 -116.26 50
      vertex 0 -116.4 8
      vertex -5.71148 -116.26 8
    endloop
  endfacet
  facet normal 0.0245047 0.9997 -0
    outer loop
      vertex 0 -116.4 -50
      vertex -5.71148 -116.26 -8
      vertex 0 -116.4 -8
    endloop
  endfacet
  facet normal 0.0245047 0.9997 0
    outer loop
      vertex -5.71148 -116.26 -8
      vertex 0 -116.4 -50
      vertex -5.71148 -116.26 -50
    endloop
  endfacet
  facet normal -0.817584 0.575809 0
    outer loop
      vertex 93.4934 -69.3394 -50
      vertex 96.7831 -64.6684 50
      vertex 96.7831 -64.6684 -50
    endloop
  endfacet
  facet normal -0.817584 0.575809 0
    outer loop
      vertex 96.7831 -64.6684 50
      vertex 93.4934 -69.3394 -50
      vertex 93.4934 -69.3394 50
    endloop
  endfacet
  facet normal 0.0735142 -0.997294 -6.36073e-06
    outer loop
      vertex -11.4092 115.84 50
      vertex -6 116.239 8
      vertex -5.71148 116.26 50
    endloop
  endfacet
  facet normal 0.0735634 -0.997291 0
    outer loop
      vertex -11.4092 115.84 50
      vertex -6 116.239 -8
      vertex -6 116.239 8
    endloop
  endfacet
  facet normal 0.0735634 -0.997291 0
    outer loop
      vertex -11.4092 115.84 -50
      vertex -6 116.239 -8
      vertex -11.4092 115.84 50
    endloop
  endfacet
  facet normal 0.0735142 -0.997294 6.36073e-06
    outer loop
      vertex -5.71148 116.26 -50
      vertex -6 116.239 -8
      vertex -11.4092 115.84 -50
    endloop
  endfacet
  facet normal 0.0725932 -0.997362 0
    outer loop
      vertex -6 116.239 -8
      vertex -5.71148 116.26 -50
      vertex -5.71148 116.26 -8
    endloop
  endfacet
  facet normal 0.0725932 -0.997362 0
    outer loop
      vertex -5.71148 116.26 50
      vertex -6 116.239 8
      vertex -5.71148 116.26 8
    endloop
  endfacet
  facet normal -0.218972 -0.975731 0
    outer loop
      vertex 22.7085 114.163 -50
      vertex 28.2829 112.912 50
      vertex 22.7085 114.163 50
    endloop
  endfacet
  facet normal -0.218972 -0.975731 -0
    outer loop
      vertex 28.2829 112.912 50
      vertex 22.7085 114.163 -50
      vertex 28.2829 112.912 -50
    endloop
  endfacet
  facet normal -0.615236 -0.788343 0
    outer loop
      vertex 69.3394 93.4934 -50
      vertex 73.8434 89.9784 50
      vertex 69.3394 93.4934 50
    endloop
  endfacet
  facet normal -0.615236 -0.788343 -0
    outer loop
      vertex 73.8434 89.9784 50
      vertex 69.3394 93.4934 -50
      vertex 73.8434 89.9784 -50
    endloop
  endfacet
  facet normal 0.689548 -0.72424 0
    outer loop
      vertex -82.3072 82.3072 -50
      vertex -78.1695 86.2467 50
      vertex -82.3072 82.3072 50
    endloop
  endfacet
  facet normal 0.689548 -0.72424 0
    outer loop
      vertex -78.1695 86.2467 50
      vertex -82.3072 82.3072 -50
      vertex -78.1695 86.2467 -50
    endloop
  endfacet
  facet normal -0.933 0.359876 0
    outer loop
      vertex 107.54 -44.5443 -50
      vertex 109.596 -39.214 50
      vertex 109.596 -39.214 -50
    endloop
  endfacet
  facet normal -0.933 0.359876 0
    outer loop
      vertex 109.596 -39.214 50
      vertex 107.54 -44.5443 -50
      vertex 107.54 -44.5443 50
    endloop
  endfacet
  facet normal 0.9997 0.0245047 0
    outer loop
      vertex -116.26 -5.71148 50
      vertex -116.4 0 8
      vertex -116.4 0 50
    endloop
  endfacet
  facet normal 0.9997 0.0245047 0
    outer loop
      vertex -116.4 0 8
      vertex -116.26 -5.71148 50
      vertex -116.26 -5.71148 8
    endloop
  endfacet
  facet normal 0.9997 0.0245047 0
    outer loop
      vertex -116.26 -5.71148 -8
      vertex -116.4 0 -50
      vertex -116.4 0 -8
    endloop
  endfacet
  facet normal 0.9997 0.0245047 0
    outer loop
      vertex -116.4 0 -50
      vertex -116.26 -5.71148 -8
      vertex -116.26 -5.71148 -50
    endloop
  endfacet
  facet normal 0.817584 -0.575809 0
    outer loop
      vertex -96.7831 64.6684 50
      vertex -93.4934 69.3394 -50
      vertex -93.4934 69.3394 50
    endloop
  endfacet
  facet normal 0.817584 -0.575809 0
    outer loop
      vertex -93.4934 69.3394 -50
      vertex -96.7831 64.6684 50
      vertex -96.7831 64.6684 -50
    endloop
  endfacet
  facet normal -0.449636 0.893212 0
    outer loop
      vertex 54.8706 -102.656 -8
      vertex 54.8706 -102.656 -50
      vertex 52.9099 -103.643 -8
    endloop
  endfacet
  facet normal -0.449636 0.893212 0
    outer loop
      vertex 52.9099 -103.643 8
      vertex 54.8706 -102.656 50
      vertex 54.8706 -102.656 8
    endloop
  endfacet
  facet normal -0.449509 0.893276 -7.42179e-06
    outer loop
      vertex 54.8706 -102.656 50
      vertex 52.9099 -103.643 8
      vertex 49.7674 -105.224 50
    endloop
  endfacet
  facet normal -0.44943 0.893316 0
    outer loop
      vertex 52.9099 -103.643 -8
      vertex 49.7674 -105.224 50
      vertex 52.9099 -103.643 8
    endloop
  endfacet
  facet normal -0.449509 0.893276 7.42179e-06
    outer loop
      vertex 49.7674 -105.224 -50
      vertex 52.9099 -103.643 -8
      vertex 54.8706 -102.656 -50
    endloop
  endfacet
  facet normal -0.44943 0.893316 0
    outer loop
      vertex 52.9099 -103.643 -8
      vertex 49.7674 -105.224 -50
      vertex 49.7674 -105.224 50
    endloop
  endfacet
  facet normal 0.405352 0.914161 -0
    outer loop
      vertex -44.5443 -107.54 -50
      vertex -49.7674 -105.224 50
      vertex -44.5443 -107.54 50
    endloop
  endfacet
  facet normal 0.405352 0.914161 0
    outer loop
      vertex -49.7674 -105.224 50
      vertex -44.5443 -107.54 -50
      vertex -49.7674 -105.224 -50
    endloop
  endfacet
  facet normal 0.87006 0.492946 0
    outer loop
      vertex -99.8396 -59.8416 50
      vertex -102.656 -54.8706 8
      vertex -102.656 -54.8706 50
    endloop
  endfacet
  facet normal 0.87006 0.492946 0
    outer loop
      vertex -102.656 -54.8706 8
      vertex -99.8396 -59.8416 50
      vertex -99.8396 -59.8416 8
    endloop
  endfacet
  facet normal 0.87006 0.492946 0
    outer loop
      vertex -99.8396 -59.8416 -8
      vertex -102.656 -54.8706 -50
      vertex -102.656 -54.8706 -8
    endloop
  endfacet
  facet normal 0.87006 0.492946 0
    outer loop
      vertex -102.656 -54.8706 -50
      vertex -99.8396 -59.8416 -8
      vertex -99.8396 -59.8416 -50
    endloop
  endfacet
  facet normal -0.615236 0.788343 0
    outer loop
      vertex 73.8434 -89.9784 -50
      vertex 69.3394 -93.4934 50
      vertex 73.8434 -89.9784 50
    endloop
  endfacet
  facet normal -0.615236 0.788343 0
    outer loop
      vertex 69.3394 -93.4934 50
      vertex 73.8434 -89.9784 -50
      vertex 69.3394 -93.4934 -50
    endloop
  endfacet
  facet normal -0.0245047 -0.9997 0
    outer loop
      vertex 0 116.4 8
      vertex 5.71148 116.26 50
      vertex 0 116.4 50
    endloop
  endfacet
  facet normal -0.0245047 -0.9997 -0
    outer loop
      vertex 5.71148 116.26 50
      vertex 0 116.4 8
      vertex 5.71148 116.26 8
    endloop
  endfacet
  facet normal -0.0245047 -0.9997 0
    outer loop
      vertex 0 116.4 -50
      vertex 5.71148 116.26 -8
      vertex 0 116.4 -8
    endloop
  endfacet
  facet normal -0.0245047 -0.9997 -0
    outer loop
      vertex 5.71148 116.26 -8
      vertex 0 116.4 -50
      vertex 5.71148 116.26 -50
    endloop
  endfacet
  facet normal -0.0725932 -0.997362 -0
    outer loop
      vertex 5.71148 116.26 -8
      vertex 5.71148 116.26 -50
      vertex 6 116.239 -8
    endloop
  endfacet
  facet normal -0.0725932 -0.997362 0
    outer loop
      vertex 6 116.239 8
      vertex 5.71148 116.26 50
      vertex 5.71148 116.26 8
    endloop
  endfacet
  facet normal -0.0735142 -0.997294 -6.36073e-06
    outer loop
      vertex 5.71148 116.26 50
      vertex 6 116.239 8
      vertex 11.4092 115.84 50
    endloop
  endfacet
  facet normal -0.0735634 -0.997291 0
    outer loop
      vertex 6 116.239 -8
      vertex 11.4092 115.84 50
      vertex 6 116.239 8
    endloop
  endfacet
  facet normal -0.0735142 -0.997294 6.36073e-06
    outer loop
      vertex 11.4092 115.84 -50
      vertex 6 116.239 -8
      vertex 5.71148 116.26 -50
    endloop
  endfacet
  facet normal -0.0735634 -0.997291 0
    outer loop
      vertex 6 116.239 -8
      vertex 11.4092 115.84 -50
      vertex 11.4092 115.84 50
    endloop
  endfacet
  facet normal 0.72424 -0.689548 0
    outer loop
      vertex -86.2467 78.1695 50
      vertex -82.3072 82.3072 -50
      vertex -82.3072 82.3072 50
    endloop
  endfacet
  facet normal 0.72424 -0.689548 0
    outer loop
      vertex -82.3072 82.3072 -50
      vertex -86.2467 78.1695 50
      vertex -86.2467 78.1695 -50
    endloop
  endfacet
  facet normal 0.98527 0.171006 0
    outer loop
      vertex -114.163 -22.7085 50
      vertex -115.14 -17.0794 -50
      vertex -115.14 -17.0794 50
    endloop
  endfacet
  facet normal 0.98527 0.171006 0
    outer loop
      vertex -115.14 -17.0794 -50
      vertex -114.163 -22.7085 50
      vertex -114.163 -22.7085 -50
    endloop
  endfacet
  facet normal 0.788343 -0.615236 0
    outer loop
      vertex -93.4934 69.3394 50
      vertex -89.9784 73.8434 -50
      vertex -89.9784 73.8434 50
    endloop
  endfacet
  facet normal 0.788343 -0.615236 0
    outer loop
      vertex -89.9784 73.8434 -50
      vertex -93.4934 69.3394 50
      vertex -93.4934 69.3394 -50
    endloop
  endfacet
  facet normal 0.757211 -0.653171 0
    outer loop
      vertex -89.9784 73.8434 50
      vertex -86.2467 78.1695 -50
      vertex -86.2467 78.1695 50
    endloop
  endfacet
  facet normal 0.757211 -0.653171 0
    outer loop
      vertex -86.2467 78.1695 -50
      vertex -89.9784 73.8434 50
      vertex -89.9784 73.8434 -50
    endloop
  endfacet
  facet normal 0.575809 -0.817584 0
    outer loop
      vertex -69.3394 93.4934 -50
      vertex -64.6684 96.7831 50
      vertex -69.3394 93.4934 50
    endloop
  endfacet
  facet normal 0.575809 -0.817584 0
    outer loop
      vertex -64.6684 96.7831 50
      vertex -69.3394 93.4934 -50
      vertex -64.6684 96.7831 -50
    endloop
  endfacet
  facet normal 0.218972 0.975731 -0
    outer loop
      vertex -22.7085 -114.163 -50
      vertex -28.2829 -112.912 50
      vertex -22.7085 -114.163 50
    endloop
  endfacet
  facet normal 0.218972 0.975731 0
    outer loop
      vertex -28.2829 -112.912 50
      vertex -22.7085 -114.163 -50
      vertex -28.2829 -112.912 -50
    endloop
  endfacet
  facet normal 0.615236 -0.788343 0
    outer loop
      vertex -73.8434 89.9784 -50
      vertex -69.3394 93.4934 50
      vertex -73.8434 89.9784 50
    endloop
  endfacet
  facet normal 0.615236 -0.788343 0
    outer loop
      vertex -69.3394 93.4934 50
      vertex -73.8434 89.9784 -50
      vertex -69.3394 93.4934 -50
    endloop
  endfacet
  facet normal 0.492946 -0.87006 0
    outer loop
      vertex -59.8416 99.8396 8
      vertex -54.8706 102.656 50
      vertex -59.8416 99.8396 50
    endloop
  endfacet
  facet normal 0.492946 -0.87006 0
    outer loop
      vertex -54.8706 102.656 50
      vertex -59.8416 99.8396 8
      vertex -54.8706 102.656 8
    endloop
  endfacet
  facet normal 0.492946 -0.87006 0
    outer loop
      vertex -59.8416 99.8396 -50
      vertex -54.8706 102.656 -8
      vertex -59.8416 99.8396 -8
    endloop
  endfacet
  facet normal 0.492946 -0.87006 0
    outer loop
      vertex -54.8706 102.656 -8
      vertex -59.8416 99.8396 -50
      vertex -54.8706 102.656 -50
    endloop
  endfacet
  facet normal 0.534993 -0.844857 1.25941e-07
    outer loop
      vertex -64.6684 96.7831 50
      vertex -63.3046 97.6467 8
      vertex -59.8416 99.8396 50
    endloop
  endfacet
  facet normal 0.53499 -0.844858 0
    outer loop
      vertex -64.6684 96.7831 50
      vertex -63.3046 97.6467 -8
      vertex -63.3046 97.6467 8
    endloop
  endfacet
  facet normal 0.53499 -0.844858 0
    outer loop
      vertex -64.6684 96.7831 -50
      vertex -63.3046 97.6467 -8
      vertex -64.6684 96.7831 50
    endloop
  endfacet
  facet normal 0.534993 -0.844857 -1.25941e-07
    outer loop
      vertex -59.8416 99.8396 -50
      vertex -63.3046 97.6467 -8
      vertex -64.6684 96.7831 -50
    endloop
  endfacet
  facet normal 0.534994 -0.844856 0
    outer loop
      vertex -63.3046 97.6467 -8
      vertex -59.8416 99.8396 -50
      vertex -59.8416 99.8396 -8
    endloop
  endfacet
  facet normal 0.534994 -0.844856 0
    outer loop
      vertex -59.8416 99.8396 50
      vertex -63.3046 97.6467 8
      vertex -59.8416 99.8396 8
    endloop
  endfacet
  facet normal -0.313659 0.949536 0
    outer loop
      vertex 39.214 -109.596 -50
      vertex 33.7891 -111.388 50
      vertex 39.214 -109.596 50
    endloop
  endfacet
  facet normal -0.313659 0.949536 0
    outer loop
      vertex 33.7891 -111.388 50
      vertex 39.214 -109.596 -50
      vertex 33.7891 -111.388 -50
    endloop
  endfacet
  facet normal 0.122522 0.992466 -0
    outer loop
      vertex -11.4092 -115.84 -50
      vertex -17.0794 -115.14 50
      vertex -11.4092 -115.84 50
    endloop
  endfacet
  facet normal 0.122522 0.992466 0
    outer loop
      vertex -17.0794 -115.14 50
      vertex -11.4092 -115.84 -50
      vertex -17.0794 -115.14 -50
    endloop
  endfacet
  facet normal 0.975731 -0.218972 0
    outer loop
      vertex -114.163 22.7085 50
      vertex -112.912 28.2829 -50
      vertex -112.912 28.2829 50
    endloop
  endfacet
  facet normal 0.975731 -0.218972 0
    outer loop
      vertex -112.912 28.2829 -50
      vertex -114.163 22.7085 50
      vertex -114.163 22.7085 -50
    endloop
  endfacet
  facet normal 0.26675 -0.963766 0
    outer loop
      vertex -33.7891 111.388 -50
      vertex -28.2829 112.912 50
      vertex -33.7891 111.388 50
    endloop
  endfacet
  facet normal 0.26675 -0.963766 0
    outer loop
      vertex -28.2829 112.912 50
      vertex -33.7891 111.388 -50
      vertex -28.2829 112.912 -50
    endloop
  endfacet
  facet normal 0.788343 0.615236 0
    outer loop
      vertex -89.9784 -73.8434 50
      vertex -93.4934 -69.3394 -50
      vertex -93.4934 -69.3394 50
    endloop
  endfacet
  facet normal 0.788343 0.615236 0
    outer loop
      vertex -93.4934 -69.3394 -50
      vertex -89.9784 -73.8434 50
      vertex -89.9784 -73.8434 -50
    endloop
  endfacet
  facet normal 0.817584 0.575809 0
    outer loop
      vertex -93.4934 -69.3394 50
      vertex -96.7831 -64.6684 -50
      vertex -96.7831 -64.6684 50
    endloop
  endfacet
  facet normal 0.817584 0.575809 0
    outer loop
      vertex -96.7831 -64.6684 -50
      vertex -93.4934 -69.3394 50
      vertex -93.4934 -69.3394 -50
    endloop
  endfacet
  facet normal 0.963766 0.26675 0
    outer loop
      vertex -111.388 -33.7891 50
      vertex -112.912 -28.2829 -50
      vertex -112.912 -28.2829 50
    endloop
  endfacet
  facet normal 0.963766 0.26675 0
    outer loop
      vertex -112.912 -28.2829 -50
      vertex -111.388 -33.7891 50
      vertex -111.388 -33.7891 -50
    endloop
  endfacet
  facet normal -0.914161 0.405352 0
    outer loop
      vertex 105.224 -49.7674 -50
      vertex 107.54 -44.5443 50
      vertex 107.54 -44.5443 -50
    endloop
  endfacet
  facet normal -0.914161 0.405352 0
    outer loop
      vertex 107.54 -44.5443 50
      vertex 105.224 -49.7674 -50
      vertex 105.224 -49.7674 50
    endloop
  endfacet
  facet normal 0.914161 0.405352 0
    outer loop
      vertex -105.224 -49.7674 50
      vertex -107.54 -44.5443 -50
      vertex -107.54 -44.5443 50
    endloop
  endfacet
  facet normal 0.914161 0.405352 0
    outer loop
      vertex -107.54 -44.5443 -50
      vertex -105.224 -49.7674 50
      vertex -105.224 -49.7674 -50
    endloop
  endfacet
  facet normal 0.405352 -0.914161 0
    outer loop
      vertex -49.7674 105.224 -50
      vertex -44.5443 107.54 50
      vertex -49.7674 105.224 50
    endloop
  endfacet
  facet normal 0.405352 -0.914161 0
    outer loop
      vertex -44.5443 107.54 50
      vertex -49.7674 105.224 -50
      vertex -44.5443 107.54 -50
    endloop
  endfacet
  facet normal 0.844858 -0.53499 0
    outer loop
      vertex -96.7831 64.6684 50
      vertex -97.6467 63.3046 8
      vertex -96.7831 64.6684 -50
    endloop
  endfacet
  facet normal 0.844857 -0.534993 1.25941e-07
    outer loop
      vertex -99.8396 59.8416 50
      vertex -97.6467 63.3046 8
      vertex -96.7831 64.6684 50
    endloop
  endfacet
  facet normal 0.844856 -0.534994 0
    outer loop
      vertex -97.6467 63.3046 8
      vertex -99.8396 59.8416 50
      vertex -99.8396 59.8416 8
    endloop
  endfacet
  facet normal 0.844858 -0.53499 0
    outer loop
      vertex -97.6467 63.3046 -8
      vertex -96.7831 64.6684 -50
      vertex -97.6467 63.3046 8
    endloop
  endfacet
  facet normal 0.844856 -0.534994 0
    outer loop
      vertex -99.8396 59.8416 -50
      vertex -97.6467 63.3046 -8
      vertex -99.8396 59.8416 -8
    endloop
  endfacet
  facet normal 0.844857 -0.534993 -1.25941e-07
    outer loop
      vertex -97.6467 63.3046 -8
      vertex -99.8396 59.8416 -50
      vertex -96.7831 64.6684 -50
    endloop
  endfacet
  facet normal 0.575809 0.817584 -0
    outer loop
      vertex -64.6684 -96.7831 -50
      vertex -69.3394 -93.4934 50
      vertex -64.6684 -96.7831 50
    endloop
  endfacet
  facet normal 0.575809 0.817584 0
    outer loop
      vertex -69.3394 -93.4934 50
      vertex -64.6684 -96.7831 -50
      vertex -69.3394 -93.4934 -50
    endloop
  endfacet
  facet normal 0.893316 0.44943 0
    outer loop
      vertex -105.224 -49.7674 50
      vertex -103.643 -52.9099 8
      vertex -105.224 -49.7674 -50
    endloop
  endfacet
  facet normal 0.893276 0.449509 -7.42179e-06
    outer loop
      vertex -102.656 -54.8706 50
      vertex -103.643 -52.9099 8
      vertex -105.224 -49.7674 50
    endloop
  endfacet
  facet normal 0.893212 0.449636 0
    outer loop
      vertex -103.643 -52.9099 8
      vertex -102.656 -54.8706 50
      vertex -102.656 -54.8706 8
    endloop
  endfacet
  facet normal 0.893316 0.44943 -0
    outer loop
      vertex -103.643 -52.9099 -8
      vertex -105.224 -49.7674 -50
      vertex -103.643 -52.9099 8
    endloop
  endfacet
  facet normal 0.893212 0.449636 -0
    outer loop
      vertex -102.656 -54.8706 -50
      vertex -103.643 -52.9099 -8
      vertex -102.656 -54.8706 -8
    endloop
  endfacet
  facet normal 0.893276 0.449509 7.42179e-06
    outer loop
      vertex -103.643 -52.9099 -8
      vertex -102.656 -54.8706 -50
      vertex -105.224 -49.7674 -50
    endloop
  endfacet
  facet normal 0.87006 -0.492946 0
    outer loop
      vertex -102.656 54.8706 50
      vertex -99.8396 59.8416 8
      vertex -99.8396 59.8416 50
    endloop
  endfacet
  facet normal 0.87006 -0.492946 0
    outer loop
      vertex -99.8396 59.8416 8
      vertex -102.656 54.8706 50
      vertex -102.656 54.8706 8
    endloop
  endfacet
  facet normal 0.87006 -0.492946 0
    outer loop
      vertex -102.656 54.8706 -8
      vertex -99.8396 59.8416 -50
      vertex -99.8396 59.8416 -8
    endloop
  endfacet
  facet normal 0.87006 -0.492946 0
    outer loop
      vertex -99.8396 59.8416 -50
      vertex -102.656 54.8706 -8
      vertex -102.656 54.8706 -50
    endloop
  endfacet
  facet normal -0.575809 0.817584 0
    outer loop
      vertex 69.3394 -93.4934 -50
      vertex 64.6684 -96.7831 50
      vertex 69.3394 -93.4934 50
    endloop
  endfacet
  facet normal -0.575809 0.817584 0
    outer loop
      vertex 64.6684 -96.7831 50
      vertex 69.3394 -93.4934 -50
      vertex 64.6684 -96.7831 -50
    endloop
  endfacet
  facet normal 0.492946 0.87006 -0
    outer loop
      vertex -54.8706 -102.656 8
      vertex -59.8416 -99.8396 50
      vertex -54.8706 -102.656 50
    endloop
  endfacet
  facet normal 0.492946 0.87006 0
    outer loop
      vertex -59.8416 -99.8396 50
      vertex -54.8706 -102.656 8
      vertex -59.8416 -99.8396 8
    endloop
  endfacet
  facet normal 0.492946 0.87006 -0
    outer loop
      vertex -54.8706 -102.656 -50
      vertex -59.8416 -99.8396 -8
      vertex -54.8706 -102.656 -8
    endloop
  endfacet
  facet normal 0.492946 0.87006 0
    outer loop
      vertex -59.8416 -99.8396 -8
      vertex -54.8706 -102.656 -50
      vertex -59.8416 -99.8396 -50
    endloop
  endfacet
  facet normal 1 -0 0
    outer loop
      vertex 154.733 -14 48
      vertex 154.733 14 -48
      vertex 154.733 14 48
    endloop
  endfacet
  facet normal 1 0 0
    outer loop
      vertex 154.733 14 -48
      vertex 154.733 -14 48
      vertex 154.733 -14 -48
    endloop
  endfacet
  facet normal 0 0 1
    outer loop
      vertex 154.733 14 48
      vertex 130.4 0 48
      vertex 154.733 -14 48
    endloop
  endfacet
  facet normal 0 0 1
    outer loop
      vertex 154.733 14 48
      vertex 130.243 6.39842 48
      vertex 130.4 0 48
    endloop
  endfacet
  facet normal 0 0 1
    outer loop
      vertex 154.733 14 48
      vertex 129.772 12.7814 48
      vertex 130.243 6.39842 48
    endloop
  endfacet
  facet normal 0 -0 1
    outer loop
      vertex 129.772 12.7814 48
      vertex 154.733 14 48
      vertex 129.622 14 48
    endloop
  endfacet
  facet normal -0 0 1
    outer loop
      vertex 130.243 -6.39842 48
      vertex 154.733 -14 48
      vertex 130.4 0 48
    endloop
  endfacet
  facet normal -0 0 1
    outer loop
      vertex 129.772 -12.7814 48
      vertex 154.733 -14 48
      vertex 130.243 -6.39842 48
    endloop
  endfacet
  facet normal 0 0 1
    outer loop
      vertex 154.733 -14 48
      vertex 129.772 -12.7814 48
      vertex 129.622 -14 48
    endloop
  endfacet
  facet normal 0 0 -1
    outer loop
      vertex 154.733 -14 -48
      vertex 130.4 0 -48
      vertex 154.733 14 -48
    endloop
  endfacet
  facet normal 0 0 -1
    outer loop
      vertex 154.733 -14 -48
      vertex 130.243 -6.39842 -48
      vertex 130.4 0 -48
    endloop
  endfacet
  facet normal 0 0 -1
    outer loop
      vertex 154.733 -14 -48
      vertex 129.772 -12.7814 -48
      vertex 130.243 -6.39842 -48
    endloop
  endfacet
  facet normal 0 -0 -1
    outer loop
      vertex 129.772 -12.7814 -48
      vertex 154.733 -14 -48
      vertex 129.622 -14 -48
    endloop
  endfacet
  facet normal 0 0 -1
    outer loop
      vertex 130.243 6.39842 -48
      vertex 154.733 14 -48
      vertex 130.4 0 -48
    endloop
  endfacet
  facet normal 0 0 -1
    outer loop
      vertex 129.772 12.7814 -48
      vertex 154.733 14 -48
      vertex 130.243 6.39842 -48
    endloop
  endfacet
  facet normal -0 0 -1
    outer loop
      vertex 154.733 14 -48
      vertex 129.772 12.7814 -48
      vertex 129.622 14 -48
    endloop
  endfacet
  facet normal 0 1 -0
    outer loop
      vertex 154.733 14 -48
      vertex 129.622 14 48
      vertex 154.733 14 48
    endloop
  endfacet
  facet normal 0 1 0
    outer loop
      vertex 129.622 14 48
      vertex 154.733 14 -48
      vertex 129.622 14 -48
    endloop
  endfacet
  facet normal 0 -1 0
    outer loop
      vertex 129.622 -14 -48
      vertex 154.733 -14 48
      vertex 129.622 -14 48
    endloop
  endfacet
  facet normal 0 -1 -0
    outer loop
      vertex 154.733 -14 48
      vertex 129.622 -14 -48
      vertex 154.733 -14 -48
    endloop
  endfacet
  facet normal -0 0 1
    outer loop
      vertex 111.848 67.039 48
      vertex 141.003 65.2423 48
      vertex 127.003 89.491 48
    endloop
  endfacet
  facet normal 0 0 1
    outer loop
      vertex 141.003 65.2423 48
      vertex 117.88 55.7532 48
      vertex 119.243 52.6791 48
    endloop
  endfacet
  facet normal 0 0 1
    outer loop
      vertex 141.003 65.2423 48
      vertex 115.003 61.4701 48
      vertex 117.88 55.7532 48
    endloop
  endfacet
  facet normal 0 0 1
    outer loop
      vertex 141.003 65.2423 48
      vertex 111.848 67.039 48
      vertex 115.003 61.4701 48
    endloop
  endfacet
  facet normal 0 0 1
    outer loop
      vertex 127.003 89.491 48
      vertex 108.424 72.4464 48
      vertex 111.848 67.039 48
    endloop
  endfacet
  facet normal 0 -0 1
    outer loop
      vertex 108.424 72.4464 48
      vertex 127.003 89.491 48
      vertex 105.26 76.9379 48
    endloop
  endfacet
  facet normal 0.866025 0.5 0
    outer loop
      vertex 141.003 65.2423 48
      vertex 127.003 89.491 -48
      vertex 127.003 89.491 48
    endloop
  endfacet
  facet normal 0.866025 0.5 0
    outer loop
      vertex 127.003 89.491 -48
      vertex 141.003 65.2423 48
      vertex 141.003 65.2423 -48
    endloop
  endfacet
  facet normal -0.499993 0.866029 0
    outer loop
      vertex 127.003 89.491 -48
      vertex 105.26 76.9379 48
      vertex 127.003 89.491 48
    endloop
  endfacet
  facet normal -0.499993 0.866029 0
    outer loop
      vertex 105.26 76.9379 48
      vertex 127.003 89.491 -48
      vertex 105.26 76.9379 -48
    endloop
  endfacet
  facet normal 0 0 -1
    outer loop
      vertex 117.88 55.7532 -48
      vertex 141.003 65.2423 -48
      vertex 119.243 52.6791 -48
    endloop
  endfacet
  facet normal 0 0 -1
    outer loop
      vertex 115.003 61.4701 -48
      vertex 141.003 65.2423 -48
      vertex 117.88 55.7532 -48
    endloop
  endfacet
  facet normal 0 0 -1
    outer loop
      vertex 111.848 67.039 -48
      vertex 141.003 65.2423 -48
      vertex 115.003 61.4701 -48
    endloop
  endfacet
  facet normal 0 0 -1
    outer loop
      vertex 141.003 65.2423 -48
      vertex 111.848 67.039 -48
      vertex 127.003 89.491 -48
    endloop
  endfacet
  facet normal 0 0 -1
    outer loop
      vertex 108.424 72.4464 -48
      vertex 127.003 89.491 -48
      vertex 111.848 67.039 -48
    endloop
  endfacet
  facet normal 0 0 -1
    outer loop
      vertex 127.003 89.491 -48
      vertex 108.424 72.4464 -48
      vertex 105.26 76.9379 -48
    endloop
  endfacet
  facet normal 0.500002 -0.866024 0
    outer loop
      vertex 119.243 52.6791 -48
      vertex 141.003 65.2423 48
      vertex 119.243 52.6791 48
    endloop
  endfacet
  facet normal 0.500002 -0.866024 0
    outer loop
      vertex 141.003 65.2423 48
      vertex 119.243 52.6791 -48
      vertex 141.003 65.2423 -48
    endloop
  endfacet
  facet normal 0 0 1
    outer loop
      vertex 89.491 127.003 48
      vertex 72.4464 108.424 48
      vertex 76.9379 105.26 48
    endloop
  endfacet
  facet normal 0 0 1
    outer loop
      vertex 89.491 127.003 48
      vertex 67.039 111.848 48
      vertex 72.4464 108.424 48
    endloop
  endfacet
  facet normal 0 0 1
    outer loop
      vertex 65.2423 141.003 48
      vertex 67.039 111.848 48
      vertex 89.491 127.003 48
    endloop
  endfacet
  facet normal 0 0 1
    outer loop
      vertex 65.2423 141.003 48
      vertex 61.4701 115.003 48
      vertex 67.039 111.848 48
    endloop
  endfacet
  facet normal 0 0 1
    outer loop
      vertex 65.2423 141.003 48
      vertex 55.7532 117.88 48
      vertex 61.4701 115.003 48
    endloop
  endfacet
  facet normal 0 -0 1
    outer loop
      vertex 55.7532 117.88 48
      vertex 65.2423 141.003 48
      vertex 52.6791 119.243 48
    endloop
  endfacet
  facet normal 0.5 0.866025 -0
    outer loop
      vertex 89.491 127.003 -48
      vertex 65.2423 141.003 48
      vertex 89.491 127.003 48
    endloop
  endfacet
  facet normal 0.5 0.866025 0
    outer loop
      vertex 65.2423 141.003 48
      vertex 89.491 127.003 -48
      vertex 65.2423 141.003 -48
    endloop
  endfacet
  facet normal -0.866024 0.500002 0
    outer loop
      vertex 52.6791 119.243 -48
      vertex 65.2423 141.003 48
      vertex 65.2423 141.003 -48
    endloop
  endfacet
  facet normal -0.866024 0.500002 0
    outer loop
      vertex 65.2423 141.003 48
      vertex 52.6791 119.243 -48
      vertex 52.6791 119.243 48
    endloop
  endfacet
  facet normal 0 0 -1
    outer loop
      vertex 72.4464 108.424 -48
      vertex 89.491 127.003 -48
      vertex 76.9379 105.26 -48
    endloop
  endfacet
  facet normal 0 0 -1
    outer loop
      vertex 67.039 111.848 -48
      vertex 89.491 127.003 -48
      vertex 72.4464 108.424 -48
    endloop
  endfacet
  facet normal 0 0 -1
    outer loop
      vertex 67.039 111.848 -48
      vertex 65.2423 141.003 -48
      vertex 89.491 127.003 -48
    endloop
  endfacet
  facet normal 0 0 -1
    outer loop
      vertex 61.4701 115.003 -48
      vertex 65.2423 141.003 -48
      vertex 67.039 111.848 -48
    endloop
  endfacet
  facet normal 0 0 -1
    outer loop
      vertex 55.7532 117.88 -48
      vertex 65.2423 141.003 -48
      vertex 61.4701 115.003 -48
    endloop
  endfacet
  facet normal 0 0 -1
    outer loop
      vertex 65.2423 141.003 -48
      vertex 55.7532 117.88 -48
      vertex 52.6791 119.243 -48
    endloop
  endfacet
  facet normal 0.866029 -0.499993 0
    outer loop
      vertex 76.9379 105.26 48
      vertex 89.491 127.003 -48
      vertex 89.491 127.003 48
    endloop
  endfacet
  facet normal 0.866029 -0.499993 0
    outer loop
      vertex 89.491 127.003 -48
      vertex 76.9379 105.26 48
      vertex 76.9379 105.26 -48
    endloop
  endfacet
  facet normal 0 0 1
    outer loop
      vertex 14 154.733 48
      vertex 12.7814 129.772 48
      vertex 14 129.622 48
    endloop
  endfacet
  facet normal 0 0 1
    outer loop
      vertex 14 154.733 48
      vertex 6.39842 130.243 48
      vertex 12.7814 129.772 48
    endloop
  endfacet
  facet normal 0 0 1
    outer loop
      vertex 14 154.733 48
      vertex 0 130.4 48
      vertex 6.39842 130.243 48
    endloop
  endfacet
  facet normal -0 0 1
    outer loop
      vertex -14 154.733 48
      vertex 0 130.4 48
      vertex 14 154.733 48
    endloop
  endfacet
  facet normal 0 0 1
    outer loop
      vertex 0 130.4 48
      vertex -14 154.733 48
      vertex -6.39842 130.243 48
    endloop
  endfacet
  facet normal 0 0 1
    outer loop
      vertex -6.39842 130.243 48
      vertex -14 154.733 48
      vertex -12.7814 129.772 48
    endloop
  endfacet
  facet normal 0 0 1
    outer loop
      vertex -12.7814 129.772 48
      vertex -14 154.733 48
      vertex -14 129.622 48
    endloop
  endfacet
  facet normal 0 1 -0
    outer loop
      vertex 14 154.733 -48
      vertex -14 154.733 48
      vertex 14 154.733 48
    endloop
  endfacet
  facet normal 0 1 0
    outer loop
      vertex -14 154.733 48
      vertex 14 154.733 -48
      vertex -14 154.733 -48
    endloop
  endfacet
  facet normal -1 0 0
    outer loop
      vertex -14 129.622 -48
      vertex -14 154.733 48
      vertex -14 154.733 -48
    endloop
  endfacet
  facet normal -1 -0 0
    outer loop
      vertex -14 154.733 48
      vertex -14 129.622 -48
      vertex -14 129.622 48
    endloop
  endfacet
  facet normal 0 0 -1
    outer loop
      vertex 12.7814 129.772 -48
      vertex 14 154.733 -48
      vertex 14 129.622 -48
    endloop
  endfacet
  facet normal 0 0 -1
    outer loop
      vertex 6.39842 130.243 -48
      vertex 14 154.733 -48
      vertex 12.7814 129.772 -48
    endloop
  endfacet
  facet normal 0 0 -1
    outer loop
      vertex 0 130.4 -48
      vertex 14 154.733 -48
      vertex 6.39842 130.243 -48
    endloop
  endfacet
  facet normal 0 0 -1
    outer loop
      vertex -14 154.733 -48
      vertex 0 130.4 -48
      vertex -6.39842 130.243 -48
    endloop
  endfacet
  facet normal 0 0 -1
    outer loop
      vertex -14 154.733 -48
      vertex -6.39842 130.243 -48
      vertex -12.7814 129.772 -48
    endloop
  endfacet
  facet normal 0 0 -1
    outer loop
      vertex -14 154.733 -48
      vertex -12.7814 129.772 -48
      vertex -14 129.622 -48
    endloop
  endfacet
  facet normal 0 0 -1
    outer loop
      vertex 0 130.4 -48
      vertex -14 154.733 -48
      vertex 14 154.733 -48
    endloop
  endfacet
  facet normal 1 -0 0
    outer loop
      vertex 14 129.622 48
      vertex 14 154.733 -48
      vertex 14 154.733 48
    endloop
  endfacet
  facet normal 1 0 0
    outer loop
      vertex 14 154.733 -48
      vertex 14 129.622 48
      vertex 14 129.622 -48
    endloop
  endfacet
  facet normal 0 0 1
    outer loop
      vertex -65.2423 141.003 48
      vertex -55.7532 117.88 48
      vertex -52.6791 119.243 48
    endloop
  endfacet
  facet normal 0 0 1
    outer loop
      vertex -65.2423 141.003 48
      vertex -61.4701 115.003 48
      vertex -55.7532 117.88 48
    endloop
  endfacet
  facet normal 0 0 1
    outer loop
      vertex -65.2423 141.003 48
      vertex -67.039 111.848 48
      vertex -61.4701 115.003 48
    endloop
  endfacet
  facet normal -0 0 1
    outer loop
      vertex -89.491 127.003 48
      vertex -67.039 111.848 48
      vertex -65.2423 141.003 48
    endloop
  endfacet
  facet normal 0 0 1
    outer loop
      vertex -67.039 111.848 48
      vertex -89.491 127.003 48
      vertex -72.4464 108.424 48
    endloop
  endfacet
  facet normal 0 0 1
    outer loop
      vertex -72.4464 108.424 48
      vertex -89.491 127.003 48
      vertex -76.9379 105.26 48
    endloop
  endfacet
  facet normal -0.5 0.866025 0
    outer loop
      vertex -65.2423 141.003 -48
      vertex -89.491 127.003 48
      vertex -65.2423 141.003 48
    endloop
  endfacet
  facet normal -0.5 0.866025 0
    outer loop
      vertex -89.491 127.003 48
      vertex -65.2423 141.003 -48
      vertex -89.491 127.003 -48
    endloop
  endfacet
  facet normal 0 0 -1
    outer loop
      vertex -55.7532 117.88 -48
      vertex -65.2423 141.003 -48
      vertex -52.6791 119.243 -48
    endloop
  endfacet
  facet normal 0 0 -1
    outer loop
      vertex -61.4701 115.003 -48
      vertex -65.2423 141.003 -48
      vertex -55.7532 117.88 -48
    endloop
  endfacet
  facet normal 0 0 -1
    outer loop
      vertex -67.039 111.848 -48
      vertex -65.2423 141.003 -48
      vertex -61.4701 115.003 -48
    endloop
  endfacet
  facet normal 0 0 -1
    outer loop
      vertex -89.491 127.003 -48
      vertex -67.039 111.848 -48
      vertex -72.4464 108.424 -48
    endloop
  endfacet
  facet normal 0 0 -1
    outer loop
      vertex -89.491 127.003 -48
      vertex -72.4464 108.424 -48
      vertex -76.9379 105.26 -48
    endloop
  endfacet
  facet normal 0 0 -1
    outer loop
      vertex -67.039 111.848 -48
      vertex -89.491 127.003 -48
      vertex -65.2423 141.003 -48
    endloop
  endfacet
  facet normal 0.866024 0.500002 0
    outer loop
      vertex -52.6791 119.243 48
      vertex -65.2423 141.003 -48
      vertex -65.2423 141.003 48
    endloop
  endfacet
  facet normal 0.866024 0.500002 0
    outer loop
      vertex -65.2423 141.003 -48
      vertex -52.6791 119.243 48
      vertex -52.6791 119.243 -48
    endloop
  endfacet
  facet normal -0.866029 -0.499993 0
    outer loop
      vertex -76.9379 105.26 -48
      vertex -89.491 127.003 48
      vertex -89.491 127.003 -48
    endloop
  endfacet
  facet normal -0.866029 -0.499993 0
    outer loop
      vertex -89.491 127.003 48
      vertex -76.9379 105.26 -48
      vertex -76.9379 105.26 48
    endloop
  endfacet
  facet normal 0 0 1
    outer loop
      vertex -127.003 89.491 48
      vertex -108.424 72.4464 48
      vertex -105.26 76.9379 48
    endloop
  endfacet
  facet normal 0 0 1
    outer loop
      vertex -127.003 89.491 48
      vertex -111.848 67.039 48
      vertex -108.424 72.4464 48
    endloop
  endfacet
  facet normal 0 0 1
    outer loop
      vertex -141.003 65.2423 48
      vertex -111.848 67.039 48
      vertex -127.003 89.491 48
    endloop
  endfacet
  facet normal 0 0 1
    outer loop
      vertex -111.848 67.039 48
      vertex -141.003 65.2423 48
      vertex -115.003 61.4701 48
    endloop
  endfacet
  facet normal 0 0 1
    outer loop
      vertex -115.003 61.4701 48
      vertex -141.003 65.2423 48
      vertex -117.88 55.7532 48
    endloop
  endfacet
  facet normal 0 0 1
    outer loop
      vertex -117.88 55.7532 48
      vertex -141.003 65.2423 48
      vertex -119.243 52.6791 48
    endloop
  endfacet
  facet normal 0 0 -1
    outer loop
      vertex -108.424 72.4464 -48
      vertex -127.003 89.491 -48
      vertex -105.26 76.9379 -48
    endloop
  endfacet
  facet normal 0 0 -1
    outer loop
      vertex -111.848 67.039 -48
      vertex -127.003 89.491 -48
      vertex -108.424 72.4464 -48
    endloop
  endfacet
  facet normal 0 0 -1
    outer loop
      vertex -141.003 65.2423 -48
      vertex -111.848 67.039 -48
      vertex -115.003 61.4701 -48
    endloop
  endfacet
  facet normal 0 0 -1
    outer loop
      vertex -141.003 65.2423 -48
      vertex -115.003 61.4701 -48
      vertex -117.88 55.7532 -48
    endloop
  endfacet
  facet normal 0 0 -1
    outer loop
      vertex -141.003 65.2423 -48
      vertex -117.88 55.7532 -48
      vertex -119.243 52.6791 -48
    endloop
  endfacet
  facet normal -0 0 -1
    outer loop
      vertex -111.848 67.039 -48
      vertex -141.003 65.2423 -48
      vertex -127.003 89.491 -48
    endloop
  endfacet
  facet normal 0.499993 0.866029 -0
    outer loop
      vertex -105.26 76.9379 -48
      vertex -127.003 89.491 48
      vertex -105.26 76.9379 48
    endloop
  endfacet
  facet normal 0.499993 0.866029 0
    outer loop
      vertex -127.003 89.491 48
      vertex -105.26 76.9379 -48
      vertex -127.003 89.491 -48
    endloop
  endfacet
  facet normal -0.500002 -0.866024 0
    outer loop
      vertex -141.003 65.2423 -48
      vertex -119.243 52.6791 48
      vertex -141.003 65.2423 48
    endloop
  endfacet
  facet normal -0.500002 -0.866024 -0
    outer loop
      vertex -119.243 52.6791 48
      vertex -141.003 65.2423 -48
      vertex -119.243 52.6791 -48
    endloop
  endfacet
  facet normal -0.866025 0.5 0
    outer loop
      vertex -141.003 65.2423 -48
      vertex -127.003 89.491 48
      vertex -127.003 89.491 -48
    endloop
  endfacet
  facet normal -0.866025 0.5 0
    outer loop
      vertex -127.003 89.491 48
      vertex -141.003 65.2423 -48
      vertex -141.003 65.2423 48
    endloop
  endfacet
  facet normal 0 0 1
    outer loop
      vertex -130.243 6.39842 48
      vertex -154.733 14 48
      vertex -130.4 0 48
    endloop
  endfacet
  facet normal 0 0 1
    outer loop
      vertex -129.772 12.7814 48
      vertex -154.733 14 48
      vertex -130.243 6.39842 48
    endloop
  endfacet
  facet normal -0 0 1
    outer loop
      vertex -154.733 14 48
      vertex -129.772 12.7814 48
      vertex -129.622 14 48
    endloop
  endfacet
  facet normal 0 0 1
    outer loop
      vertex -154.733 -14 48
      vertex -130.4 0 48
      vertex -154.733 14 48
    endloop
  endfacet
  facet normal 0 0 1
    outer loop
      vertex -130.4 0 48
      vertex -154.733 -14 48
      vertex -130.243 -6.39842 48
    endloop
  endfacet
  facet normal 0 0 1
    outer loop
      vertex -130.243 -6.39842 48
      vertex -154.733 -14 48
      vertex -129.772 -12.7814 48
    endloop
  endfacet
  facet normal 0 0 1
    outer loop
      vertex -129.772 -12.7814 48
      vertex -154.733 -14 48
      vertex -129.622 -14 48
    endloop
  endfacet
  facet normal 0 -1 0
    outer loop
      vertex -154.733 -14 -48
      vertex -129.622 -14 48
      vertex -154.733 -14 48
    endloop
  endfacet
  facet normal 0 -1 -0
    outer loop
      vertex -129.622 -14 48
      vertex -154.733 -14 -48
      vertex -129.622 -14 -48
    endloop
  endfacet
  facet normal -0 0 -1
    outer loop
      vertex -130.243 -6.39842 -48
      vertex -154.733 -14 -48
      vertex -130.4 0 -48
    endloop
  endfacet
  facet normal -0 0 -1
    outer loop
      vertex -129.772 -12.7814 -48
      vertex -154.733 -14 -48
      vertex -130.243 -6.39842 -48
    endloop
  endfacet
  facet normal 0 0 -1
    outer loop
      vertex -154.733 -14 -48
      vertex -129.772 -12.7814 -48
      vertex -129.622 -14 -48
    endloop
  endfacet
  facet normal 0 0 -1
    outer loop
      vertex -154.733 14 -48
      vertex -130.4 0 -48
      vertex -154.733 -14 -48
    endloop
  endfacet
  facet normal 0 0 -1
    outer loop
      vertex -130.4 0 -48
      vertex -154.733 14 -48
      vertex -130.243 6.39842 -48
    endloop
  endfacet
  facet normal 0 0 -1
    outer loop
      vertex -130.243 6.39842 -48
      vertex -154.733 14 -48
      vertex -129.772 12.7814 -48
    endloop
  endfacet
  facet normal 0 0 -1
    outer loop
      vertex -129.772 12.7814 -48
      vertex -154.733 14 -48
      vertex -129.622 14 -48
    endloop
  endfacet
  facet normal 0 1 -0
    outer loop
      vertex -129.622 14 -48
      vertex -154.733 14 48
      vertex -129.622 14 48
    endloop
  endfacet
  facet normal 0 1 0
    outer loop
      vertex -154.733 14 48
      vertex -129.622 14 -48
      vertex -154.733 14 -48
    endloop
  endfacet
  facet normal -1 0 0
    outer loop
      vertex -154.733 -14 -48
      vertex -154.733 14 48
      vertex -154.733 14 -48
    endloop
  endfacet
  facet normal -1 -0 0
    outer loop
      vertex -154.733 14 48
      vertex -154.733 -14 -48
      vertex -154.733 -14 48
    endloop
  endfacet
  facet normal -0.866025 -0.5 0
    outer loop
      vertex -127.003 -89.491 -48
      vertex -141.003 -65.2423 48
      vertex -141.003 -65.2423 -48
    endloop
  endfacet
  facet normal -0.866025 -0.5 0
    outer loop
      vertex -141.003 -65.2423 48
      vertex -127.003 -89.491 -48
      vertex -127.003 -89.491 48
    endloop
  endfacet
  facet normal 0 0 1
    outer loop
      vertex -108.424 -72.4464 48
      vertex -127.003 -89.491 48
      vertex -105.26 -76.9379 48
    endloop
  endfacet
  facet normal 0 0 1
    outer loop
      vertex -111.848 -67.039 48
      vertex -127.003 -89.491 48
      vertex -108.424 -72.4464 48
    endloop
  endfacet
  facet normal -0 0 1
    outer loop
      vertex -141.003 -65.2423 48
      vertex -111.848 -67.039 48
      vertex -115.003 -61.4701 48
    endloop
  endfacet
  facet normal 0 0 1
    outer loop
      vertex -141.003 -65.2423 48
      vertex -115.003 -61.4701 48
      vertex -117.88 -55.7532 48
    endloop
  endfacet
  facet normal 0 0 1
    outer loop
      vertex -141.003 -65.2423 48
      vertex -117.88 -55.7532 48
      vertex -119.243 -52.6791 48
    endloop
  endfacet
  facet normal 0 0 1
    outer loop
      vertex -111.848 -67.039 48
      vertex -141.003 -65.2423 48
      vertex -127.003 -89.491 48
    endloop
  endfacet
  facet normal 0 0 -1
    outer loop
      vertex -127.003 -89.491 -48
      vertex -108.424 -72.4464 -48
      vertex -105.26 -76.9379 -48
    endloop
  endfacet
  facet normal 0 0 -1
    outer loop
      vertex -127.003 -89.491 -48
      vertex -111.848 -67.039 -48
      vertex -108.424 -72.4464 -48
    endloop
  endfacet
  facet normal 0 0 -1
    outer loop
      vertex -141.003 -65.2423 -48
      vertex -111.848 -67.039 -48
      vertex -127.003 -89.491 -48
    endloop
  endfacet
  facet normal 0 0 -1
    outer loop
      vertex -111.848 -67.039 -48
      vertex -141.003 -65.2423 -48
      vertex -115.003 -61.4701 -48
    endloop
  endfacet
  facet normal -0 0 -1
    outer loop
      vertex -115.003 -61.4701 -48
      vertex -141.003 -65.2423 -48
      vertex -117.88 -55.7532 -48
    endloop
  endfacet
  facet normal -0 0 -1
    outer loop
      vertex -117.88 -55.7532 -48
      vertex -141.003 -65.2423 -48
      vertex -119.243 -52.6791 -48
    endloop
  endfacet
  facet normal 0.499993 -0.866029 0
    outer loop
      vertex -127.003 -89.491 -48
      vertex -105.26 -76.9379 48
      vertex -127.003 -89.491 48
    endloop
  endfacet
  facet normal 0.499993 -0.866029 0
    outer loop
      vertex -105.26 -76.9379 48
      vertex -127.003 -89.491 -48
      vertex -105.26 -76.9379 -48
    endloop
  endfacet
  facet normal -0.500002 0.866024 0
    outer loop
      vertex -119.243 -52.6791 -48
      vertex -141.003 -65.2423 48
      vertex -119.243 -52.6791 48
    endloop
  endfacet
  facet normal -0.500002 0.866024 0
    outer loop
      vertex -141.003 -65.2423 48
      vertex -119.243 -52.6791 -48
      vertex -141.003 -65.2423 -48
    endloop
  endfacet
  facet normal -0.5 -0.866025 0
    outer loop
      vertex -89.491 -127.003 -48
      vertex -65.2423 -141.003 48
      vertex -89.491 -127.003 48
    endloop
  endfacet
  facet normal -0.5 -0.866025 -0
    outer loop
      vertex -65.2423 -141.003 48
      vertex -89.491 -127.003 -48
      vertex -65.2423 -141.003 -48
    endloop
  endfacet
  facet normal 0 0 1
    outer loop
      vertex -55.7532 -117.88 48
      vertex -65.2423 -141.003 48
      vertex -52.6791 -119.243 48
    endloop
  endfacet
  facet normal 0 0 1
    outer loop
      vertex -61.4701 -115.003 48
      vertex -65.2423 -141.003 48
      vertex -55.7532 -117.88 48
    endloop
  endfacet
  facet normal 0 0 1
    outer loop
      vertex -67.039 -111.848 48
      vertex -65.2423 -141.003 48
      vertex -61.4701 -115.003 48
    endloop
  endfacet
  facet normal 0 0 1
    outer loop
      vertex -89.491 -127.003 48
      vertex -67.039 -111.848 48
      vertex -72.4464 -108.424 48
    endloop
  endfacet
  facet normal 0 0 1
    outer loop
      vertex -89.491 -127.003 48
      vertex -72.4464 -108.424 48
      vertex -76.9379 -105.26 48
    endloop
  endfacet
  facet normal 0 0 1
    outer loop
      vertex -67.039 -111.848 48
      vertex -89.491 -127.003 48
      vertex -65.2423 -141.003 48
    endloop
  endfacet
  facet normal 0 0 -1
    outer loop
      vertex -65.2423 -141.003 -48
      vertex -55.7532 -117.88 -48
      vertex -52.6791 -119.243 -48
    endloop
  endfacet
  facet normal 0 0 -1
    outer loop
      vertex -65.2423 -141.003 -48
      vertex -61.4701 -115.003 -48
      vertex -55.7532 -117.88 -48
    endloop
  endfacet
  facet normal 0 0 -1
    outer loop
      vertex -65.2423 -141.003 -48
      vertex -67.039 -111.848 -48
      vertex -61.4701 -115.003 -48
    endloop
  endfacet
  facet normal 0 0 -1
    outer loop
      vertex -89.491 -127.003 -48
      vertex -67.039 -111.848 -48
      vertex -65.2423 -141.003 -48
    endloop
  endfacet
  facet normal -0 0 -1
    outer loop
      vertex -67.039 -111.848 -48
      vertex -89.491 -127.003 -48
      vertex -72.4464 -108.424 -48
    endloop
  endfacet
  facet normal -0 0 -1
    outer loop
      vertex -72.4464 -108.424 -48
      vertex -89.491 -127.003 -48
      vertex -76.9379 -105.26 -48
    endloop
  endfacet
  facet normal -0.866029 0.499993 0
    outer loop
      vertex -89.491 -127.003 -48
      vertex -76.9379 -105.26 48
      vertex -76.9379 -105.26 -48
    endloop
  endfacet
  facet normal -0.866029 0.499993 0
    outer loop
      vertex -76.9379 -105.26 48
      vertex -89.491 -127.003 -48
      vertex -89.491 -127.003 48
    endloop
  endfacet
  facet normal 0.866024 -0.500002 0
    outer loop
      vertex -65.2423 -141.003 48
      vertex -52.6791 -119.243 -48
      vertex -52.6791 -119.243 48
    endloop
  endfacet
  facet normal 0.866024 -0.500002 0
    outer loop
      vertex -52.6791 -119.243 -48
      vertex -65.2423 -141.003 48
      vertex -65.2423 -141.003 -48
    endloop
  endfacet
  facet normal 0 -1 0
    outer loop
      vertex -14 -154.733 -48
      vertex 14 -154.733 48
      vertex -14 -154.733 48
    endloop
  endfacet
  facet normal 0 -1 -0
    outer loop
      vertex 14 -154.733 48
      vertex -14 -154.733 -48
      vertex 14 -154.733 -48
    endloop
  endfacet
  facet normal -0 0 1
    outer loop
      vertex 12.7814 -129.772 48
      vertex 14 -154.733 48
      vertex 14 -129.622 48
    endloop
  endfacet
  facet normal -0 0 1
    outer loop
      vertex 6.39842 -130.243 48
      vertex 14 -154.733 48
      vertex 12.7814 -129.772 48
    endloop
  endfacet
  facet normal -0 0 1
    outer loop
      vertex 0 -130.4 48
      vertex 14 -154.733 48
      vertex 6.39842 -130.243 48
    endloop
  endfacet
  facet normal 0 0 1
    outer loop
      vertex -14 -154.733 48
      vertex 0 -130.4 48
      vertex -6.39842 -130.243 48
    endloop
  endfacet
  facet normal 0 0 1
    outer loop
      vertex -14 -154.733 48
      vertex -6.39842 -130.243 48
      vertex -12.7814 -129.772 48
    endloop
  endfacet
  facet normal 0 0 1
    outer loop
      vertex -14 -154.733 48
      vertex -12.7814 -129.772 48
      vertex -14 -129.622 48
    endloop
  endfacet
  facet normal 0 0 1
    outer loop
      vertex 0 -130.4 48
      vertex -14 -154.733 48
      vertex 14 -154.733 48
    endloop
  endfacet
  facet normal 0 0 -1
    outer loop
      vertex 14 -154.733 -48
      vertex 12.7814 -129.772 -48
      vertex 14 -129.622 -48
    endloop
  endfacet
  facet normal 0 0 -1
    outer loop
      vertex 14 -154.733 -48
      vertex 6.39842 -130.243 -48
      vertex 12.7814 -129.772 -48
    endloop
  endfacet
  facet normal 0 0 -1
    outer loop
      vertex 14 -154.733 -48
      vertex 0 -130.4 -48
      vertex 6.39842 -130.243 -48
    endloop
  endfacet
  facet normal 0 0 -1
    outer loop
      vertex -14 -154.733 -48
      vertex 0 -130.4 -48
      vertex 14 -154.733 -48
    endloop
  endfacet
  facet normal -0 0 -1
    outer loop
      vertex 0 -130.4 -48
      vertex -14 -154.733 -48
      vertex -6.39842 -130.243 -48
    endloop
  endfacet
  facet normal -0 0 -1
    outer loop
      vertex -6.39842 -130.243 -48
      vertex -14 -154.733 -48
      vertex -12.7814 -129.772 -48
    endloop
  endfacet
  facet normal -0 0 -1
    outer loop
      vertex -12.7814 -129.772 -48
      vertex -14 -154.733 -48
      vertex -14 -129.622 -48
    endloop
  endfacet
  facet normal 1 -0 0
    outer loop
      vertex 14 -154.733 48
      vertex 14 -129.622 -48
      vertex 14 -129.622 48
    endloop
  endfacet
  facet normal 1 0 0
    outer loop
      vertex 14 -129.622 -48
      vertex 14 -154.733 48
      vertex 14 -154.733 -48
    endloop
  endfacet
  facet normal -1 0 0
    outer loop
      vertex -14 -154.733 -48
      vertex -14 -129.622 48
      vertex -14 -129.622 -48
    endloop
  endfacet
  facet normal -1 -0 0
    outer loop
      vertex -14 -129.622 48
      vertex -14 -154.733 -48
      vertex -14 -154.733 48
    endloop
  endfacet
  facet normal 0.5 -0.866025 0
    outer loop
      vertex 65.2423 -141.003 -48
      vertex 89.491 -127.003 48
      vertex 65.2423 -141.003 48
    endloop
  endfacet
  facet normal 0.5 -0.866025 0
    outer loop
      vertex 89.491 -127.003 48
      vertex 65.2423 -141.003 -48
      vertex 89.491 -127.003 -48
    endloop
  endfacet
  facet normal -0 0 1
    outer loop
      vertex 72.4464 -108.424 48
      vertex 89.491 -127.003 48
      vertex 76.9379 -105.26 48
    endloop
  endfacet
  facet normal -0 0 1
    outer loop
      vertex 67.039 -111.848 48
      vertex 89.491 -127.003 48
      vertex 72.4464 -108.424 48
    endloop
  endfacet
  facet normal 0 0 1
    outer loop
      vertex 67.039 -111.848 48
      vertex 65.2423 -141.003 48
      vertex 89.491 -127.003 48
    endloop
  endfacet
  facet normal -0 0 1
    outer loop
      vertex 61.4701 -115.003 48
      vertex 65.2423 -141.003 48
      vertex 67.039 -111.848 48
    endloop
  endfacet
  facet normal -0 0 1
    outer loop
      vertex 55.7532 -117.88 48
      vertex 65.2423 -141.003 48
      vertex 61.4701 -115.003 48
    endloop
  endfacet
  facet normal 0 0 1
    outer loop
      vertex 65.2423 -141.003 48
      vertex 55.7532 -117.88 48
      vertex 52.6791 -119.243 48
    endloop
  endfacet
  facet normal 0 0 -1
    outer loop
      vertex 89.491 -127.003 -48
      vertex 72.4464 -108.424 -48
      vertex 76.9379 -105.26 -48
    endloop
  endfacet
  facet normal 0 0 -1
    outer loop
      vertex 89.491 -127.003 -48
      vertex 67.039 -111.848 -48
      vertex 72.4464 -108.424 -48
    endloop
  endfacet
  facet normal 0 0 -1
    outer loop
      vertex 65.2423 -141.003 -48
      vertex 67.039 -111.848 -48
      vertex 89.491 -127.003 -48
    endloop
  endfacet
  facet normal 0 0 -1
    outer loop
      vertex 65.2423 -141.003 -48
      vertex 61.4701 -115.003 -48
      vertex 67.039 -111.848 -48
    endloop
  endfacet
  facet normal 0 0 -1
    outer loop
      vertex 65.2423 -141.003 -48
      vertex 55.7532 -117.88 -48
      vertex 61.4701 -115.003 -48
    endloop
  endfacet
  facet normal 0 -0 -1
    outer loop
      vertex 55.7532 -117.88 -48
      vertex 65.2423 -141.003 -48
      vertex 52.6791 -119.243 -48
    endloop
  endfacet
  facet normal 0.866029 0.499993 0
    outer loop
      vertex 89.491 -127.003 48
      vertex 76.9379 -105.26 -48
      vertex 76.9379 -105.26 48
    endloop
  endfacet
  facet normal 0.866029 0.499993 0
    outer loop
      vertex 76.9379 -105.26 -48
      vertex 89.491 -127.003 48
      vertex 89.491 -127.003 -48
    endloop
  endfacet
  facet normal -0.866024 -0.500002 0
    outer loop
      vertex 65.2423 -141.003 -48
      vertex 52.6791 -119.243 48
      vertex 52.6791 -119.243 -48
    endloop
  endfacet
  facet normal -0.866024 -0.500002 0
    outer loop
      vertex 52.6791 -119.243 48
      vertex 65.2423 -141.003 -48
      vertex 65.2423 -141.003 48
    endloop
  endfacet
  facet normal 0.866025 -0.5 0
    outer loop
      vertex 127.003 -89.491 48
      vertex 141.003 -65.2423 -48
      vertex 141.003 -65.2423 48
    endloop
  endfacet
  facet normal 0.866025 -0.5 0
    outer loop
      vertex 141.003 -65.2423 -48
      vertex 127.003 -89.491 48
      vertex 127.003 -89.491 -48
    endloop
  endfacet
  facet normal -0 0 1
    outer loop
      vertex 117.88 -55.7532 48
      vertex 141.003 -65.2423 48
      vertex 119.243 -52.6791 48
    endloop
  endfacet
  facet normal -0 0 1
    outer loop
      vertex 115.003 -61.4701 48
      vertex 141.003 -65.2423 48
      vertex 117.88 -55.7532 48
    endloop
  endfacet
  facet normal 0 0 1
    outer loop
      vertex 111.848 -67.039 48
      vertex 141.003 -65.2423 48
      vertex 115.003 -61.4701 48
    endloop
  endfacet
  facet normal 0 0 1
    outer loop
      vertex 141.003 -65.2423 48
      vertex 111.848 -67.039 48
      vertex 127.003 -89.491 48
    endloop
  endfacet
  facet normal -0 0 1
    outer loop
      vertex 108.424 -72.4464 48
      vertex 127.003 -89.491 48
      vertex 111.848 -67.039 48
    endloop
  endfacet
  facet normal 0 0 1
    outer loop
      vertex 127.003 -89.491 48
      vertex 108.424 -72.4464 48
      vertex 105.26 -76.9379 48
    endloop
  endfacet
  facet normal 0 0 -1
    outer loop
      vertex 111.848 -67.039 -48
      vertex 141.003 -65.2423 -48
      vertex 127.003 -89.491 -48
    endloop
  endfacet
  facet normal 0 0 -1
    outer loop
      vertex 141.003 -65.2423 -48
      vertex 117.88 -55.7532 -48
      vertex 119.243 -52.6791 -48
    endloop
  endfacet
  facet normal 0 0 -1
    outer loop
      vertex 141.003 -65.2423 -48
      vertex 115.003 -61.4701 -48
      vertex 117.88 -55.7532 -48
    endloop
  endfacet
  facet normal -0 0 -1
    outer loop
      vertex 141.003 -65.2423 -48
      vertex 111.848 -67.039 -48
      vertex 115.003 -61.4701 -48
    endloop
  endfacet
  facet normal 0 0 -1
    outer loop
      vertex 127.003 -89.491 -48
      vertex 108.424 -72.4464 -48
      vertex 111.848 -67.039 -48
    endloop
  endfacet
  facet normal 0 -0 -1
    outer loop
      vertex 108.424 -72.4464 -48
      vertex 127.003 -89.491 -48
      vertex 105.26 -76.9379 -48
    endloop
  endfacet
  facet normal 0.500002 0.866024 -0
    outer loop
      vertex 141.003 -65.2423 -48
      vertex 119.243 -52.6791 48
      vertex 141.003 -65.2423 48
    endloop
  endfacet
  facet normal 0.500002 0.866024 0
    outer loop
      vertex 119.243 -52.6791 48
      vertex 141.003 -65.2423 -48
      vertex 119.243 -52.6791 -48
    endloop
  endfacet
  facet normal -0.499993 -0.866029 0
    outer loop
      vertex 105.26 -76.9379 -48
      vertex 127.003 -89.491 48
      vertex 105.26 -76.9379 48
    endloop
  endfacet
  facet normal -0.499993 -0.866029 -0
    outer loop
      vertex 127.003 -89.491 48
      vertex 105.26 -76.9379 -48
      vertex 127.003 -89.491 -48
    endloop
  endfacet
  facet normal 0 -1 0
    outer loop
      vertex 57.1782 -6 -8
      vertex 116.239 -6 8
      vertex 57.1782 -6 8
    endloop
  endfacet
  facet normal 0 -1 -0
    outer loop
      vertex 116.239 -6 8
      vertex 57.1782 -6 -8
      vertex 116.239 -6 -8
    endloop
  endfacet
  facet normal 0 1 -0
    outer loop
      vertex 116.239 6 -8
      vertex 57.1782 6 8
      vertex 116.239 6 8
    endloop
  endfacet
  facet normal 0 1 0
    outer loop
      vertex 57.1782 6 8
      vertex 116.239 6 -8
      vertex 57.1782 6 -8
    endloop
  endfacet
  facet normal 0 0 1
    outer loop
      vertex 6 116.239 8
      vertex 5.71148 116.26 8
      vertex 6 57.1782 8
    endloop
  endfacet
  facet normal 0 0 1
    outer loop
      vertex 25.8292 2.78762 8
      vertex 15.3287 20.9749 8
      vertex 25.6944 2.70228 8
    endloop
  endfacet
  facet normal 0 0 1
    outer loop
      vertex 24.25 0 8
      vertex 16.9983 -23.7094 8
      vertex 16.9996 -23.8689 8
    endloop
  endfacet
  facet normal -0 0 1
    outer loop
      vertex 15.1874 20.9009 8
      vertex 25.6944 2.70228 8
      vertex 15.3287 20.9749 8
    endloop
  endfacet
  facet normal 0 0 1
    outer loop
      vertex 24.25 0 8
      vertex 16.9891 -23.5501 8
      vertex 16.9983 -23.7094 8
    endloop
  endfacet
  facet normal 0 0 1
    outer loop
      vertex 25.6944 2.70228 8
      vertex 15.1874 20.9009 8
      vertex 25.564 2.61042 8
    endloop
  endfacet
  facet normal 0 0 1
    outer loop
      vertex 24.25 0 8
      vertex 16.9722 -23.3915 8
      vertex 16.9891 -23.5501 8
    endloop
  endfacet
  facet normal -0 0 1
    outer loop
      vertex 15.0427 20.8338 8
      vertex 25.564 2.61042 8
      vertex 15.1874 20.9009 8
    endloop
  endfacet
  facet normal 0 0 1
    outer loop
      vertex 24.25 0 8
      vertex 16.9475 -23.2339 8
      vertex 16.9722 -23.3915 8
    endloop
  endfacet
  facet normal 0 0 1
    outer loop
      vertex 25.564 2.61042 8
      vertex 15.0427 20.8338 8
      vertex 25.4382 2.51228 8
    endloop
  endfacet
  facet normal 0 0 1
    outer loop
      vertex 24.25 0 8
      vertex 16.9151 -23.0777 8
      vertex 16.9475 -23.2339 8
    endloop
  endfacet
  facet normal -0 0 1
    outer loop
      vertex 14.8948 20.774 8
      vertex 25.4382 2.51228 8
      vertex 15.0427 20.8338 8
    endloop
  endfacet
  facet normal 0 0 1
    outer loop
      vertex 24.25 0 8
      vertex 16.8751 -22.9233 8
      vertex 16.9151 -23.0777 8
    endloop
  endfacet
  facet normal 0 0 1
    outer loop
      vertex 25.4382 2.51228 8
      vertex 14.8948 20.774 8
      vertex 25.3174 2.40809 8
    endloop
  endfacet
  facet normal 0 0 1
    outer loop
      vertex 24.25 0 8
      vertex 16.8275 -22.771 8
      vertex 16.8751 -22.9233 8
    endloop
  endfacet
  facet normal -0 0 1
    outer loop
      vertex 14.7442 20.7215 8
      vertex 25.3174 2.40809 8
      vertex 14.8948 20.774 8
    endloop
  endfacet
  facet normal 0 0 1
    outer loop
      vertex 24.25 0 8
      vertex 16.7726 -22.6213 8
      vertex 16.8275 -22.771 8
    endloop
  endfacet
  facet normal 0 0 1
    outer loop
      vertex 25.3174 2.40809 8
      vertex 14.7442 20.7215 8
      vertex 25.2019 2.2981 8
    endloop
  endfacet
  facet normal 0 0 1
    outer loop
      vertex 24.25 0 8
      vertex 16.7103 -22.4744 8
      vertex 16.7726 -22.6213 8
    endloop
  endfacet
  facet normal -0 0 1
    outer loop
      vertex 14.5912 20.6764 8
      vertex 25.2019 2.2981 8
      vertex 14.7442 20.7215 8
    endloop
  endfacet
  facet normal 0 0 1
    outer loop
      vertex 24.25 0 8
      vertex 16.6409 -22.3308 8
      vertex 16.7103 -22.4744 8
    endloop
  endfacet
  facet normal -0 0 1
    outer loop
      vertex 7.71956 4.62692 8
      vertex 25.2019 2.2981 8
      vertex 14.5912 20.6764 8
    endloop
  endfacet
  facet normal 0 0 1
    outer loop
      vertex 24.25 0 8
      vertex 16.5646 -22.1907 8
      vertex 16.6409 -22.3308 8
    endloop
  endfacet
  facet normal 0 0 1
    outer loop
      vertex 25.2019 2.2981 8
      vertex 7.71956 4.62692 8
      vertex 25.0919 2.18257 8
    endloop
  endfacet
  facet normal 0 0 1
    outer loop
      vertex 24.25 0 8
      vertex 16.4815 -22.0546 8
      vertex 16.5646 -22.1907 8
    endloop
  endfacet
  facet normal -0 -0 1
    outer loop
      vertex 7.93729 4.24257 8
      vertex 25.0919 2.18257 8
      vertex 7.71956 4.62692 8
    endloop
  endfacet
  facet normal 0 0 1
    outer loop
      vertex 24.25 0 8
      vertex 16.3918 -21.9226 8
      vertex 16.4815 -22.0546 8
    endloop
  endfacet
  facet normal 0 0 1
    outer loop
      vertex 25.0919 2.18257 8
      vertex 7.93729 4.24257 8
      vertex 24.9877 2.06178 8
    endloop
  endfacet
  facet normal 0 0 1
    outer loop
      vertex 24.25 0 8
      vertex 16.2957 -21.7953 8
      vertex 16.3918 -21.9226 8
    endloop
  endfacet
  facet normal -0 -0 1
    outer loop
      vertex 8.1359 3.848 8
      vertex 24.9877 2.06178 8
      vertex 7.93729 4.24257 8
    endloop
  endfacet
  facet normal 0 0 1
    outer loop
      vertex 8.98916 -0.441608 8
      vertex 24.25 0 8
      vertex 9 0 8
    endloop
  endfacet
  facet normal -0 -0 1
    outer loop
      vertex 8.31492 3.44415 8
      vertex 24.8896 1.93602 8
      vertex 8.1359 3.848 8
    endloop
  endfacet
  facet normal 0 0 1
    outer loop
      vertex 8.95666 -0.882154 8
      vertex 24.25 0 8
      vertex 8.98916 -0.441608 8
    endloop
  endfacet
  facet normal 0 0 1
    outer loop
      vertex 24.8896 1.93602 8
      vertex 8.31492 3.44415 8
      vertex 24.7977 1.8056 8
    endloop
  endfacet
  facet normal 0 0 1
    outer loop
      vertex 24.25 0 8
      vertex 16.1935 -21.6728 8
      vertex 16.2957 -21.7953 8
    endloop
  endfacet
  facet normal 0 0 1
    outer loop
      vertex 24.7977 1.8056 8
      vertex 8.31492 3.44415 8
      vertex 24.7124 1.67083 8
    endloop
  endfacet
  facet normal 0 0 1
    outer loop
      vertex 8.90259 -1.32057 8
      vertex 24.25 0 8
      vertex 8.95666 -0.882154 8
    endloop
  endfacet
  facet normal -0 -0 1
    outer loop
      vertex 8.4739 3.03201 8
      vertex 24.7124 1.67083 8
      vertex 8.31492 3.44415 8
    endloop
  endfacet
  facet normal 0 0 1
    outer loop
      vertex 24.25 0 8
      vertex 16.0854 -21.5555 8
      vertex 16.1935 -21.6728 8
    endloop
  endfacet
  facet normal 0 0 1
    outer loop
      vertex 24.7124 1.67083 8
      vertex 8.4739 3.03201 8
      vertex 24.6338 1.53204 8
    endloop
  endfacet
  facet normal 0 0 1
    outer loop
      vertex 24.25 0 8
      vertex 15.9717 -21.4436 8
      vertex 16.0854 -21.5555 8
    endloop
  endfacet
  facet normal -0 -0 1
    outer loop
      vertex 8.61246 2.61256 8
      vertex 24.6338 1.53204 8
      vertex 8.4739 3.03201 8
    endloop
  endfacet
  facet normal 0 0 1
    outer loop
      vertex 8.82707 -1.75581 8
      vertex 24.25 0 8
      vertex 8.90259 -1.32057 8
    endloop
  endfacet
  facet normal 0 0 1
    outer loop
      vertex 24.562 1.38955 8
      vertex 8.61246 2.61256 8
      vertex 24.4974 1.24372 8
    endloop
  endfacet
  facet normal 0 0 1
    outer loop
      vertex 24.25 0 8
      vertex 15.8526 -21.3375 8
      vertex 15.9717 -21.4436 8
    endloop
  endfacet
  facet normal -0 -0 1
    outer loop
      vertex 8.73028 2.18682 8
      vertex 24.4974 1.24372 8
      vertex 8.61246 2.61256 8
    endloop
  endfacet
  facet normal 0 0 1
    outer loop
      vertex 8.73028 -2.18682 8
      vertex 24.25 0 8
      vertex 8.82707 -1.75581 8
    endloop
  endfacet
  facet normal 0 0 1
    outer loop
      vertex 24.4974 1.24372 8
      vertex 8.73028 2.18682 8
      vertex 24.44 1.09489 8
    endloop
  endfacet
  facet normal 0 0 1
    outer loop
      vertex 24.25 0 8
      vertex 15.7285 -21.2373 8
      vertex 15.8526 -21.3375 8
    endloop
  endfacet
  facet normal -0 -0 1
    outer loop
      vertex 8.82707 1.75581 8
      vertex 24.44 1.09489 8
      vertex 8.73028 2.18682 8
    endloop
  endfacet
  facet normal 0 0 1
    outer loop
      vertex 8.61246 -2.61256 8
      vertex 24.25 0 8
      vertex 8.73028 -2.18682 8
    endloop
  endfacet
  facet normal 0 0 1
    outer loop
      vertex 24.44 1.09489 8
      vertex 8.82707 1.75581 8
      vertex 24.3899 0.943425 8
    endloop
  endfacet
  facet normal 0 0 1
    outer loop
      vertex 24.25 0 8
      vertex 15.5996 -21.1433 8
      vertex 15.7285 -21.2373 8
    endloop
  endfacet
  facet normal 0 0 1
    outer loop
      vertex 24.6338 1.53204 8
      vertex 8.61246 2.61256 8
      vertex 24.562 1.38955 8
    endloop
  endfacet
  facet normal 0 0 1
    outer loop
      vertex 8.4739 -3.03201 8
      vertex 24.25 0 8
      vertex 8.61246 -2.61256 8
    endloop
  endfacet
  facet normal 0 0 1
    outer loop
      vertex 7.71956 4.62692 8
      vertex 14.5912 20.6764 8
      vertex 14.4361 20.6389 8
    endloop
  endfacet
  facet normal 0 0 1
    outer loop
      vertex 24.25 0 8
      vertex 15.4662 -21.0558 8
      vertex 15.5996 -21.1433 8
    endloop
  endfacet
  facet normal 0 0 1
    outer loop
      vertex 7.48323 5.00013 8
      vertex 14.4361 20.6389 8
      vertex 14.2794 20.6091 8
    endloop
  endfacet
  facet normal 0 0 1
    outer loop
      vertex 24.25 0 8
      vertex 15.3287 -20.9749 8
      vertex 15.4662 -21.0558 8
    endloop
  endfacet
  facet normal 0 0 1
    outer loop
      vertex 7.48323 5.00013 8
      vertex 14.2794 20.6091 8
      vertex 14.1214 20.587 8
    endloop
  endfacet
  facet normal 0 0 1
    outer loop
      vertex 8.31492 -3.44415 8
      vertex 24.25 0 8
      vertex 8.4739 -3.03201 8
    endloop
  endfacet
  facet normal 0 0 1
    outer loop
      vertex 7.22887 5.36129 8
      vertex 14.1214 20.587 8
      vertex 13.9626 20.5727 8
    endloop
  endfacet
  facet normal 0 0 1
    outer loop
      vertex 24.25 0 8
      vertex 15.1874 -20.9009 8
      vertex 15.3287 -20.9749 8
    endloop
  endfacet
  facet normal 0 0 1
    outer loop
      vertex 6.95709 5.70954 8
      vertex 13.9626 20.5727 8
      vertex 13.8032 20.5661 8
    endloop
  endfacet
  facet normal 0 0 1
    outer loop
      vertex 8.1359 -3.848 8
      vertex 24.25 0 8
      vertex 8.31492 -3.44415 8
    endloop
  endfacet
  facet normal 0 0 1
    outer loop
      vertex 6.95709 5.70954 8
      vertex 13.8032 20.5661 8
      vertex 13.6437 20.5674 8
    endloop
  endfacet
  facet normal 0 0 1
    outer loop
      vertex 24.25 0 8
      vertex 15.0427 -20.8338 8
      vertex 15.1874 -20.9009 8
    endloop
  endfacet
  facet normal 0 0 1
    outer loop
      vertex 6.66856 6.04403 8
      vertex 13.6437 20.5674 8
      vertex 13.4844 20.5766 8
    endloop
  endfacet
  facet normal 0 0 1
    outer loop
      vertex 7.93729 -4.24257 8
      vertex 24.25 0 8
      vertex 8.1359 -3.848 8
    endloop
  endfacet
  facet normal 0 0 1
    outer loop
      vertex 6.36396 6.36396 8
      vertex 13.4844 20.5766 8
      vertex 13.3258 20.5935 8
    endloop
  endfacet
  facet normal 0 0 1
    outer loop
      vertex 24.25 0 8
      vertex 14.8948 -20.774 8
      vertex 15.0427 -20.8338 8
    endloop
  endfacet
  facet normal 0 0 1
    outer loop
      vertex 6.36396 6.36396 8
      vertex 13.3258 20.5935 8
      vertex 13.1682 20.6182 8
    endloop
  endfacet
  facet normal 0 0 1
    outer loop
      vertex 24.25 0 8
      vertex 14.7442 -20.7215 8
      vertex 14.8948 -20.774 8
    endloop
  endfacet
  facet normal 0 0 1
    outer loop
      vertex 6.04403 6.66856 8
      vertex 13.1682 20.6182 8
      vertex 13.012 20.6506 8
    endloop
  endfacet
  facet normal 0 0 1
    outer loop
      vertex 24.25 0 8
      vertex 7.93729 -4.24257 8
      vertex 14.7442 -20.7215 8
    endloop
  endfacet
  facet normal 0 0 1
    outer loop
      vertex 5.70954 6.95709 8
      vertex 13.012 20.6506 8
      vertex 12.8576 20.6906 8
    endloop
  endfacet
  facet normal 0 0 1
    outer loop
      vertex 14.7442 -20.7215 8
      vertex 7.93729 -4.24257 8
      vertex 14.5912 -20.6764 8
    endloop
  endfacet
  facet normal 0 0 1
    outer loop
      vertex 5.70954 6.95709 8
      vertex 12.8576 20.6906 8
      vertex 12.7053 20.7382 8
    endloop
  endfacet
  facet normal -0 0 1
    outer loop
      vertex 7.71956 -4.62692 8
      vertex 14.5912 -20.6764 8
      vertex 7.93729 -4.24257 8
    endloop
  endfacet
  facet normal 0 0 1
    outer loop
      vertex 5.36129 7.22887 8
      vertex 12.7053 20.7382 8
      vertex 12.5556 20.7931 8
    endloop
  endfacet
  facet normal 0 0 1
    outer loop
      vertex 14.5912 -20.6764 8
      vertex 7.71956 -4.62692 8
      vertex 14.4361 -20.6389 8
    endloop
  endfacet
  facet normal 0 0 1
    outer loop
      vertex 5.00013 7.48323 8
      vertex 12.5556 20.7931 8
      vertex 12.4087 20.8554 8
    endloop
  endfacet
  facet normal -0 0 1
    outer loop
      vertex 7.48323 -5.00013 8
      vertex 14.4361 -20.6389 8
      vertex 7.71956 -4.62692 8
    endloop
  endfacet
  facet normal 0 0 1
    outer loop
      vertex 5.00013 7.48323 8
      vertex 12.4087 20.8554 8
      vertex 12.2651 20.9248 8
    endloop
  endfacet
  facet normal 0 0 1
    outer loop
      vertex 14.4361 -20.6389 8
      vertex 7.48323 -5.00013 8
      vertex 14.2794 -20.6091 8
    endloop
  endfacet
  facet normal 0 0 1
    outer loop
      vertex 4.62692 7.71956 8
      vertex 12.2651 20.9248 8
      vertex 12.125 21.0011 8
    endloop
  endfacet
  facet normal 0 0 1
    outer loop
      vertex 14.2794 -20.6091 8
      vertex 7.48323 -5.00013 8
      vertex 14.1214 -20.587 8
    endloop
  endfacet
  facet normal 0 0 1
    outer loop
      vertex 4.24257 7.93729 8
      vertex 12.125 21.0011 8
      vertex 11.9889 21.0842 8
    endloop
  endfacet
  facet normal -0 0 1
    outer loop
      vertex 7.22887 -5.36129 8
      vertex 14.1214 -20.587 8
      vertex 7.48323 -5.00013 8
    endloop
  endfacet
  facet normal 0 0 1
    outer loop
      vertex 4.24257 7.93729 8
      vertex 11.9889 21.0842 8
      vertex 11.8569 21.1739 8
    endloop
  endfacet
  facet normal 0 0 1
    outer loop
      vertex 14.1214 -20.587 8
      vertex 7.22887 -5.36129 8
      vertex 13.9626 -20.5727 8
    endloop
  endfacet
  facet normal 0 0 1
    outer loop
      vertex 3.848 8.1359 8
      vertex 11.8569 21.1739 8
      vertex 11.7296 21.27 8
    endloop
  endfacet
  facet normal -0 0 1
    outer loop
      vertex 6.95709 -5.70954 8
      vertex 13.9626 -20.5727 8
      vertex 7.22887 -5.36129 8
    endloop
  endfacet
  facet normal 0 0 1
    outer loop
      vertex 3.44415 8.31492 8
      vertex 11.7296 21.27 8
      vertex 11.6071 21.3722 8
    endloop
  endfacet
  facet normal 0 0 1
    outer loop
      vertex 13.9626 -20.5727 8
      vertex 6.95709 -5.70954 8
      vertex 13.8032 -20.5661 8
    endloop
  endfacet
  facet normal 0 0 1
    outer loop
      vertex 3.44415 8.31492 8
      vertex 11.6071 21.3722 8
      vertex 11.4898 21.4803 8
    endloop
  endfacet
  facet normal 0 0 1
    outer loop
      vertex 13.8032 -20.5661 8
      vertex 6.95709 -5.70954 8
      vertex 13.6437 -20.5674 8
    endloop
  endfacet
  facet normal 0 0 1
    outer loop
      vertex 3.03201 8.4739 8
      vertex 11.4898 21.4803 8
      vertex 11.3779 21.594 8
    endloop
  endfacet
  facet normal -0 0 1
    outer loop
      vertex 6.66856 -6.04403 8
      vertex 13.6437 -20.5674 8
      vertex 6.95709 -5.70954 8
    endloop
  endfacet
  facet normal 0 0 1
    outer loop
      vertex 2.61256 8.61246 8
      vertex 11.3779 21.594 8
      vertex 11.2718 21.7131 8
    endloop
  endfacet
  facet normal 0 0 1
    outer loop
      vertex 13.6437 -20.5674 8
      vertex 6.66856 -6.04403 8
      vertex 13.4844 -20.5766 8
    endloop
  endfacet
  facet normal 0 0 1
    outer loop
      vertex 2.61256 8.61246 8
      vertex 11.2718 21.7131 8
      vertex 11.1716 21.8372 8
    endloop
  endfacet
  facet normal -0 0 1
    outer loop
      vertex 6.36396 -6.36396 8
      vertex 13.4844 -20.5766 8
      vertex 6.66856 -6.04403 8
    endloop
  endfacet
  facet normal 0 0 1
    outer loop
      vertex 2.18682 8.73028 8
      vertex 11.1716 21.8372 8
      vertex 11.0776 21.9661 8
    endloop
  endfacet
  facet normal 0 0 1
    outer loop
      vertex 13.4844 -20.5766 8
      vertex 6.36396 -6.36396 8
      vertex 13.3258 -20.5935 8
    endloop
  endfacet
  facet normal 0 0 1
    outer loop
      vertex 1.75581 8.82707 8
      vertex 11.0776 21.9661 8
      vertex 10.9901 22.0995 8
    endloop
  endfacet
  facet normal 0 0 1
    outer loop
      vertex 13.3258 -20.5935 8
      vertex 6.36396 -6.36396 8
      vertex 13.1682 -20.6182 8
    endloop
  endfacet
  facet normal 0 0 1
    outer loop
      vertex 1.75581 8.82707 8
      vertex 10.9901 22.0995 8
      vertex 10.9092 22.237 8
    endloop
  endfacet
  facet normal -0 0 1
    outer loop
      vertex 6.04403 -6.66856 8
      vertex 13.1682 -20.6182 8
      vertex 6.36396 -6.36396 8
    endloop
  endfacet
  facet normal 0 0 1
    outer loop
      vertex 1.32057 8.90259 8
      vertex 10.9092 22.237 8
      vertex 10.8352 22.3783 8
    endloop
  endfacet
  facet normal 0 0 1
    outer loop
      vertex 13.1682 -20.6182 8
      vertex 6.04403 -6.66856 8
      vertex 13.012 -20.6506 8
    endloop
  endfacet
  facet normal 0 0 1
    outer loop
      vertex 0.882154 8.95666 8
      vertex 10.8352 22.3783 8
      vertex 10.7681 22.523 8
    endloop
  endfacet
  facet normal -0 0 1
    outer loop
      vertex 5.70954 -6.95709 8
      vertex 13.012 -20.6506 8
      vertex 6.04403 -6.66856 8
    endloop
  endfacet
  facet normal 0 0 1
    outer loop
      vertex 0.882154 8.95666 8
      vertex 10.7681 22.523 8
      vertex 10.7083 22.6709 8
    endloop
  endfacet
  facet normal 0 0 1
    outer loop
      vertex 13.012 -20.6506 8
      vertex 5.70954 -6.95709 8
      vertex 12.8576 -20.6906 8
    endloop
  endfacet
  facet normal 0 0 1
    outer loop
      vertex 0.441608 8.98916 8
      vertex 10.7083 22.6709 8
      vertex 10.6558 22.8215 8
    endloop
  endfacet
  facet normal 0 0 1
    outer loop
      vertex 12.8576 -20.6906 8
      vertex 5.70954 -6.95709 8
      vertex 12.7053 -20.7382 8
    endloop
  endfacet
  facet normal 0 0 1
    outer loop
      vertex 0 9 8
      vertex 10.6558 22.8215 8
      vertex 10.6107 22.9745 8
    endloop
  endfacet
  facet normal -0 0 1
    outer loop
      vertex 5.36129 -7.22887 8
      vertex 12.7053 -20.7382 8
      vertex 5.70954 -6.95709 8
    endloop
  endfacet
  facet normal 0 0 1
    outer loop
      vertex -10.6107 22.9745 8
      vertex 10.6107 22.9745 8
      vertex 10.5732 23.1296 8
    endloop
  endfacet
  facet normal 0 0 1
    outer loop
      vertex 12.7053 -20.7382 8
      vertex 5.36129 -7.22887 8
      vertex 12.5556 -20.7931 8
    endloop
  endfacet
  facet normal 0 0 1
    outer loop
      vertex -10.5732 23.1296 8
      vertex 10.5732 23.1296 8
      vertex 10.5434 23.2863 8
    endloop
  endfacet
  facet normal -0 0 1
    outer loop
      vertex 5.00013 -7.48323 8
      vertex 12.5556 -20.7931 8
      vertex 5.36129 -7.22887 8
    endloop
  endfacet
  facet normal 0 0 1
    outer loop
      vertex -10.5434 23.2863 8
      vertex 10.5434 23.2863 8
      vertex 10.5213 23.4443 8
    endloop
  endfacet
  facet normal 0 0 1
    outer loop
      vertex 12.5556 -20.7931 8
      vertex 5.00013 -7.48323 8
      vertex 12.4087 -20.8554 8
    endloop
  endfacet
  facet normal 0 0 1
    outer loop
      vertex -10.5213 23.4443 8
      vertex 10.5213 23.4443 8
      vertex 10.507 23.6031 8
    endloop
  endfacet
  facet normal 0 0 1
    outer loop
      vertex 12.4087 -20.8554 8
      vertex 5.00013 -7.48323 8
      vertex 12.2651 -20.9248 8
    endloop
  endfacet
  facet normal 0 0 1
    outer loop
      vertex -10.507 23.6031 8
      vertex 10.507 23.6031 8
      vertex 10.5004 23.7625 8
    endloop
  endfacet
  facet normal -0 0 1
    outer loop
      vertex 4.62692 -7.71956 8
      vertex 12.2651 -20.9248 8
      vertex 5.00013 -7.48323 8
    endloop
  endfacet
  facet normal -0 0 1
    outer loop
      vertex 16.7917 -24.9605 8
      vertex 40.6586 -40.6586 8
      vertex 16.8442 -24.8099 8
    endloop
  endfacet
  facet normal -0 0 1
    outer loop
      vertex 16.7319 -25.1084 8
      vertex 40.6586 -40.6586 8
      vertex 16.7917 -24.9605 8
    endloop
  endfacet
  facet normal 0 0 1
    outer loop
      vertex 40.6586 -40.6586 8
      vertex 16.7319 -25.1084 8
      vertex 38.6146 -42.6047 8
    endloop
  endfacet
  facet normal -0 0 1
    outer loop
      vertex 16.6648 -25.2531 8
      vertex 38.6146 -42.6047 8
      vertex 16.7319 -25.1084 8
    endloop
  endfacet
  facet normal -0 0 1
    outer loop
      vertex 16.5908 -25.3944 8
      vertex 38.6146 -42.6047 8
      vertex 16.6648 -25.2531 8
    endloop
  endfacet
  facet normal -0 0 1
    outer loop
      vertex 16.5099 -25.5319 8
      vertex 38.6146 -42.6047 8
      vertex 16.5908 -25.3944 8
    endloop
  endfacet
  facet normal 0 0 1
    outer loop
      vertex 38.6146 -42.6047 8
      vertex 16.5099 -25.5319 8
      vertex 36.4776 -44.4481 8
    endloop
  endfacet
  facet normal -0 0 1
    outer loop
      vertex 16.4224 -25.6653 8
      vertex 36.4776 -44.4481 8
      vertex 16.5099 -25.5319 8
    endloop
  endfacet
  facet normal -0 0 1
    outer loop
      vertex 16.3284 -25.7942 8
      vertex 36.4776 -44.4481 8
      vertex 16.4224 -25.6653 8
    endloop
  endfacet
  facet normal 0 0 1
    outer loop
      vertex 36.4776 -44.4481 8
      vertex 16.3284 -25.7942 8
      vertex 34.2527 -46.1844 8
    endloop
  endfacet
  facet normal -0 0 1
    outer loop
      vertex 16.2282 -25.9183 8
      vertex 34.2527 -46.1844 8
      vertex 16.3284 -25.7942 8
    endloop
  endfacet
  facet normal -0 0 1
    outer loop
      vertex 16.1221 -26.0374 8
      vertex 34.2527 -46.1844 8
      vertex 16.2282 -25.9183 8
    endloop
  endfacet
  facet normal 0 0 1
    outer loop
      vertex 34.2527 -46.1844 8
      vertex 16.1221 -26.0374 8
      vertex 33.7836 -46.5148 8
    endloop
  endfacet
  facet normal -0 0 1
    outer loop
      vertex 16.0102 -26.1511 8
      vertex 33.7836 -46.5148 8
      vertex 16.1221 -26.0374 8
    endloop
  endfacet
  facet normal -0 0 1
    outer loop
      vertex 15.8929 -26.2592 8
      vertex 33.7836 -46.5148 8
      vertex 16.0102 -26.1511 8
    endloop
  endfacet
  facet normal -0 0 1
    outer loop
      vertex 15.7704 -26.3614 8
      vertex 33.7836 -46.5148 8
      vertex 15.8929 -26.2592 8
    endloop
  endfacet
  facet normal -0 0 1
    outer loop
      vertex 15.6431 -26.4575 8
      vertex 33.7836 -46.5148 8
      vertex 15.7704 -26.3614 8
    endloop
  endfacet
  facet normal -0 0 1
    outer loop
      vertex 15.5111 -26.5472 8
      vertex 33.7836 -46.5148 8
      vertex 15.6431 -26.4575 8
    endloop
  endfacet
  facet normal -0 0 1
    outer loop
      vertex 15.375 -26.6303 8
      vertex 33.7836 -46.5148 8
      vertex 15.5111 -26.5472 8
    endloop
  endfacet
  facet normal 0 0 1
    outer loop
      vertex 33.7836 -46.5148 8
      vertex 15.375 -26.6303 8
      vertex 23.3882 -52.5096 8
    endloop
  endfacet
  facet normal -0 0 1
    outer loop
      vertex 15.2349 -26.7066 8
      vertex 23.3882 -52.5096 8
      vertex 15.375 -26.6303 8
    endloop
  endfacet
  facet normal -0 0 1
    outer loop
      vertex 15.0913 -26.776 8
      vertex 23.3882 -52.5096 8
      vertex 15.2349 -26.7066 8
    endloop
  endfacet
  facet normal -0 0 1
    outer loop
      vertex 14.9444 -26.8383 8
      vertex 23.3882 -52.5096 8
      vertex 15.0913 -26.776 8
    endloop
  endfacet
  facet normal -0 0 1
    outer loop
      vertex 14.7947 -26.8932 8
      vertex 23.3882 -52.5096 8
      vertex 14.9444 -26.8383 8
    endloop
  endfacet
  facet normal -0 0 1
    outer loop
      vertex 14.6424 -26.9408 8
      vertex 23.3882 -52.5096 8
      vertex 14.7947 -26.8932 8
    endloop
  endfacet
  facet normal -0 0 1
    outer loop
      vertex 14.488 -26.9808 8
      vertex 23.3882 -52.5096 8
      vertex 14.6424 -26.9408 8
    endloop
  endfacet
  facet normal 0 0 1
    outer loop
      vertex 23.3882 -52.5096 8
      vertex 14.488 -26.9808 8
      vertex 22.0043 -53.1231 8
    endloop
  endfacet
  facet normal -0 0 1
    outer loop
      vertex 14.3318 -27.0132 8
      vertex 22.0043 -53.1231 8
      vertex 14.488 -26.9808 8
    endloop
  endfacet
  facet normal -0 0 1
    outer loop
      vertex 14.1742 -27.0379 8
      vertex 22.0043 -53.1231 8
      vertex 14.3318 -27.0132 8
    endloop
  endfacet
  facet normal 0 0 1
    outer loop
      vertex 22.0043 -53.1231 8
      vertex 14.1742 -27.0379 8
      vertex 19.3712 -54.1388 8
    endloop
  endfacet
  facet normal -0 0 1
    outer loop
      vertex 14.0156 -27.0548 8
      vertex 19.3712 -54.1388 8
      vertex 14.1742 -27.0379 8
    endloop
  endfacet
  facet normal -0 0 1
    outer loop
      vertex 13.8563 -27.064 8
      vertex 19.3712 -54.1388 8
      vertex 14.0156 -27.0548 8
    endloop
  endfacet
  facet normal -0 0 1
    outer loop
      vertex 13.6968 -27.0653 8
      vertex 19.3712 -54.1388 8
      vertex 13.8563 -27.064 8
    endloop
  endfacet
  facet normal 0 0 1
    outer loop
      vertex 19.3712 -54.1388 8
      vertex 13.6968 -27.0653 8
      vertex 16.6914 -55.0241 8
    endloop
  endfacet
  facet normal 0 0 1
    outer loop
      vertex 13.5374 -27.0587 8
      vertex 16.6914 -55.0241 8
      vertex 13.6968 -27.0653 8
    endloop
  endfacet
  facet normal 0 0 1
    outer loop
      vertex 13.3786 -27.0444 8
      vertex 16.6914 -55.0241 8
      vertex 13.5374 -27.0587 8
    endloop
  endfacet
  facet normal 0 0 1
    outer loop
      vertex 16.6914 -55.0241 8
      vertex 13.3786 -27.0444 8
      vertex 13.9714 -55.7768 8
    endloop
  endfacet
  facet normal 0 0 1
    outer loop
      vertex 13.2206 -27.0223 8
      vertex 13.9714 -55.7768 8
      vertex 13.3786 -27.0444 8
    endloop
  endfacet
  facet normal 0 0 1
    outer loop
      vertex 13.0639 -26.9925 8
      vertex 13.9714 -55.7768 8
      vertex 13.2206 -27.0223 8
    endloop
  endfacet
  facet normal 0 0 1
    outer loop
      vertex 12.9088 -26.955 8
      vertex 13.9714 -55.7768 8
      vertex 13.0639 -26.9925 8
    endloop
  endfacet
  facet normal 0 0 1
    outer loop
      vertex 11.2177 -56.3952 8
      vertex 12.9088 -26.955 8
      vertex 12.7558 -26.9099 8
    endloop
  endfacet
  facet normal 0 0 1
    outer loop
      vertex 11.2177 -56.3952 8
      vertex 12.7558 -26.9099 8
      vertex 12.6052 -26.8574 8
    endloop
  endfacet
  facet normal 0 0 1
    outer loop
      vertex 8.437 -56.8776 8
      vertex 12.6052 -26.8574 8
      vertex 12.4573 -26.7976 8
    endloop
  endfacet
  facet normal 0 0 1
    outer loop
      vertex 8.437 -56.8776 8
      vertex 12.4573 -26.7976 8
      vertex 12.3126 -26.7305 8
    endloop
  endfacet
  facet normal 0 0 1
    outer loop
      vertex 6 -57.1782 8
      vertex 12.3126 -26.7305 8
      vertex 12.1713 -26.6565 8
    endloop
  endfacet
  facet normal 0 0 1
    outer loop
      vertex 6 -57.1782 8
      vertex 12.1713 -26.6565 8
      vertex 12.0338 -26.5756 8
    endloop
  endfacet
  facet normal 0 0 1
    outer loop
      vertex 6 -57.1782 8
      vertex 12.0338 -26.5756 8
      vertex 11.9004 -26.4881 8
    endloop
  endfacet
  facet normal 0 0 1
    outer loop
      vertex 6 -57.1782 8
      vertex 11.9004 -26.4881 8
      vertex 11.7715 -26.3941 8
    endloop
  endfacet
  facet normal 0 0 1
    outer loop
      vertex 6 -57.1782 8
      vertex 11.7715 -26.3941 8
      vertex 11.6474 -26.2939 8
    endloop
  endfacet
  facet normal 0 0 1
    outer loop
      vertex -11.6474 -26.2939 8
      vertex 11.6474 -26.2939 8
      vertex 11.5283 -26.1878 8
    endloop
  endfacet
  facet normal 0 0 1
    outer loop
      vertex -11.5283 -26.1878 8
      vertex 11.5283 -26.1878 8
      vertex 11.4146 -26.0759 8
    endloop
  endfacet
  facet normal 0 0 1
    outer loop
      vertex -11.4146 -26.0759 8
      vertex 11.4146 -26.0759 8
      vertex 11.3065 -25.9586 8
    endloop
  endfacet
  facet normal 0 0 1
    outer loop
      vertex 12.9088 -26.955 8
      vertex 11.2177 -56.3952 8
      vertex 13.9714 -55.7768 8
    endloop
  endfacet
  facet normal 0 0 1
    outer loop
      vertex -11.3065 -25.9586 8
      vertex 11.3065 -25.9586 8
      vertex 11.2043 -25.8361 8
    endloop
  endfacet
  facet normal 0 0 1
    outer loop
      vertex -11.2043 -25.8361 8
      vertex 11.2043 -25.8361 8
      vertex 11.1082 -25.7088 8
    endloop
  endfacet
  facet normal 0 0 1
    outer loop
      vertex -11.1082 -25.7088 8
      vertex 11.1082 -25.7088 8
      vertex 11.0185 -25.5768 8
    endloop
  endfacet
  facet normal 0 0 1
    outer loop
      vertex -11.0185 -25.5768 8
      vertex 11.0185 -25.5768 8
      vertex 10.9354 -25.4407 8
    endloop
  endfacet
  facet normal 0 0 1
    outer loop
      vertex -10.9354 -25.4407 8
      vertex 10.9354 -25.4407 8
      vertex 10.8591 -25.3006 8
    endloop
  endfacet
  facet normal 0 0 1
    outer loop
      vertex -10.8591 -25.3006 8
      vertex 10.8591 -25.3006 8
      vertex 10.7897 -25.157 8
    endloop
  endfacet
  facet normal 0 0 1
    outer loop
      vertex -10.7897 -25.157 8
      vertex 10.7897 -25.157 8
      vertex 10.7274 -25.0101 8
    endloop
  endfacet
  facet normal 0 0 1
    outer loop
      vertex -10.7274 -25.0101 8
      vertex 10.7274 -25.0101 8
      vertex 10.6725 -24.8604 8
    endloop
  endfacet
  facet normal 0 0 1
    outer loop
      vertex -10.6725 -24.8604 8
      vertex 10.6725 -24.8604 8
      vertex 10.6249 -24.7081 8
    endloop
  endfacet
  facet normal 0 0 1
    outer loop
      vertex -10.6249 -24.7081 8
      vertex 10.6249 -24.7081 8
      vertex 10.5849 -24.5537 8
    endloop
  endfacet
  facet normal 0 0 1
    outer loop
      vertex -10.5849 -24.5537 8
      vertex 10.5849 -24.5537 8
      vertex 10.5525 -24.3975 8
    endloop
  endfacet
  facet normal 0 0 1
    outer loop
      vertex -10.5525 -24.3975 8
      vertex 10.5525 -24.3975 8
      vertex 10.5278 -24.2399 8
    endloop
  endfacet
  facet normal 0 0 1
    outer loop
      vertex -10.5278 -24.2399 8
      vertex 10.5278 -24.2399 8
      vertex 10.5109 -24.0813 8
    endloop
  endfacet
  facet normal 0 0 1
    outer loop
      vertex -10.5109 -24.0813 8
      vertex 10.5109 -24.0813 8
      vertex 10.5017 -23.922 8
    endloop
  endfacet
  facet normal -0 0 1
    outer loop
      vertex 4.24257 -7.93729 8
      vertex 12.125 -21.0011 8
      vertex 4.62692 -7.71956 8
    endloop
  endfacet
  facet normal 0 0 1
    outer loop
      vertex 12.125 -21.0011 8
      vertex 4.24257 -7.93729 8
      vertex 11.9889 -21.0842 8
    endloop
  endfacet
  facet normal 0 0 1
    outer loop
      vertex 11.9889 -21.0842 8
      vertex 4.24257 -7.93729 8
      vertex 11.8569 -21.1739 8
    endloop
  endfacet
  facet normal -0 0 1
    outer loop
      vertex 3.848 -8.1359 8
      vertex 11.8569 -21.1739 8
      vertex 4.24257 -7.93729 8
    endloop
  endfacet
  facet normal 0 0 1
    outer loop
      vertex 11.8569 -21.1739 8
      vertex 3.848 -8.1359 8
      vertex 11.7296 -21.27 8
    endloop
  endfacet
  facet normal -0 0 1
    outer loop
      vertex 3.44415 -8.31492 8
      vertex 11.7296 -21.27 8
      vertex 3.848 -8.1359 8
    endloop
  endfacet
  facet normal 0 0 1
    outer loop
      vertex 11.7296 -21.27 8
      vertex 3.44415 -8.31492 8
      vertex 11.6071 -21.3722 8
    endloop
  endfacet
  facet normal 0 0 1
    outer loop
      vertex 11.6071 -21.3722 8
      vertex 3.44415 -8.31492 8
      vertex 11.4898 -21.4803 8
    endloop
  endfacet
  facet normal -0 0 1
    outer loop
      vertex 3.03201 -8.4739 8
      vertex 11.4898 -21.4803 8
      vertex 3.44415 -8.31492 8
    endloop
  endfacet
  facet normal 0 0 1
    outer loop
      vertex 11.4898 -21.4803 8
      vertex 3.03201 -8.4739 8
      vertex 11.3779 -21.594 8
    endloop
  endfacet
  facet normal -0 0 1
    outer loop
      vertex 2.61256 -8.61246 8
      vertex 11.3779 -21.594 8
      vertex 3.03201 -8.4739 8
    endloop
  endfacet
  facet normal 0 0 1
    outer loop
      vertex 11.3779 -21.594 8
      vertex 2.61256 -8.61246 8
      vertex 11.2718 -21.7131 8
    endloop
  endfacet
  facet normal 0 0 1
    outer loop
      vertex 11.2718 -21.7131 8
      vertex 2.61256 -8.61246 8
      vertex 11.1716 -21.8372 8
    endloop
  endfacet
  facet normal -0 0 1
    outer loop
      vertex 2.18682 -8.73028 8
      vertex 11.1716 -21.8372 8
      vertex 2.61256 -8.61246 8
    endloop
  endfacet
  facet normal 0 0 1
    outer loop
      vertex 11.1716 -21.8372 8
      vertex 2.18682 -8.73028 8
      vertex 11.0776 -21.9661 8
    endloop
  endfacet
  facet normal -0 0 1
    outer loop
      vertex 1.75581 -8.82707 8
      vertex 11.0776 -21.9661 8
      vertex 2.18682 -8.73028 8
    endloop
  endfacet
  facet normal 0 0 1
    outer loop
      vertex 11.0776 -21.9661 8
      vertex 1.75581 -8.82707 8
      vertex 10.9901 -22.0995 8
    endloop
  endfacet
  facet normal 0 0 1
    outer loop
      vertex 10.9901 -22.0995 8
      vertex 1.75581 -8.82707 8
      vertex 10.9092 -22.237 8
    endloop
  endfacet
  facet normal -0 0 1
    outer loop
      vertex 1.32057 -8.90259 8
      vertex 10.9092 -22.237 8
      vertex 1.75581 -8.82707 8
    endloop
  endfacet
  facet normal 0 0 1
    outer loop
      vertex 10.9092 -22.237 8
      vertex 1.32057 -8.90259 8
      vertex 10.8352 -22.3783 8
    endloop
  endfacet
  facet normal -0 0 1
    outer loop
      vertex 0.882154 -8.95666 8
      vertex 10.8352 -22.3783 8
      vertex 1.32057 -8.90259 8
    endloop
  endfacet
  facet normal 0 0 1
    outer loop
      vertex 6 -57.1782 8
      vertex 5.71148 -116.26 8
      vertex 6 -116.239 8
    endloop
  endfacet
  facet normal 0 0 1
    outer loop
      vertex 10.8352 -22.3783 8
      vertex 0.882154 -8.95666 8
      vertex 10.7681 -22.523 8
    endloop
  endfacet
  facet normal 0 0 1
    outer loop
      vertex 10.7681 -22.523 8
      vertex 0.882154 -8.95666 8
      vertex 10.7083 -22.6709 8
    endloop
  endfacet
  facet normal -0 0 1
    outer loop
      vertex 0.441608 -8.98916 8
      vertex 10.7083 -22.6709 8
      vertex 0.882154 -8.95666 8
    endloop
  endfacet
  facet normal 0 0 1
    outer loop
      vertex 10.7083 -22.6709 8
      vertex 0.441608 -8.98916 8
      vertex 10.6558 -22.8215 8
    endloop
  endfacet
  facet normal 0 0 1
    outer loop
      vertex 10.6249 -24.7081 8
      vertex -10.6249 -24.7081 8
      vertex -10.6725 -24.8604 8
    endloop
  endfacet
  facet normal 0 0 1
    outer loop
      vertex 10.6725 -24.8604 8
      vertex -10.6725 -24.8604 8
      vertex -10.7274 -25.0101 8
    endloop
  endfacet
  facet normal 0 0 1
    outer loop
      vertex 10.7274 -25.0101 8
      vertex -10.7274 -25.0101 8
      vertex -10.7897 -25.157 8
    endloop
  endfacet
  facet normal -0 0 1
    outer loop
      vertex 0 -9 8
      vertex 10.6558 -22.8215 8
      vertex 0.441608 -8.98916 8
    endloop
  endfacet
  facet normal 0 0 1
    outer loop
      vertex 10.6558 -22.8215 8
      vertex 0 -9 8
      vertex 10.6107 -22.9745 8
    endloop
  endfacet
  facet normal 0 0 1
    outer loop
      vertex -10.6107 -22.9745 8
      vertex 10.6107 -22.9745 8
      vertex 0 -9 8
    endloop
  endfacet
  facet normal 0 0 1
    outer loop
      vertex 10.6107 -22.9745 8
      vertex -10.6107 -22.9745 8
      vertex 10.5732 -23.1296 8
    endloop
  endfacet
  facet normal 0 -0 1
    outer loop
      vertex -10.5732 -23.1296 8
      vertex 10.5732 -23.1296 8
      vertex -10.6107 -22.9745 8
    endloop
  endfacet
  facet normal 0 0 1
    outer loop
      vertex 10.5732 -23.1296 8
      vertex -10.5732 -23.1296 8
      vertex 10.5434 -23.2863 8
    endloop
  endfacet
  facet normal 0 -0 1
    outer loop
      vertex -10.5434 -23.2863 8
      vertex 10.5434 -23.2863 8
      vertex -10.5732 -23.1296 8
    endloop
  endfacet
  facet normal 0 0 1
    outer loop
      vertex 10.5434 -23.2863 8
      vertex -10.5434 -23.2863 8
      vertex 10.5213 -23.4443 8
    endloop
  endfacet
  facet normal 0 -0 1
    outer loop
      vertex -10.5213 -23.4443 8
      vertex 10.5213 -23.4443 8
      vertex -10.5434 -23.2863 8
    endloop
  endfacet
  facet normal 0 -0 1
    outer loop
      vertex 0 -116.4 8
      vertex 6 -57.1782 8
      vertex -6 -57.1782 8
    endloop
  endfacet
  facet normal 0 0 1
    outer loop
      vertex -10.6558 -22.8215 8
      vertex 0 -9 8
      vertex -0.441608 -8.98916 8
    endloop
  endfacet
  facet normal 0 0 1
    outer loop
      vertex -10.7083 -22.6709 8
      vertex -0.441608 -8.98916 8
      vertex -0.882154 -8.95666 8
    endloop
  endfacet
  facet normal 0 0 1
    outer loop
      vertex -10.8352 -22.3783 8
      vertex -0.882154 -8.95666 8
      vertex -1.32057 -8.90259 8
    endloop
  endfacet
  facet normal 0 0 1
    outer loop
      vertex -10.9092 -22.237 8
      vertex -1.32057 -8.90259 8
      vertex -1.75581 -8.82707 8
    endloop
  endfacet
  facet normal 0 0 1
    outer loop
      vertex -11.0776 -21.9661 8
      vertex -1.75581 -8.82707 8
      vertex -2.18682 -8.73028 8
    endloop
  endfacet
  facet normal 0 0 1
    outer loop
      vertex -11.1716 -21.8372 8
      vertex -2.18682 -8.73028 8
      vertex -2.61256 -8.61246 8
    endloop
  endfacet
  facet normal 0 0 1
    outer loop
      vertex -11.3779 -21.594 8
      vertex -2.61256 -8.61246 8
      vertex -3.03201 -8.4739 8
    endloop
  endfacet
  facet normal 0 0 1
    outer loop
      vertex -11.4898 -21.4803 8
      vertex -3.03201 -8.4739 8
      vertex -3.44415 -8.31492 8
    endloop
  endfacet
  facet normal 0 0 1
    outer loop
      vertex -11.7296 -21.27 8
      vertex -3.44415 -8.31492 8
      vertex -3.848 -8.1359 8
    endloop
  endfacet
  facet normal 0 0 1
    outer loop
      vertex -11.8569 -21.1739 8
      vertex -3.848 -8.1359 8
      vertex -4.24257 -7.93729 8
    endloop
  endfacet
  facet normal 0 0 1
    outer loop
      vertex -12.125 -21.0011 8
      vertex -4.24257 -7.93729 8
      vertex -4.62692 -7.71956 8
    endloop
  endfacet
  facet normal 0 0 1
    outer loop
      vertex -12.2651 -20.9248 8
      vertex -4.62692 -7.71956 8
      vertex -5.00013 -7.48323 8
    endloop
  endfacet
  facet normal 0 0 1
    outer loop
      vertex -12.5556 -20.7931 8
      vertex -5.00013 -7.48323 8
      vertex -5.36129 -7.22887 8
    endloop
  endfacet
  facet normal 0 0 1
    outer loop
      vertex -12.7053 -20.7382 8
      vertex -5.36129 -7.22887 8
      vertex -5.70954 -6.95709 8
    endloop
  endfacet
  facet normal 0 0 1
    outer loop
      vertex 6 -57.1782 8
      vertex 0 -116.4 8
      vertex 5.71148 -116.26 8
    endloop
  endfacet
  facet normal 0 0 1
    outer loop
      vertex 0 -116.4 8
      vertex -6 -57.1782 8
      vertex -5.71148 -116.26 8
    endloop
  endfacet
  facet normal 0 0 1
    outer loop
      vertex -13.012 -20.6506 8
      vertex -5.70954 -6.95709 8
      vertex -6.04403 -6.66856 8
    endloop
  endfacet
  facet normal 0 0 1
    outer loop
      vertex -13.1682 -20.6182 8
      vertex -6.04403 -6.66856 8
      vertex -6.36396 -6.36396 8
    endloop
  endfacet
  facet normal 0 0 1
    outer loop
      vertex -13.4844 -20.5766 8
      vertex -6.36396 -6.36396 8
      vertex -6.66856 -6.04403 8
    endloop
  endfacet
  facet normal 0 0 1
    outer loop
      vertex -13.6437 -20.5674 8
      vertex -6.66856 -6.04403 8
      vertex -6.95709 -5.70954 8
    endloop
  endfacet
  facet normal 0 0 1
    outer loop
      vertex -13.9626 -20.5727 8
      vertex -6.95709 -5.70954 8
      vertex -7.22887 -5.36129 8
    endloop
  endfacet
  facet normal 0 0 1
    outer loop
      vertex -14.1214 -20.587 8
      vertex -7.22887 -5.36129 8
      vertex -7.48323 -5.00013 8
    endloop
  endfacet
  facet normal 0 0 1
    outer loop
      vertex -14.4361 -20.6389 8
      vertex -7.48323 -5.00013 8
      vertex -7.71956 -4.62692 8
    endloop
  endfacet
  facet normal 0 0 1
    outer loop
      vertex -25.2019 -2.2981 8
      vertex -7.71956 -4.62692 8
      vertex -7.93729 -4.24257 8
    endloop
  endfacet
  facet normal 0 0 1
    outer loop
      vertex -24.9877 -2.06178 8
      vertex -7.93729 -4.24257 8
      vertex -8.1359 -3.848 8
    endloop
  endfacet
  facet normal 0 0 1
    outer loop
      vertex -24.8896 -1.93602 8
      vertex -8.1359 -3.848 8
      vertex -8.31492 -3.44415 8
    endloop
  endfacet
  facet normal 0 0 1
    outer loop
      vertex 10.5017 -23.922 8
      vertex -10.5017 -23.922 8
      vertex -10.5109 -24.0813 8
    endloop
  endfacet
  facet normal 0 0 1
    outer loop
      vertex -24.7124 -1.67083 8
      vertex -8.31492 -3.44415 8
      vertex -8.4739 -3.03201 8
    endloop
  endfacet
  facet normal 0 0 1
    outer loop
      vertex -24.6338 -1.53204 8
      vertex -8.4739 -3.03201 8
      vertex -8.61246 -2.61256 8
    endloop
  endfacet
  facet normal 0 0 1
    outer loop
      vertex -24.4974 -1.24372 8
      vertex -8.61246 -2.61256 8
      vertex -8.73028 -2.18682 8
    endloop
  endfacet
  facet normal 0 0 1
    outer loop
      vertex -24.44 -1.09489 8
      vertex -8.73028 -2.18682 8
      vertex -8.82707 -1.75581 8
    endloop
  endfacet
  facet normal 0 0 1
    outer loop
      vertex -24.3474 -0.789685 8
      vertex -8.82707 -1.75581 8
      vertex -8.90259 -1.32057 8
    endloop
  endfacet
  facet normal 0 0 1
    outer loop
      vertex -24.3124 -0.634043 8
      vertex -8.90259 -1.32057 8
      vertex -8.95666 -0.882154 8
    endloop
  endfacet
  facet normal 0 0 1
    outer loop
      vertex -24.2656 -0.318555 8
      vertex -8.95666 -0.882154 8
      vertex -8.98916 -0.441608 8
    endloop
  endfacet
  facet normal -0 0 1
    outer loop
      vertex -24.2539 -0.15947 8
      vertex -8.98916 -0.441608 8
      vertex -9 0 8
    endloop
  endfacet
  facet normal -0 0 1
    outer loop
      vertex -12.2651 20.9248 8
      vertex -4.62692 7.71956 8
      vertex -12.125 21.0011 8
    endloop
  endfacet
  facet normal 0 0 1
    outer loop
      vertex 10.5017 -23.922 8
      vertex -10.5004 -23.7625 8
      vertex -10.5017 -23.922 8
    endloop
  endfacet
  facet normal 0 0 1
    outer loop
      vertex 10.5109 -24.0813 8
      vertex -10.5109 -24.0813 8
      vertex -10.5278 -24.2399 8
    endloop
  endfacet
  facet normal 0 0 1
    outer loop
      vertex 10.5278 -24.2399 8
      vertex -10.5278 -24.2399 8
      vertex -10.5525 -24.3975 8
    endloop
  endfacet
  facet normal 0 0 1
    outer loop
      vertex 10.5525 -24.3975 8
      vertex -10.5525 -24.3975 8
      vertex -10.5849 -24.5537 8
    endloop
  endfacet
  facet normal 0 0 1
    outer loop
      vertex 10.5849 -24.5537 8
      vertex -10.5849 -24.5537 8
      vertex -10.6249 -24.7081 8
    endloop
  endfacet
  facet normal 0 0 1
    outer loop
      vertex 10.7897 -25.157 8
      vertex -10.7897 -25.157 8
      vertex -10.8591 -25.3006 8
    endloop
  endfacet
  facet normal 0 0 1
    outer loop
      vertex 10.8591 -25.3006 8
      vertex -10.8591 -25.3006 8
      vertex -10.9354 -25.4407 8
    endloop
  endfacet
  facet normal 0 0 1
    outer loop
      vertex 10.9354 -25.4407 8
      vertex -10.9354 -25.4407 8
      vertex -11.0185 -25.5768 8
    endloop
  endfacet
  facet normal 0 0 1
    outer loop
      vertex 11.0185 -25.5768 8
      vertex -11.0185 -25.5768 8
      vertex -11.1082 -25.7088 8
    endloop
  endfacet
  facet normal 0 0 1
    outer loop
      vertex 12.6052 -26.8574 8
      vertex 8.437 -56.8776 8
      vertex 11.2177 -56.3952 8
    endloop
  endfacet
  facet normal 0 0 1
    outer loop
      vertex 11.1082 -25.7088 8
      vertex -11.1082 -25.7088 8
      vertex -11.2043 -25.8361 8
    endloop
  endfacet
  facet normal 0 0 1
    outer loop
      vertex 12.3126 -26.7305 8
      vertex 6 -57.1782 8
      vertex 8.437 -56.8776 8
    endloop
  endfacet
  facet normal 0 0 1
    outer loop
      vertex 11.2043 -25.8361 8
      vertex -11.2043 -25.8361 8
      vertex -11.3065 -25.9586 8
    endloop
  endfacet
  facet normal 0 0 1
    outer loop
      vertex 11.3065 -25.9586 8
      vertex -11.3065 -25.9586 8
      vertex -11.4146 -26.0759 8
    endloop
  endfacet
  facet normal 0 0 1
    outer loop
      vertex 11.4146 -26.0759 8
      vertex -11.4146 -26.0759 8
      vertex -11.5283 -26.1878 8
    endloop
  endfacet
  facet normal 0 0 1
    outer loop
      vertex 11.5283 -26.1878 8
      vertex -11.5283 -26.1878 8
      vertex -11.6474 -26.2939 8
    endloop
  endfacet
  facet normal 0 0 1
    outer loop
      vertex 11.6474 -26.2939 8
      vertex -11.6474 -26.2939 8
      vertex 6 -57.1782 8
    endloop
  endfacet
  facet normal 0 0 1
    outer loop
      vertex 6 -57.1782 8
      vertex -11.6474 -26.2939 8
      vertex -6 -57.1782 8
    endloop
  endfacet
  facet normal -0 0 1
    outer loop
      vertex -11.7715 -26.3941 8
      vertex -6 -57.1782 8
      vertex -11.6474 -26.2939 8
    endloop
  endfacet
  facet normal -0 0 1
    outer loop
      vertex -11.9004 -26.4881 8
      vertex -6 -57.1782 8
      vertex -11.7715 -26.3941 8
    endloop
  endfacet
  facet normal -0 0 1
    outer loop
      vertex -12.0338 -26.5756 8
      vertex -6 -57.1782 8
      vertex -11.9004 -26.4881 8
    endloop
  endfacet
  facet normal -0 0 1
    outer loop
      vertex -12.1713 -26.6565 8
      vertex -6 -57.1782 8
      vertex -12.0338 -26.5756 8
    endloop
  endfacet
  facet normal -0 0 1
    outer loop
      vertex -12.3126 -26.7305 8
      vertex -6 -57.1782 8
      vertex -12.1713 -26.6565 8
    endloop
  endfacet
  facet normal 0 0 1
    outer loop
      vertex -6 -57.1782 8
      vertex -12.3126 -26.7305 8
      vertex -8.437 -56.8776 8
    endloop
  endfacet
  facet normal -0 0 1
    outer loop
      vertex -12.4573 -26.7976 8
      vertex -8.437 -56.8776 8
      vertex -12.3126 -26.7305 8
    endloop
  endfacet
  facet normal -0 0 1
    outer loop
      vertex -12.6052 -26.8574 8
      vertex -8.437 -56.8776 8
      vertex -12.4573 -26.7976 8
    endloop
  endfacet
  facet normal 0 0 1
    outer loop
      vertex -8.437 -56.8776 8
      vertex -12.6052 -26.8574 8
      vertex -11.2177 -56.3952 8
    endloop
  endfacet
  facet normal -0 0 1
    outer loop
      vertex -12.7558 -26.9099 8
      vertex -11.2177 -56.3952 8
      vertex -12.6052 -26.8574 8
    endloop
  endfacet
  facet normal -0 0 1
    outer loop
      vertex -12.9088 -26.955 8
      vertex -11.2177 -56.3952 8
      vertex -12.7558 -26.9099 8
    endloop
  endfacet
  facet normal -0 0 1
    outer loop
      vertex -13.0639 -26.9925 8
      vertex -11.2177 -56.3952 8
      vertex -12.9088 -26.955 8
    endloop
  endfacet
  facet normal 0 0 1
    outer loop
      vertex -13.9714 -55.7768 8
      vertex -13.0639 -26.9925 8
      vertex -13.2206 -27.0223 8
    endloop
  endfacet
  facet normal 0 0 1
    outer loop
      vertex -13.9714 -55.7768 8
      vertex -13.2206 -27.0223 8
      vertex -13.3786 -27.0444 8
    endloop
  endfacet
  facet normal 0 0 1
    outer loop
      vertex -16.6914 -55.0241 8
      vertex -13.3786 -27.0444 8
      vertex -13.5374 -27.0587 8
    endloop
  endfacet
  facet normal 0 0 1
    outer loop
      vertex -16.6914 -55.0241 8
      vertex -13.5374 -27.0587 8
      vertex -13.6968 -27.0653 8
    endloop
  endfacet
  facet normal 0 0 1
    outer loop
      vertex -19.3712 -54.1388 8
      vertex -13.6968 -27.0653 8
      vertex -13.8563 -27.064 8
    endloop
  endfacet
  facet normal 0 0 1
    outer loop
      vertex -13.0639 -26.9925 8
      vertex -13.9714 -55.7768 8
      vertex -11.2177 -56.3952 8
    endloop
  endfacet
  facet normal 0 0 1
    outer loop
      vertex -19.3712 -54.1388 8
      vertex -13.8563 -27.064 8
      vertex -14.0156 -27.0548 8
    endloop
  endfacet
  facet normal 0 0 1
    outer loop
      vertex -19.3712 -54.1388 8
      vertex -14.0156 -27.0548 8
      vertex -14.1742 -27.0379 8
    endloop
  endfacet
  facet normal 0 0 1
    outer loop
      vertex -22.0043 -53.1231 8
      vertex -14.1742 -27.0379 8
      vertex -14.3318 -27.0132 8
    endloop
  endfacet
  facet normal 0 0 1
    outer loop
      vertex -22.0043 -53.1231 8
      vertex -14.3318 -27.0132 8
      vertex -14.488 -26.9808 8
    endloop
  endfacet
  facet normal 0 0 1
    outer loop
      vertex -23.3882 -52.5096 8
      vertex -14.488 -26.9808 8
      vertex -14.6424 -26.9408 8
    endloop
  endfacet
  facet normal 0 0 1
    outer loop
      vertex -23.3882 -52.5096 8
      vertex -14.6424 -26.9408 8
      vertex -14.7947 -26.8932 8
    endloop
  endfacet
  facet normal 0 0 1
    outer loop
      vertex -23.3882 -52.5096 8
      vertex -14.7947 -26.8932 8
      vertex -14.9444 -26.8383 8
    endloop
  endfacet
  facet normal 0 0 1
    outer loop
      vertex -23.3882 -52.5096 8
      vertex -14.9444 -26.8383 8
      vertex -15.0913 -26.776 8
    endloop
  endfacet
  facet normal 0 0 1
    outer loop
      vertex -23.3882 -52.5096 8
      vertex -15.0913 -26.776 8
      vertex -15.2349 -26.7066 8
    endloop
  endfacet
  facet normal 0 0 1
    outer loop
      vertex -23.3882 -52.5096 8
      vertex -15.2349 -26.7066 8
      vertex -15.375 -26.6303 8
    endloop
  endfacet
  facet normal 0 0 1
    outer loop
      vertex -33.7836 -46.5148 8
      vertex -15.375 -26.6303 8
      vertex -15.5111 -26.5472 8
    endloop
  endfacet
  facet normal 0 0 1
    outer loop
      vertex -33.7836 -46.5148 8
      vertex -15.5111 -26.5472 8
      vertex -15.6431 -26.4575 8
    endloop
  endfacet
  facet normal 0 0 1
    outer loop
      vertex -33.7836 -46.5148 8
      vertex -15.6431 -26.4575 8
      vertex -15.7704 -26.3614 8
    endloop
  endfacet
  facet normal 0 0 1
    outer loop
      vertex -33.7836 -46.5148 8
      vertex -15.7704 -26.3614 8
      vertex -15.8929 -26.2592 8
    endloop
  endfacet
  facet normal 0 0 1
    outer loop
      vertex -33.7836 -46.5148 8
      vertex -15.8929 -26.2592 8
      vertex -16.0102 -26.1511 8
    endloop
  endfacet
  facet normal 0 0 1
    outer loop
      vertex -33.7836 -46.5148 8
      vertex -16.0102 -26.1511 8
      vertex -16.1221 -26.0374 8
    endloop
  endfacet
  facet normal 0 0 1
    outer loop
      vertex -33.7836 -46.5148 8
      vertex -16.1221 -26.0374 8
      vertex -16.2282 -25.9183 8
    endloop
  endfacet
  facet normal 0 0 1
    outer loop
      vertex -33.7836 -46.5148 8
      vertex -16.2282 -25.9183 8
      vertex -16.3284 -25.7942 8
    endloop
  endfacet
  facet normal 0 0 1
    outer loop
      vertex -33.7836 -46.5148 8
      vertex -16.3284 -25.7942 8
      vertex -16.4224 -25.6653 8
    endloop
  endfacet
  facet normal 0 0 1
    outer loop
      vertex -33.7836 -46.5148 8
      vertex -16.4224 -25.6653 8
      vertex -16.5099 -25.5319 8
    endloop
  endfacet
  facet normal 0 0 1
    outer loop
      vertex -33.7836 -46.5148 8
      vertex -16.5099 -25.5319 8
      vertex -16.5908 -25.3944 8
    endloop
  endfacet
  facet normal 0 0 1
    outer loop
      vertex -33.7836 -46.5148 8
      vertex -16.5908 -25.3944 8
      vertex -16.6648 -25.2531 8
    endloop
  endfacet
  facet normal 0 0 1
    outer loop
      vertex -13.3786 -27.0444 8
      vertex -16.6914 -55.0241 8
      vertex -13.9714 -55.7768 8
    endloop
  endfacet
  facet normal 0 0 1
    outer loop
      vertex -33.7836 -46.5148 8
      vertex -16.6648 -25.2531 8
      vertex -16.7319 -25.1084 8
    endloop
  endfacet
  facet normal 0 0 1
    outer loop
      vertex -33.7836 -46.5148 8
      vertex -16.7319 -25.1084 8
      vertex -16.7917 -24.9605 8
    endloop
  endfacet
  facet normal 0 0 1
    outer loop
      vertex -33.7836 -46.5148 8
      vertex -16.7917 -24.9605 8
      vertex -16.8442 -24.8099 8
    endloop
  endfacet
  facet normal 0 0 1
    outer loop
      vertex -33.7836 -46.5148 8
      vertex -16.8442 -24.8099 8
      vertex -16.8893 -24.6569 8
    endloop
  endfacet
  facet normal 0 0 1
    outer loop
      vertex -33.7836 -46.5148 8
      vertex -16.8893 -24.6569 8
      vertex -16.9268 -24.5018 8
    endloop
  endfacet
  facet normal 0 0 1
    outer loop
      vertex -33.7836 -46.5148 8
      vertex -16.9268 -24.5018 8
      vertex -16.9566 -24.3451 8
    endloop
  endfacet
  facet normal 0 0 1
    outer loop
      vertex -33.7836 -46.5148 8
      vertex -16.9566 -24.3451 8
      vertex -16.9787 -24.1871 8
    endloop
  endfacet
  facet normal 0 0 1
    outer loop
      vertex -33.7836 -46.5148 8
      vertex -16.9787 -24.1871 8
      vertex -16.993 -24.0283 8
    endloop
  endfacet
  facet normal 0 0 1
    outer loop
      vertex -33.7836 -46.5148 8
      vertex -16.993 -24.0283 8
      vertex -16.9996 -23.8689 8
    endloop
  endfacet
  facet normal -0 0 1
    outer loop
      vertex -25.6944 -2.70228 8
      vertex -15.1874 -20.9009 8
      vertex -25.564 -2.61042 8
    endloop
  endfacet
  facet normal -0 0 1
    outer loop
      vertex -25.968 -2.86624 8
      vertex -15.4662 -21.0558 8
      vertex -25.8292 -2.78762 8
    endloop
  endfacet
  facet normal 0 0 1
    outer loop
      vertex -25.6944 2.70228 8
      vertex -19.3712 54.1388 8
      vertex -22.0043 53.1231 8
    endloop
  endfacet
  facet normal 0 0 1
    outer loop
      vertex -15.4662 -21.0558 8
      vertex -25.968 -2.86624 8
      vertex -15.5996 -21.1433 8
    endloop
  endfacet
  facet normal 0 0 1
    outer loop
      vertex -25.8292 2.78762 8
      vertex -22.0043 53.1231 8
      vertex -23.3882 52.5096 8
    endloop
  endfacet
  facet normal -0 0 1
    outer loop
      vertex -26.1104 -2.93796 8
      vertex -15.5996 -21.1433 8
      vertex -25.968 -2.86624 8
    endloop
  endfacet
  facet normal 0 0 1
    outer loop
      vertex -15.5996 -21.1433 8
      vertex -26.1104 -2.93796 8
      vertex -15.7285 -21.2373 8
    endloop
  endfacet
  facet normal 0 0 1
    outer loop
      vertex -15.3287 -20.9749 8
      vertex -25.8292 -2.78762 8
      vertex -15.4662 -21.0558 8
    endloop
  endfacet
  facet normal -0 0 1
    outer loop
      vertex -25.8292 -2.78762 8
      vertex -15.3287 -20.9749 8
      vertex -25.6944 -2.70228 8
    endloop
  endfacet
  facet normal 0 0 1
    outer loop
      vertex -15.1874 -20.9009 8
      vertex -25.6944 -2.70228 8
      vertex -15.3287 -20.9749 8
    endloop
  endfacet
  facet normal 0 0 1
    outer loop
      vertex -19.3712 54.1388 8
      vertex -24.3124 0.634043 8
      vertex -24.2852 0.476873 8
    endloop
  endfacet
  facet normal 0 0 1
    outer loop
      vertex -19.3712 54.1388 8
      vertex -24.3474 0.789685 8
      vertex -24.3124 0.634043 8
    endloop
  endfacet
  facet normal 0 0 1
    outer loop
      vertex -19.3712 54.1388 8
      vertex -24.3899 0.943425 8
      vertex -24.3474 0.789685 8
    endloop
  endfacet
  facet normal 0 0 1
    outer loop
      vertex -19.3712 54.1388 8
      vertex -24.44 1.09489 8
      vertex -24.3899 0.943425 8
    endloop
  endfacet
  facet normal 0 0 1
    outer loop
      vertex -19.3712 54.1388 8
      vertex -24.4974 1.24372 8
      vertex -24.44 1.09489 8
    endloop
  endfacet
  facet normal 0 0 1
    outer loop
      vertex -19.3712 54.1388 8
      vertex -24.562 1.38955 8
      vertex -24.4974 1.24372 8
    endloop
  endfacet
  facet normal 0 0 1
    outer loop
      vertex -19.3712 54.1388 8
      vertex -24.6338 1.53204 8
      vertex -24.562 1.38955 8
    endloop
  endfacet
  facet normal 0 0 1
    outer loop
      vertex -19.3712 54.1388 8
      vertex -24.7124 1.67083 8
      vertex -24.6338 1.53204 8
    endloop
  endfacet
  facet normal 0 0 1
    outer loop
      vertex -19.3712 54.1388 8
      vertex -24.7977 1.8056 8
      vertex -24.7124 1.67083 8
    endloop
  endfacet
  facet normal 0 0 1
    outer loop
      vertex -19.3712 54.1388 8
      vertex -24.8896 1.93602 8
      vertex -24.7977 1.8056 8
    endloop
  endfacet
  facet normal 0 0 1
    outer loop
      vertex -19.3712 54.1388 8
      vertex -24.9877 2.06178 8
      vertex -24.8896 1.93602 8
    endloop
  endfacet
  facet normal 0 0 1
    outer loop
      vertex -19.3712 54.1388 8
      vertex -25.0919 2.18257 8
      vertex -24.9877 2.06178 8
    endloop
  endfacet
  facet normal 0 0 1
    outer loop
      vertex -19.3712 54.1388 8
      vertex -25.2019 2.2981 8
      vertex -25.0919 2.18257 8
    endloop
  endfacet
  facet normal 0 0 1
    outer loop
      vertex -19.3712 54.1388 8
      vertex -25.3174 2.40809 8
      vertex -25.2019 2.2981 8
    endloop
  endfacet
  facet normal 0 0 1
    outer loop
      vertex -19.3712 54.1388 8
      vertex -25.4382 2.51228 8
      vertex -25.3174 2.40809 8
    endloop
  endfacet
  facet normal 0 0 1
    outer loop
      vertex -19.3712 54.1388 8
      vertex -25.564 2.61042 8
      vertex -25.4382 2.51228 8
    endloop
  endfacet
  facet normal 0 0 1
    outer loop
      vertex -19.3712 54.1388 8
      vertex -25.6944 2.70228 8
      vertex -25.564 2.61042 8
    endloop
  endfacet
  facet normal 0 0 1
    outer loop
      vertex -22.0043 53.1231 8
      vertex -25.8292 2.78762 8
      vertex -25.6944 2.70228 8
    endloop
  endfacet
  facet normal 0 0 1
    outer loop
      vertex -23.3882 52.5096 8
      vertex -25.968 2.86624 8
      vertex -25.8292 2.78762 8
    endloop
  endfacet
  facet normal 0 0 1
    outer loop
      vertex -23.3882 52.5096 8
      vertex -26.1104 2.93796 8
      vertex -25.968 2.86624 8
    endloop
  endfacet
  facet normal 0 0 1
    outer loop
      vertex -23.3882 52.5096 8
      vertex -26.2563 3.00261 8
      vertex -26.1104 2.93796 8
    endloop
  endfacet
  facet normal -0 0 1
    outer loop
      vertex -33.7836 46.5148 8
      vertex -26.2563 3.00261 8
      vertex -23.3882 52.5096 8
    endloop
  endfacet
  facet normal 0 0 1
    outer loop
      vertex -26.2563 3.00261 8
      vertex -33.7836 46.5148 8
      vertex -26.4051 3.06002 8
    endloop
  endfacet
  facet normal 0 0 1
    outer loop
      vertex -26.4051 3.06002 8
      vertex -33.7836 46.5148 8
      vertex -26.5566 3.11006 8
    endloop
  endfacet
  facet normal 0 0 1
    outer loop
      vertex -26.5566 3.11006 8
      vertex -33.7836 46.5148 8
      vertex -26.7103 3.1526 8
    endloop
  endfacet
  facet normal -0 0 1
    outer loop
      vertex -34.2527 46.1844 8
      vertex -26.7103 3.1526 8
      vertex -33.7836 46.5148 8
    endloop
  endfacet
  facet normal -0 0 1
    outer loop
      vertex -36.4776 44.4481 8
      vertex -26.7103 3.1526 8
      vertex -34.2527 46.1844 8
    endloop
  endfacet
  facet normal 0 0 1
    outer loop
      vertex -26.7103 3.1526 8
      vertex -36.4776 44.4481 8
      vertex -26.866 3.18755 8
    endloop
  endfacet
  facet normal -0 0 1
    outer loop
      vertex -38.6146 42.6047 8
      vertex -26.866 3.18755 8
      vertex -36.4776 44.4481 8
    endloop
  endfacet
  facet normal 0 0 1
    outer loop
      vertex -26.866 3.18755 8
      vertex -38.6146 42.6047 8
      vertex -27.0231 3.21482 8
    endloop
  endfacet
  facet normal 0 0 1
    outer loop
      vertex -27.0231 3.21482 8
      vertex -38.6146 42.6047 8
      vertex -27.1814 3.23435 8
    endloop
  endfacet
  facet normal -0 0 1
    outer loop
      vertex -40.6586 40.6586 8
      vertex -27.1814 3.23435 8
      vertex -38.6146 42.6047 8
    endloop
  endfacet
  facet normal 0 0 1
    outer loop
      vertex -27.1814 3.23435 8
      vertex -40.6586 40.6586 8
      vertex -27.3405 3.24609 8
    endloop
  endfacet
  facet normal -0 0 1
    outer loop
      vertex -42.6047 38.6146 8
      vertex -27.3405 3.24609 8
      vertex -40.6586 40.6586 8
    endloop
  endfacet
  facet normal 0 0 1
    outer loop
      vertex -27.3405 3.24609 8
      vertex -42.6047 38.6146 8
      vertex -27.5 3.25 8
    endloop
  endfacet
  facet normal -0 0 1
    outer loop
      vertex -44.4481 36.4776 8
      vertex -27.5 3.25 8
      vertex -42.6047 38.6146 8
    endloop
  endfacet
  facet normal 0 0 1
    outer loop
      vertex -27.5 3.25 8
      vertex -44.4481 36.4776 8
      vertex -27.6595 3.24609 8
    endloop
  endfacet
  facet normal 0 0 1
    outer loop
      vertex -27.6595 3.24609 8
      vertex -44.4481 36.4776 8
      vertex -27.8186 3.23435 8
    endloop
  endfacet
  facet normal -0 0 1
    outer loop
      vertex -46.1844 34.2527 8
      vertex -27.8186 3.23435 8
      vertex -44.4481 36.4776 8
    endloop
  endfacet
  facet normal 0 0 1
    outer loop
      vertex -27.8186 3.23435 8
      vertex -46.1844 34.2527 8
      vertex -27.9769 3.21482 8
    endloop
  endfacet
  facet normal -0 0 1
    outer loop
      vertex -46.5148 33.7836 8
      vertex -27.9769 3.21482 8
      vertex -46.1844 34.2527 8
    endloop
  endfacet
  facet normal 0 0 1
    outer loop
      vertex -27.9769 3.21482 8
      vertex -46.5148 33.7836 8
      vertex -28.134 3.18755 8
    endloop
  endfacet
  facet normal 0 0 1
    outer loop
      vertex -28.134 3.18755 8
      vertex -46.5148 33.7836 8
      vertex -28.2897 3.1526 8
    endloop
  endfacet
  facet normal 0 0 1
    outer loop
      vertex -28.2897 3.1526 8
      vertex -46.5148 33.7836 8
      vertex -28.4434 3.11006 8
    endloop
  endfacet
  facet normal 0 0 1
    outer loop
      vertex -28.4434 3.11006 8
      vertex -46.5148 33.7836 8
      vertex -28.5949 3.06002 8
    endloop
  endfacet
  facet normal -0 0 1
    outer loop
      vertex -52.5096 23.3882 8
      vertex -28.5949 3.06002 8
      vertex -46.5148 33.7836 8
    endloop
  endfacet
  facet normal 0 0 1
    outer loop
      vertex -28.5949 3.06002 8
      vertex -52.5096 23.3882 8
      vertex -28.7437 3.00261 8
    endloop
  endfacet
  facet normal 0 0 1
    outer loop
      vertex -28.7437 3.00261 8
      vertex -52.5096 23.3882 8
      vertex -28.8896 2.93796 8
    endloop
  endfacet
  facet normal 0 0 1
    outer loop
      vertex -28.8896 2.93796 8
      vertex -52.5096 23.3882 8
      vertex -29.032 2.86624 8
    endloop
  endfacet
  facet normal 0 0 1
    outer loop
      vertex -29.032 2.86624 8
      vertex -52.5096 23.3882 8
      vertex -29.1708 2.78762 8
    endloop
  endfacet
  facet normal 0 0 1
    outer loop
      vertex -29.1708 2.78762 8
      vertex -52.5096 23.3882 8
      vertex -29.3056 2.70228 8
    endloop
  endfacet
  facet normal -0 0 1
    outer loop
      vertex -53.1231 22.0043 8
      vertex -29.3056 2.70228 8
      vertex -52.5096 23.3882 8
    endloop
  endfacet
  facet normal 0 0 1
    outer loop
      vertex -29.3056 2.70228 8
      vertex -53.1231 22.0043 8
      vertex -29.436 2.61042 8
    endloop
  endfacet
  facet normal -0 0 1
    outer loop
      vertex -54.1388 19.3712 8
      vertex -29.436 2.61042 8
      vertex -53.1231 22.0043 8
    endloop
  endfacet
  facet normal 0 0 1
    outer loop
      vertex -29.436 2.61042 8
      vertex -54.1388 19.3712 8
      vertex -29.5618 2.51228 8
    endloop
  endfacet
  facet normal 0 0 1
    outer loop
      vertex -29.5618 2.51228 8
      vertex -54.1388 19.3712 8
      vertex -29.6826 2.40809 8
    endloop
  endfacet
  facet normal 0 0 1
    outer loop
      vertex -29.6826 2.40809 8
      vertex -54.1388 19.3712 8
      vertex -29.7981 2.2981 8
    endloop
  endfacet
  facet normal -0 0 1
    outer loop
      vertex -55.0241 16.6914 8
      vertex -29.7981 2.2981 8
      vertex -54.1388 19.3712 8
    endloop
  endfacet
  facet normal 0 0 1
    outer loop
      vertex -30.0123 2.06178 8
      vertex -55.7768 13.9714 8
      vertex -30.1104 1.93602 8
    endloop
  endfacet
  facet normal -0 0 1
    outer loop
      vertex -55.7768 13.9714 8
      vertex -30.0123 2.06178 8
      vertex -55.0241 16.6914 8
    endloop
  endfacet
  facet normal 0 0 1
    outer loop
      vertex -29.9081 2.18257 8
      vertex -55.0241 16.6914 8
      vertex -30.0123 2.06178 8
    endloop
  endfacet
  facet normal 0 0 1
    outer loop
      vertex -29.7981 2.2981 8
      vertex -55.0241 16.6914 8
      vertex -29.9081 2.18257 8
    endloop
  endfacet
  facet normal -0 0 1
    outer loop
      vertex -54.8706 102.656 8
      vertex -23.3882 52.5096 8
      vertex -52.9099 103.643 8
    endloop
  endfacet
  facet normal -0 0 1
    outer loop
      vertex -59.8416 99.8396 8
      vertex -23.3882 52.5096 8
      vertex -54.8706 102.656 8
    endloop
  endfacet
  facet normal 0 0 1
    outer loop
      vertex -23.3882 52.5096 8
      vertex -59.8416 99.8396 8
      vertex -33.7836 46.5148 8
    endloop
  endfacet
  facet normal 0 0 1
    outer loop
      vertex -33.7836 46.5148 8
      vertex -59.8416 99.8396 8
      vertex -63.3046 97.6467 8
    endloop
  endfacet
  facet normal 0 0 1
    outer loop
      vertex -30.6101 0.943425 8
      vertex -57.1782 6 8
      vertex -30.6526 0.789685 8
    endloop
  endfacet
  facet normal 0 0 1
    outer loop
      vertex -30.6526 0.789685 8
      vertex -57.1782 6 8
      vertex -30.6876 0.634043 8
    endloop
  endfacet
  facet normal 0 -0 1
    outer loop
      vertex -53.1231 -22.0043 8
      vertex -30.75 0 8
      vertex -54.1388 -19.3712 8
    endloop
  endfacet
  facet normal 0 0 1
    outer loop
      vertex -30.75 0 8
      vertex -53.1231 -22.0043 8
      vertex -52.5096 -23.3882 8
    endloop
  endfacet
  facet normal 0 0 1
    outer loop
      vertex -30.6876 0.634043 8
      vertex -57.1782 6 8
      vertex -30.7148 0.476873 8
    endloop
  endfacet
  facet normal 0 0 1
    outer loop
      vertex -30.75 0 8
      vertex -55.0241 -16.6914 8
      vertex -54.1388 -19.3712 8
    endloop
  endfacet
  facet normal 0 0 1
    outer loop
      vertex -30.7148 0.476873 8
      vertex -57.1782 6 8
      vertex -30.7344 0.318555 8
    endloop
  endfacet
  facet normal 0 0 1
    outer loop
      vertex -30.75 0 8
      vertex -55.7768 -13.9714 8
      vertex -55.0241 -16.6914 8
    endloop
  endfacet
  facet normal 0 0 1
    outer loop
      vertex -30.7344 0.318555 8
      vertex -57.1782 6 8
      vertex -30.7461 0.15947 8
    endloop
  endfacet
  facet normal 0 0 1
    outer loop
      vertex -30.75 0 8
      vertex -56.3952 -11.2177 8
      vertex -55.7768 -13.9714 8
    endloop
  endfacet
  facet normal 0 0 1
    outer loop
      vertex -30.7461 0.15947 8
      vertex -57.1782 6 8
      vertex -30.75 0 8
    endloop
  endfacet
  facet normal 0 0 1
    outer loop
      vertex -30.75 0 8
      vertex -56.8776 -8.437 8
      vertex -56.3952 -11.2177 8
    endloop
  endfacet
  facet normal 0 0 1
    outer loop
      vertex -57.1782 -6 8
      vertex -30.75 0 8
      vertex -57.1782 6 8
    endloop
  endfacet
  facet normal 0 0 1
    outer loop
      vertex -30.75 0 8
      vertex -57.1782 -6 8
      vertex -56.8776 -8.437 8
    endloop
  endfacet
  facet normal 0 0 1
    outer loop
      vertex -116.26 5.71148 8
      vertex -57.1782 6 8
      vertex -116.239 6 8
    endloop
  endfacet
  facet normal 0 0 1
    outer loop
      vertex -116.4 0 8
      vertex -57.1782 6 8
      vertex -116.26 5.71148 8
    endloop
  endfacet
  facet normal 0 0 1
    outer loop
      vertex -57.1782 6 8
      vertex -116.4 0 8
      vertex -57.1782 -6 8
    endloop
  endfacet
  facet normal -0 -0 1
    outer loop
      vertex -116.26 -5.71148 8
      vertex -57.1782 -6 8
      vertex -116.4 0 8
    endloop
  endfacet
  facet normal 0 0 1
    outer loop
      vertex -57.1782 -6 8
      vertex -116.26 -5.71148 8
      vertex -116.239 -6 8
    endloop
  endfacet
  facet normal 0 0 1
    outer loop
      vertex -30.2023 1.8056 8
      vertex -55.7768 13.9714 8
      vertex -30.2876 1.67083 8
    endloop
  endfacet
  facet normal -0 0 1
    outer loop
      vertex -56.3952 11.2177 8
      vertex -30.2876 1.67083 8
      vertex -55.7768 13.9714 8
    endloop
  endfacet
  facet normal 0 -0 1
    outer loop
      vertex -34.2527 -46.1844 8
      vertex -30.75 0 8
      vertex -36.4776 -44.4481 8
    endloop
  endfacet
  facet normal 0 0 1
    outer loop
      vertex -30.75 0 8
      vertex -34.2527 -46.1844 8
      vertex -33.7836 -46.5148 8
    endloop
  endfacet
  facet normal 0 0 1
    outer loop
      vertex -30.2876 1.67083 8
      vertex -56.3952 11.2177 8
      vertex -30.3662 1.53204 8
    endloop
  endfacet
  facet normal 0 0 1
    outer loop
      vertex -30.75 0 8
      vertex -38.6146 -42.6047 8
      vertex -36.4776 -44.4481 8
    endloop
  endfacet
  facet normal 0 0 1
    outer loop
      vertex -30.3662 1.53204 8
      vertex -56.3952 11.2177 8
      vertex -30.438 1.38955 8
    endloop
  endfacet
  facet normal 0 0 1
    outer loop
      vertex -30.75 0 8
      vertex -40.6586 -40.6586 8
      vertex -38.6146 -42.6047 8
    endloop
  endfacet
  facet normal -0 0 1
    outer loop
      vertex -56.8776 8.437 8
      vertex -30.438 1.38955 8
      vertex -56.3952 11.2177 8
    endloop
  endfacet
  facet normal 0 0 1
    outer loop
      vertex -30.75 0 8
      vertex -42.6047 -38.6146 8
      vertex -40.6586 -40.6586 8
    endloop
  endfacet
  facet normal 0 0 1
    outer loop
      vertex -30.438 1.38955 8
      vertex -56.8776 8.437 8
      vertex -30.5026 1.24372 8
    endloop
  endfacet
  facet normal 0 0 1
    outer loop
      vertex -30.75 0 8
      vertex -44.4481 -36.4776 8
      vertex -42.6047 -38.6146 8
    endloop
  endfacet
  facet normal 0 0 1
    outer loop
      vertex -30.5026 1.24372 8
      vertex -56.8776 8.437 8
      vertex -30.56 1.09489 8
    endloop
  endfacet
  facet normal -0 0 1
    outer loop
      vertex -57.1782 6 8
      vertex -30.56 1.09489 8
      vertex -56.8776 8.437 8
    endloop
  endfacet
  facet normal 0 -0 1
    outer loop
      vertex -46.1844 -34.2527 8
      vertex -30.75 0 8
      vertex -46.5148 -33.7836 8
    endloop
  endfacet
  facet normal 0 0 1
    outer loop
      vertex -30.75 0 8
      vertex -46.1844 -34.2527 8
      vertex -44.4481 -36.4776 8
    endloop
  endfacet
  facet normal 0 0 1
    outer loop
      vertex -30.56 1.09489 8
      vertex -57.1782 6 8
      vertex -30.6101 0.943425 8
    endloop
  endfacet
  facet normal -0 0 1
    outer loop
      vertex -99.8396 59.8416 8
      vertex -46.5148 33.7836 8
      vertex -97.6467 63.3046 8
    endloop
  endfacet
  facet normal 0 0 1
    outer loop
      vertex -46.5148 33.7836 8
      vertex -99.8396 59.8416 8
      vertex -52.5096 23.3882 8
    endloop
  endfacet
  facet normal -0 0 1
    outer loop
      vertex -102.656 54.8706 8
      vertex -52.5096 23.3882 8
      vertex -99.8396 59.8416 8
    endloop
  endfacet
  facet normal 0 0 1
    outer loop
      vertex -52.5096 23.3882 8
      vertex -102.656 54.8706 8
      vertex -103.643 52.9099 8
    endloop
  endfacet
  facet normal -0 0 1
    outer loop
      vertex -26.2563 -3.00261 8
      vertex -15.7285 -21.2373 8
      vertex -26.1104 -2.93796 8
    endloop
  endfacet
  facet normal 0 0 1
    outer loop
      vertex -15.7285 -21.2373 8
      vertex -26.2563 -3.00261 8
      vertex -15.8526 -21.3375 8
    endloop
  endfacet
  facet normal -0 0 1
    outer loop
      vertex -26.4051 -3.06002 8
      vertex -15.8526 -21.3375 8
      vertex -26.2563 -3.00261 8
    endloop
  endfacet
  facet normal 0 0 1
    outer loop
      vertex -15.8526 -21.3375 8
      vertex -26.4051 -3.06002 8
      vertex -15.9717 -21.4436 8
    endloop
  endfacet
  facet normal -0 0 1
    outer loop
      vertex -26.5566 -3.11006 8
      vertex -15.9717 -21.4436 8
      vertex -26.4051 -3.06002 8
    endloop
  endfacet
  facet normal 0 0 1
    outer loop
      vertex -15.9717 -21.4436 8
      vertex -26.5566 -3.11006 8
      vertex -16.0854 -21.5555 8
    endloop
  endfacet
  facet normal -0 0 1
    outer loop
      vertex -26.7103 -3.1526 8
      vertex -16.0854 -21.5555 8
      vertex -26.5566 -3.11006 8
    endloop
  endfacet
  facet normal 0 0 1
    outer loop
      vertex -16.0854 -21.5555 8
      vertex -26.7103 -3.1526 8
      vertex -16.1935 -21.6728 8
    endloop
  endfacet
  facet normal -0 0 1
    outer loop
      vertex -26.866 -3.18755 8
      vertex -16.1935 -21.6728 8
      vertex -26.7103 -3.1526 8
    endloop
  endfacet
  facet normal 0 0 1
    outer loop
      vertex -16.1935 -21.6728 8
      vertex -26.866 -3.18755 8
      vertex -16.2957 -21.7953 8
    endloop
  endfacet
  facet normal -0 0 1
    outer loop
      vertex -27.0231 -3.21482 8
      vertex -16.2957 -21.7953 8
      vertex -26.866 -3.18755 8
    endloop
  endfacet
  facet normal 0 0 1
    outer loop
      vertex -16.2957 -21.7953 8
      vertex -27.0231 -3.21482 8
      vertex -16.3918 -21.9226 8
    endloop
  endfacet
  facet normal -0 0 1
    outer loop
      vertex -27.1814 -3.23435 8
      vertex -16.3918 -21.9226 8
      vertex -27.0231 -3.21482 8
    endloop
  endfacet
  facet normal 0 0 1
    outer loop
      vertex -16.3918 -21.9226 8
      vertex -27.1814 -3.23435 8
      vertex -16.4815 -22.0546 8
    endloop
  endfacet
  facet normal -0 0 1
    outer loop
      vertex -27.3405 -3.24609 8
      vertex -16.4815 -22.0546 8
      vertex -27.1814 -3.23435 8
    endloop
  endfacet
  facet normal 0 0 1
    outer loop
      vertex -16.4815 -22.0546 8
      vertex -27.3405 -3.24609 8
      vertex -16.5646 -22.1907 8
    endloop
  endfacet
  facet normal 0 0 1
    outer loop
      vertex -13.6968 -27.0653 8
      vertex -19.3712 -54.1388 8
      vertex -16.6914 -55.0241 8
    endloop
  endfacet
  facet normal -0 0 1
    outer loop
      vertex -27.5 -3.25 8
      vertex -16.5646 -22.1907 8
      vertex -27.3405 -3.24609 8
    endloop
  endfacet
  facet normal 0 0 1
    outer loop
      vertex -14.1742 -27.0379 8
      vertex -22.0043 -53.1231 8
      vertex -19.3712 -54.1388 8
    endloop
  endfacet
  facet normal 0 0 1
    outer loop
      vertex -16.5646 -22.1907 8
      vertex -27.5 -3.25 8
      vertex -16.6409 -22.3308 8
    endloop
  endfacet
  facet normal 0 0 1
    outer loop
      vertex -14.488 -26.9808 8
      vertex -23.3882 -52.5096 8
      vertex -22.0043 -53.1231 8
    endloop
  endfacet
  facet normal 0 0 1
    outer loop
      vertex -27.6595 -3.24609 8
      vertex -16.6409 -22.3308 8
      vertex -27.5 -3.25 8
    endloop
  endfacet
  facet normal 0 0 1
    outer loop
      vertex -16.6409 -22.3308 8
      vertex -27.6595 -3.24609 8
      vertex -16.7103 -22.4744 8
    endloop
  endfacet
  facet normal 0 0 1
    outer loop
      vertex -27.8186 -3.23435 8
      vertex -16.7103 -22.4744 8
      vertex -27.6595 -3.24609 8
    endloop
  endfacet
  facet normal 0 0 1
    outer loop
      vertex -16.7103 -22.4744 8
      vertex -27.8186 -3.23435 8
      vertex -16.7726 -22.6213 8
    endloop
  endfacet
  facet normal 0 0 1
    outer loop
      vertex -27.9769 -3.21482 8
      vertex -16.7726 -22.6213 8
      vertex -27.8186 -3.23435 8
    endloop
  endfacet
  facet normal 0 0 1
    outer loop
      vertex -16.7726 -22.6213 8
      vertex -27.9769 -3.21482 8
      vertex -16.8275 -22.771 8
    endloop
  endfacet
  facet normal 0 0 1
    outer loop
      vertex -28.134 -3.18755 8
      vertex -16.8275 -22.771 8
      vertex -27.9769 -3.21482 8
    endloop
  endfacet
  facet normal 0 0 1
    outer loop
      vertex -16.8275 -22.771 8
      vertex -28.134 -3.18755 8
      vertex -16.8751 -22.9233 8
    endloop
  endfacet
  facet normal 0 0 1
    outer loop
      vertex -28.2897 -3.1526 8
      vertex -16.8751 -22.9233 8
      vertex -28.134 -3.18755 8
    endloop
  endfacet
  facet normal 0 0 1
    outer loop
      vertex -16.8751 -22.9233 8
      vertex -28.2897 -3.1526 8
      vertex -16.9151 -23.0777 8
    endloop
  endfacet
  facet normal 0 0 1
    outer loop
      vertex -28.4434 -3.11006 8
      vertex -16.9151 -23.0777 8
      vertex -28.2897 -3.1526 8
    endloop
  endfacet
  facet normal 0 0 1
    outer loop
      vertex -16.9151 -23.0777 8
      vertex -28.4434 -3.11006 8
      vertex -16.9475 -23.2339 8
    endloop
  endfacet
  facet normal 0 0 1
    outer loop
      vertex -28.5949 -3.06002 8
      vertex -16.9475 -23.2339 8
      vertex -28.4434 -3.11006 8
    endloop
  endfacet
  facet normal 0 0 1
    outer loop
      vertex -16.9475 -23.2339 8
      vertex -28.5949 -3.06002 8
      vertex -16.9722 -23.3915 8
    endloop
  endfacet
  facet normal 0 0 1
    outer loop
      vertex -28.7437 -3.00261 8
      vertex -16.9722 -23.3915 8
      vertex -28.5949 -3.06002 8
    endloop
  endfacet
  facet normal 0 0 1
    outer loop
      vertex -16.9722 -23.3915 8
      vertex -28.7437 -3.00261 8
      vertex -16.9891 -23.5501 8
    endloop
  endfacet
  facet normal 0 0 1
    outer loop
      vertex -28.8896 -2.93796 8
      vertex -16.9891 -23.5501 8
      vertex -28.7437 -3.00261 8
    endloop
  endfacet
  facet normal 0 0 1
    outer loop
      vertex -16.9891 -23.5501 8
      vertex -28.8896 -2.93796 8
      vertex -16.9983 -23.7094 8
    endloop
  endfacet
  facet normal 0 0 1
    outer loop
      vertex -29.032 -2.86624 8
      vertex -16.9983 -23.7094 8
      vertex -28.8896 -2.93796 8
    endloop
  endfacet
  facet normal 0 0 1
    outer loop
      vertex -16.9983 -23.7094 8
      vertex -29.032 -2.86624 8
      vertex -16.9996 -23.8689 8
    endloop
  endfacet
  facet normal 0 0 1
    outer loop
      vertex -16.9996 -23.8689 8
      vertex -29.032 -2.86624 8
      vertex -33.7836 -46.5148 8
    endloop
  endfacet
  facet normal 0 0 1
    outer loop
      vertex -33.7836 -46.5148 8
      vertex -29.032 -2.86624 8
      vertex -29.1708 -2.78762 8
    endloop
  endfacet
  facet normal 0 0 1
    outer loop
      vertex -33.7836 -46.5148 8
      vertex -29.1708 -2.78762 8
      vertex -29.3056 -2.70228 8
    endloop
  endfacet
  facet normal 0 0 1
    outer loop
      vertex -33.7836 -46.5148 8
      vertex -29.3056 -2.70228 8
      vertex -29.436 -2.61042 8
    endloop
  endfacet
  facet normal 0 0 1
    outer loop
      vertex -33.7836 -46.5148 8
      vertex -29.436 -2.61042 8
      vertex -29.5618 -2.51228 8
    endloop
  endfacet
  facet normal 0 0 1
    outer loop
      vertex -33.7836 -46.5148 8
      vertex -29.5618 -2.51228 8
      vertex -29.6826 -2.40809 8
    endloop
  endfacet
  facet normal 0 0 1
    outer loop
      vertex -33.7836 -46.5148 8
      vertex -29.6826 -2.40809 8
      vertex -29.7981 -2.2981 8
    endloop
  endfacet
  facet normal 0 0 1
    outer loop
      vertex -33.7836 -46.5148 8
      vertex -29.7981 -2.2981 8
      vertex -29.9081 -2.18257 8
    endloop
  endfacet
  facet normal 0 0 1
    outer loop
      vertex -33.7836 -46.5148 8
      vertex -29.9081 -2.18257 8
      vertex -30.0123 -2.06178 8
    endloop
  endfacet
  facet normal 0 0 1
    outer loop
      vertex -33.7836 -46.5148 8
      vertex -30.0123 -2.06178 8
      vertex -30.1104 -1.93602 8
    endloop
  endfacet
  facet normal 0 0 1
    outer loop
      vertex -33.7836 -46.5148 8
      vertex -30.1104 -1.93602 8
      vertex -30.2023 -1.8056 8
    endloop
  endfacet
  facet normal 0 0 1
    outer loop
      vertex -33.7836 -46.5148 8
      vertex -30.2023 -1.8056 8
      vertex -30.2876 -1.67083 8
    endloop
  endfacet
  facet normal 0 0 1
    outer loop
      vertex -33.7836 -46.5148 8
      vertex -30.2876 -1.67083 8
      vertex -30.3662 -1.53204 8
    endloop
  endfacet
  facet normal 0 0 1
    outer loop
      vertex -33.7836 -46.5148 8
      vertex -30.3662 -1.53204 8
      vertex -30.438 -1.38955 8
    endloop
  endfacet
  facet normal 0 0 1
    outer loop
      vertex -33.7836 -46.5148 8
      vertex -30.438 -1.38955 8
      vertex -30.5026 -1.24372 8
    endloop
  endfacet
  facet normal 0 0 1
    outer loop
      vertex -33.7836 -46.5148 8
      vertex -30.5026 -1.24372 8
      vertex -30.56 -1.09489 8
    endloop
  endfacet
  facet normal 0 0 1
    outer loop
      vertex -33.7836 -46.5148 8
      vertex -30.56 -1.09489 8
      vertex -30.6101 -0.943425 8
    endloop
  endfacet
  facet normal 0 0 1
    outer loop
      vertex -33.7836 -46.5148 8
      vertex -30.6101 -0.943425 8
      vertex -30.6526 -0.789685 8
    endloop
  endfacet
  facet normal 0 0 1
    outer loop
      vertex -33.7836 -46.5148 8
      vertex -30.6526 -0.789685 8
      vertex -30.6876 -0.634043 8
    endloop
  endfacet
  facet normal 0 0 1
    outer loop
      vertex -33.7836 -46.5148 8
      vertex -30.6876 -0.634043 8
      vertex -30.7148 -0.476873 8
    endloop
  endfacet
  facet normal 0 0 1
    outer loop
      vertex -30.1104 1.93602 8
      vertex -55.7768 13.9714 8
      vertex -30.2023 1.8056 8
    endloop
  endfacet
  facet normal 0 0 1
    outer loop
      vertex -30.75 0 8
      vertex -33.7836 -46.5148 8
      vertex -30.7461 -0.15947 8
    endloop
  endfacet
  facet normal 0 0 1
    outer loop
      vertex -33.7836 -46.5148 8
      vertex -30.7344 -0.318555 8
      vertex -30.7461 -0.15947 8
    endloop
  endfacet
  facet normal 0 0 1
    outer loop
      vertex -33.7836 -46.5148 8
      vertex -30.7148 -0.476873 8
      vertex -30.7344 -0.318555 8
    endloop
  endfacet
  facet normal 0 0 1
    outer loop
      vertex -15.375 -26.6303 8
      vertex -33.7836 -46.5148 8
      vertex -23.3882 -52.5096 8
    endloop
  endfacet
  facet normal 0 0 1
    outer loop
      vertex -59.8416 -99.8396 8
      vertex -23.3882 -52.5096 8
      vertex -33.7836 -46.5148 8
    endloop
  endfacet
  facet normal 0 0 1
    outer loop
      vertex -23.3882 -52.5096 8
      vertex -54.8706 -102.656 8
      vertex -52.9099 -103.643 8
    endloop
  endfacet
  facet normal 0 0 1
    outer loop
      vertex -23.3882 -52.5096 8
      vertex -59.8416 -99.8396 8
      vertex -54.8706 -102.656 8
    endloop
  endfacet
  facet normal 0 -0 1
    outer loop
      vertex -59.8416 -99.8396 8
      vertex -33.7836 -46.5148 8
      vertex -63.3046 -97.6467 8
    endloop
  endfacet
  facet normal 0 0 1
    outer loop
      vertex -30.75 0 8
      vertex -52.5096 -23.3882 8
      vertex -46.5148 -33.7836 8
    endloop
  endfacet
  facet normal 0 0 1
    outer loop
      vertex -99.8396 -59.8416 8
      vertex -46.5148 -33.7836 8
      vertex -52.5096 -23.3882 8
    endloop
  endfacet
  facet normal 0 0 1
    outer loop
      vertex -46.5148 -33.7836 8
      vertex -99.8396 -59.8416 8
      vertex -97.6467 -63.3046 8
    endloop
  endfacet
  facet normal 0 0 1
    outer loop
      vertex -52.5096 -23.3882 8
      vertex -102.656 -54.8706 8
      vertex -99.8396 -59.8416 8
    endloop
  endfacet
  facet normal 0 -0 1
    outer loop
      vertex -102.656 -54.8706 8
      vertex -52.5096 -23.3882 8
      vertex -103.643 -52.9099 8
    endloop
  endfacet
  facet normal 0 0 1
    outer loop
      vertex -4.62692 7.71956 8
      vertex -12.2651 20.9248 8
      vertex -5.00013 7.48323 8
    endloop
  endfacet
  facet normal 0 0 1
    outer loop
      vertex 10.5004 -23.7625 8
      vertex -10.5004 -23.7625 8
      vertex 10.5017 -23.922 8
    endloop
  endfacet
  facet normal -0 0 1
    outer loop
      vertex -12.4087 20.8554 8
      vertex -5.00013 7.48323 8
      vertex -12.2651 20.9248 8
    endloop
  endfacet
  facet normal 0 -0 1
    outer loop
      vertex -10.5004 -23.7625 8
      vertex 10.5004 -23.7625 8
      vertex -10.507 -23.6031 8
    endloop
  endfacet
  facet normal -0 0 1
    outer loop
      vertex -12.5556 20.7931 8
      vertex -5.00013 7.48323 8
      vertex -12.4087 20.8554 8
    endloop
  endfacet
  facet normal 0 0 1
    outer loop
      vertex 10.507 -23.6031 8
      vertex -10.507 -23.6031 8
      vertex 10.5004 -23.7625 8
    endloop
  endfacet
  facet normal 0 0 1
    outer loop
      vertex -5.00013 7.48323 8
      vertex -12.5556 20.7931 8
      vertex -5.36129 7.22887 8
    endloop
  endfacet
  facet normal 0 -0 1
    outer loop
      vertex -10.507 -23.6031 8
      vertex 10.507 -23.6031 8
      vertex -10.5213 -23.4443 8
    endloop
  endfacet
  facet normal -0 0 1
    outer loop
      vertex -12.7053 20.7382 8
      vertex -5.36129 7.22887 8
      vertex -12.5556 20.7931 8
    endloop
  endfacet
  facet normal 0 0 1
    outer loop
      vertex 10.5213 -23.4443 8
      vertex -10.5213 -23.4443 8
      vertex 10.507 -23.6031 8
    endloop
  endfacet
  facet normal 0 0 1
    outer loop
      vertex -5.36129 7.22887 8
      vertex -12.7053 20.7382 8
      vertex -5.70954 6.95709 8
    endloop
  endfacet
  facet normal 0 0 1
    outer loop
      vertex 0 -9 8
      vertex -10.6558 -22.8215 8
      vertex -10.6107 -22.9745 8
    endloop
  endfacet
  facet normal -0 0 1
    outer loop
      vertex -12.8576 20.6906 8
      vertex -5.70954 6.95709 8
      vertex -12.7053 20.7382 8
    endloop
  endfacet
  facet normal 0 0 1
    outer loop
      vertex -0.441608 -8.98916 8
      vertex -10.7083 -22.6709 8
      vertex -10.6558 -22.8215 8
    endloop
  endfacet
  facet normal -0 0 1
    outer loop
      vertex -13.012 20.6506 8
      vertex -5.70954 6.95709 8
      vertex -12.8576 20.6906 8
    endloop
  endfacet
  facet normal 0 0 1
    outer loop
      vertex -0.882154 -8.95666 8
      vertex -10.7681 -22.523 8
      vertex -10.7083 -22.6709 8
    endloop
  endfacet
  facet normal 0 0 1
    outer loop
      vertex -5.70954 6.95709 8
      vertex -13.012 20.6506 8
      vertex -6.04403 6.66856 8
    endloop
  endfacet
  facet normal 0 0 1
    outer loop
      vertex -0.882154 -8.95666 8
      vertex -10.8352 -22.3783 8
      vertex -10.7681 -22.523 8
    endloop
  endfacet
  facet normal -0 0 1
    outer loop
      vertex -13.1682 20.6182 8
      vertex -6.04403 6.66856 8
      vertex -13.012 20.6506 8
    endloop
  endfacet
  facet normal 0 0 1
    outer loop
      vertex -1.32057 -8.90259 8
      vertex -10.9092 -22.237 8
      vertex -10.8352 -22.3783 8
    endloop
  endfacet
  facet normal 0 0 1
    outer loop
      vertex -6.04403 6.66856 8
      vertex -13.1682 20.6182 8
      vertex -6.36396 6.36396 8
    endloop
  endfacet
  facet normal 0 0 1
    outer loop
      vertex -1.75581 -8.82707 8
      vertex -10.9901 -22.0995 8
      vertex -10.9092 -22.237 8
    endloop
  endfacet
  facet normal -0 0 1
    outer loop
      vertex -13.3258 20.5935 8
      vertex -6.36396 6.36396 8
      vertex -13.1682 20.6182 8
    endloop
  endfacet
  facet normal 0 0 1
    outer loop
      vertex -1.75581 -8.82707 8
      vertex -11.0776 -21.9661 8
      vertex -10.9901 -22.0995 8
    endloop
  endfacet
  facet normal -0 0 1
    outer loop
      vertex -13.4844 20.5766 8
      vertex -6.36396 6.36396 8
      vertex -13.3258 20.5935 8
    endloop
  endfacet
  facet normal 0 0 1
    outer loop
      vertex -2.18682 -8.73028 8
      vertex -11.1716 -21.8372 8
      vertex -11.0776 -21.9661 8
    endloop
  endfacet
  facet normal 0 0 1
    outer loop
      vertex -6.36396 6.36396 8
      vertex -13.4844 20.5766 8
      vertex -6.66856 6.04403 8
    endloop
  endfacet
  facet normal 0 0 1
    outer loop
      vertex -2.61256 -8.61246 8
      vertex -11.2718 -21.7131 8
      vertex -11.1716 -21.8372 8
    endloop
  endfacet
  facet normal -0 0 1
    outer loop
      vertex -13.6437 20.5674 8
      vertex -6.66856 6.04403 8
      vertex -13.4844 20.5766 8
    endloop
  endfacet
  facet normal 0 0 1
    outer loop
      vertex -2.61256 -8.61246 8
      vertex -11.3779 -21.594 8
      vertex -11.2718 -21.7131 8
    endloop
  endfacet
  facet normal 0 0 1
    outer loop
      vertex -6.66856 6.04403 8
      vertex -13.6437 20.5674 8
      vertex -6.95709 5.70954 8
    endloop
  endfacet
  facet normal 0 0 1
    outer loop
      vertex -3.03201 -8.4739 8
      vertex -11.4898 -21.4803 8
      vertex -11.3779 -21.594 8
    endloop
  endfacet
  facet normal -0 0 1
    outer loop
      vertex -13.8032 20.5661 8
      vertex -6.95709 5.70954 8
      vertex -13.6437 20.5674 8
    endloop
  endfacet
  facet normal 0 0 1
    outer loop
      vertex -3.44415 -8.31492 8
      vertex -11.6071 -21.3722 8
      vertex -11.4898 -21.4803 8
    endloop
  endfacet
  facet normal 0 0 1
    outer loop
      vertex -13.9626 20.5727 8
      vertex -6.95709 5.70954 8
      vertex -13.8032 20.5661 8
    endloop
  endfacet
  facet normal 0 0 1
    outer loop
      vertex -3.44415 -8.31492 8
      vertex -11.7296 -21.27 8
      vertex -11.6071 -21.3722 8
    endloop
  endfacet
  facet normal 0 0 1
    outer loop
      vertex -6.95709 5.70954 8
      vertex -13.9626 20.5727 8
      vertex -7.22887 5.36129 8
    endloop
  endfacet
  facet normal 0 0 1
    outer loop
      vertex -3.848 -8.1359 8
      vertex -11.8569 -21.1739 8
      vertex -11.7296 -21.27 8
    endloop
  endfacet
  facet normal 0 0 1
    outer loop
      vertex -14.1214 20.587 8
      vertex -7.22887 5.36129 8
      vertex -13.9626 20.5727 8
    endloop
  endfacet
  facet normal 0 0 1
    outer loop
      vertex -4.24257 -7.93729 8
      vertex -11.9889 -21.0842 8
      vertex -11.8569 -21.1739 8
    endloop
  endfacet
  facet normal 0 0 1
    outer loop
      vertex -7.22887 5.36129 8
      vertex -14.1214 20.587 8
      vertex -7.48323 5.00013 8
    endloop
  endfacet
  facet normal 0 0 1
    outer loop
      vertex -4.24257 -7.93729 8
      vertex -12.125 -21.0011 8
      vertex -11.9889 -21.0842 8
    endloop
  endfacet
  facet normal 0 0 1
    outer loop
      vertex -14.4361 20.6389 8
      vertex -7.48323 5.00013 8
      vertex -14.2794 20.6091 8
    endloop
  endfacet
  facet normal 0 0 1
    outer loop
      vertex -8.98916 0.441608 8
      vertex -24.2539 0.15947 8
      vertex -9 0 8
    endloop
  endfacet
  facet normal 0 -0 1
    outer loop
      vertex -24.2539 0.15947 8
      vertex -8.98916 0.441608 8
      vertex -24.2656 0.318555 8
    endloop
  endfacet
  facet normal 0 0 1
    outer loop
      vertex -14.2794 20.6091 8
      vertex -7.48323 5.00013 8
      vertex -14.1214 20.587 8
    endloop
  endfacet
  facet normal 0 0 1
    outer loop
      vertex -7.48323 5.00013 8
      vertex -14.4361 20.6389 8
      vertex -7.71956 4.62692 8
    endloop
  endfacet
  facet normal 0 0 1
    outer loop
      vertex -9 0 8
      vertex -24.2539 0.15947 8
      vertex -24.25 0 8
    endloop
  endfacet
  facet normal 0 0 1
    outer loop
      vertex -14.5912 20.6764 8
      vertex -7.71956 4.62692 8
      vertex -14.4361 20.6389 8
    endloop
  endfacet
  facet normal 0 0 1
    outer loop
      vertex -24.2539 -0.15947 8
      vertex -9 0 8
      vertex -24.25 0 8
    endloop
  endfacet
  facet normal 0 0 1
    outer loop
      vertex -7.71956 4.62692 8
      vertex -14.5912 20.6764 8
      vertex -7.93729 4.24257 8
    endloop
  endfacet
  facet normal 0 0 1
    outer loop
      vertex -4.62692 -7.71956 8
      vertex -12.2651 -20.9248 8
      vertex -12.125 -21.0011 8
    endloop
  endfacet
  facet normal 0 0 1
    outer loop
      vertex -24.2852 0.476873 8
      vertex -7.93729 4.24257 8
      vertex -14.5912 20.6764 8
    endloop
  endfacet
  facet normal 0 0 1
    outer loop
      vertex -8.98916 -0.441608 8
      vertex -24.2539 -0.15947 8
      vertex -24.2656 -0.318555 8
    endloop
  endfacet
  facet normal 0 0 1
    outer loop
      vertex -7.93729 4.24257 8
      vertex -24.2852 0.476873 8
      vertex -8.1359 3.848 8
    endloop
  endfacet
  facet normal 0 0 1
    outer loop
      vertex -5.00013 -7.48323 8
      vertex -12.4087 -20.8554 8
      vertex -12.2651 -20.9248 8
    endloop
  endfacet
  facet normal 0 0 1
    outer loop
      vertex -8.1359 3.848 8
      vertex -24.2852 0.476873 8
      vertex -8.31492 3.44415 8
    endloop
  endfacet
  facet normal 0 0 1
    outer loop
      vertex -8.95666 -0.882154 8
      vertex -24.2656 -0.318555 8
      vertex -24.2852 -0.476873 8
    endloop
  endfacet
  facet normal 0 0 1
    outer loop
      vertex -8.31492 3.44415 8
      vertex -24.2852 0.476873 8
      vertex -8.4739 3.03201 8
    endloop
  endfacet
  facet normal 0 0 1
    outer loop
      vertex -5.00013 -7.48323 8
      vertex -12.5556 -20.7931 8
      vertex -12.4087 -20.8554 8
    endloop
  endfacet
  facet normal 0 0 1
    outer loop
      vertex -8.4739 3.03201 8
      vertex -24.2852 0.476873 8
      vertex -8.61246 2.61256 8
    endloop
  endfacet
  facet normal 0 0 1
    outer loop
      vertex -8.95666 -0.882154 8
      vertex -24.2852 -0.476873 8
      vertex -24.3124 -0.634043 8
    endloop
  endfacet
  facet normal 0 0 1
    outer loop
      vertex -8.73028 2.18682 8
      vertex -24.2852 0.476873 8
      vertex -8.82707 1.75581 8
    endloop
  endfacet
  facet normal 0 0 1
    outer loop
      vertex -5.36129 -7.22887 8
      vertex -12.7053 -20.7382 8
      vertex -12.5556 -20.7931 8
    endloop
  endfacet
  facet normal 0 0 1
    outer loop
      vertex -8.82707 1.75581 8
      vertex -24.2852 0.476873 8
      vertex -8.90259 1.32057 8
    endloop
  endfacet
  facet normal 0 0 1
    outer loop
      vertex -8.90259 -1.32057 8
      vertex -24.3124 -0.634043 8
      vertex -24.3474 -0.789685 8
    endloop
  endfacet
  facet normal 0 -0 1
    outer loop
      vertex -24.2656 0.318555 8
      vertex -8.95666 0.882154 8
      vertex -24.2852 0.476873 8
    endloop
  endfacet
  facet normal 0 0 1
    outer loop
      vertex -5.70954 -6.95709 8
      vertex -12.8576 -20.6906 8
      vertex -12.7053 -20.7382 8
    endloop
  endfacet
  facet normal 0 0 1
    outer loop
      vertex -8.95666 0.882154 8
      vertex -24.2656 0.318555 8
      vertex -8.98916 0.441608 8
    endloop
  endfacet
  facet normal 0 0 1
    outer loop
      vertex -8.82707 -1.75581 8
      vertex -24.3474 -0.789685 8
      vertex -24.3899 -0.943425 8
    endloop
  endfacet
  facet normal 0 0 1
    outer loop
      vertex -8.90259 1.32057 8
      vertex -24.2852 0.476873 8
      vertex -8.95666 0.882154 8
    endloop
  endfacet
  facet normal 0 0 1
    outer loop
      vertex -5.70954 -6.95709 8
      vertex -13.012 -20.6506 8
      vertex -12.8576 -20.6906 8
    endloop
  endfacet
  facet normal 0 0 1
    outer loop
      vertex -8.61246 2.61256 8
      vertex -24.2852 0.476873 8
      vertex -8.73028 2.18682 8
    endloop
  endfacet
  facet normal 0 0 1
    outer loop
      vertex -8.82707 -1.75581 8
      vertex -24.3899 -0.943425 8
      vertex -24.44 -1.09489 8
    endloop
  endfacet
  facet normal 0 0 1
    outer loop
      vertex -24.2852 0.476873 8
      vertex -14.5912 20.6764 8
      vertex -14.7442 20.7215 8
    endloop
  endfacet
  facet normal 0 0 1
    outer loop
      vertex -6.04403 -6.66856 8
      vertex -13.1682 -20.6182 8
      vertex -13.012 -20.6506 8
    endloop
  endfacet
  facet normal 0 0 1
    outer loop
      vertex -24.2852 0.476873 8
      vertex -14.7442 20.7215 8
      vertex -14.8948 20.774 8
    endloop
  endfacet
  facet normal 0 0 1
    outer loop
      vertex -8.73028 -2.18682 8
      vertex -24.44 -1.09489 8
      vertex -24.4974 -1.24372 8
    endloop
  endfacet
  facet normal 0 0 1
    outer loop
      vertex -24.2852 0.476873 8
      vertex -14.8948 20.774 8
      vertex -15.0427 20.8338 8
    endloop
  endfacet
  facet normal 0 0 1
    outer loop
      vertex -6.36396 -6.36396 8
      vertex -13.3258 -20.5935 8
      vertex -13.1682 -20.6182 8
    endloop
  endfacet
  facet normal 0 0 1
    outer loop
      vertex -24.2852 0.476873 8
      vertex -15.0427 20.8338 8
      vertex -15.1874 20.9009 8
    endloop
  endfacet
  facet normal 0 0 1
    outer loop
      vertex -8.61246 -2.61256 8
      vertex -24.4974 -1.24372 8
      vertex -24.562 -1.38955 8
    endloop
  endfacet
  facet normal 0 0 1
    outer loop
      vertex -24.2852 0.476873 8
      vertex -15.1874 20.9009 8
      vertex -15.3287 20.9749 8
    endloop
  endfacet
  facet normal 0 0 1
    outer loop
      vertex -6.36396 -6.36396 8
      vertex -13.4844 -20.5766 8
      vertex -13.3258 -20.5935 8
    endloop
  endfacet
  facet normal 0 0 1
    outer loop
      vertex -24.2852 0.476873 8
      vertex -15.3287 20.9749 8
      vertex -15.4662 21.0558 8
    endloop
  endfacet
  facet normal 0 0 1
    outer loop
      vertex -8.61246 -2.61256 8
      vertex -24.562 -1.38955 8
      vertex -24.6338 -1.53204 8
    endloop
  endfacet
  facet normal 0 0 1
    outer loop
      vertex -24.2852 0.476873 8
      vertex -15.4662 21.0558 8
      vertex -15.5996 21.1433 8
    endloop
  endfacet
  facet normal 0 0 1
    outer loop
      vertex -6.66856 -6.04403 8
      vertex -13.6437 -20.5674 8
      vertex -13.4844 -20.5766 8
    endloop
  endfacet
  facet normal 0 0 1
    outer loop
      vertex -24.2852 0.476873 8
      vertex -15.5996 21.1433 8
      vertex -15.7285 21.2373 8
    endloop
  endfacet
  facet normal 0 0 1
    outer loop
      vertex -8.4739 -3.03201 8
      vertex -24.6338 -1.53204 8
      vertex -24.7124 -1.67083 8
    endloop
  endfacet
  facet normal 0 0 1
    outer loop
      vertex -24.2852 0.476873 8
      vertex -15.7285 21.2373 8
      vertex -15.8526 21.3375 8
    endloop
  endfacet
  facet normal 0 0 1
    outer loop
      vertex -6.95709 -5.70954 8
      vertex -13.8032 -20.5661 8
      vertex -13.6437 -20.5674 8
    endloop
  endfacet
  facet normal 0 0 1
    outer loop
      vertex -24.2852 0.476873 8
      vertex -15.8526 21.3375 8
      vertex -15.9717 21.4436 8
    endloop
  endfacet
  facet normal 0 0 1
    outer loop
      vertex -8.31492 -3.44415 8
      vertex -24.7124 -1.67083 8
      vertex -24.7977 -1.8056 8
    endloop
  endfacet
  facet normal 0 0 1
    outer loop
      vertex -24.2852 0.476873 8
      vertex -15.9717 21.4436 8
      vertex -16.0854 21.5555 8
    endloop
  endfacet
  facet normal 0 0 1
    outer loop
      vertex -6.95709 -5.70954 8
      vertex -13.9626 -20.5727 8
      vertex -13.8032 -20.5661 8
    endloop
  endfacet
  facet normal 0 0 1
    outer loop
      vertex -24.2852 0.476873 8
      vertex -16.0854 21.5555 8
      vertex -16.1935 21.6728 8
    endloop
  endfacet
  facet normal 0 0 1
    outer loop
      vertex -8.31492 -3.44415 8
      vertex -24.7977 -1.8056 8
      vertex -24.8896 -1.93602 8
    endloop
  endfacet
  facet normal 0 0 1
    outer loop
      vertex -24.2852 0.476873 8
      vertex -16.1935 21.6728 8
      vertex -16.2957 21.7953 8
    endloop
  endfacet
  facet normal 0 0 1
    outer loop
      vertex -7.22887 -5.36129 8
      vertex -14.1214 -20.587 8
      vertex -13.9626 -20.5727 8
    endloop
  endfacet
  facet normal 0 0 1
    outer loop
      vertex -24.2852 0.476873 8
      vertex -16.2957 21.7953 8
      vertex -16.3918 21.9226 8
    endloop
  endfacet
  facet normal 0 0 1
    outer loop
      vertex -8.1359 -3.848 8
      vertex -24.8896 -1.93602 8
      vertex -24.9877 -2.06178 8
    endloop
  endfacet
  facet normal 0 0 1
    outer loop
      vertex -24.2852 0.476873 8
      vertex -16.3918 21.9226 8
      vertex -16.4815 22.0546 8
    endloop
  endfacet
  facet normal 0 0 1
    outer loop
      vertex -7.48323 -5.00013 8
      vertex -14.2794 -20.6091 8
      vertex -14.1214 -20.587 8
    endloop
  endfacet
  facet normal 0 0 1
    outer loop
      vertex -24.2852 0.476873 8
      vertex -16.4815 22.0546 8
      vertex -16.5646 22.1907 8
    endloop
  endfacet
  facet normal 0 0 1
    outer loop
      vertex -7.93729 -4.24257 8
      vertex -24.9877 -2.06178 8
      vertex -25.0919 -2.18257 8
    endloop
  endfacet
  facet normal 0 0 1
    outer loop
      vertex -24.2852 0.476873 8
      vertex -16.5646 22.1907 8
      vertex -16.6409 22.3308 8
    endloop
  endfacet
  facet normal 0 0 1
    outer loop
      vertex -7.48323 -5.00013 8
      vertex -14.4361 -20.6389 8
      vertex -14.2794 -20.6091 8
    endloop
  endfacet
  facet normal 0 0 1
    outer loop
      vertex -24.2852 0.476873 8
      vertex -16.6409 22.3308 8
      vertex -16.7103 22.4744 8
    endloop
  endfacet
  facet normal 0 0 1
    outer loop
      vertex -7.93729 -4.24257 8
      vertex -25.0919 -2.18257 8
      vertex -25.2019 -2.2981 8
    endloop
  endfacet
  facet normal 0 0 1
    outer loop
      vertex -24.2852 0.476873 8
      vertex -16.7103 22.4744 8
      vertex -16.7726 22.6213 8
    endloop
  endfacet
  facet normal 0 0 1
    outer loop
      vertex -7.71956 -4.62692 8
      vertex -14.5912 -20.6764 8
      vertex -14.4361 -20.6389 8
    endloop
  endfacet
  facet normal 0 0 1
    outer loop
      vertex -24.2852 0.476873 8
      vertex -16.7726 22.6213 8
      vertex -16.8275 22.771 8
    endloop
  endfacet
  facet normal 0 0 1
    outer loop
      vertex -7.71956 -4.62692 8
      vertex -25.2019 -2.2981 8
      vertex -14.5912 -20.6764 8
    endloop
  endfacet
  facet normal 0 0 1
    outer loop
      vertex -24.2852 0.476873 8
      vertex -16.8275 22.771 8
      vertex -16.8751 22.9233 8
    endloop
  endfacet
  facet normal 0 0 1
    outer loop
      vertex -14.5912 -20.6764 8
      vertex -25.2019 -2.2981 8
      vertex -14.7442 -20.7215 8
    endloop
  endfacet
  facet normal 0 0 1
    outer loop
      vertex -24.2852 0.476873 8
      vertex -16.8751 22.9233 8
      vertex -16.9151 23.0777 8
    endloop
  endfacet
  facet normal -0 0 1
    outer loop
      vertex -25.3174 -2.40809 8
      vertex -14.7442 -20.7215 8
      vertex -25.2019 -2.2981 8
    endloop
  endfacet
  facet normal 0 0 1
    outer loop
      vertex -24.2852 0.476873 8
      vertex -16.9151 23.0777 8
      vertex -16.9475 23.2339 8
    endloop
  endfacet
  facet normal 0 0 1
    outer loop
      vertex -14.7442 -20.7215 8
      vertex -25.3174 -2.40809 8
      vertex -14.8948 -20.774 8
    endloop
  endfacet
  facet normal 0 0 1
    outer loop
      vertex -24.2852 0.476873 8
      vertex -16.9475 23.2339 8
      vertex -16.9722 23.3915 8
    endloop
  endfacet
  facet normal -0 0 1
    outer loop
      vertex -25.4382 -2.51228 8
      vertex -14.8948 -20.774 8
      vertex -25.3174 -2.40809 8
    endloop
  endfacet
  facet normal 0 0 1
    outer loop
      vertex -24.2852 0.476873 8
      vertex -16.9722 23.3915 8
      vertex -16.9891 23.5501 8
    endloop
  endfacet
  facet normal 0 0 1
    outer loop
      vertex -14.8948 -20.774 8
      vertex -25.4382 -2.51228 8
      vertex -15.0427 -20.8338 8
    endloop
  endfacet
  facet normal 0 0 1
    outer loop
      vertex -24.2852 0.476873 8
      vertex -16.9891 23.5501 8
      vertex -16.9983 23.7094 8
    endloop
  endfacet
  facet normal -0 0 1
    outer loop
      vertex -25.564 -2.61042 8
      vertex -15.0427 -20.8338 8
      vertex -25.4382 -2.51228 8
    endloop
  endfacet
  facet normal 0 0 1
    outer loop
      vertex -16.993 24.0283 8
      vertex -24.2852 0.476873 8
      vertex -16.9996 23.8689 8
    endloop
  endfacet
  facet normal 0 0 1
    outer loop
      vertex -16.9996 23.8689 8
      vertex -24.2852 0.476873 8
      vertex -16.9983 23.7094 8
    endloop
  endfacet
  facet normal 0 0 1
    outer loop
      vertex -5.71148 -116.26 8
      vertex -6 -57.1782 8
      vertex -6 -116.239 8
    endloop
  endfacet
  facet normal 0 0 1
    outer loop
      vertex 23.3882 52.5096 8
      vertex 59.8416 99.8396 8
      vertex 54.8706 102.656 8
    endloop
  endfacet
  facet normal 0 0 1
    outer loop
      vertex 23.3882 52.5096 8
      vertex 54.8706 102.656 8
      vertex 52.9099 103.643 8
    endloop
  endfacet
  facet normal 0 0 1
    outer loop
      vertex 59.8416 99.8396 8
      vertex 33.7836 46.5148 8
      vertex 63.3046 97.6467 8
    endloop
  endfacet
  facet normal -0 0 1
    outer loop
      vertex 30.1104 -1.93602 8
      vertex 55.7768 -13.9714 8
      vertex 30.2023 -1.8056 8
    endloop
  endfacet
  facet normal 0 0 1
    outer loop
      vertex 34.2527 46.1844 8
      vertex 30.7461 0.15947 8
      vertex 30.75 0 8
    endloop
  endfacet
  facet normal 0 0 1
    outer loop
      vertex 34.2527 46.1844 8
      vertex 30.7344 0.318555 8
      vertex 30.7461 0.15947 8
    endloop
  endfacet
  facet normal 0 0 1
    outer loop
      vertex 34.2527 46.1844 8
      vertex 30.7148 0.476873 8
      vertex 30.7344 0.318555 8
    endloop
  endfacet
  facet normal 0 0 1
    outer loop
      vertex 34.2527 46.1844 8
      vertex 30.6876 0.634043 8
      vertex 30.7148 0.476873 8
    endloop
  endfacet
  facet normal 0 0 1
    outer loop
      vertex 34.2527 46.1844 8
      vertex 30.6526 0.789685 8
      vertex 30.6876 0.634043 8
    endloop
  endfacet
  facet normal 0 0 1
    outer loop
      vertex 34.2527 46.1844 8
      vertex 30.6101 0.943425 8
      vertex 30.6526 0.789685 8
    endloop
  endfacet
  facet normal 0 0 1
    outer loop
      vertex 34.2527 46.1844 8
      vertex 30.56 1.09489 8
      vertex 30.6101 0.943425 8
    endloop
  endfacet
  facet normal 0 0 1
    outer loop
      vertex 34.2527 46.1844 8
      vertex 30.5026 1.24372 8
      vertex 30.56 1.09489 8
    endloop
  endfacet
  facet normal 0 0 1
    outer loop
      vertex 34.2527 46.1844 8
      vertex 30.438 1.38955 8
      vertex 30.5026 1.24372 8
    endloop
  endfacet
  facet normal 0 0 1
    outer loop
      vertex 34.2527 46.1844 8
      vertex 30.3662 1.53204 8
      vertex 30.438 1.38955 8
    endloop
  endfacet
  facet normal 0 0 1
    outer loop
      vertex 34.2527 46.1844 8
      vertex 30.2876 1.67083 8
      vertex 30.3662 1.53204 8
    endloop
  endfacet
  facet normal 0 0 1
    outer loop
      vertex 34.2527 46.1844 8
      vertex 30.2023 1.8056 8
      vertex 30.2876 1.67083 8
    endloop
  endfacet
  facet normal 0 0 1
    outer loop
      vertex 34.2527 46.1844 8
      vertex 30.1104 1.93602 8
      vertex 30.2023 1.8056 8
    endloop
  endfacet
  facet normal 0 0 1
    outer loop
      vertex 34.2527 46.1844 8
      vertex 30.0123 2.06178 8
      vertex 30.1104 1.93602 8
    endloop
  endfacet
  facet normal 0 0 1
    outer loop
      vertex 34.2527 46.1844 8
      vertex 29.9081 2.18257 8
      vertex 30.0123 2.06178 8
    endloop
  endfacet
  facet normal 0 0 1
    outer loop
      vertex 34.2527 46.1844 8
      vertex 29.7981 2.2981 8
      vertex 29.9081 2.18257 8
    endloop
  endfacet
  facet normal 0 0 1
    outer loop
      vertex 34.2527 46.1844 8
      vertex 29.6826 2.40809 8
      vertex 29.7981 2.2981 8
    endloop
  endfacet
  facet normal 0 0 1
    outer loop
      vertex 34.2527 46.1844 8
      vertex 29.5618 2.51228 8
      vertex 29.6826 2.40809 8
    endloop
  endfacet
  facet normal 0 0 1
    outer loop
      vertex 34.2527 46.1844 8
      vertex 29.436 2.61042 8
      vertex 29.5618 2.51228 8
    endloop
  endfacet
  facet normal 0 0 1
    outer loop
      vertex 34.2527 46.1844 8
      vertex 29.3056 2.70228 8
      vertex 29.436 2.61042 8
    endloop
  endfacet
  facet normal 0 0 1
    outer loop
      vertex 34.2527 46.1844 8
      vertex 29.1708 2.78762 8
      vertex 29.3056 2.70228 8
    endloop
  endfacet
  facet normal 0 0 1
    outer loop
      vertex 34.2527 46.1844 8
      vertex 29.032 2.86624 8
      vertex 29.1708 2.78762 8
    endloop
  endfacet
  facet normal 0 0 1
    outer loop
      vertex 34.2527 46.1844 8
      vertex 16.9996 23.8689 8
      vertex 29.032 2.86624 8
    endloop
  endfacet
  facet normal -0 0 1
    outer loop
      vertex 16.9983 23.7094 8
      vertex 29.032 2.86624 8
      vertex 16.9996 23.8689 8
    endloop
  endfacet
  facet normal 0 0 1
    outer loop
      vertex 29.032 2.86624 8
      vertex 16.9983 23.7094 8
      vertex 28.8896 2.93796 8
    endloop
  endfacet
  facet normal -0 0 1
    outer loop
      vertex 16.9891 23.5501 8
      vertex 28.8896 2.93796 8
      vertex 16.9983 23.7094 8
    endloop
  endfacet
  facet normal 0 0 1
    outer loop
      vertex 28.8896 2.93796 8
      vertex 16.9891 23.5501 8
      vertex 28.7437 3.00261 8
    endloop
  endfacet
  facet normal -0 0 1
    outer loop
      vertex 16.9722 23.3915 8
      vertex 28.7437 3.00261 8
      vertex 16.9891 23.5501 8
    endloop
  endfacet
  facet normal 0 0 1
    outer loop
      vertex 28.7437 3.00261 8
      vertex 16.9722 23.3915 8
      vertex 28.5949 3.06002 8
    endloop
  endfacet
  facet normal -0 0 1
    outer loop
      vertex 16.9475 23.2339 8
      vertex 28.5949 3.06002 8
      vertex 16.9722 23.3915 8
    endloop
  endfacet
  facet normal 0 0 1
    outer loop
      vertex 28.5949 3.06002 8
      vertex 16.9475 23.2339 8
      vertex 28.4434 3.11006 8
    endloop
  endfacet
  facet normal -0 0 1
    outer loop
      vertex 16.9151 23.0777 8
      vertex 28.4434 3.11006 8
      vertex 16.9475 23.2339 8
    endloop
  endfacet
  facet normal 0 0 1
    outer loop
      vertex 28.4434 3.11006 8
      vertex 16.9151 23.0777 8
      vertex 28.2897 3.1526 8
    endloop
  endfacet
  facet normal -0 0 1
    outer loop
      vertex 16.8751 22.9233 8
      vertex 28.2897 3.1526 8
      vertex 16.9151 23.0777 8
    endloop
  endfacet
  facet normal 0 0 1
    outer loop
      vertex 28.2897 3.1526 8
      vertex 16.8751 22.9233 8
      vertex 28.134 3.18755 8
    endloop
  endfacet
  facet normal -0 0 1
    outer loop
      vertex 16.8275 22.771 8
      vertex 28.134 3.18755 8
      vertex 16.8751 22.9233 8
    endloop
  endfacet
  facet normal 0 0 1
    outer loop
      vertex 28.134 3.18755 8
      vertex 16.8275 22.771 8
      vertex 27.9769 3.21482 8
    endloop
  endfacet
  facet normal -0 0 1
    outer loop
      vertex 16.7726 22.6213 8
      vertex 27.9769 3.21482 8
      vertex 16.8275 22.771 8
    endloop
  endfacet
  facet normal 0 0 1
    outer loop
      vertex 27.9769 3.21482 8
      vertex 16.7726 22.6213 8
      vertex 27.8186 3.23435 8
    endloop
  endfacet
  facet normal -0 0 1
    outer loop
      vertex 16.7103 22.4744 8
      vertex 27.8186 3.23435 8
      vertex 16.7726 22.6213 8
    endloop
  endfacet
  facet normal 0 0 1
    outer loop
      vertex 27.8186 3.23435 8
      vertex 16.7103 22.4744 8
      vertex 27.6595 3.24609 8
    endloop
  endfacet
  facet normal -0 0 1
    outer loop
      vertex 16.6409 22.3308 8
      vertex 27.6595 3.24609 8
      vertex 16.7103 22.4744 8
    endloop
  endfacet
  facet normal 0 0 1
    outer loop
      vertex 27.6595 3.24609 8
      vertex 16.6409 22.3308 8
      vertex 27.5 3.25 8
    endloop
  endfacet
  facet normal -0 0 1
    outer loop
      vertex 16.5646 22.1907 8
      vertex 27.5 3.25 8
      vertex 16.6409 22.3308 8
    endloop
  endfacet
  facet normal 0 0 1
    outer loop
      vertex 27.5 3.25 8
      vertex 16.5646 22.1907 8
      vertex 27.3405 3.24609 8
    endloop
  endfacet
  facet normal -0 0 1
    outer loop
      vertex 16.4815 22.0546 8
      vertex 27.3405 3.24609 8
      vertex 16.5646 22.1907 8
    endloop
  endfacet
  facet normal 0 0 1
    outer loop
      vertex 27.3405 3.24609 8
      vertex 16.4815 22.0546 8
      vertex 27.1814 3.23435 8
    endloop
  endfacet
  facet normal -0 0 1
    outer loop
      vertex 16.3918 21.9226 8
      vertex 27.1814 3.23435 8
      vertex 16.4815 22.0546 8
    endloop
  endfacet
  facet normal 0 0 1
    outer loop
      vertex 27.1814 3.23435 8
      vertex 16.3918 21.9226 8
      vertex 27.0231 3.21482 8
    endloop
  endfacet
  facet normal -0 0 1
    outer loop
      vertex 16.2957 21.7953 8
      vertex 27.0231 3.21482 8
      vertex 16.3918 21.9226 8
    endloop
  endfacet
  facet normal 0 0 1
    outer loop
      vertex 27.0231 3.21482 8
      vertex 16.2957 21.7953 8
      vertex 26.866 3.18755 8
    endloop
  endfacet
  facet normal -0 0 1
    outer loop
      vertex 16.1935 21.6728 8
      vertex 26.866 3.18755 8
      vertex 16.2957 21.7953 8
    endloop
  endfacet
  facet normal 0 0 1
    outer loop
      vertex 26.866 3.18755 8
      vertex 16.1935 21.6728 8
      vertex 26.7103 3.1526 8
    endloop
  endfacet
  facet normal -0 0 1
    outer loop
      vertex 16.0854 21.5555 8
      vertex 26.7103 3.1526 8
      vertex 16.1935 21.6728 8
    endloop
  endfacet
  facet normal 0 0 1
    outer loop
      vertex 26.7103 3.1526 8
      vertex 16.0854 21.5555 8
      vertex 26.5566 3.11006 8
    endloop
  endfacet
  facet normal -0 0 1
    outer loop
      vertex 15.9717 21.4436 8
      vertex 26.5566 3.11006 8
      vertex 16.0854 21.5555 8
    endloop
  endfacet
  facet normal 0 0 1
    outer loop
      vertex 26.5566 3.11006 8
      vertex 15.9717 21.4436 8
      vertex 26.4051 3.06002 8
    endloop
  endfacet
  facet normal -0 0 1
    outer loop
      vertex 15.8526 21.3375 8
      vertex 26.4051 3.06002 8
      vertex 15.9717 21.4436 8
    endloop
  endfacet
  facet normal 0 0 1
    outer loop
      vertex 26.4051 3.06002 8
      vertex 15.8526 21.3375 8
      vertex 26.2563 3.00261 8
    endloop
  endfacet
  facet normal -0 0 1
    outer loop
      vertex 15.7285 21.2373 8
      vertex 26.2563 3.00261 8
      vertex 15.8526 21.3375 8
    endloop
  endfacet
  facet normal 0 0 1
    outer loop
      vertex 26.1104 2.93796 8
      vertex 15.5996 21.1433 8
      vertex 25.968 2.86624 8
    endloop
  endfacet
  facet normal -0 0 1
    outer loop
      vertex 15.5996 21.1433 8
      vertex 26.1104 2.93796 8
      vertex 15.7285 21.2373 8
    endloop
  endfacet
  facet normal 0 0 1
    outer loop
      vertex 26.2563 3.00261 8
      vertex 15.7285 21.2373 8
      vertex 26.1104 2.93796 8
    endloop
  endfacet
  facet normal 0 0 1
    outer loop
      vertex 34.2527 46.1844 8
      vertex 16.993 24.0283 8
      vertex 16.9996 23.8689 8
    endloop
  endfacet
  facet normal 0 0 1
    outer loop
      vertex 16.993 24.0283 8
      vertex 33.7836 46.5148 8
      vertex 23.3882 52.5096 8
    endloop
  endfacet
  facet normal 0 0 1
    outer loop
      vertex 59.8416 99.8396 8
      vertex 23.3882 52.5096 8
      vertex 33.7836 46.5148 8
    endloop
  endfacet
  facet normal 0 0 1
    outer loop
      vertex 52.5096 23.3882 8
      vertex 102.656 54.8706 8
      vertex 99.8396 59.8416 8
    endloop
  endfacet
  facet normal 0 0 1
    outer loop
      vertex 46.5148 33.7836 8
      vertex 99.8396 59.8416 8
      vertex 97.6467 63.3046 8
    endloop
  endfacet
  facet normal 0 0 1
    outer loop
      vertex 102.656 54.8706 8
      vertex 52.5096 23.3882 8
      vertex 103.643 52.9099 8
    endloop
  endfacet
  facet normal 0 0 1
    outer loop
      vertex 30.75 0 8
      vertex 52.5096 23.3882 8
      vertex 46.5148 33.7836 8
    endloop
  endfacet
  facet normal 0 0 1
    outer loop
      vertex 99.8396 59.8416 8
      vertex 46.5148 33.7836 8
      vertex 52.5096 23.3882 8
    endloop
  endfacet
  facet normal 0 0 1
    outer loop
      vertex 57.1782 6 8
      vertex 116.4 0 8
      vertex 116.26 5.71148 8
    endloop
  endfacet
  facet normal -0 0 1
    outer loop
      vertex 57.1782 6 8
      vertex 116.26 5.71148 8
      vertex 116.239 6 8
    endloop
  endfacet
  facet normal 0 0 1
    outer loop
      vertex 57.1782 -6 8
      vertex 116.4 0 8
      vertex 57.1782 6 8
    endloop
  endfacet
  facet normal 0 0 1
    outer loop
      vertex 116.4 0 8
      vertex 57.1782 -6 8
      vertex 116.26 -5.71148 8
    endloop
  endfacet
  facet normal 0 0 1
    outer loop
      vertex 116.26 -5.71148 8
      vertex 57.1782 -6 8
      vertex 116.239 -6 8
    endloop
  endfacet
  facet normal 0 0 1
    outer loop
      vertex 30.75 0 8
      vertex 57.1782 6 8
      vertex 56.8776 8.437 8
    endloop
  endfacet
  facet normal 0 0 1
    outer loop
      vertex 57.1782 6 8
      vertex 30.75 0 8
      vertex 57.1782 -6 8
    endloop
  endfacet
  facet normal 0 0 1
    outer loop
      vertex 30.75 0 8
      vertex 56.8776 8.437 8
      vertex 56.3952 11.2177 8
    endloop
  endfacet
  facet normal -0 0 1
    outer loop
      vertex 30.7461 -0.15947 8
      vertex 57.1782 -6 8
      vertex 30.75 0 8
    endloop
  endfacet
  facet normal 0 0 1
    outer loop
      vertex 30.75 0 8
      vertex 56.3952 11.2177 8
      vertex 55.7768 13.9714 8
    endloop
  endfacet
  facet normal -0 0 1
    outer loop
      vertex 30.7344 -0.318555 8
      vertex 57.1782 -6 8
      vertex 30.7461 -0.15947 8
    endloop
  endfacet
  facet normal 0 0 1
    outer loop
      vertex 30.75 0 8
      vertex 55.7768 13.9714 8
      vertex 55.0241 16.6914 8
    endloop
  endfacet
  facet normal -0 0 1
    outer loop
      vertex 30.7148 -0.476873 8
      vertex 57.1782 -6 8
      vertex 30.7344 -0.318555 8
    endloop
  endfacet
  facet normal 0 0 1
    outer loop
      vertex 30.75 0 8
      vertex 55.0241 16.6914 8
      vertex 54.1388 19.3712 8
    endloop
  endfacet
  facet normal -0 0 1
    outer loop
      vertex 30.6876 -0.634043 8
      vertex 57.1782 -6 8
      vertex 30.7148 -0.476873 8
    endloop
  endfacet
  facet normal 0 0 1
    outer loop
      vertex 30.75 0 8
      vertex 53.1231 22.0043 8
      vertex 52.5096 23.3882 8
    endloop
  endfacet
  facet normal 0 0 1
    outer loop
      vertex 53.1231 22.0043 8
      vertex 30.75 0 8
      vertex 54.1388 19.3712 8
    endloop
  endfacet
  facet normal -0 0 1
    outer loop
      vertex 30.6526 -0.789685 8
      vertex 57.1782 -6 8
      vertex 30.6876 -0.634043 8
    endloop
  endfacet
  facet normal -0 0 1
    outer loop
      vertex 30.6101 -0.943425 8
      vertex 57.1782 -6 8
      vertex 30.6526 -0.789685 8
    endloop
  endfacet
  facet normal 0 0 1
    outer loop
      vertex 52.5096 -23.3882 8
      vertex 102.656 -54.8706 8
      vertex 103.643 -52.9099 8
    endloop
  endfacet
  facet normal 0 0 1
    outer loop
      vertex 102.656 -54.8706 8
      vertex 52.5096 -23.3882 8
      vertex 99.8396 -59.8416 8
    endloop
  endfacet
  facet normal -0 0 1
    outer loop
      vertex 46.5148 -33.7836 8
      vertex 99.8396 -59.8416 8
      vertex 52.5096 -23.3882 8
    endloop
  endfacet
  facet normal 0 0 1
    outer loop
      vertex 99.8396 -59.8416 8
      vertex 46.5148 -33.7836 8
      vertex 97.6467 -63.3046 8
    endloop
  endfacet
  facet normal -0 0 1
    outer loop
      vertex 30.56 -1.09489 8
      vertex 57.1782 -6 8
      vertex 30.6101 -0.943425 8
    endloop
  endfacet
  facet normal 0 0 1
    outer loop
      vertex 30.75 0 8
      vertex 46.1844 34.2527 8
      vertex 44.4481 36.4776 8
    endloop
  endfacet
  facet normal 0 0 1
    outer loop
      vertex 46.1844 34.2527 8
      vertex 30.75 0 8
      vertex 46.5148 33.7836 8
    endloop
  endfacet
  facet normal 0 0 1
    outer loop
      vertex 57.1782 -6 8
      vertex 30.56 -1.09489 8
      vertex 56.8776 -8.437 8
    endloop
  endfacet
  facet normal -0 0 1
    outer loop
      vertex 30.5026 -1.24372 8
      vertex 56.8776 -8.437 8
      vertex 30.56 -1.09489 8
    endloop
  endfacet
  facet normal 0 0 1
    outer loop
      vertex 30.75 0 8
      vertex 44.4481 36.4776 8
      vertex 42.6047 38.6146 8
    endloop
  endfacet
  facet normal -0 0 1
    outer loop
      vertex 30.438 -1.38955 8
      vertex 56.8776 -8.437 8
      vertex 30.5026 -1.24372 8
    endloop
  endfacet
  facet normal 0 0 1
    outer loop
      vertex 30.75 0 8
      vertex 42.6047 38.6146 8
      vertex 40.6586 40.6586 8
    endloop
  endfacet
  facet normal 0 0 1
    outer loop
      vertex 56.8776 -8.437 8
      vertex 30.438 -1.38955 8
      vertex 56.3952 -11.2177 8
    endloop
  endfacet
  facet normal 0 0 1
    outer loop
      vertex 30.75 0 8
      vertex 40.6586 40.6586 8
      vertex 38.6146 42.6047 8
    endloop
  endfacet
  facet normal -0 0 1
    outer loop
      vertex 30.3662 -1.53204 8
      vertex 56.3952 -11.2177 8
      vertex 30.438 -1.38955 8
    endloop
  endfacet
  facet normal 0 0 1
    outer loop
      vertex 30.75 0 8
      vertex 38.6146 42.6047 8
      vertex 36.4776 44.4481 8
    endloop
  endfacet
  facet normal -0 0 1
    outer loop
      vertex 30.2876 -1.67083 8
      vertex 56.3952 -11.2177 8
      vertex 30.3662 -1.53204 8
    endloop
  endfacet
  facet normal 0 0 1
    outer loop
      vertex 16.993 24.0283 8
      vertex 34.2527 46.1844 8
      vertex 33.7836 46.5148 8
    endloop
  endfacet
  facet normal 0 0 1
    outer loop
      vertex 34.2527 46.1844 8
      vertex 30.75 0 8
      vertex 36.4776 44.4481 8
    endloop
  endfacet
  facet normal 0 0 1
    outer loop
      vertex 56.3952 -11.2177 8
      vertex 30.2876 -1.67083 8
      vertex 55.7768 -13.9714 8
    endloop
  endfacet
  facet normal -0 0 1
    outer loop
      vertex 30.2023 -1.8056 8
      vertex 55.7768 -13.9714 8
      vertex 30.2876 -1.67083 8
    endloop
  endfacet
  facet normal 0 0 1
    outer loop
      vertex 33.7836 -46.5148 8
      vertex 59.8416 -99.8396 8
      vertex 63.3046 -97.6467 8
    endloop
  endfacet
  facet normal -0 0 1
    outer loop
      vertex 23.3882 -52.5096 8
      vertex 59.8416 -99.8396 8
      vertex 33.7836 -46.5148 8
    endloop
  endfacet
  facet normal 0 0 1
    outer loop
      vertex 59.8416 -99.8396 8
      vertex 23.3882 -52.5096 8
      vertex 54.8706 -102.656 8
    endloop
  endfacet
  facet normal -0 0 1
    outer loop
      vertex 30.0123 -2.06178 8
      vertex 55.7768 -13.9714 8
      vertex 30.1104 -1.93602 8
    endloop
  endfacet
  facet normal 0 0 1
    outer loop
      vertex 55.7768 -13.9714 8
      vertex 30.0123 -2.06178 8
      vertex 55.0241 -16.6914 8
    endloop
  endfacet
  facet normal -0 0 1
    outer loop
      vertex 29.9081 -2.18257 8
      vertex 55.0241 -16.6914 8
      vertex 30.0123 -2.06178 8
    endloop
  endfacet
  facet normal -0 0 1
    outer loop
      vertex 29.7981 -2.2981 8
      vertex 55.0241 -16.6914 8
      vertex 29.9081 -2.18257 8
    endloop
  endfacet
  facet normal 0 0 1
    outer loop
      vertex 55.0241 -16.6914 8
      vertex 29.7981 -2.2981 8
      vertex 54.1388 -19.3712 8
    endloop
  endfacet
  facet normal -0 0 1
    outer loop
      vertex 29.6826 -2.40809 8
      vertex 54.1388 -19.3712 8
      vertex 29.7981 -2.2981 8
    endloop
  endfacet
  facet normal -0 0 1
    outer loop
      vertex 29.5618 -2.51228 8
      vertex 54.1388 -19.3712 8
      vertex 29.6826 -2.40809 8
    endloop
  endfacet
  facet normal -0 0 1
    outer loop
      vertex 29.436 -2.61042 8
      vertex 54.1388 -19.3712 8
      vertex 29.5618 -2.51228 8
    endloop
  endfacet
  facet normal 0 0 1
    outer loop
      vertex 54.1388 -19.3712 8
      vertex 29.436 -2.61042 8
      vertex 53.1231 -22.0043 8
    endloop
  endfacet
  facet normal -0 0 1
    outer loop
      vertex 29.3056 -2.70228 8
      vertex 53.1231 -22.0043 8
      vertex 29.436 -2.61042 8
    endloop
  endfacet
  facet normal 0 0 1
    outer loop
      vertex 53.1231 -22.0043 8
      vertex 29.3056 -2.70228 8
      vertex 52.5096 -23.3882 8
    endloop
  endfacet
  facet normal -0 0 1
    outer loop
      vertex 29.1708 -2.78762 8
      vertex 52.5096 -23.3882 8
      vertex 29.3056 -2.70228 8
    endloop
  endfacet
  facet normal -0 0 1
    outer loop
      vertex 29.032 -2.86624 8
      vertex 52.5096 -23.3882 8
      vertex 29.1708 -2.78762 8
    endloop
  endfacet
  facet normal -0 0 1
    outer loop
      vertex 28.8896 -2.93796 8
      vertex 52.5096 -23.3882 8
      vertex 29.032 -2.86624 8
    endloop
  endfacet
  facet normal -0 0 1
    outer loop
      vertex 28.7437 -3.00261 8
      vertex 52.5096 -23.3882 8
      vertex 28.8896 -2.93796 8
    endloop
  endfacet
  facet normal -0 0 1
    outer loop
      vertex 28.5949 -3.06002 8
      vertex 52.5096 -23.3882 8
      vertex 28.7437 -3.00261 8
    endloop
  endfacet
  facet normal 0 0 1
    outer loop
      vertex 52.5096 -23.3882 8
      vertex 28.5949 -3.06002 8
      vertex 46.5148 -33.7836 8
    endloop
  endfacet
  facet normal 0 0 1
    outer loop
      vertex 16.9996 -23.8689 8
      vertex 28.5949 -3.06002 8
      vertex 28.4434 -3.11006 8
    endloop
  endfacet
  facet normal 0 0 1
    outer loop
      vertex 16.9996 -23.8689 8
      vertex 28.4434 -3.11006 8
      vertex 28.2897 -3.1526 8
    endloop
  endfacet
  facet normal 0 0 1
    outer loop
      vertex 16.9996 -23.8689 8
      vertex 28.2897 -3.1526 8
      vertex 28.134 -3.18755 8
    endloop
  endfacet
  facet normal 0 0 1
    outer loop
      vertex 16.9996 -23.8689 8
      vertex 28.134 -3.18755 8
      vertex 27.9769 -3.21482 8
    endloop
  endfacet
  facet normal 0 0 1
    outer loop
      vertex 28.5949 -3.06002 8
      vertex 16.9996 -23.8689 8
      vertex 46.5148 -33.7836 8
    endloop
  endfacet
  facet normal 0 0 1
    outer loop
      vertex 16.9996 -23.8689 8
      vertex 27.9769 -3.21482 8
      vertex 27.8186 -3.23435 8
    endloop
  endfacet
  facet normal 0 0 1
    outer loop
      vertex 46.5148 -33.7836 8
      vertex 16.9996 -23.8689 8
      vertex 46.1844 -34.2527 8
    endloop
  endfacet
  facet normal 0 0 1
    outer loop
      vertex 16.9996 -23.8689 8
      vertex 27.8186 -3.23435 8
      vertex 27.6595 -3.24609 8
    endloop
  endfacet
  facet normal 0 0 1
    outer loop
      vertex 16.9996 -23.8689 8
      vertex 27.6595 -3.24609 8
      vertex 27.5 -3.25 8
    endloop
  endfacet
  facet normal -0 0 1
    outer loop
      vertex 16.993 -24.0283 8
      vertex 46.1844 -34.2527 8
      vertex 16.9996 -23.8689 8
    endloop
  endfacet
  facet normal 0 0 1
    outer loop
      vertex 16.9996 -23.8689 8
      vertex 27.5 -3.25 8
      vertex 27.3405 -3.24609 8
    endloop
  endfacet
  facet normal 0 0 1
    outer loop
      vertex 46.1844 -34.2527 8
      vertex 16.993 -24.0283 8
      vertex 44.4481 -36.4776 8
    endloop
  endfacet
  facet normal 0 0 1
    outer loop
      vertex 16.9996 -23.8689 8
      vertex 27.3405 -3.24609 8
      vertex 27.1814 -3.23435 8
    endloop
  endfacet
  facet normal -0 0 1
    outer loop
      vertex 16.9787 -24.1871 8
      vertex 44.4481 -36.4776 8
      vertex 16.993 -24.0283 8
    endloop
  endfacet
  facet normal 0 0 1
    outer loop
      vertex 16.9996 -23.8689 8
      vertex 27.1814 -3.23435 8
      vertex 27.0231 -3.21482 8
    endloop
  endfacet
  facet normal 0 0 1
    outer loop
      vertex 16.9996 -23.8689 8
      vertex 27.0231 -3.21482 8
      vertex 26.866 -3.18755 8
    endloop
  endfacet
  facet normal -0 0 1
    outer loop
      vertex 16.9566 -24.3451 8
      vertex 44.4481 -36.4776 8
      vertex 16.9787 -24.1871 8
    endloop
  endfacet
  facet normal 0 0 1
    outer loop
      vertex 16.9996 -23.8689 8
      vertex 26.866 -3.18755 8
      vertex 26.7103 -3.1526 8
    endloop
  endfacet
  facet normal -0 0 1
    outer loop
      vertex 16.9268 -24.5018 8
      vertex 44.4481 -36.4776 8
      vertex 16.9566 -24.3451 8
    endloop
  endfacet
  facet normal 0 0 1
    outer loop
      vertex 44.4481 -36.4776 8
      vertex 16.9268 -24.5018 8
      vertex 42.6047 -38.6146 8
    endloop
  endfacet
  facet normal 0 0 1
    outer loop
      vertex 16.9996 -23.8689 8
      vertex 26.7103 -3.1526 8
      vertex 26.5566 -3.11006 8
    endloop
  endfacet
  facet normal 0 0 1
    outer loop
      vertex 16.9996 -23.8689 8
      vertex 26.5566 -3.11006 8
      vertex 26.4051 -3.06002 8
    endloop
  endfacet
  facet normal 0 0 1
    outer loop
      vertex 16.9996 -23.8689 8
      vertex 26.4051 -3.06002 8
      vertex 26.2563 -3.00261 8
    endloop
  endfacet
  facet normal 0 0 1
    outer loop
      vertex 16.9996 -23.8689 8
      vertex 26.2563 -3.00261 8
      vertex 26.1104 -2.93796 8
    endloop
  endfacet
  facet normal 0 0 1
    outer loop
      vertex 16.9996 -23.8689 8
      vertex 26.1104 -2.93796 8
      vertex 25.968 -2.86624 8
    endloop
  endfacet
  facet normal 0 0 1
    outer loop
      vertex 16.9996 -23.8689 8
      vertex 25.968 -2.86624 8
      vertex 25.8292 -2.78762 8
    endloop
  endfacet
  facet normal 0 0 1
    outer loop
      vertex 16.9996 -23.8689 8
      vertex 25.8292 -2.78762 8
      vertex 25.6944 -2.70228 8
    endloop
  endfacet
  facet normal 0 0 1
    outer loop
      vertex 16.9996 -23.8689 8
      vertex 25.6944 -2.70228 8
      vertex 25.564 -2.61042 8
    endloop
  endfacet
  facet normal 0 0 1
    outer loop
      vertex 16.9996 -23.8689 8
      vertex 25.564 -2.61042 8
      vertex 25.4382 -2.51228 8
    endloop
  endfacet
  facet normal 0 0 1
    outer loop
      vertex 16.9996 -23.8689 8
      vertex 25.4382 -2.51228 8
      vertex 25.3174 -2.40809 8
    endloop
  endfacet
  facet normal 0 0 1
    outer loop
      vertex 16.9996 -23.8689 8
      vertex 25.3174 -2.40809 8
      vertex 25.2019 -2.2981 8
    endloop
  endfacet
  facet normal 0 0 1
    outer loop
      vertex 16.9996 -23.8689 8
      vertex 25.2019 -2.2981 8
      vertex 25.0919 -2.18257 8
    endloop
  endfacet
  facet normal 0 0 1
    outer loop
      vertex 16.9996 -23.8689 8
      vertex 25.0919 -2.18257 8
      vertex 24.9877 -2.06178 8
    endloop
  endfacet
  facet normal 0 0 1
    outer loop
      vertex 16.9996 -23.8689 8
      vertex 24.9877 -2.06178 8
      vertex 24.8896 -1.93602 8
    endloop
  endfacet
  facet normal 0 0 1
    outer loop
      vertex 16.9996 -23.8689 8
      vertex 24.8896 -1.93602 8
      vertex 24.7977 -1.8056 8
    endloop
  endfacet
  facet normal 0 0 1
    outer loop
      vertex 16.9996 -23.8689 8
      vertex 24.7977 -1.8056 8
      vertex 24.7124 -1.67083 8
    endloop
  endfacet
  facet normal 0 0 1
    outer loop
      vertex 16.9996 -23.8689 8
      vertex 24.7124 -1.67083 8
      vertex 24.6338 -1.53204 8
    endloop
  endfacet
  facet normal 0 0 1
    outer loop
      vertex 16.9996 -23.8689 8
      vertex 24.6338 -1.53204 8
      vertex 24.562 -1.38955 8
    endloop
  endfacet
  facet normal 0 0 1
    outer loop
      vertex 16.9996 -23.8689 8
      vertex 24.562 -1.38955 8
      vertex 24.4974 -1.24372 8
    endloop
  endfacet
  facet normal 0 0 1
    outer loop
      vertex 16.9996 -23.8689 8
      vertex 24.4974 -1.24372 8
      vertex 24.44 -1.09489 8
    endloop
  endfacet
  facet normal 0 0 1
    outer loop
      vertex 16.9996 -23.8689 8
      vertex 24.44 -1.09489 8
      vertex 24.3899 -0.943425 8
    endloop
  endfacet
  facet normal 0 0 1
    outer loop
      vertex 16.9996 -23.8689 8
      vertex 24.3899 -0.943425 8
      vertex 24.3474 -0.789685 8
    endloop
  endfacet
  facet normal 0 0 1
    outer loop
      vertex 16.9996 -23.8689 8
      vertex 24.3474 -0.789685 8
      vertex 24.3124 -0.634043 8
    endloop
  endfacet
  facet normal 0 0 1
    outer loop
      vertex 54.8706 -102.656 8
      vertex 23.3882 -52.5096 8
      vertex 52.9099 -103.643 8
    endloop
  endfacet
  facet normal -0 0 1
    outer loop
      vertex 16.8893 -24.6569 8
      vertex 42.6047 -38.6146 8
      vertex 16.9268 -24.5018 8
    endloop
  endfacet
  facet normal 0 0 1
    outer loop
      vertex 16.9996 -23.8689 8
      vertex 24.3124 -0.634043 8
      vertex 24.2852 -0.476873 8
    endloop
  endfacet
  facet normal 0 0 1
    outer loop
      vertex 24.2539 -0.15947 8
      vertex 16.9996 -23.8689 8
      vertex 24.2656 -0.318555 8
    endloop
  endfacet
  facet normal 0 0 1
    outer loop
      vertex 24.25 0 8
      vertex 16.9996 -23.8689 8
      vertex 24.2539 -0.15947 8
    endloop
  endfacet
  facet normal -0 0 1
    outer loop
      vertex 15.3287 20.9749 8
      vertex 25.8292 2.78762 8
      vertex 15.4662 21.0558 8
    endloop
  endfacet
  facet normal -0 0 1
    outer loop
      vertex 15.4662 21.0558 8
      vertex 25.968 2.86624 8
      vertex 15.5996 21.1433 8
    endloop
  endfacet
  facet normal 0 0 1
    outer loop
      vertex 14.488 26.9808 8
      vertex 23.3882 52.5096 8
      vertex 22.0043 53.1231 8
    endloop
  endfacet
  facet normal 0 0 1
    outer loop
      vertex 24.2656 -0.318555 8
      vertex 16.9996 -23.8689 8
      vertex 24.2852 -0.476873 8
    endloop
  endfacet
  facet normal 0 0 1
    outer loop
      vertex 14.1742 27.0379 8
      vertex 22.0043 53.1231 8
      vertex 19.3712 54.1388 8
    endloop
  endfacet
  facet normal -0 0 1
    outer loop
      vertex 16.8442 -24.8099 8
      vertex 42.6047 -38.6146 8
      vertex 16.8893 -24.6569 8
    endloop
  endfacet
  facet normal 0 0 1
    outer loop
      vertex 42.6047 -38.6146 8
      vertex 16.8442 -24.8099 8
      vertex 40.6586 -40.6586 8
    endloop
  endfacet
  facet normal 0 0 1
    outer loop
      vertex 25.968 2.86624 8
      vertex 15.4662 21.0558 8
      vertex 25.8292 2.78762 8
    endloop
  endfacet
  facet normal 0 0 1
    outer loop
      vertex 23.3882 52.5096 8
      vertex 16.9787 24.1871 8
      vertex 16.993 24.0283 8
    endloop
  endfacet
  facet normal 0 0 1
    outer loop
      vertex 23.3882 52.5096 8
      vertex 16.9566 24.3451 8
      vertex 16.9787 24.1871 8
    endloop
  endfacet
  facet normal 0 0 1
    outer loop
      vertex 23.3882 52.5096 8
      vertex 16.9268 24.5018 8
      vertex 16.9566 24.3451 8
    endloop
  endfacet
  facet normal 0 0 1
    outer loop
      vertex 23.3882 52.5096 8
      vertex 16.8893 24.6569 8
      vertex 16.9268 24.5018 8
    endloop
  endfacet
  facet normal 0 0 1
    outer loop
      vertex 23.3882 52.5096 8
      vertex 16.8442 24.8099 8
      vertex 16.8893 24.6569 8
    endloop
  endfacet
  facet normal 0 0 1
    outer loop
      vertex 23.3882 52.5096 8
      vertex 16.7917 24.9605 8
      vertex 16.8442 24.8099 8
    endloop
  endfacet
  facet normal 0 0 1
    outer loop
      vertex 23.3882 52.5096 8
      vertex 16.7319 25.1084 8
      vertex 16.7917 24.9605 8
    endloop
  endfacet
  facet normal 0 0 1
    outer loop
      vertex 13.6968 27.0653 8
      vertex 19.3712 54.1388 8
      vertex 16.6914 55.0241 8
    endloop
  endfacet
  facet normal 0 0 1
    outer loop
      vertex 23.3882 52.5096 8
      vertex 16.6648 25.2531 8
      vertex 16.7319 25.1084 8
    endloop
  endfacet
  facet normal 0 0 1
    outer loop
      vertex 23.3882 52.5096 8
      vertex 16.5908 25.3944 8
      vertex 16.6648 25.2531 8
    endloop
  endfacet
  facet normal 0 0 1
    outer loop
      vertex 23.3882 52.5096 8
      vertex 16.5099 25.5319 8
      vertex 16.5908 25.3944 8
    endloop
  endfacet
  facet normal 0 0 1
    outer loop
      vertex 23.3882 52.5096 8
      vertex 16.4224 25.6653 8
      vertex 16.5099 25.5319 8
    endloop
  endfacet
  facet normal 0 0 1
    outer loop
      vertex 23.3882 52.5096 8
      vertex 16.3284 25.7942 8
      vertex 16.4224 25.6653 8
    endloop
  endfacet
  facet normal 0 0 1
    outer loop
      vertex 23.3882 52.5096 8
      vertex 16.2282 25.9183 8
      vertex 16.3284 25.7942 8
    endloop
  endfacet
  facet normal 0 0 1
    outer loop
      vertex 23.3882 52.5096 8
      vertex 16.1221 26.0374 8
      vertex 16.2282 25.9183 8
    endloop
  endfacet
  facet normal 0 0 1
    outer loop
      vertex 23.3882 52.5096 8
      vertex 16.0102 26.1511 8
      vertex 16.1221 26.0374 8
    endloop
  endfacet
  facet normal 0 0 1
    outer loop
      vertex 23.3882 52.5096 8
      vertex 15.8929 26.2592 8
      vertex 16.0102 26.1511 8
    endloop
  endfacet
  facet normal 0 0 1
    outer loop
      vertex 23.3882 52.5096 8
      vertex 15.7704 26.3614 8
      vertex 15.8929 26.2592 8
    endloop
  endfacet
  facet normal 0 0 1
    outer loop
      vertex 23.3882 52.5096 8
      vertex 15.6431 26.4575 8
      vertex 15.7704 26.3614 8
    endloop
  endfacet
  facet normal 0 0 1
    outer loop
      vertex 23.3882 52.5096 8
      vertex 15.5111 26.5472 8
      vertex 15.6431 26.4575 8
    endloop
  endfacet
  facet normal 0 0 1
    outer loop
      vertex 23.3882 52.5096 8
      vertex 15.375 26.6303 8
      vertex 15.5111 26.5472 8
    endloop
  endfacet
  facet normal 0 0 1
    outer loop
      vertex 23.3882 52.5096 8
      vertex 15.2349 26.7066 8
      vertex 15.375 26.6303 8
    endloop
  endfacet
  facet normal 0 0 1
    outer loop
      vertex 23.3882 52.5096 8
      vertex 15.0913 26.776 8
      vertex 15.2349 26.7066 8
    endloop
  endfacet
  facet normal 0 0 1
    outer loop
      vertex 23.3882 52.5096 8
      vertex 14.9444 26.8383 8
      vertex 15.0913 26.776 8
    endloop
  endfacet
  facet normal 0 0 1
    outer loop
      vertex 23.3882 52.5096 8
      vertex 14.7947 26.8932 8
      vertex 14.9444 26.8383 8
    endloop
  endfacet
  facet normal 0 0 1
    outer loop
      vertex 23.3882 52.5096 8
      vertex 14.6424 26.9408 8
      vertex 14.7947 26.8932 8
    endloop
  endfacet
  facet normal 0 0 1
    outer loop
      vertex 23.3882 52.5096 8
      vertex 14.488 26.9808 8
      vertex 14.6424 26.9408 8
    endloop
  endfacet
  facet normal 0 0 1
    outer loop
      vertex 22.0043 53.1231 8
      vertex 14.3318 27.0132 8
      vertex 14.488 26.9808 8
    endloop
  endfacet
  facet normal 0 0 1
    outer loop
      vertex 22.0043 53.1231 8
      vertex 14.1742 27.0379 8
      vertex 14.3318 27.0132 8
    endloop
  endfacet
  facet normal 0 0 1
    outer loop
      vertex 19.3712 54.1388 8
      vertex 14.0156 27.0548 8
      vertex 14.1742 27.0379 8
    endloop
  endfacet
  facet normal 0 0 1
    outer loop
      vertex 13.3786 27.0444 8
      vertex 16.6914 55.0241 8
      vertex 13.9714 55.7768 8
    endloop
  endfacet
  facet normal 0 0 1
    outer loop
      vertex 19.3712 54.1388 8
      vertex 13.8563 27.064 8
      vertex 14.0156 27.0548 8
    endloop
  endfacet
  facet normal 0 0 1
    outer loop
      vertex 19.3712 54.1388 8
      vertex 13.6968 27.0653 8
      vertex 13.8563 27.064 8
    endloop
  endfacet
  facet normal 0 0 1
    outer loop
      vertex 16.6914 55.0241 8
      vertex 13.5374 27.0587 8
      vertex 13.6968 27.0653 8
    endloop
  endfacet
  facet normal 0 0 1
    outer loop
      vertex 16.6914 55.0241 8
      vertex 13.3786 27.0444 8
      vertex 13.5374 27.0587 8
    endloop
  endfacet
  facet normal 0 0 1
    outer loop
      vertex 13.9714 55.7768 8
      vertex 13.2206 27.0223 8
      vertex 13.3786 27.0444 8
    endloop
  endfacet
  facet normal 0 0 1
    outer loop
      vertex 13.9714 55.7768 8
      vertex 13.0639 26.9925 8
      vertex 13.2206 27.0223 8
    endloop
  endfacet
  facet normal 0 0 1
    outer loop
      vertex 13.9714 55.7768 8
      vertex 12.9088 26.955 8
      vertex 13.0639 26.9925 8
    endloop
  endfacet
  facet normal 0 0 1
    outer loop
      vertex 11.2177 56.3952 8
      vertex 12.9088 26.955 8
      vertex 13.9714 55.7768 8
    endloop
  endfacet
  facet normal 0 0 1
    outer loop
      vertex 12.9088 26.955 8
      vertex 11.2177 56.3952 8
      vertex 12.7558 26.9099 8
    endloop
  endfacet
  facet normal 0 0 1
    outer loop
      vertex 12.7558 26.9099 8
      vertex 11.2177 56.3952 8
      vertex 12.6052 26.8574 8
    endloop
  endfacet
  facet normal 0 0 1
    outer loop
      vertex 8.437 56.8776 8
      vertex 12.6052 26.8574 8
      vertex 11.2177 56.3952 8
    endloop
  endfacet
  facet normal 0 0 1
    outer loop
      vertex 12.6052 26.8574 8
      vertex 8.437 56.8776 8
      vertex 12.4573 26.7976 8
    endloop
  endfacet
  facet normal 0 0 1
    outer loop
      vertex 12.4573 26.7976 8
      vertex 8.437 56.8776 8
      vertex 12.3126 26.7305 8
    endloop
  endfacet
  facet normal 0 0 1
    outer loop
      vertex 6 57.1782 8
      vertex 12.3126 26.7305 8
      vertex 8.437 56.8776 8
    endloop
  endfacet
  facet normal 0 0 1
    outer loop
      vertex 12.3126 26.7305 8
      vertex 6 57.1782 8
      vertex 12.1713 26.6565 8
    endloop
  endfacet
  facet normal 0 0 1
    outer loop
      vertex 12.1713 26.6565 8
      vertex 6 57.1782 8
      vertex 12.0338 26.5756 8
    endloop
  endfacet
  facet normal 0 0 1
    outer loop
      vertex 12.0338 26.5756 8
      vertex 6 57.1782 8
      vertex 11.9004 26.4881 8
    endloop
  endfacet
  facet normal 0 0 1
    outer loop
      vertex 11.9004 26.4881 8
      vertex 6 57.1782 8
      vertex 11.7715 26.3941 8
    endloop
  endfacet
  facet normal 0 0 1
    outer loop
      vertex 11.7715 26.3941 8
      vertex 6 57.1782 8
      vertex 11.6474 26.2939 8
    endloop
  endfacet
  facet normal 0 0 1
    outer loop
      vertex -11.6474 26.2939 8
      vertex 11.6474 26.2939 8
      vertex 6 57.1782 8
    endloop
  endfacet
  facet normal 0 0 1
    outer loop
      vertex 11.6474 26.2939 8
      vertex -11.6474 26.2939 8
      vertex 11.5283 26.1878 8
    endloop
  endfacet
  facet normal 0 -0 1
    outer loop
      vertex -11.5283 26.1878 8
      vertex 11.5283 26.1878 8
      vertex -11.6474 26.2939 8
    endloop
  endfacet
  facet normal 0 0 1
    outer loop
      vertex 11.5283 26.1878 8
      vertex -11.5283 26.1878 8
      vertex 11.4146 26.0759 8
    endloop
  endfacet
  facet normal 0 -0 1
    outer loop
      vertex -11.4146 26.0759 8
      vertex 11.4146 26.0759 8
      vertex -11.5283 26.1878 8
    endloop
  endfacet
  facet normal 0 0 1
    outer loop
      vertex 11.4146 26.0759 8
      vertex -11.4146 26.0759 8
      vertex 11.3065 25.9586 8
    endloop
  endfacet
  facet normal 0 -0 1
    outer loop
      vertex -11.3065 25.9586 8
      vertex 11.3065 25.9586 8
      vertex -11.4146 26.0759 8
    endloop
  endfacet
  facet normal 0 0 1
    outer loop
      vertex 11.3065 25.9586 8
      vertex -11.3065 25.9586 8
      vertex 11.2043 25.8361 8
    endloop
  endfacet
  facet normal 0 -0 1
    outer loop
      vertex -11.2043 25.8361 8
      vertex 11.2043 25.8361 8
      vertex -11.3065 25.9586 8
    endloop
  endfacet
  facet normal 0 0 1
    outer loop
      vertex 11.2043 25.8361 8
      vertex -11.2043 25.8361 8
      vertex 11.1082 25.7088 8
    endloop
  endfacet
  facet normal 0 -0 1
    outer loop
      vertex -11.1082 25.7088 8
      vertex 11.1082 25.7088 8
      vertex -11.2043 25.8361 8
    endloop
  endfacet
  facet normal 0 -0 1
    outer loop
      vertex -11.0185 25.5768 8
      vertex 11.0185 25.5768 8
      vertex -11.1082 25.7088 8
    endloop
  endfacet
  facet normal 0 0 1
    outer loop
      vertex 11.0185 25.5768 8
      vertex -11.0185 25.5768 8
      vertex 10.9354 25.4407 8
    endloop
  endfacet
  facet normal 0 -0 1
    outer loop
      vertex -10.9354 25.4407 8
      vertex 10.9354 25.4407 8
      vertex -11.0185 25.5768 8
    endloop
  endfacet
  facet normal 0 0 1
    outer loop
      vertex 10.9354 25.4407 8
      vertex -10.9354 25.4407 8
      vertex 10.8591 25.3006 8
    endloop
  endfacet
  facet normal 0 0 1
    outer loop
      vertex 12.2651 -20.9248 8
      vertex 4.62692 -7.71956 8
      vertex 12.125 -21.0011 8
    endloop
  endfacet
  facet normal 0 0 1
    outer loop
      vertex -10.5004 23.7625 8
      vertex 10.5004 23.7625 8
      vertex 10.5017 23.922 8
    endloop
  endfacet
  facet normal 0 -0 1
    outer loop
      vertex -10.8591 25.3006 8
      vertex 10.8591 25.3006 8
      vertex -10.9354 25.4407 8
    endloop
  endfacet
  facet normal 0 0 1
    outer loop
      vertex 24.2539 0.15947 8
      vertex 9 0 8
      vertex 24.25 0 8
    endloop
  endfacet
  facet normal 0 -0 1
    outer loop
      vertex 9 0 8
      vertex 24.2539 0.15947 8
      vertex 8.98916 0.441608 8
    endloop
  endfacet
  facet normal 0 0 1
    outer loop
      vertex 24.2656 0.318555 8
      vertex 8.98916 0.441608 8
      vertex 24.2539 0.15947 8
    endloop
  endfacet
  facet normal -0 -0 1
    outer loop
      vertex 8.98916 0.441608 8
      vertex 24.2656 0.318555 8
      vertex 8.95666 0.882154 8
    endloop
  endfacet
  facet normal 0 0 1
    outer loop
      vertex 24.2852 0.476873 8
      vertex 8.95666 0.882154 8
      vertex 24.2656 0.318555 8
    endloop
  endfacet
  facet normal 0 0 1
    outer loop
      vertex 24.3124 0.634043 8
      vertex 8.95666 0.882154 8
      vertex 24.2852 0.476873 8
    endloop
  endfacet
  facet normal -0 -0 1
    outer loop
      vertex 8.95666 0.882154 8
      vertex 24.3124 0.634043 8
      vertex 8.90259 1.32057 8
    endloop
  endfacet
  facet normal 0 0 1
    outer loop
      vertex 10.8591 25.3006 8
      vertex -10.8591 25.3006 8
      vertex 10.7897 25.157 8
    endloop
  endfacet
  facet normal 0 0 1
    outer loop
      vertex 24.3474 0.789685 8
      vertex 8.90259 1.32057 8
      vertex 24.3124 0.634043 8
    endloop
  endfacet
  facet normal -0 -0 1
    outer loop
      vertex 8.90259 1.32057 8
      vertex 24.3474 0.789685 8
      vertex 8.82707 1.75581 8
    endloop
  endfacet
  facet normal 0 0 1
    outer loop
      vertex 24.3899 0.943425 8
      vertex 8.82707 1.75581 8
      vertex 24.3474 0.789685 8
    endloop
  endfacet
  facet normal 0 0 1
    outer loop
      vertex 24.9877 2.06178 8
      vertex 8.1359 3.848 8
      vertex 24.8896 1.93602 8
    endloop
  endfacet
  facet normal 0 0 1
    outer loop
      vertex 14.4361 20.6389 8
      vertex 7.48323 5.00013 8
      vertex 7.71956 4.62692 8
    endloop
  endfacet
  facet normal 0 0 1
    outer loop
      vertex 14.1214 20.587 8
      vertex 7.22887 5.36129 8
      vertex 7.48323 5.00013 8
    endloop
  endfacet
  facet normal 0 0 1
    outer loop
      vertex 13.9626 20.5727 8
      vertex 6.95709 5.70954 8
      vertex 7.22887 5.36129 8
    endloop
  endfacet
  facet normal 0 0 1
    outer loop
      vertex 13.6437 20.5674 8
      vertex 6.66856 6.04403 8
      vertex 6.95709 5.70954 8
    endloop
  endfacet
  facet normal 0 0 1
    outer loop
      vertex 13.4844 20.5766 8
      vertex 6.36396 6.36396 8
      vertex 6.66856 6.04403 8
    endloop
  endfacet
  facet normal 0 0 1
    outer loop
      vertex 13.1682 20.6182 8
      vertex 6.04403 6.66856 8
      vertex 6.36396 6.36396 8
    endloop
  endfacet
  facet normal 0 -0 1
    outer loop
      vertex -10.7897 25.157 8
      vertex 10.7897 25.157 8
      vertex -10.8591 25.3006 8
    endloop
  endfacet
  facet normal 0 0 1
    outer loop
      vertex 0 116.4 8
      vertex 6 57.1782 8
      vertex 5.71148 116.26 8
    endloop
  endfacet
  facet normal 0 0 1
    outer loop
      vertex -11.6474 26.2939 8
      vertex 6 57.1782 8
      vertex -6 57.1782 8
    endloop
  endfacet
  facet normal 0 0 1
    outer loop
      vertex 13.012 20.6506 8
      vertex 5.70954 6.95709 8
      vertex 6.04403 6.66856 8
    endloop
  endfacet
  facet normal 0 0 1
    outer loop
      vertex 12.7053 20.7382 8
      vertex 5.36129 7.22887 8
      vertex 5.70954 6.95709 8
    endloop
  endfacet
  facet normal 0 0 1
    outer loop
      vertex 12.5556 20.7931 8
      vertex 5.00013 7.48323 8
      vertex 5.36129 7.22887 8
    endloop
  endfacet
  facet normal 0 0 1
    outer loop
      vertex 12.2651 20.9248 8
      vertex 4.62692 7.71956 8
      vertex 5.00013 7.48323 8
    endloop
  endfacet
  facet normal 0 0 1
    outer loop
      vertex 12.125 21.0011 8
      vertex 4.24257 7.93729 8
      vertex 4.62692 7.71956 8
    endloop
  endfacet
  facet normal 0 -0 1
    outer loop
      vertex -10.5525 24.3975 8
      vertex 10.5525 24.3975 8
      vertex -10.5849 24.5537 8
    endloop
  endfacet
  facet normal 0 0 1
    outer loop
      vertex 10.5525 24.3975 8
      vertex -10.5525 24.3975 8
      vertex 10.5278 24.2399 8
    endloop
  endfacet
  facet normal 0 0 1
    outer loop
      vertex 11.8569 21.1739 8
      vertex 3.848 8.1359 8
      vertex 4.24257 7.93729 8
    endloop
  endfacet
  facet normal 0 -0 1
    outer loop
      vertex -10.5278 24.2399 8
      vertex 10.5278 24.2399 8
      vertex -10.5525 24.3975 8
    endloop
  endfacet
  facet normal 0 0 1
    outer loop
      vertex 11.7296 21.27 8
      vertex 3.44415 8.31492 8
      vertex 3.848 8.1359 8
    endloop
  endfacet
  facet normal 0 0 1
    outer loop
      vertex 11.4898 21.4803 8
      vertex 3.03201 8.4739 8
      vertex 3.44415 8.31492 8
    endloop
  endfacet
  facet normal 0 -0 1
    outer loop
      vertex -10.5109 24.0813 8
      vertex 10.5109 24.0813 8
      vertex -10.5278 24.2399 8
    endloop
  endfacet
  facet normal 0 0 1
    outer loop
      vertex 11.3779 21.594 8
      vertex 2.61256 8.61246 8
      vertex 3.03201 8.4739 8
    endloop
  endfacet
  facet normal 0 0 1
    outer loop
      vertex 6 57.1782 8
      vertex 0 116.4 8
      vertex -6 57.1782 8
    endloop
  endfacet
  facet normal 0 0 1
    outer loop
      vertex 10.5109 24.0813 8
      vertex -10.5109 24.0813 8
      vertex 10.5017 23.922 8
    endloop
  endfacet
  facet normal 0 -0 1
    outer loop
      vertex -10.5017 23.922 8
      vertex 10.5017 23.922 8
      vertex -10.5109 24.0813 8
    endloop
  endfacet
  facet normal 0 0 1
    outer loop
      vertex 11.1716 21.8372 8
      vertex 2.18682 8.73028 8
      vertex 2.61256 8.61246 8
    endloop
  endfacet
  facet normal 0 -0 1
    outer loop
      vertex -10.5004 23.7625 8
      vertex 10.5017 23.922 8
      vertex -10.5017 23.922 8
    endloop
  endfacet
  facet normal 0 0 1
    outer loop
      vertex -10.507 23.6031 8
      vertex 10.5004 23.7625 8
      vertex -10.5004 23.7625 8
    endloop
  endfacet
  facet normal 0 0 1
    outer loop
      vertex 10.9092 22.237 8
      vertex 1.32057 8.90259 8
      vertex 1.75581 8.82707 8
    endloop
  endfacet
  facet normal 0 0 1
    outer loop
      vertex 10.8352 22.3783 8
      vertex 0.882154 8.95666 8
      vertex 1.32057 8.90259 8
    endloop
  endfacet
  facet normal 0 0 1
    outer loop
      vertex 10.7083 22.6709 8
      vertex 0.441608 8.98916 8
      vertex 0.882154 8.95666 8
    endloop
  endfacet
  facet normal 0 0 1
    outer loop
      vertex 10.507 23.6031 8
      vertex -10.507 23.6031 8
      vertex -10.5213 23.4443 8
    endloop
  endfacet
  facet normal 0 0 1
    outer loop
      vertex 10.5213 23.4443 8
      vertex -10.5213 23.4443 8
      vertex -10.5434 23.2863 8
    endloop
  endfacet
  facet normal 0 0 1
    outer loop
      vertex 10.5434 23.2863 8
      vertex -10.5434 23.2863 8
      vertex -10.5732 23.1296 8
    endloop
  endfacet
  facet normal 0 0 1
    outer loop
      vertex 10.6107 22.9745 8
      vertex -10.6107 22.9745 8
      vertex 0 9 8
    endloop
  endfacet
  facet normal -0 0 1
    outer loop
      vertex -10.6558 22.8215 8
      vertex 0 9 8
      vertex -10.6107 22.9745 8
    endloop
  endfacet
  facet normal 0 0 1
    outer loop
      vertex 0 9 8
      vertex -10.6558 22.8215 8
      vertex -0.441608 8.98916 8
    endloop
  endfacet
  facet normal 0 0 1
    outer loop
      vertex -0.441608 8.98916 8
      vertex -10.7083 22.6709 8
      vertex -0.882154 8.95666 8
    endloop
  endfacet
  facet normal 0 0 1
    outer loop
      vertex -6 57.1782 8
      vertex 0 116.4 8
      vertex -5.71148 116.26 8
    endloop
  endfacet
  facet normal 0 0 1
    outer loop
      vertex -6 57.1782 8
      vertex -5.71148 116.26 8
      vertex -6 116.239 8
    endloop
  endfacet
  facet normal -0 0 1
    outer loop
      vertex -10.7681 22.523 8
      vertex -0.882154 8.95666 8
      vertex -10.7083 22.6709 8
    endloop
  endfacet
  facet normal -0 0 1
    outer loop
      vertex -10.8352 22.3783 8
      vertex -0.882154 8.95666 8
      vertex -10.7681 22.523 8
    endloop
  endfacet
  facet normal -0 0 1
    outer loop
      vertex -10.9092 22.237 8
      vertex -1.32057 8.90259 8
      vertex -10.8352 22.3783 8
    endloop
  endfacet
  facet normal 0 0 1
    outer loop
      vertex -1.32057 8.90259 8
      vertex -10.9092 22.237 8
      vertex -1.75581 8.82707 8
    endloop
  endfacet
  facet normal -0 0 1
    outer loop
      vertex -10.9901 22.0995 8
      vertex -1.75581 8.82707 8
      vertex -10.9092 22.237 8
    endloop
  endfacet
  facet normal -0 0 1
    outer loop
      vertex -11.0776 21.9661 8
      vertex -1.75581 8.82707 8
      vertex -10.9901 22.0995 8
    endloop
  endfacet
  facet normal -0 0 1
    outer loop
      vertex -11.1716 21.8372 8
      vertex -2.18682 8.73028 8
      vertex -11.0776 21.9661 8
    endloop
  endfacet
  facet normal 0 0 1
    outer loop
      vertex -2.18682 8.73028 8
      vertex -11.1716 21.8372 8
      vertex -2.61256 8.61246 8
    endloop
  endfacet
  facet normal -0 0 1
    outer loop
      vertex -11.2718 21.7131 8
      vertex -2.61256 8.61246 8
      vertex -11.1716 21.8372 8
    endloop
  endfacet
  facet normal -0 0 1
    outer loop
      vertex -11.3779 21.594 8
      vertex -2.61256 8.61246 8
      vertex -11.2718 21.7131 8
    endloop
  endfacet
  facet normal 0 0 1
    outer loop
      vertex -2.61256 8.61246 8
      vertex -11.3779 21.594 8
      vertex -3.03201 8.4739 8
    endloop
  endfacet
  facet normal 0 0 1
    outer loop
      vertex -12.3126 26.7305 8
      vertex -6 57.1782 8
      vertex -8.437 56.8776 8
    endloop
  endfacet
  facet normal -0 0 1
    outer loop
      vertex -11.4898 21.4803 8
      vertex -3.03201 8.4739 8
      vertex -11.3779 21.594 8
    endloop
  endfacet
  facet normal 0 0 1
    outer loop
      vertex -3.03201 8.4739 8
      vertex -11.4898 21.4803 8
      vertex -3.44415 8.31492 8
    endloop
  endfacet
  facet normal -0 0 1
    outer loop
      vertex -11.6071 21.3722 8
      vertex -3.44415 8.31492 8
      vertex -11.4898 21.4803 8
    endloop
  endfacet
  facet normal -0 0 1
    outer loop
      vertex -11.7296 21.27 8
      vertex -3.44415 8.31492 8
      vertex -11.6071 21.3722 8
    endloop
  endfacet
  facet normal 0 0 1
    outer loop
      vertex -3.44415 8.31492 8
      vertex -11.7296 21.27 8
      vertex -3.848 8.1359 8
    endloop
  endfacet
  facet normal 0 0 1
    outer loop
      vertex -3.848 8.1359 8
      vertex -11.8569 21.1739 8
      vertex -4.24257 7.93729 8
    endloop
  endfacet
  facet normal -0 0 1
    outer loop
      vertex -11.9889 21.0842 8
      vertex -4.24257 7.93729 8
      vertex -11.8569 21.1739 8
    endloop
  endfacet
  facet normal -0 0 1
    outer loop
      vertex -12.125 21.0011 8
      vertex -4.24257 7.93729 8
      vertex -11.9889 21.0842 8
    endloop
  endfacet
  facet normal 0 0 1
    outer loop
      vertex -4.24257 7.93729 8
      vertex -12.125 21.0011 8
      vertex -4.62692 7.71956 8
    endloop
  endfacet
  facet normal -0 0 1
    outer loop
      vertex -11.8569 21.1739 8
      vertex -3.848 8.1359 8
      vertex -11.7296 21.27 8
    endloop
  endfacet
  facet normal 0 0 1
    outer loop
      vertex -1.75581 8.82707 8
      vertex -11.0776 21.9661 8
      vertex -2.18682 8.73028 8
    endloop
  endfacet
  facet normal 0 0 1
    outer loop
      vertex -0.882154 8.95666 8
      vertex -10.8352 22.3783 8
      vertex -1.32057 8.90259 8
    endloop
  endfacet
  facet normal -0 0 1
    outer loop
      vertex -10.7083 22.6709 8
      vertex -0.441608 8.98916 8
      vertex -10.6558 22.8215 8
    endloop
  endfacet
  facet normal 0 0 1
    outer loop
      vertex 10.5732 23.1296 8
      vertex -10.5732 23.1296 8
      vertex -10.6107 22.9745 8
    endloop
  endfacet
  facet normal 0 0 1
    outer loop
      vertex 10.6558 22.8215 8
      vertex 0 9 8
      vertex 0.441608 8.98916 8
    endloop
  endfacet
  facet normal 0 0 1
    outer loop
      vertex 11.0776 21.9661 8
      vertex 1.75581 8.82707 8
      vertex 2.18682 8.73028 8
    endloop
  endfacet
  facet normal 0 0 1
    outer loop
      vertex 10.5278 24.2399 8
      vertex -10.5278 24.2399 8
      vertex 10.5109 24.0813 8
    endloop
  endfacet
  facet normal 0 0 1
    outer loop
      vertex 10.5849 24.5537 8
      vertex -10.5849 24.5537 8
      vertex 10.5525 24.3975 8
    endloop
  endfacet
  facet normal 0 -0 1
    outer loop
      vertex -10.5849 24.5537 8
      vertex 10.5849 24.5537 8
      vertex -10.6249 24.7081 8
    endloop
  endfacet
  facet normal 0 0 1
    outer loop
      vertex 10.6249 24.7081 8
      vertex -10.6249 24.7081 8
      vertex 10.5849 24.5537 8
    endloop
  endfacet
  facet normal 0 -0 1
    outer loop
      vertex -10.6249 24.7081 8
      vertex 10.6249 24.7081 8
      vertex -10.6725 24.8604 8
    endloop
  endfacet
  facet normal 0 0 1
    outer loop
      vertex 10.6725 24.8604 8
      vertex -10.6725 24.8604 8
      vertex 10.6249 24.7081 8
    endloop
  endfacet
  facet normal 0 -0 1
    outer loop
      vertex -10.6725 24.8604 8
      vertex 10.6725 24.8604 8
      vertex -10.7274 25.0101 8
    endloop
  endfacet
  facet normal 0 0 1
    outer loop
      vertex -12.6052 26.8574 8
      vertex -8.437 56.8776 8
      vertex -11.2177 56.3952 8
    endloop
  endfacet
  facet normal 0 0 1
    outer loop
      vertex 10.7274 25.0101 8
      vertex -10.7274 25.0101 8
      vertex 10.6725 24.8604 8
    endloop
  endfacet
  facet normal 0 -0 1
    outer loop
      vertex -10.7274 25.0101 8
      vertex 10.7274 25.0101 8
      vertex -10.7897 25.157 8
    endloop
  endfacet
  facet normal 0 0 1
    outer loop
      vertex 10.7897 25.157 8
      vertex -10.7897 25.157 8
      vertex 10.7274 25.0101 8
    endloop
  endfacet
  facet normal 0 0 1
    outer loop
      vertex 11.1082 25.7088 8
      vertex -11.1082 25.7088 8
      vertex 11.0185 25.5768 8
    endloop
  endfacet
  facet normal 0 0 1
    outer loop
      vertex -6 57.1782 8
      vertex -11.7715 26.3941 8
      vertex -11.6474 26.2939 8
    endloop
  endfacet
  facet normal 0 0 1
    outer loop
      vertex -6 57.1782 8
      vertex -11.9004 26.4881 8
      vertex -11.7715 26.3941 8
    endloop
  endfacet
  facet normal 0 0 1
    outer loop
      vertex -6 57.1782 8
      vertex -12.0338 26.5756 8
      vertex -11.9004 26.4881 8
    endloop
  endfacet
  facet normal 0 0 1
    outer loop
      vertex -6 57.1782 8
      vertex -12.1713 26.6565 8
      vertex -12.0338 26.5756 8
    endloop
  endfacet
  facet normal 0 0 1
    outer loop
      vertex -6 57.1782 8
      vertex -12.3126 26.7305 8
      vertex -12.1713 26.6565 8
    endloop
  endfacet
  facet normal 0 0 1
    outer loop
      vertex -8.437 56.8776 8
      vertex -12.4573 26.7976 8
      vertex -12.3126 26.7305 8
    endloop
  endfacet
  facet normal 0 0 1
    outer loop
      vertex -8.437 56.8776 8
      vertex -12.6052 26.8574 8
      vertex -12.4573 26.7976 8
    endloop
  endfacet
  facet normal 0 0 1
    outer loop
      vertex -11.2177 56.3952 8
      vertex -12.7558 26.9099 8
      vertex -12.6052 26.8574 8
    endloop
  endfacet
  facet normal 0 0 1
    outer loop
      vertex -11.2177 56.3952 8
      vertex -12.9088 26.955 8
      vertex -12.7558 26.9099 8
    endloop
  endfacet
  facet normal 0 0 1
    outer loop
      vertex -11.2177 56.3952 8
      vertex -13.0639 26.9925 8
      vertex -12.9088 26.955 8
    endloop
  endfacet
  facet normal -0 0 1
    outer loop
      vertex -13.9714 55.7768 8
      vertex -13.0639 26.9925 8
      vertex -11.2177 56.3952 8
    endloop
  endfacet
  facet normal 0 0 1
    outer loop
      vertex -13.0639 26.9925 8
      vertex -13.9714 55.7768 8
      vertex -13.2206 27.0223 8
    endloop
  endfacet
  facet normal 0 0 1
    outer loop
      vertex -13.2206 27.0223 8
      vertex -13.9714 55.7768 8
      vertex -13.3786 27.0444 8
    endloop
  endfacet
  facet normal -0 0 1
    outer loop
      vertex -16.6914 55.0241 8
      vertex -13.3786 27.0444 8
      vertex -13.9714 55.7768 8
    endloop
  endfacet
  facet normal 0 0 1
    outer loop
      vertex -13.3786 27.0444 8
      vertex -16.6914 55.0241 8
      vertex -13.5374 27.0587 8
    endloop
  endfacet
  facet normal 0 0 1
    outer loop
      vertex -13.5374 27.0587 8
      vertex -16.6914 55.0241 8
      vertex -13.6968 27.0653 8
    endloop
  endfacet
  facet normal -0 0 1
    outer loop
      vertex -19.3712 54.1388 8
      vertex -13.6968 27.0653 8
      vertex -16.6914 55.0241 8
    endloop
  endfacet
  facet normal 0 0 1
    outer loop
      vertex -13.6968 27.0653 8
      vertex -19.3712 54.1388 8
      vertex -13.8563 27.064 8
    endloop
  endfacet
  facet normal 0 0 1
    outer loop
      vertex -13.8563 27.064 8
      vertex -19.3712 54.1388 8
      vertex -14.0156 27.0548 8
    endloop
  endfacet
  facet normal 0 0 1
    outer loop
      vertex -14.0156 27.0548 8
      vertex -19.3712 54.1388 8
      vertex -14.1742 27.0379 8
    endloop
  endfacet
  facet normal 0 0 1
    outer loop
      vertex -14.1742 27.0379 8
      vertex -19.3712 54.1388 8
      vertex -14.3318 27.0132 8
    endloop
  endfacet
  facet normal 0 0 1
    outer loop
      vertex -14.3318 27.0132 8
      vertex -19.3712 54.1388 8
      vertex -14.488 26.9808 8
    endloop
  endfacet
  facet normal 0 0 1
    outer loop
      vertex -14.488 26.9808 8
      vertex -19.3712 54.1388 8
      vertex -14.6424 26.9408 8
    endloop
  endfacet
  facet normal 0 0 1
    outer loop
      vertex -14.6424 26.9408 8
      vertex -19.3712 54.1388 8
      vertex -14.7947 26.8932 8
    endloop
  endfacet
  facet normal 0 0 1
    outer loop
      vertex -14.7947 26.8932 8
      vertex -19.3712 54.1388 8
      vertex -14.9444 26.8383 8
    endloop
  endfacet
  facet normal 0 0 1
    outer loop
      vertex -14.9444 26.8383 8
      vertex -19.3712 54.1388 8
      vertex -15.0913 26.776 8
    endloop
  endfacet
  facet normal 0 0 1
    outer loop
      vertex -15.0913 26.776 8
      vertex -19.3712 54.1388 8
      vertex -15.2349 26.7066 8
    endloop
  endfacet
  facet normal 0 0 1
    outer loop
      vertex -15.2349 26.7066 8
      vertex -19.3712 54.1388 8
      vertex -15.375 26.6303 8
    endloop
  endfacet
  facet normal 0 0 1
    outer loop
      vertex -15.375 26.6303 8
      vertex -19.3712 54.1388 8
      vertex -15.5111 26.5472 8
    endloop
  endfacet
  facet normal 0 0 1
    outer loop
      vertex -15.5111 26.5472 8
      vertex -19.3712 54.1388 8
      vertex -15.6431 26.4575 8
    endloop
  endfacet
  facet normal 0 0 1
    outer loop
      vertex -15.6431 26.4575 8
      vertex -19.3712 54.1388 8
      vertex -15.7704 26.3614 8
    endloop
  endfacet
  facet normal 0 0 1
    outer loop
      vertex -15.7704 26.3614 8
      vertex -19.3712 54.1388 8
      vertex -15.8929 26.2592 8
    endloop
  endfacet
  facet normal 0 0 1
    outer loop
      vertex -15.8929 26.2592 8
      vertex -19.3712 54.1388 8
      vertex -16.0102 26.1511 8
    endloop
  endfacet
  facet normal 0 0 1
    outer loop
      vertex -16.0102 26.1511 8
      vertex -19.3712 54.1388 8
      vertex -16.1221 26.0374 8
    endloop
  endfacet
  facet normal 0 0 1
    outer loop
      vertex -16.1221 26.0374 8
      vertex -19.3712 54.1388 8
      vertex -16.2282 25.9183 8
    endloop
  endfacet
  facet normal 0 0 1
    outer loop
      vertex -16.2282 25.9183 8
      vertex -19.3712 54.1388 8
      vertex -16.3284 25.7942 8
    endloop
  endfacet
  facet normal 0 0 1
    outer loop
      vertex -16.3284 25.7942 8
      vertex -19.3712 54.1388 8
      vertex -16.4224 25.6653 8
    endloop
  endfacet
  facet normal 0 0 1
    outer loop
      vertex -16.4224 25.6653 8
      vertex -19.3712 54.1388 8
      vertex -16.5099 25.5319 8
    endloop
  endfacet
  facet normal 0 0 1
    outer loop
      vertex -16.5099 25.5319 8
      vertex -19.3712 54.1388 8
      vertex -16.5908 25.3944 8
    endloop
  endfacet
  facet normal 0 0 1
    outer loop
      vertex -16.5908 25.3944 8
      vertex -19.3712 54.1388 8
      vertex -16.6648 25.2531 8
    endloop
  endfacet
  facet normal 0 0 1
    outer loop
      vertex -16.6648 25.2531 8
      vertex -19.3712 54.1388 8
      vertex -16.7319 25.1084 8
    endloop
  endfacet
  facet normal 0 0 1
    outer loop
      vertex -16.7319 25.1084 8
      vertex -19.3712 54.1388 8
      vertex -16.7917 24.9605 8
    endloop
  endfacet
  facet normal 0 0 1
    outer loop
      vertex -16.7917 24.9605 8
      vertex -19.3712 54.1388 8
      vertex -16.8442 24.8099 8
    endloop
  endfacet
  facet normal 0 0 1
    outer loop
      vertex -16.8442 24.8099 8
      vertex -19.3712 54.1388 8
      vertex -16.8893 24.6569 8
    endloop
  endfacet
  facet normal 0 0 1
    outer loop
      vertex -16.8893 24.6569 8
      vertex -19.3712 54.1388 8
      vertex -16.9268 24.5018 8
    endloop
  endfacet
  facet normal 0 0 1
    outer loop
      vertex -16.9268 24.5018 8
      vertex -19.3712 54.1388 8
      vertex -16.9566 24.3451 8
    endloop
  endfacet
  facet normal 0 0 1
    outer loop
      vertex -16.9566 24.3451 8
      vertex -19.3712 54.1388 8
      vertex -16.9787 24.1871 8
    endloop
  endfacet
  facet normal 0 0 1
    outer loop
      vertex -24.2852 0.476873 8
      vertex -16.9787 24.1871 8
      vertex -19.3712 54.1388 8
    endloop
  endfacet
  facet normal 0 0 1
    outer loop
      vertex -15.0427 -20.8338 8
      vertex -25.564 -2.61042 8
      vertex -15.1874 -20.9009 8
    endloop
  endfacet
  facet normal 0 0 1
    outer loop
      vertex -16.9787 24.1871 8
      vertex -24.2852 0.476873 8
      vertex -16.993 24.0283 8
    endloop
  endfacet
  facet normal -0 0 -1
    outer loop
      vertex 6 -116.239 -8
      vertex 5.71148 -116.26 -8
      vertex 6 -57.1782 -8
    endloop
  endfacet
  facet normal -0 0 -1
    outer loop
      vertex 25.8292 -2.78762 -8
      vertex 15.3287 -20.9749 -8
      vertex 25.6944 -2.70228 -8
    endloop
  endfacet
  facet normal 0 0 -1
    outer loop
      vertex 24.25 0 -8
      vertex 16.9983 23.7094 -8
      vertex 16.9996 23.8689 -8
    endloop
  endfacet
  facet normal 0 0 -1
    outer loop
      vertex 15.1874 -20.9009 -8
      vertex 25.6944 -2.70228 -8
      vertex 15.3287 -20.9749 -8
    endloop
  endfacet
  facet normal 0 0 -1
    outer loop
      vertex 24.25 0 -8
      vertex 16.9891 23.5501 -8
      vertex 16.9983 23.7094 -8
    endloop
  endfacet
  facet normal -0 0 -1
    outer loop
      vertex 25.6944 -2.70228 -8
      vertex 15.1874 -20.9009 -8
      vertex 25.564 -2.61042 -8
    endloop
  endfacet
  facet normal 0 0 -1
    outer loop
      vertex 24.25 0 -8
      vertex 16.9722 23.3915 -8
      vertex 16.9891 23.5501 -8
    endloop
  endfacet
  facet normal 0 0 -1
    outer loop
      vertex 15.0427 -20.8338 -8
      vertex 25.564 -2.61042 -8
      vertex 15.1874 -20.9009 -8
    endloop
  endfacet
  facet normal 0 0 -1
    outer loop
      vertex 24.25 0 -8
      vertex 16.9475 23.2339 -8
      vertex 16.9722 23.3915 -8
    endloop
  endfacet
  facet normal -0 0 -1
    outer loop
      vertex 25.564 -2.61042 -8
      vertex 15.0427 -20.8338 -8
      vertex 25.4382 -2.51228 -8
    endloop
  endfacet
  facet normal 0 0 -1
    outer loop
      vertex 24.25 0 -8
      vertex 16.9151 23.0777 -8
      vertex 16.9475 23.2339 -8
    endloop
  endfacet
  facet normal 0 0 -1
    outer loop
      vertex 14.8948 -20.774 -8
      vertex 25.4382 -2.51228 -8
      vertex 15.0427 -20.8338 -8
    endloop
  endfacet
  facet normal 0 0 -1
    outer loop
      vertex 24.25 0 -8
      vertex 16.8751 22.9233 -8
      vertex 16.9151 23.0777 -8
    endloop
  endfacet
  facet normal -0 0 -1
    outer loop
      vertex 25.4382 -2.51228 -8
      vertex 14.8948 -20.774 -8
      vertex 25.3174 -2.40809 -8
    endloop
  endfacet
  facet normal 0 0 -1
    outer loop
      vertex 24.25 0 -8
      vertex 16.8275 22.771 -8
      vertex 16.8751 22.9233 -8
    endloop
  endfacet
  facet normal 0 0 -1
    outer loop
      vertex 14.7442 -20.7215 -8
      vertex 25.3174 -2.40809 -8
      vertex 14.8948 -20.774 -8
    endloop
  endfacet
  facet normal 0 0 -1
    outer loop
      vertex 24.25 0 -8
      vertex 16.7726 22.6213 -8
      vertex 16.8275 22.771 -8
    endloop
  endfacet
  facet normal -0 0 -1
    outer loop
      vertex 25.3174 -2.40809 -8
      vertex 14.7442 -20.7215 -8
      vertex 25.2019 -2.2981 -8
    endloop
  endfacet
  facet normal 0 0 -1
    outer loop
      vertex 24.25 0 -8
      vertex 16.7103 22.4744 -8
      vertex 16.7726 22.6213 -8
    endloop
  endfacet
  facet normal 0 0 -1
    outer loop
      vertex 14.5912 -20.6764 -8
      vertex 25.2019 -2.2981 -8
      vertex 14.7442 -20.7215 -8
    endloop
  endfacet
  facet normal 0 0 -1
    outer loop
      vertex 24.25 0 -8
      vertex 16.6409 22.3308 -8
      vertex 16.7103 22.4744 -8
    endloop
  endfacet
  facet normal 0 0 -1
    outer loop
      vertex 7.71956 -4.62692 -8
      vertex 25.2019 -2.2981 -8
      vertex 14.5912 -20.6764 -8
    endloop
  endfacet
  facet normal 0 0 -1
    outer loop
      vertex 24.25 0 -8
      vertex 16.5646 22.1907 -8
      vertex 16.6409 22.3308 -8
    endloop
  endfacet
  facet normal -0 0 -1
    outer loop
      vertex 25.2019 -2.2981 -8
      vertex 7.71956 -4.62692 -8
      vertex 25.0919 -2.18257 -8
    endloop
  endfacet
  facet normal 0 0 -1
    outer loop
      vertex 24.25 0 -8
      vertex 16.4815 22.0546 -8
      vertex 16.5646 22.1907 -8
    endloop
  endfacet
  facet normal 0 -0 -1
    outer loop
      vertex 7.93729 -4.24257 -8
      vertex 25.0919 -2.18257 -8
      vertex 7.71956 -4.62692 -8
    endloop
  endfacet
  facet normal 0 0 -1
    outer loop
      vertex 24.25 0 -8
      vertex 16.3918 21.9226 -8
      vertex 16.4815 22.0546 -8
    endloop
  endfacet
  facet normal -0 0 -1
    outer loop
      vertex 25.0919 -2.18257 -8
      vertex 7.93729 -4.24257 -8
      vertex 24.9877 -2.06178 -8
    endloop
  endfacet
  facet normal 0 0 -1
    outer loop
      vertex 24.25 0 -8
      vertex 16.2957 21.7953 -8
      vertex 16.3918 21.9226 -8
    endloop
  endfacet
  facet normal 0 -0 -1
    outer loop
      vertex 8.1359 -3.848 -8
      vertex 24.9877 -2.06178 -8
      vertex 7.93729 -4.24257 -8
    endloop
  endfacet
  facet normal 0 0 -1
    outer loop
      vertex 8.98916 0.441608 -8
      vertex 24.25 0 -8
      vertex 9 0 -8
    endloop
  endfacet
  facet normal 0 -0 -1
    outer loop
      vertex 8.31492 -3.44415 -8
      vertex 24.8896 -1.93602 -8
      vertex 8.1359 -3.848 -8
    endloop
  endfacet
  facet normal 0 0 -1
    outer loop
      vertex 8.95666 0.882154 -8
      vertex 24.25 0 -8
      vertex 8.98916 0.441608 -8
    endloop
  endfacet
  facet normal -0 0 -1
    outer loop
      vertex 24.8896 -1.93602 -8
      vertex 8.31492 -3.44415 -8
      vertex 24.7977 -1.8056 -8
    endloop
  endfacet
  facet normal 0 0 -1
    outer loop
      vertex 24.25 0 -8
      vertex 16.1935 21.6728 -8
      vertex 16.2957 21.7953 -8
    endloop
  endfacet
  facet normal -0 0 -1
    outer loop
      vertex 24.7977 -1.8056 -8
      vertex 8.31492 -3.44415 -8
      vertex 24.7124 -1.67083 -8
    endloop
  endfacet
  facet normal 0 0 -1
    outer loop
      vertex 8.90259 1.32057 -8
      vertex 24.25 0 -8
      vertex 8.95666 0.882154 -8
    endloop
  endfacet
  facet normal 0 -0 -1
    outer loop
      vertex 8.4739 -3.03201 -8
      vertex 24.7124 -1.67083 -8
      vertex 8.31492 -3.44415 -8
    endloop
  endfacet
  facet normal 0 0 -1
    outer loop
      vertex 24.25 0 -8
      vertex 16.0854 21.5555 -8
      vertex 16.1935 21.6728 -8
    endloop
  endfacet
  facet normal -0 0 -1
    outer loop
      vertex 24.7124 -1.67083 -8
      vertex 8.4739 -3.03201 -8
      vertex 24.6338 -1.53204 -8
    endloop
  endfacet
  facet normal 0 0 -1
    outer loop
      vertex 24.25 0 -8
      vertex 15.9717 21.4436 -8
      vertex 16.0854 21.5555 -8
    endloop
  endfacet
  facet normal 0 -0 -1
    outer loop
      vertex 8.61246 -2.61256 -8
      vertex 24.6338 -1.53204 -8
      vertex 8.4739 -3.03201 -8
    endloop
  endfacet
  facet normal 0 0 -1
    outer loop
      vertex 8.82707 1.75581 -8
      vertex 24.25 0 -8
      vertex 8.90259 1.32057 -8
    endloop
  endfacet
  facet normal -0 0 -1
    outer loop
      vertex 24.562 -1.38955 -8
      vertex 8.61246 -2.61256 -8
      vertex 24.4974 -1.24372 -8
    endloop
  endfacet
  facet normal 0 0 -1
    outer loop
      vertex 24.25 0 -8
      vertex 15.8526 21.3375 -8
      vertex 15.9717 21.4436 -8
    endloop
  endfacet
  facet normal 0 -0 -1
    outer loop
      vertex 8.73028 -2.18682 -8
      vertex 24.4974 -1.24372 -8
      vertex 8.61246 -2.61256 -8
    endloop
  endfacet
  facet normal 0 0 -1
    outer loop
      vertex 8.73028 2.18682 -8
      vertex 24.25 0 -8
      vertex 8.82707 1.75581 -8
    endloop
  endfacet
  facet normal -0 0 -1
    outer loop
      vertex 24.4974 -1.24372 -8
      vertex 8.73028 -2.18682 -8
      vertex 24.44 -1.09489 -8
    endloop
  endfacet
  facet normal 0 0 -1
    outer loop
      vertex 24.25 0 -8
      vertex 15.7285 21.2373 -8
      vertex 15.8526 21.3375 -8
    endloop
  endfacet
  facet normal 0 -0 -1
    outer loop
      vertex 8.82707 -1.75581 -8
      vertex 24.44 -1.09489 -8
      vertex 8.73028 -2.18682 -8
    endloop
  endfacet
  facet normal 0 0 -1
    outer loop
      vertex 8.61246 2.61256 -8
      vertex 24.25 0 -8
      vertex 8.73028 2.18682 -8
    endloop
  endfacet
  facet normal -0 0 -1
    outer loop
      vertex 24.44 -1.09489 -8
      vertex 8.82707 -1.75581 -8
      vertex 24.3899 -0.943425 -8
    endloop
  endfacet
  facet normal 0 0 -1
    outer loop
      vertex 24.25 0 -8
      vertex 15.5996 21.1433 -8
      vertex 15.7285 21.2373 -8
    endloop
  endfacet
  facet normal -0 0 -1
    outer loop
      vertex 24.6338 -1.53204 -8
      vertex 8.61246 -2.61256 -8
      vertex 24.562 -1.38955 -8
    endloop
  endfacet
  facet normal 0 0 -1
    outer loop
      vertex 8.4739 3.03201 -8
      vertex 24.25 0 -8
      vertex 8.61246 2.61256 -8
    endloop
  endfacet
  facet normal 0 0 -1
    outer loop
      vertex 7.71956 -4.62692 -8
      vertex 14.5912 -20.6764 -8
      vertex 14.4361 -20.6389 -8
    endloop
  endfacet
  facet normal 0 0 -1
    outer loop
      vertex 24.25 0 -8
      vertex 15.4662 21.0558 -8
      vertex 15.5996 21.1433 -8
    endloop
  endfacet
  facet normal 0 0 -1
    outer loop
      vertex 7.48323 -5.00013 -8
      vertex 14.4361 -20.6389 -8
      vertex 14.2794 -20.6091 -8
    endloop
  endfacet
  facet normal 0 0 -1
    outer loop
      vertex 24.25 0 -8
      vertex 15.3287 20.9749 -8
      vertex 15.4662 21.0558 -8
    endloop
  endfacet
  facet normal 0 0 -1
    outer loop
      vertex 7.48323 -5.00013 -8
      vertex 14.2794 -20.6091 -8
      vertex 14.1214 -20.587 -8
    endloop
  endfacet
  facet normal 0 0 -1
    outer loop
      vertex 8.31492 3.44415 -8
      vertex 24.25 0 -8
      vertex 8.4739 3.03201 -8
    endloop
  endfacet
  facet normal 0 0 -1
    outer loop
      vertex 7.22887 -5.36129 -8
      vertex 14.1214 -20.587 -8
      vertex 13.9626 -20.5727 -8
    endloop
  endfacet
  facet normal 0 0 -1
    outer loop
      vertex 24.25 0 -8
      vertex 15.1874 20.9009 -8
      vertex 15.3287 20.9749 -8
    endloop
  endfacet
  facet normal 0 0 -1
    outer loop
      vertex 6.95709 -5.70954 -8
      vertex 13.9626 -20.5727 -8
      vertex 13.8032 -20.5661 -8
    endloop
  endfacet
  facet normal 0 0 -1
    outer loop
      vertex 8.1359 3.848 -8
      vertex 24.25 0 -8
      vertex 8.31492 3.44415 -8
    endloop
  endfacet
  facet normal 0 0 -1
    outer loop
      vertex 6.95709 -5.70954 -8
      vertex 13.8032 -20.5661 -8
      vertex 13.6437 -20.5674 -8
    endloop
  endfacet
  facet normal 0 0 -1
    outer loop
      vertex 24.25 0 -8
      vertex 15.0427 20.8338 -8
      vertex 15.1874 20.9009 -8
    endloop
  endfacet
  facet normal 0 0 -1
    outer loop
      vertex 6.66856 -6.04403 -8
      vertex 13.6437 -20.5674 -8
      vertex 13.4844 -20.5766 -8
    endloop
  endfacet
  facet normal 0 0 -1
    outer loop
      vertex 7.93729 4.24257 -8
      vertex 24.25 0 -8
      vertex 8.1359 3.848 -8
    endloop
  endfacet
  facet normal 0 0 -1
    outer loop
      vertex 6.36396 -6.36396 -8
      vertex 13.4844 -20.5766 -8
      vertex 13.3258 -20.5935 -8
    endloop
  endfacet
  facet normal 0 0 -1
    outer loop
      vertex 24.25 0 -8
      vertex 14.8948 20.774 -8
      vertex 15.0427 20.8338 -8
    endloop
  endfacet
  facet normal 0 0 -1
    outer loop
      vertex 6.36396 -6.36396 -8
      vertex 13.3258 -20.5935 -8
      vertex 13.1682 -20.6182 -8
    endloop
  endfacet
  facet normal 0 0 -1
    outer loop
      vertex 24.25 0 -8
      vertex 14.7442 20.7215 -8
      vertex 14.8948 20.774 -8
    endloop
  endfacet
  facet normal 0 0 -1
    outer loop
      vertex 6.04403 -6.66856 -8
      vertex 13.1682 -20.6182 -8
      vertex 13.012 -20.6506 -8
    endloop
  endfacet
  facet normal 0 0 -1
    outer loop
      vertex 24.25 0 -8
      vertex 7.93729 4.24257 -8
      vertex 14.7442 20.7215 -8
    endloop
  endfacet
  facet normal 0 0 -1
    outer loop
      vertex 5.70954 -6.95709 -8
      vertex 13.012 -20.6506 -8
      vertex 12.8576 -20.6906 -8
    endloop
  endfacet
  facet normal 0 0 -1
    outer loop
      vertex 14.7442 20.7215 -8
      vertex 7.93729 4.24257 -8
      vertex 14.5912 20.6764 -8
    endloop
  endfacet
  facet normal 0 0 -1
    outer loop
      vertex 5.70954 -6.95709 -8
      vertex 12.8576 -20.6906 -8
      vertex 12.7053 -20.7382 -8
    endloop
  endfacet
  facet normal 0 0 -1
    outer loop
      vertex 7.71956 4.62692 -8
      vertex 14.5912 20.6764 -8
      vertex 7.93729 4.24257 -8
    endloop
  endfacet
  facet normal 0 0 -1
    outer loop
      vertex 5.36129 -7.22887 -8
      vertex 12.7053 -20.7382 -8
      vertex 12.5556 -20.7931 -8
    endloop
  endfacet
  facet normal 0 0 -1
    outer loop
      vertex 14.5912 20.6764 -8
      vertex 7.71956 4.62692 -8
      vertex 14.4361 20.6389 -8
    endloop
  endfacet
  facet normal 0 0 -1
    outer loop
      vertex 5.00013 -7.48323 -8
      vertex 12.5556 -20.7931 -8
      vertex 12.4087 -20.8554 -8
    endloop
  endfacet
  facet normal 0 0 -1
    outer loop
      vertex 7.48323 5.00013 -8
      vertex 14.4361 20.6389 -8
      vertex 7.71956 4.62692 -8
    endloop
  endfacet
  facet normal 0 0 -1
    outer loop
      vertex 5.00013 -7.48323 -8
      vertex 12.4087 -20.8554 -8
      vertex 12.2651 -20.9248 -8
    endloop
  endfacet
  facet normal 0 0 -1
    outer loop
      vertex 14.4361 20.6389 -8
      vertex 7.48323 5.00013 -8
      vertex 14.2794 20.6091 -8
    endloop
  endfacet
  facet normal 0 0 -1
    outer loop
      vertex 4.62692 -7.71956 -8
      vertex 12.2651 -20.9248 -8
      vertex 12.125 -21.0011 -8
    endloop
  endfacet
  facet normal 0 0 -1
    outer loop
      vertex 14.2794 20.6091 -8
      vertex 7.48323 5.00013 -8
      vertex 14.1214 20.587 -8
    endloop
  endfacet
  facet normal 0 0 -1
    outer loop
      vertex 4.24257 -7.93729 -8
      vertex 12.125 -21.0011 -8
      vertex 11.9889 -21.0842 -8
    endloop
  endfacet
  facet normal 0 0 -1
    outer loop
      vertex 7.22887 5.36129 -8
      vertex 14.1214 20.587 -8
      vertex 7.48323 5.00013 -8
    endloop
  endfacet
  facet normal 0 0 -1
    outer loop
      vertex 4.24257 -7.93729 -8
      vertex 11.9889 -21.0842 -8
      vertex 11.8569 -21.1739 -8
    endloop
  endfacet
  facet normal 0 0 -1
    outer loop
      vertex 14.1214 20.587 -8
      vertex 7.22887 5.36129 -8
      vertex 13.9626 20.5727 -8
    endloop
  endfacet
  facet normal 0 0 -1
    outer loop
      vertex 3.848 -8.1359 -8
      vertex 11.8569 -21.1739 -8
      vertex 11.7296 -21.27 -8
    endloop
  endfacet
  facet normal 0 0 -1
    outer loop
      vertex 6.95709 5.70954 -8
      vertex 13.9626 20.5727 -8
      vertex 7.22887 5.36129 -8
    endloop
  endfacet
  facet normal 0 0 -1
    outer loop
      vertex 3.44415 -8.31492 -8
      vertex 11.7296 -21.27 -8
      vertex 11.6071 -21.3722 -8
    endloop
  endfacet
  facet normal 0 0 -1
    outer loop
      vertex 13.9626 20.5727 -8
      vertex 6.95709 5.70954 -8
      vertex 13.8032 20.5661 -8
    endloop
  endfacet
  facet normal 0 0 -1
    outer loop
      vertex 3.44415 -8.31492 -8
      vertex 11.6071 -21.3722 -8
      vertex 11.4898 -21.4803 -8
    endloop
  endfacet
  facet normal -0 0 -1
    outer loop
      vertex 13.8032 20.5661 -8
      vertex 6.95709 5.70954 -8
      vertex 13.6437 20.5674 -8
    endloop
  endfacet
  facet normal 0 0 -1
    outer loop
      vertex 3.03201 -8.4739 -8
      vertex 11.4898 -21.4803 -8
      vertex 11.3779 -21.594 -8
    endloop
  endfacet
  facet normal 0 0 -1
    outer loop
      vertex 6.66856 6.04403 -8
      vertex 13.6437 20.5674 -8
      vertex 6.95709 5.70954 -8
    endloop
  endfacet
  facet normal 0 0 -1
    outer loop
      vertex 2.61256 -8.61246 -8
      vertex 11.3779 -21.594 -8
      vertex 11.2718 -21.7131 -8
    endloop
  endfacet
  facet normal -0 0 -1
    outer loop
      vertex 13.6437 20.5674 -8
      vertex 6.66856 6.04403 -8
      vertex 13.4844 20.5766 -8
    endloop
  endfacet
  facet normal 0 0 -1
    outer loop
      vertex 2.61256 -8.61246 -8
      vertex 11.2718 -21.7131 -8
      vertex 11.1716 -21.8372 -8
    endloop
  endfacet
  facet normal 0 0 -1
    outer loop
      vertex 6.36396 6.36396 -8
      vertex 13.4844 20.5766 -8
      vertex 6.66856 6.04403 -8
    endloop
  endfacet
  facet normal 0 0 -1
    outer loop
      vertex 2.18682 -8.73028 -8
      vertex 11.1716 -21.8372 -8
      vertex 11.0776 -21.9661 -8
    endloop
  endfacet
  facet normal -0 0 -1
    outer loop
      vertex 13.4844 20.5766 -8
      vertex 6.36396 6.36396 -8
      vertex 13.3258 20.5935 -8
    endloop
  endfacet
  facet normal 0 0 -1
    outer loop
      vertex 1.75581 -8.82707 -8
      vertex 11.0776 -21.9661 -8
      vertex 10.9901 -22.0995 -8
    endloop
  endfacet
  facet normal -0 0 -1
    outer loop
      vertex 13.3258 20.5935 -8
      vertex 6.36396 6.36396 -8
      vertex 13.1682 20.6182 -8
    endloop
  endfacet
  facet normal 0 0 -1
    outer loop
      vertex 1.75581 -8.82707 -8
      vertex 10.9901 -22.0995 -8
      vertex 10.9092 -22.237 -8
    endloop
  endfacet
  facet normal 0 0 -1
    outer loop
      vertex 6.04403 6.66856 -8
      vertex 13.1682 20.6182 -8
      vertex 6.36396 6.36396 -8
    endloop
  endfacet
  facet normal 0 0 -1
    outer loop
      vertex 1.32057 -8.90259 -8
      vertex 10.9092 -22.237 -8
      vertex 10.8352 -22.3783 -8
    endloop
  endfacet
  facet normal -0 0 -1
    outer loop
      vertex 13.1682 20.6182 -8
      vertex 6.04403 6.66856 -8
      vertex 13.012 20.6506 -8
    endloop
  endfacet
  facet normal 0 0 -1
    outer loop
      vertex 0.882154 -8.95666 -8
      vertex 10.8352 -22.3783 -8
      vertex 10.7681 -22.523 -8
    endloop
  endfacet
  facet normal 0 0 -1
    outer loop
      vertex 5.70954 6.95709 -8
      vertex 13.012 20.6506 -8
      vertex 6.04403 6.66856 -8
    endloop
  endfacet
  facet normal 0 0 -1
    outer loop
      vertex 0.882154 -8.95666 -8
      vertex 10.7681 -22.523 -8
      vertex 10.7083 -22.6709 -8
    endloop
  endfacet
  facet normal -0 0 -1
    outer loop
      vertex 13.012 20.6506 -8
      vertex 5.70954 6.95709 -8
      vertex 12.8576 20.6906 -8
    endloop
  endfacet
  facet normal 0 0 -1
    outer loop
      vertex 0.441608 -8.98916 -8
      vertex 10.7083 -22.6709 -8
      vertex 10.6558 -22.8215 -8
    endloop
  endfacet
  facet normal -0 0 -1
    outer loop
      vertex 12.8576 20.6906 -8
      vertex 5.70954 6.95709 -8
      vertex 12.7053 20.7382 -8
    endloop
  endfacet
  facet normal 0 0 -1
    outer loop
      vertex 0 -9 -8
      vertex 10.6558 -22.8215 -8
      vertex 10.6107 -22.9745 -8
    endloop
  endfacet
  facet normal 0 0 -1
    outer loop
      vertex 5.36129 7.22887 -8
      vertex 12.7053 20.7382 -8
      vertex 5.70954 6.95709 -8
    endloop
  endfacet
  facet normal 0 0 -1
    outer loop
      vertex -10.6107 -22.9745 -8
      vertex 10.6107 -22.9745 -8
      vertex 10.5732 -23.1296 -8
    endloop
  endfacet
  facet normal -0 0 -1
    outer loop
      vertex 12.7053 20.7382 -8
      vertex 5.36129 7.22887 -8
      vertex 12.5556 20.7931 -8
    endloop
  endfacet
  facet normal 0 0 -1
    outer loop
      vertex -10.5732 -23.1296 -8
      vertex 10.5732 -23.1296 -8
      vertex 10.5434 -23.2863 -8
    endloop
  endfacet
  facet normal 0 0 -1
    outer loop
      vertex 5.00013 7.48323 -8
      vertex 12.5556 20.7931 -8
      vertex 5.36129 7.22887 -8
    endloop
  endfacet
  facet normal 0 0 -1
    outer loop
      vertex -10.5434 -23.2863 -8
      vertex 10.5434 -23.2863 -8
      vertex 10.5213 -23.4443 -8
    endloop
  endfacet
  facet normal -0 0 -1
    outer loop
      vertex 12.5556 20.7931 -8
      vertex 5.00013 7.48323 -8
      vertex 12.4087 20.8554 -8
    endloop
  endfacet
  facet normal 0 0 -1
    outer loop
      vertex -10.5213 -23.4443 -8
      vertex 10.5213 -23.4443 -8
      vertex 10.507 -23.6031 -8
    endloop
  endfacet
  facet normal -0 0 -1
    outer loop
      vertex 12.4087 20.8554 -8
      vertex 5.00013 7.48323 -8
      vertex 12.2651 20.9248 -8
    endloop
  endfacet
  facet normal 0 0 -1
    outer loop
      vertex -10.507 -23.6031 -8
      vertex 10.507 -23.6031 -8
      vertex 10.5004 -23.7625 -8
    endloop
  endfacet
  facet normal 0 0 -1
    outer loop
      vertex 4.62692 7.71956 -8
      vertex 12.2651 20.9248 -8
      vertex 5.00013 7.48323 -8
    endloop
  endfacet
  facet normal 0 0 -1
    outer loop
      vertex 16.7917 24.9605 -8
      vertex 40.6586 40.6586 -8
      vertex 16.8442 24.8099 -8
    endloop
  endfacet
  facet normal 0 0 -1
    outer loop
      vertex 16.7319 25.1084 -8
      vertex 40.6586 40.6586 -8
      vertex 16.7917 24.9605 -8
    endloop
  endfacet
  facet normal -0 0 -1
    outer loop
      vertex 40.6586 40.6586 -8
      vertex 16.7319 25.1084 -8
      vertex 38.6146 42.6047 -8
    endloop
  endfacet
  facet normal 0 0 -1
    outer loop
      vertex 16.6648 25.2531 -8
      vertex 38.6146 42.6047 -8
      vertex 16.7319 25.1084 -8
    endloop
  endfacet
  facet normal 0 0 -1
    outer loop
      vertex 16.5908 25.3944 -8
      vertex 38.6146 42.6047 -8
      vertex 16.6648 25.2531 -8
    endloop
  endfacet
  facet normal 0 0 -1
    outer loop
      vertex 16.5099 25.5319 -8
      vertex 38.6146 42.6047 -8
      vertex 16.5908 25.3944 -8
    endloop
  endfacet
  facet normal -0 0 -1
    outer loop
      vertex 38.6146 42.6047 -8
      vertex 16.5099 25.5319 -8
      vertex 36.4776 44.4481 -8
    endloop
  endfacet
  facet normal 0 0 -1
    outer loop
      vertex 16.4224 25.6653 -8
      vertex 36.4776 44.4481 -8
      vertex 16.5099 25.5319 -8
    endloop
  endfacet
  facet normal 0 0 -1
    outer loop
      vertex 16.3284 25.7942 -8
      vertex 36.4776 44.4481 -8
      vertex 16.4224 25.6653 -8
    endloop
  endfacet
  facet normal -0 0 -1
    outer loop
      vertex 36.4776 44.4481 -8
      vertex 16.3284 25.7942 -8
      vertex 34.2527 46.1844 -8
    endloop
  endfacet
  facet normal 0 0 -1
    outer loop
      vertex 16.2282 25.9183 -8
      vertex 34.2527 46.1844 -8
      vertex 16.3284 25.7942 -8
    endloop
  endfacet
  facet normal 0 0 -1
    outer loop
      vertex 16.1221 26.0374 -8
      vertex 34.2527 46.1844 -8
      vertex 16.2282 25.9183 -8
    endloop
  endfacet
  facet normal -0 0 -1
    outer loop
      vertex 34.2527 46.1844 -8
      vertex 16.1221 26.0374 -8
      vertex 33.7836 46.5148 -8
    endloop
  endfacet
  facet normal 0 0 -1
    outer loop
      vertex 16.0102 26.1511 -8
      vertex 33.7836 46.5148 -8
      vertex 16.1221 26.0374 -8
    endloop
  endfacet
  facet normal 0 0 -1
    outer loop
      vertex 15.8929 26.2592 -8
      vertex 33.7836 46.5148 -8
      vertex 16.0102 26.1511 -8
    endloop
  endfacet
  facet normal 0 0 -1
    outer loop
      vertex 15.7704 26.3614 -8
      vertex 33.7836 46.5148 -8
      vertex 15.8929 26.2592 -8
    endloop
  endfacet
  facet normal 0 0 -1
    outer loop
      vertex 15.6431 26.4575 -8
      vertex 33.7836 46.5148 -8
      vertex 15.7704 26.3614 -8
    endloop
  endfacet
  facet normal 0 0 -1
    outer loop
      vertex 15.5111 26.5472 -8
      vertex 33.7836 46.5148 -8
      vertex 15.6431 26.4575 -8
    endloop
  endfacet
  facet normal 0 0 -1
    outer loop
      vertex 15.375 26.6303 -8
      vertex 33.7836 46.5148 -8
      vertex 15.5111 26.5472 -8
    endloop
  endfacet
  facet normal -0 0 -1
    outer loop
      vertex 33.7836 46.5148 -8
      vertex 15.375 26.6303 -8
      vertex 23.3882 52.5096 -8
    endloop
  endfacet
  facet normal 0 0 -1
    outer loop
      vertex 15.2349 26.7066 -8
      vertex 23.3882 52.5096 -8
      vertex 15.375 26.6303 -8
    endloop
  endfacet
  facet normal 0 0 -1
    outer loop
      vertex 15.0913 26.776 -8
      vertex 23.3882 52.5096 -8
      vertex 15.2349 26.7066 -8
    endloop
  endfacet
  facet normal 0 0 -1
    outer loop
      vertex 14.9444 26.8383 -8
      vertex 23.3882 52.5096 -8
      vertex 15.0913 26.776 -8
    endloop
  endfacet
  facet normal 0 0 -1
    outer loop
      vertex 14.7947 26.8932 -8
      vertex 23.3882 52.5096 -8
      vertex 14.9444 26.8383 -8
    endloop
  endfacet
  facet normal 0 0 -1
    outer loop
      vertex 14.6424 26.9408 -8
      vertex 23.3882 52.5096 -8
      vertex 14.7947 26.8932 -8
    endloop
  endfacet
  facet normal 0 0 -1
    outer loop
      vertex 14.488 26.9808 -8
      vertex 23.3882 52.5096 -8
      vertex 14.6424 26.9408 -8
    endloop
  endfacet
  facet normal -0 0 -1
    outer loop
      vertex 23.3882 52.5096 -8
      vertex 14.488 26.9808 -8
      vertex 22.0043 53.1231 -8
    endloop
  endfacet
  facet normal 0 0 -1
    outer loop
      vertex 14.3318 27.0132 -8
      vertex 22.0043 53.1231 -8
      vertex 14.488 26.9808 -8
    endloop
  endfacet
  facet normal 0 0 -1
    outer loop
      vertex 14.1742 27.0379 -8
      vertex 22.0043 53.1231 -8
      vertex 14.3318 27.0132 -8
    endloop
  endfacet
  facet normal -0 0 -1
    outer loop
      vertex 22.0043 53.1231 -8
      vertex 14.1742 27.0379 -8
      vertex 19.3712 54.1388 -8
    endloop
  endfacet
  facet normal 0 0 -1
    outer loop
      vertex 14.0156 27.0548 -8
      vertex 19.3712 54.1388 -8
      vertex 14.1742 27.0379 -8
    endloop
  endfacet
  facet normal 0 0 -1
    outer loop
      vertex 13.8563 27.064 -8
      vertex 19.3712 54.1388 -8
      vertex 14.0156 27.0548 -8
    endloop
  endfacet
  facet normal 0 0 -1
    outer loop
      vertex 13.6968 27.0653 -8
      vertex 19.3712 54.1388 -8
      vertex 13.8563 27.064 -8
    endloop
  endfacet
  facet normal -0 0 -1
    outer loop
      vertex 19.3712 54.1388 -8
      vertex 13.6968 27.0653 -8
      vertex 16.6914 55.0241 -8
    endloop
  endfacet
  facet normal 0 0 -1
    outer loop
      vertex 13.5374 27.0587 -8
      vertex 16.6914 55.0241 -8
      vertex 13.6968 27.0653 -8
    endloop
  endfacet
  facet normal 0 0 -1
    outer loop
      vertex 13.3786 27.0444 -8
      vertex 16.6914 55.0241 -8
      vertex 13.5374 27.0587 -8
    endloop
  endfacet
  facet normal -0 0 -1
    outer loop
      vertex 16.6914 55.0241 -8
      vertex 13.3786 27.0444 -8
      vertex 13.9714 55.7768 -8
    endloop
  endfacet
  facet normal 0 0 -1
    outer loop
      vertex 13.2206 27.0223 -8
      vertex 13.9714 55.7768 -8
      vertex 13.3786 27.0444 -8
    endloop
  endfacet
  facet normal 0 0 -1
    outer loop
      vertex 13.0639 26.9925 -8
      vertex 13.9714 55.7768 -8
      vertex 13.2206 27.0223 -8
    endloop
  endfacet
  facet normal 0 0 -1
    outer loop
      vertex 12.9088 26.955 -8
      vertex 13.9714 55.7768 -8
      vertex 13.0639 26.9925 -8
    endloop
  endfacet
  facet normal 0 0 -1
    outer loop
      vertex 11.2177 56.3952 -8
      vertex 12.9088 26.955 -8
      vertex 12.7558 26.9099 -8
    endloop
  endfacet
  facet normal 0 0 -1
    outer loop
      vertex 11.2177 56.3952 -8
      vertex 12.7558 26.9099 -8
      vertex 12.6052 26.8574 -8
    endloop
  endfacet
  facet normal 0 0 -1
    outer loop
      vertex 8.437 56.8776 -8
      vertex 12.6052 26.8574 -8
      vertex 12.4573 26.7976 -8
    endloop
  endfacet
  facet normal 0 0 -1
    outer loop
      vertex 8.437 56.8776 -8
      vertex 12.4573 26.7976 -8
      vertex 12.3126 26.7305 -8
    endloop
  endfacet
  facet normal 0 0 -1
    outer loop
      vertex 6 57.1782 -8
      vertex 12.3126 26.7305 -8
      vertex 12.1713 26.6565 -8
    endloop
  endfacet
  facet normal 0 0 -1
    outer loop
      vertex 6 57.1782 -8
      vertex 12.1713 26.6565 -8
      vertex 12.0338 26.5756 -8
    endloop
  endfacet
  facet normal 0 0 -1
    outer loop
      vertex 6 57.1782 -8
      vertex 12.0338 26.5756 -8
      vertex 11.9004 26.4881 -8
    endloop
  endfacet
  facet normal 0 0 -1
    outer loop
      vertex 6 57.1782 -8
      vertex 11.9004 26.4881 -8
      vertex 11.7715 26.3941 -8
    endloop
  endfacet
  facet normal 0 0 -1
    outer loop
      vertex 6 57.1782 -8
      vertex 11.7715 26.3941 -8
      vertex 11.6474 26.2939 -8
    endloop
  endfacet
  facet normal 0 0 -1
    outer loop
      vertex -11.6474 26.2939 -8
      vertex 11.6474 26.2939 -8
      vertex 11.5283 26.1878 -8
    endloop
  endfacet
  facet normal 0 0 -1
    outer loop
      vertex -11.5283 26.1878 -8
      vertex 11.5283 26.1878 -8
      vertex 11.4146 26.0759 -8
    endloop
  endfacet
  facet normal 0 0 -1
    outer loop
      vertex -11.4146 26.0759 -8
      vertex 11.4146 26.0759 -8
      vertex 11.3065 25.9586 -8
    endloop
  endfacet
  facet normal 0 0 -1
    outer loop
      vertex 12.9088 26.955 -8
      vertex 11.2177 56.3952 -8
      vertex 13.9714 55.7768 -8
    endloop
  endfacet
  facet normal 0 0 -1
    outer loop
      vertex -11.3065 25.9586 -8
      vertex 11.3065 25.9586 -8
      vertex 11.2043 25.8361 -8
    endloop
  endfacet
  facet normal 0 0 -1
    outer loop
      vertex -11.2043 25.8361 -8
      vertex 11.2043 25.8361 -8
      vertex 11.1082 25.7088 -8
    endloop
  endfacet
  facet normal 0 0 -1
    outer loop
      vertex -11.1082 25.7088 -8
      vertex 11.1082 25.7088 -8
      vertex 11.0185 25.5768 -8
    endloop
  endfacet
  facet normal 0 0 -1
    outer loop
      vertex -11.0185 25.5768 -8
      vertex 11.0185 25.5768 -8
      vertex 10.9354 25.4407 -8
    endloop
  endfacet
  facet normal 0 0 -1
    outer loop
      vertex -10.9354 25.4407 -8
      vertex 10.9354 25.4407 -8
      vertex 10.8591 25.3006 -8
    endloop
  endfacet
  facet normal 0 0 -1
    outer loop
      vertex -10.8591 25.3006 -8
      vertex 10.8591 25.3006 -8
      vertex 10.7897 25.157 -8
    endloop
  endfacet
  facet normal 0 0 -1
    outer loop
      vertex -10.7897 25.157 -8
      vertex 10.7897 25.157 -8
      vertex 10.7274 25.0101 -8
    endloop
  endfacet
  facet normal 0 0 -1
    outer loop
      vertex -10.7274 25.0101 -8
      vertex 10.7274 25.0101 -8
      vertex 10.6725 24.8604 -8
    endloop
  endfacet
  facet normal 0 0 -1
    outer loop
      vertex -10.6725 24.8604 -8
      vertex 10.6725 24.8604 -8
      vertex 10.6249 24.7081 -8
    endloop
  endfacet
  facet normal 0 0 -1
    outer loop
      vertex -10.6249 24.7081 -8
      vertex 10.6249 24.7081 -8
      vertex 10.5849 24.5537 -8
    endloop
  endfacet
  facet normal 0 0 -1
    outer loop
      vertex -10.5849 24.5537 -8
      vertex 10.5849 24.5537 -8
      vertex 10.5525 24.3975 -8
    endloop
  endfacet
  facet normal 0 0 -1
    outer loop
      vertex -10.5525 24.3975 -8
      vertex 10.5525 24.3975 -8
      vertex 10.5278 24.2399 -8
    endloop
  endfacet
  facet normal 0 0 -1
    outer loop
      vertex -10.5278 24.2399 -8
      vertex 10.5278 24.2399 -8
      vertex 10.5109 24.0813 -8
    endloop
  endfacet
  facet normal 0 0 -1
    outer loop
      vertex -10.5109 24.0813 -8
      vertex 10.5109 24.0813 -8
      vertex 10.5017 23.922 -8
    endloop
  endfacet
  facet normal 0 0 -1
    outer loop
      vertex 4.24257 7.93729 -8
      vertex 12.125 21.0011 -8
      vertex 4.62692 7.71956 -8
    endloop
  endfacet
  facet normal -0 0 -1
    outer loop
      vertex 12.125 21.0011 -8
      vertex 4.24257 7.93729 -8
      vertex 11.9889 21.0842 -8
    endloop
  endfacet
  facet normal -0 0 -1
    outer loop
      vertex 11.9889 21.0842 -8
      vertex 4.24257 7.93729 -8
      vertex 11.8569 21.1739 -8
    endloop
  endfacet
  facet normal 0 0 -1
    outer loop
      vertex 3.848 8.1359 -8
      vertex 11.8569 21.1739 -8
      vertex 4.24257 7.93729 -8
    endloop
  endfacet
  facet normal -0 0 -1
    outer loop
      vertex 11.8569 21.1739 -8
      vertex 3.848 8.1359 -8
      vertex 11.7296 21.27 -8
    endloop
  endfacet
  facet normal 0 0 -1
    outer loop
      vertex 3.44415 8.31492 -8
      vertex 11.7296 21.27 -8
      vertex 3.848 8.1359 -8
    endloop
  endfacet
  facet normal -0 0 -1
    outer loop
      vertex 11.7296 21.27 -8
      vertex 3.44415 8.31492 -8
      vertex 11.6071 21.3722 -8
    endloop
  endfacet
  facet normal -0 0 -1
    outer loop
      vertex 11.6071 21.3722 -8
      vertex 3.44415 8.31492 -8
      vertex 11.4898 21.4803 -8
    endloop
  endfacet
  facet normal 0 0 -1
    outer loop
      vertex 3.03201 8.4739 -8
      vertex 11.4898 21.4803 -8
      vertex 3.44415 8.31492 -8
    endloop
  endfacet
  facet normal -0 0 -1
    outer loop
      vertex 11.4898 21.4803 -8
      vertex 3.03201 8.4739 -8
      vertex 11.3779 21.594 -8
    endloop
  endfacet
  facet normal 0 0 -1
    outer loop
      vertex 2.61256 8.61246 -8
      vertex 11.3779 21.594 -8
      vertex 3.03201 8.4739 -8
    endloop
  endfacet
  facet normal -0 0 -1
    outer loop
      vertex 11.3779 21.594 -8
      vertex 2.61256 8.61246 -8
      vertex 11.2718 21.7131 -8
    endloop
  endfacet
  facet normal -0 0 -1
    outer loop
      vertex 11.2718 21.7131 -8
      vertex 2.61256 8.61246 -8
      vertex 11.1716 21.8372 -8
    endloop
  endfacet
  facet normal 0 0 -1
    outer loop
      vertex 2.18682 8.73028 -8
      vertex 11.1716 21.8372 -8
      vertex 2.61256 8.61246 -8
    endloop
  endfacet
  facet normal -0 0 -1
    outer loop
      vertex 11.1716 21.8372 -8
      vertex 2.18682 8.73028 -8
      vertex 11.0776 21.9661 -8
    endloop
  endfacet
  facet normal 0 0 -1
    outer loop
      vertex 1.75581 8.82707 -8
      vertex 11.0776 21.9661 -8
      vertex 2.18682 8.73028 -8
    endloop
  endfacet
  facet normal -0 0 -1
    outer loop
      vertex 11.0776 21.9661 -8
      vertex 1.75581 8.82707 -8
      vertex 10.9901 22.0995 -8
    endloop
  endfacet
  facet normal -0 0 -1
    outer loop
      vertex 10.9901 22.0995 -8
      vertex 1.75581 8.82707 -8
      vertex 10.9092 22.237 -8
    endloop
  endfacet
  facet normal 0 0 -1
    outer loop
      vertex 1.32057 8.90259 -8
      vertex 10.9092 22.237 -8
      vertex 1.75581 8.82707 -8
    endloop
  endfacet
  facet normal -0 0 -1
    outer loop
      vertex 10.9092 22.237 -8
      vertex 1.32057 8.90259 -8
      vertex 10.8352 22.3783 -8
    endloop
  endfacet
  facet normal 0 0 -1
    outer loop
      vertex 0.882154 8.95666 -8
      vertex 10.8352 22.3783 -8
      vertex 1.32057 8.90259 -8
    endloop
  endfacet
  facet normal 0 0 -1
    outer loop
      vertex 6 57.1782 -8
      vertex 5.71148 116.26 -8
      vertex 6 116.239 -8
    endloop
  endfacet
  facet normal -0 0 -1
    outer loop
      vertex 10.8352 22.3783 -8
      vertex 0.882154 8.95666 -8
      vertex 10.7681 22.523 -8
    endloop
  endfacet
  facet normal -0 0 -1
    outer loop
      vertex 10.7681 22.523 -8
      vertex 0.882154 8.95666 -8
      vertex 10.7083 22.6709 -8
    endloop
  endfacet
  facet normal 0 0 -1
    outer loop
      vertex 0.441608 8.98916 -8
      vertex 10.7083 22.6709 -8
      vertex 0.882154 8.95666 -8
    endloop
  endfacet
  facet normal -0 0 -1
    outer loop
      vertex 10.7083 22.6709 -8
      vertex 0.441608 8.98916 -8
      vertex 10.6558 22.8215 -8
    endloop
  endfacet
  facet normal 0 0 -1
    outer loop
      vertex 10.6249 24.7081 -8
      vertex -10.6249 24.7081 -8
      vertex -10.6725 24.8604 -8
    endloop
  endfacet
  facet normal 0 0 -1
    outer loop
      vertex 10.6725 24.8604 -8
      vertex -10.6725 24.8604 -8
      vertex -10.7274 25.0101 -8
    endloop
  endfacet
  facet normal 0 0 -1
    outer loop
      vertex 10.7274 25.0101 -8
      vertex -10.7274 25.0101 -8
      vertex -10.7897 25.157 -8
    endloop
  endfacet
  facet normal 0 0 -1
    outer loop
      vertex 0 9 -8
      vertex 10.6558 22.8215 -8
      vertex 0.441608 8.98916 -8
    endloop
  endfacet
  facet normal -0 0 -1
    outer loop
      vertex 10.6558 22.8215 -8
      vertex 0 9 -8
      vertex 10.6107 22.9745 -8
    endloop
  endfacet
  facet normal 0 0 -1
    outer loop
      vertex -10.6107 22.9745 -8
      vertex 10.6107 22.9745 -8
      vertex 0 9 -8
    endloop
  endfacet
  facet normal 0 0 -1
    outer loop
      vertex 10.6107 22.9745 -8
      vertex -10.6107 22.9745 -8
      vertex 10.5732 23.1296 -8
    endloop
  endfacet
  facet normal 0 -0 -1
    outer loop
      vertex -10.5732 23.1296 -8
      vertex 10.5732 23.1296 -8
      vertex -10.6107 22.9745 -8
    endloop
  endfacet
  facet normal 0 0 -1
    outer loop
      vertex 10.5732 23.1296 -8
      vertex -10.5732 23.1296 -8
      vertex 10.5434 23.2863 -8
    endloop
  endfacet
  facet normal 0 -0 -1
    outer loop
      vertex -10.5434 23.2863 -8
      vertex 10.5434 23.2863 -8
      vertex -10.5732 23.1296 -8
    endloop
  endfacet
  facet normal 0 0 -1
    outer loop
      vertex 10.5434 23.2863 -8
      vertex -10.5434 23.2863 -8
      vertex 10.5213 23.4443 -8
    endloop
  endfacet
  facet normal 0 -0 -1
    outer loop
      vertex -10.5213 23.4443 -8
      vertex 10.5213 23.4443 -8
      vertex -10.5434 23.2863 -8
    endloop
  endfacet
  facet normal 0 -0 -1
    outer loop
      vertex 0 116.4 -8
      vertex 6 57.1782 -8
      vertex -6 57.1782 -8
    endloop
  endfacet
  facet normal 0 0 -1
    outer loop
      vertex -10.6558 22.8215 -8
      vertex 0 9 -8
      vertex -0.441608 8.98916 -8
    endloop
  endfacet
  facet normal 0 0 -1
    outer loop
      vertex -10.7083 22.6709 -8
      vertex -0.441608 8.98916 -8
      vertex -0.882154 8.95666 -8
    endloop
  endfacet
  facet normal 0 0 -1
    outer loop
      vertex -10.8352 22.3783 -8
      vertex -0.882154 8.95666 -8
      vertex -1.32057 8.90259 -8
    endloop
  endfacet
  facet normal 0 0 -1
    outer loop
      vertex -10.9092 22.237 -8
      vertex -1.32057 8.90259 -8
      vertex -1.75581 8.82707 -8
    endloop
  endfacet
  facet normal 0 0 -1
    outer loop
      vertex -11.0776 21.9661 -8
      vertex -1.75581 8.82707 -8
      vertex -2.18682 8.73028 -8
    endloop
  endfacet
  facet normal 0 0 -1
    outer loop
      vertex -11.1716 21.8372 -8
      vertex -2.18682 8.73028 -8
      vertex -2.61256 8.61246 -8
    endloop
  endfacet
  facet normal 0 0 -1
    outer loop
      vertex -11.3779 21.594 -8
      vertex -2.61256 8.61246 -8
      vertex -3.03201 8.4739 -8
    endloop
  endfacet
  facet normal 0 0 -1
    outer loop
      vertex -11.4898 21.4803 -8
      vertex -3.03201 8.4739 -8
      vertex -3.44415 8.31492 -8
    endloop
  endfacet
  facet normal 0 0 -1
    outer loop
      vertex -11.7296 21.27 -8
      vertex -3.44415 8.31492 -8
      vertex -3.848 8.1359 -8
    endloop
  endfacet
  facet normal 0 0 -1
    outer loop
      vertex -11.8569 21.1739 -8
      vertex -3.848 8.1359 -8
      vertex -4.24257 7.93729 -8
    endloop
  endfacet
  facet normal 0 0 -1
    outer loop
      vertex -12.125 21.0011 -8
      vertex -4.24257 7.93729 -8
      vertex -4.62692 7.71956 -8
    endloop
  endfacet
  facet normal 0 0 -1
    outer loop
      vertex -12.2651 20.9248 -8
      vertex -4.62692 7.71956 -8
      vertex -5.00013 7.48323 -8
    endloop
  endfacet
  facet normal 0 0 -1
    outer loop
      vertex -12.5556 20.7931 -8
      vertex -5.00013 7.48323 -8
      vertex -5.36129 7.22887 -8
    endloop
  endfacet
  facet normal 0 0 -1
    outer loop
      vertex -12.7053 20.7382 -8
      vertex -5.36129 7.22887 -8
      vertex -5.70954 6.95709 -8
    endloop
  endfacet
  facet normal 0 0 -1
    outer loop
      vertex 6 57.1782 -8
      vertex 0 116.4 -8
      vertex 5.71148 116.26 -8
    endloop
  endfacet
  facet normal 0 0 -1
    outer loop
      vertex 0 116.4 -8
      vertex -6 57.1782 -8
      vertex -5.71148 116.26 -8
    endloop
  endfacet
  facet normal 0 0 -1
    outer loop
      vertex -13.012 20.6506 -8
      vertex -5.70954 6.95709 -8
      vertex -6.04403 6.66856 -8
    endloop
  endfacet
  facet normal 0 0 -1
    outer loop
      vertex -13.1682 20.6182 -8
      vertex -6.04403 6.66856 -8
      vertex -6.36396 6.36396 -8
    endloop
  endfacet
  facet normal 0 0 -1
    outer loop
      vertex -13.4844 20.5766 -8
      vertex -6.36396 6.36396 -8
      vertex -6.66856 6.04403 -8
    endloop
  endfacet
  facet normal 0 0 -1
    outer loop
      vertex -13.6437 20.5674 -8
      vertex -6.66856 6.04403 -8
      vertex -6.95709 5.70954 -8
    endloop
  endfacet
  facet normal 0 0 -1
    outer loop
      vertex -13.9626 20.5727 -8
      vertex -6.95709 5.70954 -8
      vertex -7.22887 5.36129 -8
    endloop
  endfacet
  facet normal 0 0 -1
    outer loop
      vertex -14.1214 20.587 -8
      vertex -7.22887 5.36129 -8
      vertex -7.48323 5.00013 -8
    endloop
  endfacet
  facet normal 0 0 -1
    outer loop
      vertex -14.4361 20.6389 -8
      vertex -7.48323 5.00013 -8
      vertex -7.71956 4.62692 -8
    endloop
  endfacet
  facet normal 0 0 -1
    outer loop
      vertex -25.2019 2.2981 -8
      vertex -7.71956 4.62692 -8
      vertex -7.93729 4.24257 -8
    endloop
  endfacet
  facet normal 0 0 -1
    outer loop
      vertex -24.9877 2.06178 -8
      vertex -7.93729 4.24257 -8
      vertex -8.1359 3.848 -8
    endloop
  endfacet
  facet normal 0 0 -1
    outer loop
      vertex -24.8896 1.93602 -8
      vertex -8.1359 3.848 -8
      vertex -8.31492 3.44415 -8
    endloop
  endfacet
  facet normal 0 0 -1
    outer loop
      vertex 10.5017 23.922 -8
      vertex -10.5017 23.922 -8
      vertex -10.5109 24.0813 -8
    endloop
  endfacet
  facet normal 0 0 -1
    outer loop
      vertex -24.7124 1.67083 -8
      vertex -8.31492 3.44415 -8
      vertex -8.4739 3.03201 -8
    endloop
  endfacet
  facet normal 0 0 -1
    outer loop
      vertex -24.6338 1.53204 -8
      vertex -8.4739 3.03201 -8
      vertex -8.61246 2.61256 -8
    endloop
  endfacet
  facet normal 0 0 -1
    outer loop
      vertex -24.4974 1.24372 -8
      vertex -8.61246 2.61256 -8
      vertex -8.73028 2.18682 -8
    endloop
  endfacet
  facet normal 0 0 -1
    outer loop
      vertex -24.44 1.09489 -8
      vertex -8.73028 2.18682 -8
      vertex -8.82707 1.75581 -8
    endloop
  endfacet
  facet normal 0 0 -1
    outer loop
      vertex -24.3474 0.789685 -8
      vertex -8.82707 1.75581 -8
      vertex -8.90259 1.32057 -8
    endloop
  endfacet
  facet normal 0 0 -1
    outer loop
      vertex -24.3124 0.634043 -8
      vertex -8.90259 1.32057 -8
      vertex -8.95666 0.882154 -8
    endloop
  endfacet
  facet normal 0 0 -1
    outer loop
      vertex -24.2656 0.318555 -8
      vertex -8.95666 0.882154 -8
      vertex -8.98916 0.441608 -8
    endloop
  endfacet
  facet normal 0 0 -1
    outer loop
      vertex -24.2539 0.15947 -8
      vertex -8.98916 0.441608 -8
      vertex -9 0 -8
    endloop
  endfacet
  facet normal 0 0 -1
    outer loop
      vertex -12.2651 -20.9248 -8
      vertex -4.62692 -7.71956 -8
      vertex -12.125 -21.0011 -8
    endloop
  endfacet
  facet normal -0 0 -1
    outer loop
      vertex 10.5017 23.922 -8
      vertex -10.5004 23.7625 -8
      vertex -10.5017 23.922 -8
    endloop
  endfacet
  facet normal 0 0 -1
    outer loop
      vertex 10.5109 24.0813 -8
      vertex -10.5109 24.0813 -8
      vertex -10.5278 24.2399 -8
    endloop
  endfacet
  facet normal 0 0 -1
    outer loop
      vertex 10.5278 24.2399 -8
      vertex -10.5278 24.2399 -8
      vertex -10.5525 24.3975 -8
    endloop
  endfacet
  facet normal 0 0 -1
    outer loop
      vertex 10.5525 24.3975 -8
      vertex -10.5525 24.3975 -8
      vertex -10.5849 24.5537 -8
    endloop
  endfacet
  facet normal 0 0 -1
    outer loop
      vertex 10.5849 24.5537 -8
      vertex -10.5849 24.5537 -8
      vertex -10.6249 24.7081 -8
    endloop
  endfacet
  facet normal 0 0 -1
    outer loop
      vertex 10.7897 25.157 -8
      vertex -10.7897 25.157 -8
      vertex -10.8591 25.3006 -8
    endloop
  endfacet
  facet normal 0 0 -1
    outer loop
      vertex 10.8591 25.3006 -8
      vertex -10.8591 25.3006 -8
      vertex -10.9354 25.4407 -8
    endloop
  endfacet
  facet normal 0 0 -1
    outer loop
      vertex 10.9354 25.4407 -8
      vertex -10.9354 25.4407 -8
      vertex -11.0185 25.5768 -8
    endloop
  endfacet
  facet normal 0 0 -1
    outer loop
      vertex 11.0185 25.5768 -8
      vertex -11.0185 25.5768 -8
      vertex -11.1082 25.7088 -8
    endloop
  endfacet
  facet normal 0 0 -1
    outer loop
      vertex 12.6052 26.8574 -8
      vertex 8.437 56.8776 -8
      vertex 11.2177 56.3952 -8
    endloop
  endfacet
  facet normal 0 0 -1
    outer loop
      vertex 11.1082 25.7088 -8
      vertex -11.1082 25.7088 -8
      vertex -11.2043 25.8361 -8
    endloop
  endfacet
  facet normal 0 0 -1
    outer loop
      vertex 12.3126 26.7305 -8
      vertex 6 57.1782 -8
      vertex 8.437 56.8776 -8
    endloop
  endfacet
  facet normal 0 0 -1
    outer loop
      vertex 11.2043 25.8361 -8
      vertex -11.2043 25.8361 -8
      vertex -11.3065 25.9586 -8
    endloop
  endfacet
  facet normal 0 0 -1
    outer loop
      vertex 11.3065 25.9586 -8
      vertex -11.3065 25.9586 -8
      vertex -11.4146 26.0759 -8
    endloop
  endfacet
  facet normal 0 0 -1
    outer loop
      vertex 11.4146 26.0759 -8
      vertex -11.4146 26.0759 -8
      vertex -11.5283 26.1878 -8
    endloop
  endfacet
  facet normal 0 0 -1
    outer loop
      vertex 11.5283 26.1878 -8
      vertex -11.5283 26.1878 -8
      vertex -11.6474 26.2939 -8
    endloop
  endfacet
  facet normal 0 0 -1
    outer loop
      vertex 11.6474 26.2939 -8
      vertex -11.6474 26.2939 -8
      vertex 6 57.1782 -8
    endloop
  endfacet
  facet normal -0 0 -1
    outer loop
      vertex 6 57.1782 -8
      vertex -11.6474 26.2939 -8
      vertex -6 57.1782 -8
    endloop
  endfacet
  facet normal 0 0 -1
    outer loop
      vertex -11.7715 26.3941 -8
      vertex -6 57.1782 -8
      vertex -11.6474 26.2939 -8
    endloop
  endfacet
  facet normal 0 0 -1
    outer loop
      vertex -11.9004 26.4881 -8
      vertex -6 57.1782 -8
      vertex -11.7715 26.3941 -8
    endloop
  endfacet
  facet normal 0 0 -1
    outer loop
      vertex -12.0338 26.5756 -8
      vertex -6 57.1782 -8
      vertex -11.9004 26.4881 -8
    endloop
  endfacet
  facet normal 0 0 -1
    outer loop
      vertex -12.1713 26.6565 -8
      vertex -6 57.1782 -8
      vertex -12.0338 26.5756 -8
    endloop
  endfacet
  facet normal 0 0 -1
    outer loop
      vertex -12.3126 26.7305 -8
      vertex -6 57.1782 -8
      vertex -12.1713 26.6565 -8
    endloop
  endfacet
  facet normal 0 0 -1
    outer loop
      vertex -6 57.1782 -8
      vertex -12.3126 26.7305 -8
      vertex -8.437 56.8776 -8
    endloop
  endfacet
  facet normal 0 0 -1
    outer loop
      vertex -12.4573 26.7976 -8
      vertex -8.437 56.8776 -8
      vertex -12.3126 26.7305 -8
    endloop
  endfacet
  facet normal 0 0 -1
    outer loop
      vertex -12.6052 26.8574 -8
      vertex -8.437 56.8776 -8
      vertex -12.4573 26.7976 -8
    endloop
  endfacet
  facet normal 0 0 -1
    outer loop
      vertex -8.437 56.8776 -8
      vertex -12.6052 26.8574 -8
      vertex -11.2177 56.3952 -8
    endloop
  endfacet
  facet normal 0 0 -1
    outer loop
      vertex -12.7558 26.9099 -8
      vertex -11.2177 56.3952 -8
      vertex -12.6052 26.8574 -8
    endloop
  endfacet
  facet normal 0 0 -1
    outer loop
      vertex -12.9088 26.955 -8
      vertex -11.2177 56.3952 -8
      vertex -12.7558 26.9099 -8
    endloop
  endfacet
  facet normal 0 0 -1
    outer loop
      vertex -13.0639 26.9925 -8
      vertex -11.2177 56.3952 -8
      vertex -12.9088 26.955 -8
    endloop
  endfacet
  facet normal 0 0 -1
    outer loop
      vertex -13.9714 55.7768 -8
      vertex -13.0639 26.9925 -8
      vertex -13.2206 27.0223 -8
    endloop
  endfacet
  facet normal 0 0 -1
    outer loop
      vertex -13.9714 55.7768 -8
      vertex -13.2206 27.0223 -8
      vertex -13.3786 27.0444 -8
    endloop
  endfacet
  facet normal 0 0 -1
    outer loop
      vertex -16.6914 55.0241 -8
      vertex -13.3786 27.0444 -8
      vertex -13.5374 27.0587 -8
    endloop
  endfacet
  facet normal 0 0 -1
    outer loop
      vertex -16.6914 55.0241 -8
      vertex -13.5374 27.0587 -8
      vertex -13.6968 27.0653 -8
    endloop
  endfacet
  facet normal 0 0 -1
    outer loop
      vertex -19.3712 54.1388 -8
      vertex -13.6968 27.0653 -8
      vertex -13.8563 27.064 -8
    endloop
  endfacet
  facet normal 0 0 -1
    outer loop
      vertex -13.0639 26.9925 -8
      vertex -13.9714 55.7768 -8
      vertex -11.2177 56.3952 -8
    endloop
  endfacet
  facet normal 0 0 -1
    outer loop
      vertex -19.3712 54.1388 -8
      vertex -13.8563 27.064 -8
      vertex -14.0156 27.0548 -8
    endloop
  endfacet
  facet normal 0 0 -1
    outer loop
      vertex -19.3712 54.1388 -8
      vertex -14.0156 27.0548 -8
      vertex -14.1742 27.0379 -8
    endloop
  endfacet
  facet normal 0 0 -1
    outer loop
      vertex -22.0043 53.1231 -8
      vertex -14.1742 27.0379 -8
      vertex -14.3318 27.0132 -8
    endloop
  endfacet
  facet normal 0 0 -1
    outer loop
      vertex -22.0043 53.1231 -8
      vertex -14.3318 27.0132 -8
      vertex -14.488 26.9808 -8
    endloop
  endfacet
  facet normal 0 0 -1
    outer loop
      vertex -23.3882 52.5096 -8
      vertex -14.488 26.9808 -8
      vertex -14.6424 26.9408 -8
    endloop
  endfacet
  facet normal 0 0 -1
    outer loop
      vertex -23.3882 52.5096 -8
      vertex -14.6424 26.9408 -8
      vertex -14.7947 26.8932 -8
    endloop
  endfacet
  facet normal 0 0 -1
    outer loop
      vertex -23.3882 52.5096 -8
      vertex -14.7947 26.8932 -8
      vertex -14.9444 26.8383 -8
    endloop
  endfacet
  facet normal 0 0 -1
    outer loop
      vertex -23.3882 52.5096 -8
      vertex -14.9444 26.8383 -8
      vertex -15.0913 26.776 -8
    endloop
  endfacet
  facet normal 0 0 -1
    outer loop
      vertex -23.3882 52.5096 -8
      vertex -15.0913 26.776 -8
      vertex -15.2349 26.7066 -8
    endloop
  endfacet
  facet normal 0 0 -1
    outer loop
      vertex -23.3882 52.5096 -8
      vertex -15.2349 26.7066 -8
      vertex -15.375 26.6303 -8
    endloop
  endfacet
  facet normal 0 0 -1
    outer loop
      vertex -33.7836 46.5148 -8
      vertex -15.375 26.6303 -8
      vertex -15.5111 26.5472 -8
    endloop
  endfacet
  facet normal 0 0 -1
    outer loop
      vertex -33.7836 46.5148 -8
      vertex -15.5111 26.5472 -8
      vertex -15.6431 26.4575 -8
    endloop
  endfacet
  facet normal 0 0 -1
    outer loop
      vertex -33.7836 46.5148 -8
      vertex -15.6431 26.4575 -8
      vertex -15.7704 26.3614 -8
    endloop
  endfacet
  facet normal 0 0 -1
    outer loop
      vertex -33.7836 46.5148 -8
      vertex -15.7704 26.3614 -8
      vertex -15.8929 26.2592 -8
    endloop
  endfacet
  facet normal 0 0 -1
    outer loop
      vertex -33.7836 46.5148 -8
      vertex -15.8929 26.2592 -8
      vertex -16.0102 26.1511 -8
    endloop
  endfacet
  facet normal 0 0 -1
    outer loop
      vertex -33.7836 46.5148 -8
      vertex -16.0102 26.1511 -8
      vertex -16.1221 26.0374 -8
    endloop
  endfacet
  facet normal 0 0 -1
    outer loop
      vertex -33.7836 46.5148 -8
      vertex -16.1221 26.0374 -8
      vertex -16.2282 25.9183 -8
    endloop
  endfacet
  facet normal 0 0 -1
    outer loop
      vertex -33.7836 46.5148 -8
      vertex -16.2282 25.9183 -8
      vertex -16.3284 25.7942 -8
    endloop
  endfacet
  facet normal 0 0 -1
    outer loop
      vertex -33.7836 46.5148 -8
      vertex -16.3284 25.7942 -8
      vertex -16.4224 25.6653 -8
    endloop
  endfacet
  facet normal 0 0 -1
    outer loop
      vertex -33.7836 46.5148 -8
      vertex -16.4224 25.6653 -8
      vertex -16.5099 25.5319 -8
    endloop
  endfacet
  facet normal 0 0 -1
    outer loop
      vertex -33.7836 46.5148 -8
      vertex -16.5099 25.5319 -8
      vertex -16.5908 25.3944 -8
    endloop
  endfacet
  facet normal 0 0 -1
    outer loop
      vertex -33.7836 46.5148 -8
      vertex -16.5908 25.3944 -8
      vertex -16.6648 25.2531 -8
    endloop
  endfacet
  facet normal 0 0 -1
    outer loop
      vertex -13.3786 27.0444 -8
      vertex -16.6914 55.0241 -8
      vertex -13.9714 55.7768 -8
    endloop
  endfacet
  facet normal 0 0 -1
    outer loop
      vertex -33.7836 46.5148 -8
      vertex -16.6648 25.2531 -8
      vertex -16.7319 25.1084 -8
    endloop
  endfacet
  facet normal 0 0 -1
    outer loop
      vertex -33.7836 46.5148 -8
      vertex -16.7319 25.1084 -8
      vertex -16.7917 24.9605 -8
    endloop
  endfacet
  facet normal 0 0 -1
    outer loop
      vertex -33.7836 46.5148 -8
      vertex -16.7917 24.9605 -8
      vertex -16.8442 24.8099 -8
    endloop
  endfacet
  facet normal 0 0 -1
    outer loop
      vertex -33.7836 46.5148 -8
      vertex -16.8442 24.8099 -8
      vertex -16.8893 24.6569 -8
    endloop
  endfacet
  facet normal 0 0 -1
    outer loop
      vertex -33.7836 46.5148 -8
      vertex -16.8893 24.6569 -8
      vertex -16.9268 24.5018 -8
    endloop
  endfacet
  facet normal 0 0 -1
    outer loop
      vertex -33.7836 46.5148 -8
      vertex -16.9268 24.5018 -8
      vertex -16.9566 24.3451 -8
    endloop
  endfacet
  facet normal 0 0 -1
    outer loop
      vertex -33.7836 46.5148 -8
      vertex -16.9566 24.3451 -8
      vertex -16.9787 24.1871 -8
    endloop
  endfacet
  facet normal 0 0 -1
    outer loop
      vertex -33.7836 46.5148 -8
      vertex -16.9787 24.1871 -8
      vertex -16.993 24.0283 -8
    endloop
  endfacet
  facet normal 0 0 -1
    outer loop
      vertex -33.7836 46.5148 -8
      vertex -16.993 24.0283 -8
      vertex -16.9996 23.8689 -8
    endloop
  endfacet
  facet normal 0 0 -1
    outer loop
      vertex -25.6944 2.70228 -8
      vertex -15.1874 20.9009 -8
      vertex -25.564 2.61042 -8
    endloop
  endfacet
  facet normal 0 0 -1
    outer loop
      vertex -25.968 2.86624 -8
      vertex -15.4662 21.0558 -8
      vertex -25.8292 2.78762 -8
    endloop
  endfacet
  facet normal 0 0 -1
    outer loop
      vertex -25.6944 -2.70228 -8
      vertex -19.3712 -54.1388 -8
      vertex -22.0043 -53.1231 -8
    endloop
  endfacet
  facet normal -0 0 -1
    outer loop
      vertex -15.4662 21.0558 -8
      vertex -25.968 2.86624 -8
      vertex -15.5996 21.1433 -8
    endloop
  endfacet
  facet normal 0 0 -1
    outer loop
      vertex -25.8292 -2.78762 -8
      vertex -22.0043 -53.1231 -8
      vertex -23.3882 -52.5096 -8
    endloop
  endfacet
  facet normal 0 0 -1
    outer loop
      vertex -26.1104 2.93796 -8
      vertex -15.5996 21.1433 -8
      vertex -25.968 2.86624 -8
    endloop
  endfacet
  facet normal -0 0 -1
    outer loop
      vertex -15.5996 21.1433 -8
      vertex -26.1104 2.93796 -8
      vertex -15.7285 21.2373 -8
    endloop
  endfacet
  facet normal -0 0 -1
    outer loop
      vertex -15.3287 20.9749 -8
      vertex -25.8292 2.78762 -8
      vertex -15.4662 21.0558 -8
    endloop
  endfacet
  facet normal 0 0 -1
    outer loop
      vertex -25.8292 2.78762 -8
      vertex -15.3287 20.9749 -8
      vertex -25.6944 2.70228 -8
    endloop
  endfacet
  facet normal -0 0 -1
    outer loop
      vertex -15.1874 20.9009 -8
      vertex -25.6944 2.70228 -8
      vertex -15.3287 20.9749 -8
    endloop
  endfacet
  facet normal 0 0 -1
    outer loop
      vertex -19.3712 -54.1388 -8
      vertex -24.3124 -0.634043 -8
      vertex -24.2852 -0.476873 -8
    endloop
  endfacet
  facet normal 0 0 -1
    outer loop
      vertex -19.3712 -54.1388 -8
      vertex -24.3474 -0.789685 -8
      vertex -24.3124 -0.634043 -8
    endloop
  endfacet
  facet normal 0 0 -1
    outer loop
      vertex -19.3712 -54.1388 -8
      vertex -24.3899 -0.943425 -8
      vertex -24.3474 -0.789685 -8
    endloop
  endfacet
  facet normal 0 0 -1
    outer loop
      vertex -19.3712 -54.1388 -8
      vertex -24.44 -1.09489 -8
      vertex -24.3899 -0.943425 -8
    endloop
  endfacet
  facet normal 0 0 -1
    outer loop
      vertex -19.3712 -54.1388 -8
      vertex -24.4974 -1.24372 -8
      vertex -24.44 -1.09489 -8
    endloop
  endfacet
  facet normal 0 0 -1
    outer loop
      vertex -19.3712 -54.1388 -8
      vertex -24.562 -1.38955 -8
      vertex -24.4974 -1.24372 -8
    endloop
  endfacet
  facet normal 0 0 -1
    outer loop
      vertex -19.3712 -54.1388 -8
      vertex -24.6338 -1.53204 -8
      vertex -24.562 -1.38955 -8
    endloop
  endfacet
  facet normal 0 0 -1
    outer loop
      vertex -19.3712 -54.1388 -8
      vertex -24.7124 -1.67083 -8
      vertex -24.6338 -1.53204 -8
    endloop
  endfacet
  facet normal 0 0 -1
    outer loop
      vertex -19.3712 -54.1388 -8
      vertex -24.7977 -1.8056 -8
      vertex -24.7124 -1.67083 -8
    endloop
  endfacet
  facet normal 0 0 -1
    outer loop
      vertex -19.3712 -54.1388 -8
      vertex -24.8896 -1.93602 -8
      vertex -24.7977 -1.8056 -8
    endloop
  endfacet
  facet normal 0 0 -1
    outer loop
      vertex -19.3712 -54.1388 -8
      vertex -24.9877 -2.06178 -8
      vertex -24.8896 -1.93602 -8
    endloop
  endfacet
  facet normal 0 0 -1
    outer loop
      vertex -19.3712 -54.1388 -8
      vertex -25.0919 -2.18257 -8
      vertex -24.9877 -2.06178 -8
    endloop
  endfacet
  facet normal 0 0 -1
    outer loop
      vertex -19.3712 -54.1388 -8
      vertex -25.2019 -2.2981 -8
      vertex -25.0919 -2.18257 -8
    endloop
  endfacet
  facet normal 0 0 -1
    outer loop
      vertex -19.3712 -54.1388 -8
      vertex -25.3174 -2.40809 -8
      vertex -25.2019 -2.2981 -8
    endloop
  endfacet
  facet normal 0 0 -1
    outer loop
      vertex -19.3712 -54.1388 -8
      vertex -25.4382 -2.51228 -8
      vertex -25.3174 -2.40809 -8
    endloop
  endfacet
  facet normal 0 0 -1
    outer loop
      vertex -19.3712 -54.1388 -8
      vertex -25.564 -2.61042 -8
      vertex -25.4382 -2.51228 -8
    endloop
  endfacet
  facet normal 0 0 -1
    outer loop
      vertex -19.3712 -54.1388 -8
      vertex -25.6944 -2.70228 -8
      vertex -25.564 -2.61042 -8
    endloop
  endfacet
  facet normal 0 0 -1
    outer loop
      vertex -22.0043 -53.1231 -8
      vertex -25.8292 -2.78762 -8
      vertex -25.6944 -2.70228 -8
    endloop
  endfacet
  facet normal 0 0 -1
    outer loop
      vertex -23.3882 -52.5096 -8
      vertex -25.968 -2.86624 -8
      vertex -25.8292 -2.78762 -8
    endloop
  endfacet
  facet normal 0 0 -1
    outer loop
      vertex -23.3882 -52.5096 -8
      vertex -26.1104 -2.93796 -8
      vertex -25.968 -2.86624 -8
    endloop
  endfacet
  facet normal 0 0 -1
    outer loop
      vertex -23.3882 -52.5096 -8
      vertex -26.2563 -3.00261 -8
      vertex -26.1104 -2.93796 -8
    endloop
  endfacet
  facet normal 0 0 -1
    outer loop
      vertex -33.7836 -46.5148 -8
      vertex -26.2563 -3.00261 -8
      vertex -23.3882 -52.5096 -8
    endloop
  endfacet
  facet normal 0 0 -1
    outer loop
      vertex -26.2563 -3.00261 -8
      vertex -33.7836 -46.5148 -8
      vertex -26.4051 -3.06002 -8
    endloop
  endfacet
  facet normal 0 0 -1
    outer loop
      vertex -26.4051 -3.06002 -8
      vertex -33.7836 -46.5148 -8
      vertex -26.5566 -3.11006 -8
    endloop
  endfacet
  facet normal 0 0 -1
    outer loop
      vertex -26.5566 -3.11006 -8
      vertex -33.7836 -46.5148 -8
      vertex -26.7103 -3.1526 -8
    endloop
  endfacet
  facet normal 0 0 -1
    outer loop
      vertex -34.2527 -46.1844 -8
      vertex -26.7103 -3.1526 -8
      vertex -33.7836 -46.5148 -8
    endloop
  endfacet
  facet normal 0 0 -1
    outer loop
      vertex -36.4776 -44.4481 -8
      vertex -26.7103 -3.1526 -8
      vertex -34.2527 -46.1844 -8
    endloop
  endfacet
  facet normal 0 0 -1
    outer loop
      vertex -26.7103 -3.1526 -8
      vertex -36.4776 -44.4481 -8
      vertex -26.866 -3.18755 -8
    endloop
  endfacet
  facet normal 0 0 -1
    outer loop
      vertex -38.6146 -42.6047 -8
      vertex -26.866 -3.18755 -8
      vertex -36.4776 -44.4481 -8
    endloop
  endfacet
  facet normal 0 0 -1
    outer loop
      vertex -26.866 -3.18755 -8
      vertex -38.6146 -42.6047 -8
      vertex -27.0231 -3.21482 -8
    endloop
  endfacet
  facet normal 0 0 -1
    outer loop
      vertex -27.0231 -3.21482 -8
      vertex -38.6146 -42.6047 -8
      vertex -27.1814 -3.23435 -8
    endloop
  endfacet
  facet normal 0 0 -1
    outer loop
      vertex -40.6586 -40.6586 -8
      vertex -27.1814 -3.23435 -8
      vertex -38.6146 -42.6047 -8
    endloop
  endfacet
  facet normal 0 0 -1
    outer loop
      vertex -27.1814 -3.23435 -8
      vertex -40.6586 -40.6586 -8
      vertex -27.3405 -3.24609 -8
    endloop
  endfacet
  facet normal 0 0 -1
    outer loop
      vertex -42.6047 -38.6146 -8
      vertex -27.3405 -3.24609 -8
      vertex -40.6586 -40.6586 -8
    endloop
  endfacet
  facet normal 0 0 -1
    outer loop
      vertex -27.3405 -3.24609 -8
      vertex -42.6047 -38.6146 -8
      vertex -27.5 -3.25 -8
    endloop
  endfacet
  facet normal 0 0 -1
    outer loop
      vertex -44.4481 -36.4776 -8
      vertex -27.5 -3.25 -8
      vertex -42.6047 -38.6146 -8
    endloop
  endfacet
  facet normal -0 0 -1
    outer loop
      vertex -27.5 -3.25 -8
      vertex -44.4481 -36.4776 -8
      vertex -27.6595 -3.24609 -8
    endloop
  endfacet
  facet normal -0 0 -1
    outer loop
      vertex -27.6595 -3.24609 -8
      vertex -44.4481 -36.4776 -8
      vertex -27.8186 -3.23435 -8
    endloop
  endfacet
  facet normal 0 0 -1
    outer loop
      vertex -46.1844 -34.2527 -8
      vertex -27.8186 -3.23435 -8
      vertex -44.4481 -36.4776 -8
    endloop
  endfacet
  facet normal -0 0 -1
    outer loop
      vertex -27.8186 -3.23435 -8
      vertex -46.1844 -34.2527 -8
      vertex -27.9769 -3.21482 -8
    endloop
  endfacet
  facet normal 0 0 -1
    outer loop
      vertex -46.5148 -33.7836 -8
      vertex -27.9769 -3.21482 -8
      vertex -46.1844 -34.2527 -8
    endloop
  endfacet
  facet normal -0 0 -1
    outer loop
      vertex -27.9769 -3.21482 -8
      vertex -46.5148 -33.7836 -8
      vertex -28.134 -3.18755 -8
    endloop
  endfacet
  facet normal -0 0 -1
    outer loop
      vertex -28.134 -3.18755 -8
      vertex -46.5148 -33.7836 -8
      vertex -28.2897 -3.1526 -8
    endloop
  endfacet
  facet normal -0 0 -1
    outer loop
      vertex -28.2897 -3.1526 -8
      vertex -46.5148 -33.7836 -8
      vertex -28.4434 -3.11006 -8
    endloop
  endfacet
  facet normal -0 0 -1
    outer loop
      vertex -28.4434 -3.11006 -8
      vertex -46.5148 -33.7836 -8
      vertex -28.5949 -3.06002 -8
    endloop
  endfacet
  facet normal 0 0 -1
    outer loop
      vertex -52.5096 -23.3882 -8
      vertex -28.5949 -3.06002 -8
      vertex -46.5148 -33.7836 -8
    endloop
  endfacet
  facet normal -0 0 -1
    outer loop
      vertex -28.5949 -3.06002 -8
      vertex -52.5096 -23.3882 -8
      vertex -28.7437 -3.00261 -8
    endloop
  endfacet
  facet normal -0 0 -1
    outer loop
      vertex -28.7437 -3.00261 -8
      vertex -52.5096 -23.3882 -8
      vertex -28.8896 -2.93796 -8
    endloop
  endfacet
  facet normal -0 0 -1
    outer loop
      vertex -28.8896 -2.93796 -8
      vertex -52.5096 -23.3882 -8
      vertex -29.032 -2.86624 -8
    endloop
  endfacet
  facet normal -0 0 -1
    outer loop
      vertex -29.032 -2.86624 -8
      vertex -52.5096 -23.3882 -8
      vertex -29.1708 -2.78762 -8
    endloop
  endfacet
  facet normal -0 0 -1
    outer loop
      vertex -29.1708 -2.78762 -8
      vertex -52.5096 -23.3882 -8
      vertex -29.3056 -2.70228 -8
    endloop
  endfacet
  facet normal 0 0 -1
    outer loop
      vertex -53.1231 -22.0043 -8
      vertex -29.3056 -2.70228 -8
      vertex -52.5096 -23.3882 -8
    endloop
  endfacet
  facet normal -0 0 -1
    outer loop
      vertex -29.3056 -2.70228 -8
      vertex -53.1231 -22.0043 -8
      vertex -29.436 -2.61042 -8
    endloop
  endfacet
  facet normal 0 0 -1
    outer loop
      vertex -54.1388 -19.3712 -8
      vertex -29.436 -2.61042 -8
      vertex -53.1231 -22.0043 -8
    endloop
  endfacet
  facet normal -0 0 -1
    outer loop
      vertex -29.436 -2.61042 -8
      vertex -54.1388 -19.3712 -8
      vertex -29.5618 -2.51228 -8
    endloop
  endfacet
  facet normal -0 0 -1
    outer loop
      vertex -29.5618 -2.51228 -8
      vertex -54.1388 -19.3712 -8
      vertex -29.6826 -2.40809 -8
    endloop
  endfacet
  facet normal -0 0 -1
    outer loop
      vertex -29.6826 -2.40809 -8
      vertex -54.1388 -19.3712 -8
      vertex -29.7981 -2.2981 -8
    endloop
  endfacet
  facet normal 0 0 -1
    outer loop
      vertex -55.0241 -16.6914 -8
      vertex -29.7981 -2.2981 -8
      vertex -54.1388 -19.3712 -8
    endloop
  endfacet
  facet normal -0 0 -1
    outer loop
      vertex -30.0123 -2.06178 -8
      vertex -55.7768 -13.9714 -8
      vertex -30.1104 -1.93602 -8
    endloop
  endfacet
  facet normal 0 0 -1
    outer loop
      vertex -55.7768 -13.9714 -8
      vertex -30.0123 -2.06178 -8
      vertex -55.0241 -16.6914 -8
    endloop
  endfacet
  facet normal -0 0 -1
    outer loop
      vertex -29.9081 -2.18257 -8
      vertex -55.0241 -16.6914 -8
      vertex -30.0123 -2.06178 -8
    endloop
  endfacet
  facet normal -0 0 -1
    outer loop
      vertex -29.7981 -2.2981 -8
      vertex -55.0241 -16.6914 -8
      vertex -29.9081 -2.18257 -8
    endloop
  endfacet
  facet normal 0 0 -1
    outer loop
      vertex -54.8706 -102.656 -8
      vertex -23.3882 -52.5096 -8
      vertex -52.9099 -103.643 -8
    endloop
  endfacet
  facet normal 0 0 -1
    outer loop
      vertex -59.8416 -99.8396 -8
      vertex -23.3882 -52.5096 -8
      vertex -54.8706 -102.656 -8
    endloop
  endfacet
  facet normal -0 0 -1
    outer loop
      vertex -23.3882 -52.5096 -8
      vertex -59.8416 -99.8396 -8
      vertex -33.7836 -46.5148 -8
    endloop
  endfacet
  facet normal 0 0 -1
    outer loop
      vertex -33.7836 -46.5148 -8
      vertex -59.8416 -99.8396 -8
      vertex -63.3046 -97.6467 -8
    endloop
  endfacet
  facet normal -0 0 -1
    outer loop
      vertex -30.6101 -0.943425 -8
      vertex -57.1782 -6 -8
      vertex -30.6526 -0.789685 -8
    endloop
  endfacet
  facet normal -0 0 -1
    outer loop
      vertex -30.6526 -0.789685 -8
      vertex -57.1782 -6 -8
      vertex -30.6876 -0.634043 -8
    endloop
  endfacet
  facet normal 0 -0 -1
    outer loop
      vertex -53.1231 22.0043 -8
      vertex -30.75 0 -8
      vertex -54.1388 19.3712 -8
    endloop
  endfacet
  facet normal 0 0 -1
    outer loop
      vertex -30.75 0 -8
      vertex -53.1231 22.0043 -8
      vertex -52.5096 23.3882 -8
    endloop
  endfacet
  facet normal -0 0 -1
    outer loop
      vertex -30.6876 -0.634043 -8
      vertex -57.1782 -6 -8
      vertex -30.7148 -0.476873 -8
    endloop
  endfacet
  facet normal 0 0 -1
    outer loop
      vertex -30.75 0 -8
      vertex -55.0241 16.6914 -8
      vertex -54.1388 19.3712 -8
    endloop
  endfacet
  facet normal -0 0 -1
    outer loop
      vertex -30.7148 -0.476873 -8
      vertex -57.1782 -6 -8
      vertex -30.7344 -0.318555 -8
    endloop
  endfacet
  facet normal 0 0 -1
    outer loop
      vertex -30.75 0 -8
      vertex -55.7768 13.9714 -8
      vertex -55.0241 16.6914 -8
    endloop
  endfacet
  facet normal -0 0 -1
    outer loop
      vertex -30.7344 -0.318555 -8
      vertex -57.1782 -6 -8
      vertex -30.7461 -0.15947 -8
    endloop
  endfacet
  facet normal 0 0 -1
    outer loop
      vertex -30.75 0 -8
      vertex -56.3952 11.2177 -8
      vertex -55.7768 13.9714 -8
    endloop
  endfacet
  facet normal -0 0 -1
    outer loop
      vertex -30.7461 -0.15947 -8
      vertex -57.1782 -6 -8
      vertex -30.75 0 -8
    endloop
  endfacet
  facet normal 0 0 -1
    outer loop
      vertex -30.75 0 -8
      vertex -56.8776 8.437 -8
      vertex -56.3952 11.2177 -8
    endloop
  endfacet
  facet normal 0 0 -1
    outer loop
      vertex -57.1782 6 -8
      vertex -30.75 0 -8
      vertex -57.1782 -6 -8
    endloop
  endfacet
  facet normal 0 0 -1
    outer loop
      vertex -30.75 0 -8
      vertex -57.1782 6 -8
      vertex -56.8776 8.437 -8
    endloop
  endfacet
  facet normal 0 0 -1
    outer loop
      vertex -116.26 -5.71148 -8
      vertex -57.1782 -6 -8
      vertex -116.239 -6 -8
    endloop
  endfacet
  facet normal 0 0 -1
    outer loop
      vertex -116.4 0 -8
      vertex -57.1782 -6 -8
      vertex -116.26 -5.71148 -8
    endloop
  endfacet
  facet normal 0 0 -1
    outer loop
      vertex -57.1782 -6 -8
      vertex -116.4 0 -8
      vertex -57.1782 6 -8
    endloop
  endfacet
  facet normal 0 -0 -1
    outer loop
      vertex -116.26 5.71148 -8
      vertex -57.1782 6 -8
      vertex -116.4 0 -8
    endloop
  endfacet
  facet normal -0 0 -1
    outer loop
      vertex -57.1782 6 -8
      vertex -116.26 5.71148 -8
      vertex -116.239 6 -8
    endloop
  endfacet
  facet normal -0 0 -1
    outer loop
      vertex -30.2023 -1.8056 -8
      vertex -55.7768 -13.9714 -8
      vertex -30.2876 -1.67083 -8
    endloop
  endfacet
  facet normal 0 0 -1
    outer loop
      vertex -56.3952 -11.2177 -8
      vertex -30.2876 -1.67083 -8
      vertex -55.7768 -13.9714 -8
    endloop
  endfacet
  facet normal 0 -0 -1
    outer loop
      vertex -34.2527 46.1844 -8
      vertex -30.75 0 -8
      vertex -36.4776 44.4481 -8
    endloop
  endfacet
  facet normal 0 0 -1
    outer loop
      vertex -30.75 0 -8
      vertex -34.2527 46.1844 -8
      vertex -33.7836 46.5148 -8
    endloop
  endfacet
  facet normal -0 0 -1
    outer loop
      vertex -30.2876 -1.67083 -8
      vertex -56.3952 -11.2177 -8
      vertex -30.3662 -1.53204 -8
    endloop
  endfacet
  facet normal 0 0 -1
    outer loop
      vertex -30.75 0 -8
      vertex -38.6146 42.6047 -8
      vertex -36.4776 44.4481 -8
    endloop
  endfacet
  facet normal -0 0 -1
    outer loop
      vertex -30.3662 -1.53204 -8
      vertex -56.3952 -11.2177 -8
      vertex -30.438 -1.38955 -8
    endloop
  endfacet
  facet normal 0 0 -1
    outer loop
      vertex -30.75 0 -8
      vertex -40.6586 40.6586 -8
      vertex -38.6146 42.6047 -8
    endloop
  endfacet
  facet normal 0 0 -1
    outer loop
      vertex -56.8776 -8.437 -8
      vertex -30.438 -1.38955 -8
      vertex -56.3952 -11.2177 -8
    endloop
  endfacet
  facet normal 0 0 -1
    outer loop
      vertex -30.75 0 -8
      vertex -42.6047 38.6146 -8
      vertex -40.6586 40.6586 -8
    endloop
  endfacet
  facet normal -0 0 -1
    outer loop
      vertex -30.438 -1.38955 -8
      vertex -56.8776 -8.437 -8
      vertex -30.5026 -1.24372 -8
    endloop
  endfacet
  facet normal 0 0 -1
    outer loop
      vertex -30.75 0 -8
      vertex -44.4481 36.4776 -8
      vertex -42.6047 38.6146 -8
    endloop
  endfacet
  facet normal -0 0 -1
    outer loop
      vertex -30.5026 -1.24372 -8
      vertex -56.8776 -8.437 -8
      vertex -30.56 -1.09489 -8
    endloop
  endfacet
  facet normal 0 0 -1
    outer loop
      vertex -57.1782 -6 -8
      vertex -30.56 -1.09489 -8
      vertex -56.8776 -8.437 -8
    endloop
  endfacet
  facet normal 0 -0 -1
    outer loop
      vertex -46.1844 34.2527 -8
      vertex -30.75 0 -8
      vertex -46.5148 33.7836 -8
    endloop
  endfacet
  facet normal 0 0 -1
    outer loop
      vertex -30.75 0 -8
      vertex -46.1844 34.2527 -8
      vertex -44.4481 36.4776 -8
    endloop
  endfacet
  facet normal -0 0 -1
    outer loop
      vertex -30.56 -1.09489 -8
      vertex -57.1782 -6 -8
      vertex -30.6101 -0.943425 -8
    endloop
  endfacet
  facet normal 0 0 -1
    outer loop
      vertex -99.8396 -59.8416 -8
      vertex -46.5148 -33.7836 -8
      vertex -97.6467 -63.3046 -8
    endloop
  endfacet
  facet normal -0 0 -1
    outer loop
      vertex -46.5148 -33.7836 -8
      vertex -99.8396 -59.8416 -8
      vertex -52.5096 -23.3882 -8
    endloop
  endfacet
  facet normal 0 0 -1
    outer loop
      vertex -102.656 -54.8706 -8
      vertex -52.5096 -23.3882 -8
      vertex -99.8396 -59.8416 -8
    endloop
  endfacet
  facet normal 0 0 -1
    outer loop
      vertex -52.5096 -23.3882 -8
      vertex -102.656 -54.8706 -8
      vertex -103.643 -52.9099 -8
    endloop
  endfacet
  facet normal 0 0 -1
    outer loop
      vertex -26.2563 3.00261 -8
      vertex -15.7285 21.2373 -8
      vertex -26.1104 2.93796 -8
    endloop
  endfacet
  facet normal -0 0 -1
    outer loop
      vertex -15.7285 21.2373 -8
      vertex -26.2563 3.00261 -8
      vertex -15.8526 21.3375 -8
    endloop
  endfacet
  facet normal 0 0 -1
    outer loop
      vertex -26.4051 3.06002 -8
      vertex -15.8526 21.3375 -8
      vertex -26.2563 3.00261 -8
    endloop
  endfacet
  facet normal -0 0 -1
    outer loop
      vertex -15.8526 21.3375 -8
      vertex -26.4051 3.06002 -8
      vertex -15.9717 21.4436 -8
    endloop
  endfacet
  facet normal 0 0 -1
    outer loop
      vertex -26.5566 3.11006 -8
      vertex -15.9717 21.4436 -8
      vertex -26.4051 3.06002 -8
    endloop
  endfacet
  facet normal -0 0 -1
    outer loop
      vertex -15.9717 21.4436 -8
      vertex -26.5566 3.11006 -8
      vertex -16.0854 21.5555 -8
    endloop
  endfacet
  facet normal 0 0 -1
    outer loop
      vertex -26.7103 3.1526 -8
      vertex -16.0854 21.5555 -8
      vertex -26.5566 3.11006 -8
    endloop
  endfacet
  facet normal -0 0 -1
    outer loop
      vertex -16.0854 21.5555 -8
      vertex -26.7103 3.1526 -8
      vertex -16.1935 21.6728 -8
    endloop
  endfacet
  facet normal 0 0 -1
    outer loop
      vertex -26.866 3.18755 -8
      vertex -16.1935 21.6728 -8
      vertex -26.7103 3.1526 -8
    endloop
  endfacet
  facet normal -0 0 -1
    outer loop
      vertex -16.1935 21.6728 -8
      vertex -26.866 3.18755 -8
      vertex -16.2957 21.7953 -8
    endloop
  endfacet
  facet normal 0 0 -1
    outer loop
      vertex -27.0231 3.21482 -8
      vertex -16.2957 21.7953 -8
      vertex -26.866 3.18755 -8
    endloop
  endfacet
  facet normal -0 0 -1
    outer loop
      vertex -16.2957 21.7953 -8
      vertex -27.0231 3.21482 -8
      vertex -16.3918 21.9226 -8
    endloop
  endfacet
  facet normal 0 0 -1
    outer loop
      vertex -27.1814 3.23435 -8
      vertex -16.3918 21.9226 -8
      vertex -27.0231 3.21482 -8
    endloop
  endfacet
  facet normal -0 0 -1
    outer loop
      vertex -16.3918 21.9226 -8
      vertex -27.1814 3.23435 -8
      vertex -16.4815 22.0546 -8
    endloop
  endfacet
  facet normal 0 0 -1
    outer loop
      vertex -27.3405 3.24609 -8
      vertex -16.4815 22.0546 -8
      vertex -27.1814 3.23435 -8
    endloop
  endfacet
  facet normal -0 0 -1
    outer loop
      vertex -16.4815 22.0546 -8
      vertex -27.3405 3.24609 -8
      vertex -16.5646 22.1907 -8
    endloop
  endfacet
  facet normal 0 0 -1
    outer loop
      vertex -13.6968 27.0653 -8
      vertex -19.3712 54.1388 -8
      vertex -16.6914 55.0241 -8
    endloop
  endfacet
  facet normal 0 0 -1
    outer loop
      vertex -27.5 3.25 -8
      vertex -16.5646 22.1907 -8
      vertex -27.3405 3.24609 -8
    endloop
  endfacet
  facet normal 0 0 -1
    outer loop
      vertex -14.1742 27.0379 -8
      vertex -22.0043 53.1231 -8
      vertex -19.3712 54.1388 -8
    endloop
  endfacet
  facet normal -0 0 -1
    outer loop
      vertex -16.5646 22.1907 -8
      vertex -27.5 3.25 -8
      vertex -16.6409 22.3308 -8
    endloop
  endfacet
  facet normal 0 0 -1
    outer loop
      vertex -14.488 26.9808 -8
      vertex -23.3882 52.5096 -8
      vertex -22.0043 53.1231 -8
    endloop
  endfacet
  facet normal 0 0 -1
    outer loop
      vertex -27.6595 3.24609 -8
      vertex -16.6409 22.3308 -8
      vertex -27.5 3.25 -8
    endloop
  endfacet
  facet normal -0 0 -1
    outer loop
      vertex -16.6409 22.3308 -8
      vertex -27.6595 3.24609 -8
      vertex -16.7103 22.4744 -8
    endloop
  endfacet
  facet normal 0 0 -1
    outer loop
      vertex -27.8186 3.23435 -8
      vertex -16.7103 22.4744 -8
      vertex -27.6595 3.24609 -8
    endloop
  endfacet
  facet normal -0 0 -1
    outer loop
      vertex -16.7103 22.4744 -8
      vertex -27.8186 3.23435 -8
      vertex -16.7726 22.6213 -8
    endloop
  endfacet
  facet normal 0 0 -1
    outer loop
      vertex -27.9769 3.21482 -8
      vertex -16.7726 22.6213 -8
      vertex -27.8186 3.23435 -8
    endloop
  endfacet
  facet normal -0 0 -1
    outer loop
      vertex -16.7726 22.6213 -8
      vertex -27.9769 3.21482 -8
      vertex -16.8275 22.771 -8
    endloop
  endfacet
  facet normal 0 0 -1
    outer loop
      vertex -28.134 3.18755 -8
      vertex -16.8275 22.771 -8
      vertex -27.9769 3.21482 -8
    endloop
  endfacet
  facet normal -0 0 -1
    outer loop
      vertex -16.8275 22.771 -8
      vertex -28.134 3.18755 -8
      vertex -16.8751 22.9233 -8
    endloop
  endfacet
  facet normal 0 0 -1
    outer loop
      vertex -28.2897 3.1526 -8
      vertex -16.8751 22.9233 -8
      vertex -28.134 3.18755 -8
    endloop
  endfacet
  facet normal -0 0 -1
    outer loop
      vertex -16.8751 22.9233 -8
      vertex -28.2897 3.1526 -8
      vertex -16.9151 23.0777 -8
    endloop
  endfacet
  facet normal 0 0 -1
    outer loop
      vertex -28.4434 3.11006 -8
      vertex -16.9151 23.0777 -8
      vertex -28.2897 3.1526 -8
    endloop
  endfacet
  facet normal -0 0 -1
    outer loop
      vertex -16.9151 23.0777 -8
      vertex -28.4434 3.11006 -8
      vertex -16.9475 23.2339 -8
    endloop
  endfacet
  facet normal 0 0 -1
    outer loop
      vertex -28.5949 3.06002 -8
      vertex -16.9475 23.2339 -8
      vertex -28.4434 3.11006 -8
    endloop
  endfacet
  facet normal -0 0 -1
    outer loop
      vertex -16.9475 23.2339 -8
      vertex -28.5949 3.06002 -8
      vertex -16.9722 23.3915 -8
    endloop
  endfacet
  facet normal 0 0 -1
    outer loop
      vertex -28.7437 3.00261 -8
      vertex -16.9722 23.3915 -8
      vertex -28.5949 3.06002 -8
    endloop
  endfacet
  facet normal -0 0 -1
    outer loop
      vertex -16.9722 23.3915 -8
      vertex -28.7437 3.00261 -8
      vertex -16.9891 23.5501 -8
    endloop
  endfacet
  facet normal 0 0 -1
    outer loop
      vertex -28.8896 2.93796 -8
      vertex -16.9891 23.5501 -8
      vertex -28.7437 3.00261 -8
    endloop
  endfacet
  facet normal -0 0 -1
    outer loop
      vertex -16.9891 23.5501 -8
      vertex -28.8896 2.93796 -8
      vertex -16.9983 23.7094 -8
    endloop
  endfacet
  facet normal 0 0 -1
    outer loop
      vertex -29.032 2.86624 -8
      vertex -16.9983 23.7094 -8
      vertex -28.8896 2.93796 -8
    endloop
  endfacet
  facet normal -0 0 -1
    outer loop
      vertex -16.9983 23.7094 -8
      vertex -29.032 2.86624 -8
      vertex -16.9996 23.8689 -8
    endloop
  endfacet
  facet normal -0 0 -1
    outer loop
      vertex -16.9996 23.8689 -8
      vertex -29.032 2.86624 -8
      vertex -33.7836 46.5148 -8
    endloop
  endfacet
  facet normal 0 0 -1
    outer loop
      vertex -33.7836 46.5148 -8
      vertex -29.032 2.86624 -8
      vertex -29.1708 2.78762 -8
    endloop
  endfacet
  facet normal 0 0 -1
    outer loop
      vertex -33.7836 46.5148 -8
      vertex -29.1708 2.78762 -8
      vertex -29.3056 2.70228 -8
    endloop
  endfacet
  facet normal 0 0 -1
    outer loop
      vertex -33.7836 46.5148 -8
      vertex -29.3056 2.70228 -8
      vertex -29.436 2.61042 -8
    endloop
  endfacet
  facet normal 0 0 -1
    outer loop
      vertex -33.7836 46.5148 -8
      vertex -29.436 2.61042 -8
      vertex -29.5618 2.51228 -8
    endloop
  endfacet
  facet normal 0 0 -1
    outer loop
      vertex -33.7836 46.5148 -8
      vertex -29.5618 2.51228 -8
      vertex -29.6826 2.40809 -8
    endloop
  endfacet
  facet normal 0 0 -1
    outer loop
      vertex -33.7836 46.5148 -8
      vertex -29.6826 2.40809 -8
      vertex -29.7981 2.2981 -8
    endloop
  endfacet
  facet normal 0 0 -1
    outer loop
      vertex -33.7836 46.5148 -8
      vertex -29.7981 2.2981 -8
      vertex -29.9081 2.18257 -8
    endloop
  endfacet
  facet normal 0 0 -1
    outer loop
      vertex -33.7836 46.5148 -8
      vertex -29.9081 2.18257 -8
      vertex -30.0123 2.06178 -8
    endloop
  endfacet
  facet normal 0 0 -1
    outer loop
      vertex -33.7836 46.5148 -8
      vertex -30.0123 2.06178 -8
      vertex -30.1104 1.93602 -8
    endloop
  endfacet
  facet normal 0 0 -1
    outer loop
      vertex -33.7836 46.5148 -8
      vertex -30.1104 1.93602 -8
      vertex -30.2023 1.8056 -8
    endloop
  endfacet
  facet normal 0 0 -1
    outer loop
      vertex -33.7836 46.5148 -8
      vertex -30.2023 1.8056 -8
      vertex -30.2876 1.67083 -8
    endloop
  endfacet
  facet normal 0 0 -1
    outer loop
      vertex -33.7836 46.5148 -8
      vertex -30.2876 1.67083 -8
      vertex -30.3662 1.53204 -8
    endloop
  endfacet
  facet normal 0 0 -1
    outer loop
      vertex -33.7836 46.5148 -8
      vertex -30.3662 1.53204 -8
      vertex -30.438 1.38955 -8
    endloop
  endfacet
  facet normal 0 0 -1
    outer loop
      vertex -33.7836 46.5148 -8
      vertex -30.438 1.38955 -8
      vertex -30.5026 1.24372 -8
    endloop
  endfacet
  facet normal 0 0 -1
    outer loop
      vertex -33.7836 46.5148 -8
      vertex -30.5026 1.24372 -8
      vertex -30.56 1.09489 -8
    endloop
  endfacet
  facet normal 0 0 -1
    outer loop
      vertex -33.7836 46.5148 -8
      vertex -30.56 1.09489 -8
      vertex -30.6101 0.943425 -8
    endloop
  endfacet
  facet normal 0 0 -1
    outer loop
      vertex -33.7836 46.5148 -8
      vertex -30.6101 0.943425 -8
      vertex -30.6526 0.789685 -8
    endloop
  endfacet
  facet normal 0 0 -1
    outer loop
      vertex -33.7836 46.5148 -8
      vertex -30.6526 0.789685 -8
      vertex -30.6876 0.634043 -8
    endloop
  endfacet
  facet normal 0 0 -1
    outer loop
      vertex -33.7836 46.5148 -8
      vertex -30.6876 0.634043 -8
      vertex -30.7148 0.476873 -8
    endloop
  endfacet
  facet normal -0 0 -1
    outer loop
      vertex -30.1104 -1.93602 -8
      vertex -55.7768 -13.9714 -8
      vertex -30.2023 -1.8056 -8
    endloop
  endfacet
  facet normal 0 0 -1
    outer loop
      vertex -30.75 0 -8
      vertex -33.7836 46.5148 -8
      vertex -30.7461 0.15947 -8
    endloop
  endfacet
  facet normal 0 0 -1
    outer loop
      vertex -33.7836 46.5148 -8
      vertex -30.7344 0.318555 -8
      vertex -30.7461 0.15947 -8
    endloop
  endfacet
  facet normal 0 0 -1
    outer loop
      vertex -33.7836 46.5148 -8
      vertex -30.7148 0.476873 -8
      vertex -30.7344 0.318555 -8
    endloop
  endfacet
  facet normal 0 0 -1
    outer loop
      vertex -15.375 26.6303 -8
      vertex -33.7836 46.5148 -8
      vertex -23.3882 52.5096 -8
    endloop
  endfacet
  facet normal 0 0 -1
    outer loop
      vertex -59.8416 99.8396 -8
      vertex -23.3882 52.5096 -8
      vertex -33.7836 46.5148 -8
    endloop
  endfacet
  facet normal 0 0 -1
    outer loop
      vertex -23.3882 52.5096 -8
      vertex -54.8706 102.656 -8
      vertex -52.9099 103.643 -8
    endloop
  endfacet
  facet normal 0 0 -1
    outer loop
      vertex -23.3882 52.5096 -8
      vertex -59.8416 99.8396 -8
      vertex -54.8706 102.656 -8
    endloop
  endfacet
  facet normal 0 -0 -1
    outer loop
      vertex -59.8416 99.8396 -8
      vertex -33.7836 46.5148 -8
      vertex -63.3046 97.6467 -8
    endloop
  endfacet
  facet normal 0 0 -1
    outer loop
      vertex -30.75 0 -8
      vertex -52.5096 23.3882 -8
      vertex -46.5148 33.7836 -8
    endloop
  endfacet
  facet normal 0 0 -1
    outer loop
      vertex -99.8396 59.8416 -8
      vertex -46.5148 33.7836 -8
      vertex -52.5096 23.3882 -8
    endloop
  endfacet
  facet normal 0 0 -1
    outer loop
      vertex -46.5148 33.7836 -8
      vertex -99.8396 59.8416 -8
      vertex -97.6467 63.3046 -8
    endloop
  endfacet
  facet normal 0 0 -1
    outer loop
      vertex -52.5096 23.3882 -8
      vertex -102.656 54.8706 -8
      vertex -99.8396 59.8416 -8
    endloop
  endfacet
  facet normal 0 -0 -1
    outer loop
      vertex -102.656 54.8706 -8
      vertex -52.5096 23.3882 -8
      vertex -103.643 52.9099 -8
    endloop
  endfacet
  facet normal -0 0 -1
    outer loop
      vertex -4.62692 -7.71956 -8
      vertex -12.2651 -20.9248 -8
      vertex -5.00013 -7.48323 -8
    endloop
  endfacet
  facet normal 0 0 -1
    outer loop
      vertex 10.5004 23.7625 -8
      vertex -10.5004 23.7625 -8
      vertex 10.5017 23.922 -8
    endloop
  endfacet
  facet normal 0 0 -1
    outer loop
      vertex -12.4087 -20.8554 -8
      vertex -5.00013 -7.48323 -8
      vertex -12.2651 -20.9248 -8
    endloop
  endfacet
  facet normal 0 -0 -1
    outer loop
      vertex -10.5004 23.7625 -8
      vertex 10.5004 23.7625 -8
      vertex -10.507 23.6031 -8
    endloop
  endfacet
  facet normal 0 0 -1
    outer loop
      vertex -12.5556 -20.7931 -8
      vertex -5.00013 -7.48323 -8
      vertex -12.4087 -20.8554 -8
    endloop
  endfacet
  facet normal 0 0 -1
    outer loop
      vertex 10.507 23.6031 -8
      vertex -10.507 23.6031 -8
      vertex 10.5004 23.7625 -8
    endloop
  endfacet
  facet normal -0 0 -1
    outer loop
      vertex -5.00013 -7.48323 -8
      vertex -12.5556 -20.7931 -8
      vertex -5.36129 -7.22887 -8
    endloop
  endfacet
  facet normal 0 -0 -1
    outer loop
      vertex -10.507 23.6031 -8
      vertex 10.507 23.6031 -8
      vertex -10.5213 23.4443 -8
    endloop
  endfacet
  facet normal 0 0 -1
    outer loop
      vertex -12.7053 -20.7382 -8
      vertex -5.36129 -7.22887 -8
      vertex -12.5556 -20.7931 -8
    endloop
  endfacet
  facet normal 0 0 -1
    outer loop
      vertex 10.5213 23.4443 -8
      vertex -10.5213 23.4443 -8
      vertex 10.507 23.6031 -8
    endloop
  endfacet
  facet normal -0 0 -1
    outer loop
      vertex -5.36129 -7.22887 -8
      vertex -12.7053 -20.7382 -8
      vertex -5.70954 -6.95709 -8
    endloop
  endfacet
  facet normal 0 0 -1
    outer loop
      vertex 0 9 -8
      vertex -10.6558 22.8215 -8
      vertex -10.6107 22.9745 -8
    endloop
  endfacet
  facet normal 0 0 -1
    outer loop
      vertex -12.8576 -20.6906 -8
      vertex -5.70954 -6.95709 -8
      vertex -12.7053 -20.7382 -8
    endloop
  endfacet
  facet normal 0 0 -1
    outer loop
      vertex -0.441608 8.98916 -8
      vertex -10.7083 22.6709 -8
      vertex -10.6558 22.8215 -8
    endloop
  endfacet
  facet normal 0 0 -1
    outer loop
      vertex -13.012 -20.6506 -8
      vertex -5.70954 -6.95709 -8
      vertex -12.8576 -20.6906 -8
    endloop
  endfacet
  facet normal 0 0 -1
    outer loop
      vertex -0.882154 8.95666 -8
      vertex -10.7681 22.523 -8
      vertex -10.7083 22.6709 -8
    endloop
  endfacet
  facet normal -0 0 -1
    outer loop
      vertex -5.70954 -6.95709 -8
      vertex -13.012 -20.6506 -8
      vertex -6.04403 -6.66856 -8
    endloop
  endfacet
  facet normal 0 0 -1
    outer loop
      vertex -0.882154 8.95666 -8
      vertex -10.8352 22.3783 -8
      vertex -10.7681 22.523 -8
    endloop
  endfacet
  facet normal 0 0 -1
    outer loop
      vertex -13.1682 -20.6182 -8
      vertex -6.04403 -6.66856 -8
      vertex -13.012 -20.6506 -8
    endloop
  endfacet
  facet normal 0 0 -1
    outer loop
      vertex -1.32057 8.90259 -8
      vertex -10.9092 22.237 -8
      vertex -10.8352 22.3783 -8
    endloop
  endfacet
  facet normal -0 0 -1
    outer loop
      vertex -6.04403 -6.66856 -8
      vertex -13.1682 -20.6182 -8
      vertex -6.36396 -6.36396 -8
    endloop
  endfacet
  facet normal 0 0 -1
    outer loop
      vertex -1.75581 8.82707 -8
      vertex -10.9901 22.0995 -8
      vertex -10.9092 22.237 -8
    endloop
  endfacet
  facet normal 0 0 -1
    outer loop
      vertex -13.3258 -20.5935 -8
      vertex -6.36396 -6.36396 -8
      vertex -13.1682 -20.6182 -8
    endloop
  endfacet
  facet normal 0 0 -1
    outer loop
      vertex -1.75581 8.82707 -8
      vertex -11.0776 21.9661 -8
      vertex -10.9901 22.0995 -8
    endloop
  endfacet
  facet normal 0 0 -1
    outer loop
      vertex -13.4844 -20.5766 -8
      vertex -6.36396 -6.36396 -8
      vertex -13.3258 -20.5935 -8
    endloop
  endfacet
  facet normal 0 0 -1
    outer loop
      vertex -2.18682 8.73028 -8
      vertex -11.1716 21.8372 -8
      vertex -11.0776 21.9661 -8
    endloop
  endfacet
  facet normal -0 0 -1
    outer loop
      vertex -6.36396 -6.36396 -8
      vertex -13.4844 -20.5766 -8
      vertex -6.66856 -6.04403 -8
    endloop
  endfacet
  facet normal 0 0 -1
    outer loop
      vertex -2.61256 8.61246 -8
      vertex -11.2718 21.7131 -8
      vertex -11.1716 21.8372 -8
    endloop
  endfacet
  facet normal 0 0 -1
    outer loop
      vertex -13.6437 -20.5674 -8
      vertex -6.66856 -6.04403 -8
      vertex -13.4844 -20.5766 -8
    endloop
  endfacet
  facet normal 0 0 -1
    outer loop
      vertex -2.61256 8.61246 -8
      vertex -11.3779 21.594 -8
      vertex -11.2718 21.7131 -8
    endloop
  endfacet
  facet normal -0 0 -1
    outer loop
      vertex -6.66856 -6.04403 -8
      vertex -13.6437 -20.5674 -8
      vertex -6.95709 -5.70954 -8
    endloop
  endfacet
  facet normal 0 0 -1
    outer loop
      vertex -3.03201 8.4739 -8
      vertex -11.4898 21.4803 -8
      vertex -11.3779 21.594 -8
    endloop
  endfacet
  facet normal 0 0 -1
    outer loop
      vertex -13.8032 -20.5661 -8
      vertex -6.95709 -5.70954 -8
      vertex -13.6437 -20.5674 -8
    endloop
  endfacet
  facet normal 0 0 -1
    outer loop
      vertex -3.44415 8.31492 -8
      vertex -11.6071 21.3722 -8
      vertex -11.4898 21.4803 -8
    endloop
  endfacet
  facet normal 0 0 -1
    outer loop
      vertex -13.9626 -20.5727 -8
      vertex -6.95709 -5.70954 -8
      vertex -13.8032 -20.5661 -8
    endloop
  endfacet
  facet normal 0 0 -1
    outer loop
      vertex -3.44415 8.31492 -8
      vertex -11.7296 21.27 -8
      vertex -11.6071 21.3722 -8
    endloop
  endfacet
  facet normal -0 0 -1
    outer loop
      vertex -6.95709 -5.70954 -8
      vertex -13.9626 -20.5727 -8
      vertex -7.22887 -5.36129 -8
    endloop
  endfacet
  facet normal 0 0 -1
    outer loop
      vertex -3.848 8.1359 -8
      vertex -11.8569 21.1739 -8
      vertex -11.7296 21.27 -8
    endloop
  endfacet
  facet normal 0 0 -1
    outer loop
      vertex -14.1214 -20.587 -8
      vertex -7.22887 -5.36129 -8
      vertex -13.9626 -20.5727 -8
    endloop
  endfacet
  facet normal 0 0 -1
    outer loop
      vertex -4.24257 7.93729 -8
      vertex -11.9889 21.0842 -8
      vertex -11.8569 21.1739 -8
    endloop
  endfacet
  facet normal -0 0 -1
    outer loop
      vertex -7.22887 -5.36129 -8
      vertex -14.1214 -20.587 -8
      vertex -7.48323 -5.00013 -8
    endloop
  endfacet
  facet normal 0 0 -1
    outer loop
      vertex -4.24257 7.93729 -8
      vertex -12.125 21.0011 -8
      vertex -11.9889 21.0842 -8
    endloop
  endfacet
  facet normal 0 0 -1
    outer loop
      vertex -14.4361 -20.6389 -8
      vertex -7.48323 -5.00013 -8
      vertex -14.2794 -20.6091 -8
    endloop
  endfacet
  facet normal 0 0 -1
    outer loop
      vertex -8.98916 -0.441608 -8
      vertex -24.2539 -0.15947 -8
      vertex -9 0 -8
    endloop
  endfacet
  facet normal 0 -0 -1
    outer loop
      vertex -24.2539 -0.15947 -8
      vertex -8.98916 -0.441608 -8
      vertex -24.2656 -0.318555 -8
    endloop
  endfacet
  facet normal 0 0 -1
    outer loop
      vertex -14.2794 -20.6091 -8
      vertex -7.48323 -5.00013 -8
      vertex -14.1214 -20.587 -8
    endloop
  endfacet
  facet normal -0 0 -1
    outer loop
      vertex -7.48323 -5.00013 -8
      vertex -14.4361 -20.6389 -8
      vertex -7.71956 -4.62692 -8
    endloop
  endfacet
  facet normal -0 0 -1
    outer loop
      vertex -9 0 -8
      vertex -24.2539 -0.15947 -8
      vertex -24.25 0 -8
    endloop
  endfacet
  facet normal 0 0 -1
    outer loop
      vertex -14.5912 -20.6764 -8
      vertex -7.71956 -4.62692 -8
      vertex -14.4361 -20.6389 -8
    endloop
  endfacet
  facet normal 0 0 -1
    outer loop
      vertex -24.2539 0.15947 -8
      vertex -9 0 -8
      vertex -24.25 0 -8
    endloop
  endfacet
  facet normal -0 0 -1
    outer loop
      vertex -7.71956 -4.62692 -8
      vertex -14.5912 -20.6764 -8
      vertex -7.93729 -4.24257 -8
    endloop
  endfacet
  facet normal 0 0 -1
    outer loop
      vertex -4.62692 7.71956 -8
      vertex -12.2651 20.9248 -8
      vertex -12.125 21.0011 -8
    endloop
  endfacet
  facet normal 0 0 -1
    outer loop
      vertex -24.2852 -0.476873 -8
      vertex -7.93729 -4.24257 -8
      vertex -14.5912 -20.6764 -8
    endloop
  endfacet
  facet normal 0 0 -1
    outer loop
      vertex -8.98916 0.441608 -8
      vertex -24.2539 0.15947 -8
      vertex -24.2656 0.318555 -8
    endloop
  endfacet
  facet normal 0 0 -1
    outer loop
      vertex -7.93729 -4.24257 -8
      vertex -24.2852 -0.476873 -8
      vertex -8.1359 -3.848 -8
    endloop
  endfacet
  facet normal 0 0 -1
    outer loop
      vertex -5.00013 7.48323 -8
      vertex -12.4087 20.8554 -8
      vertex -12.2651 20.9248 -8
    endloop
  endfacet
  facet normal 0 0 -1
    outer loop
      vertex -8.1359 -3.848 -8
      vertex -24.2852 -0.476873 -8
      vertex -8.31492 -3.44415 -8
    endloop
  endfacet
  facet normal 0 0 -1
    outer loop
      vertex -8.95666 0.882154 -8
      vertex -24.2656 0.318555 -8
      vertex -24.2852 0.476873 -8
    endloop
  endfacet
  facet normal 0 0 -1
    outer loop
      vertex -8.31492 -3.44415 -8
      vertex -24.2852 -0.476873 -8
      vertex -8.4739 -3.03201 -8
    endloop
  endfacet
  facet normal 0 0 -1
    outer loop
      vertex -5.00013 7.48323 -8
      vertex -12.5556 20.7931 -8
      vertex -12.4087 20.8554 -8
    endloop
  endfacet
  facet normal 0 0 -1
    outer loop
      vertex -8.4739 -3.03201 -8
      vertex -24.2852 -0.476873 -8
      vertex -8.61246 -2.61256 -8
    endloop
  endfacet
  facet normal 0 0 -1
    outer loop
      vertex -8.95666 0.882154 -8
      vertex -24.2852 0.476873 -8
      vertex -24.3124 0.634043 -8
    endloop
  endfacet
  facet normal 0 0 -1
    outer loop
      vertex -8.73028 -2.18682 -8
      vertex -24.2852 -0.476873 -8
      vertex -8.82707 -1.75581 -8
    endloop
  endfacet
  facet normal 0 0 -1
    outer loop
      vertex -5.36129 7.22887 -8
      vertex -12.7053 20.7382 -8
      vertex -12.5556 20.7931 -8
    endloop
  endfacet
  facet normal 0 0 -1
    outer loop
      vertex -8.82707 -1.75581 -8
      vertex -24.2852 -0.476873 -8
      vertex -8.90259 -1.32057 -8
    endloop
  endfacet
  facet normal 0 0 -1
    outer loop
      vertex -8.90259 1.32057 -8
      vertex -24.3124 0.634043 -8
      vertex -24.3474 0.789685 -8
    endloop
  endfacet
  facet normal 0 -0 -1
    outer loop
      vertex -24.2656 -0.318555 -8
      vertex -8.95666 -0.882154 -8
      vertex -24.2852 -0.476873 -8
    endloop
  endfacet
  facet normal 0 0 -1
    outer loop
      vertex -5.70954 6.95709 -8
      vertex -12.8576 20.6906 -8
      vertex -12.7053 20.7382 -8
    endloop
  endfacet
  facet normal 0 0 -1
    outer loop
      vertex -8.95666 -0.882154 -8
      vertex -24.2656 -0.318555 -8
      vertex -8.98916 -0.441608 -8
    endloop
  endfacet
  facet normal 0 0 -1
    outer loop
      vertex -8.82707 1.75581 -8
      vertex -24.3474 0.789685 -8
      vertex -24.3899 0.943425 -8
    endloop
  endfacet
  facet normal 0 0 -1
    outer loop
      vertex -8.90259 -1.32057 -8
      vertex -24.2852 -0.476873 -8
      vertex -8.95666 -0.882154 -8
    endloop
  endfacet
  facet normal 0 0 -1
    outer loop
      vertex -5.70954 6.95709 -8
      vertex -13.012 20.6506 -8
      vertex -12.8576 20.6906 -8
    endloop
  endfacet
  facet normal 0 0 -1
    outer loop
      vertex -8.61246 -2.61256 -8
      vertex -24.2852 -0.476873 -8
      vertex -8.73028 -2.18682 -8
    endloop
  endfacet
  facet normal 0 0 -1
    outer loop
      vertex -8.82707 1.75581 -8
      vertex -24.3899 0.943425 -8
      vertex -24.44 1.09489 -8
    endloop
  endfacet
  facet normal 0 0 -1
    outer loop
      vertex -24.2852 -0.476873 -8
      vertex -14.5912 -20.6764 -8
      vertex -14.7442 -20.7215 -8
    endloop
  endfacet
  facet normal 0 0 -1
    outer loop
      vertex -6.04403 6.66856 -8
      vertex -13.1682 20.6182 -8
      vertex -13.012 20.6506 -8
    endloop
  endfacet
  facet normal 0 0 -1
    outer loop
      vertex -24.2852 -0.476873 -8
      vertex -14.7442 -20.7215 -8
      vertex -14.8948 -20.774 -8
    endloop
  endfacet
  facet normal 0 0 -1
    outer loop
      vertex -8.73028 2.18682 -8
      vertex -24.44 1.09489 -8
      vertex -24.4974 1.24372 -8
    endloop
  endfacet
  facet normal 0 0 -1
    outer loop
      vertex -24.2852 -0.476873 -8
      vertex -14.8948 -20.774 -8
      vertex -15.0427 -20.8338 -8
    endloop
  endfacet
  facet normal 0 0 -1
    outer loop
      vertex -6.36396 6.36396 -8
      vertex -13.3258 20.5935 -8
      vertex -13.1682 20.6182 -8
    endloop
  endfacet
  facet normal 0 0 -1
    outer loop
      vertex -24.2852 -0.476873 -8
      vertex -15.0427 -20.8338 -8
      vertex -15.1874 -20.9009 -8
    endloop
  endfacet
  facet normal 0 0 -1
    outer loop
      vertex -8.61246 2.61256 -8
      vertex -24.4974 1.24372 -8
      vertex -24.562 1.38955 -8
    endloop
  endfacet
  facet normal 0 0 -1
    outer loop
      vertex -24.2852 -0.476873 -8
      vertex -15.1874 -20.9009 -8
      vertex -15.3287 -20.9749 -8
    endloop
  endfacet
  facet normal 0 0 -1
    outer loop
      vertex -6.36396 6.36396 -8
      vertex -13.4844 20.5766 -8
      vertex -13.3258 20.5935 -8
    endloop
  endfacet
  facet normal 0 0 -1
    outer loop
      vertex -24.2852 -0.476873 -8
      vertex -15.3287 -20.9749 -8
      vertex -15.4662 -21.0558 -8
    endloop
  endfacet
  facet normal 0 0 -1
    outer loop
      vertex -8.61246 2.61256 -8
      vertex -24.562 1.38955 -8
      vertex -24.6338 1.53204 -8
    endloop
  endfacet
  facet normal 0 0 -1
    outer loop
      vertex -24.2852 -0.476873 -8
      vertex -15.4662 -21.0558 -8
      vertex -15.5996 -21.1433 -8
    endloop
  endfacet
  facet normal 0 0 -1
    outer loop
      vertex -6.66856 6.04403 -8
      vertex -13.6437 20.5674 -8
      vertex -13.4844 20.5766 -8
    endloop
  endfacet
  facet normal 0 0 -1
    outer loop
      vertex -24.2852 -0.476873 -8
      vertex -15.5996 -21.1433 -8
      vertex -15.7285 -21.2373 -8
    endloop
  endfacet
  facet normal 0 0 -1
    outer loop
      vertex -8.4739 3.03201 -8
      vertex -24.6338 1.53204 -8
      vertex -24.7124 1.67083 -8
    endloop
  endfacet
  facet normal 0 0 -1
    outer loop
      vertex -24.2852 -0.476873 -8
      vertex -15.7285 -21.2373 -8
      vertex -15.8526 -21.3375 -8
    endloop
  endfacet
  facet normal 0 0 -1
    outer loop
      vertex -6.95709 5.70954 -8
      vertex -13.8032 20.5661 -8
      vertex -13.6437 20.5674 -8
    endloop
  endfacet
  facet normal 0 0 -1
    outer loop
      vertex -24.2852 -0.476873 -8
      vertex -15.8526 -21.3375 -8
      vertex -15.9717 -21.4436 -8
    endloop
  endfacet
  facet normal 0 0 -1
    outer loop
      vertex -8.31492 3.44415 -8
      vertex -24.7124 1.67083 -8
      vertex -24.7977 1.8056 -8
    endloop
  endfacet
  facet normal 0 0 -1
    outer loop
      vertex -24.2852 -0.476873 -8
      vertex -15.9717 -21.4436 -8
      vertex -16.0854 -21.5555 -8
    endloop
  endfacet
  facet normal 0 0 -1
    outer loop
      vertex -6.95709 5.70954 -8
      vertex -13.9626 20.5727 -8
      vertex -13.8032 20.5661 -8
    endloop
  endfacet
  facet normal 0 0 -1
    outer loop
      vertex -24.2852 -0.476873 -8
      vertex -16.0854 -21.5555 -8
      vertex -16.1935 -21.6728 -8
    endloop
  endfacet
  facet normal 0 0 -1
    outer loop
      vertex -8.31492 3.44415 -8
      vertex -24.7977 1.8056 -8
      vertex -24.8896 1.93602 -8
    endloop
  endfacet
  facet normal 0 0 -1
    outer loop
      vertex -24.2852 -0.476873 -8
      vertex -16.1935 -21.6728 -8
      vertex -16.2957 -21.7953 -8
    endloop
  endfacet
  facet normal 0 0 -1
    outer loop
      vertex -7.22887 5.36129 -8
      vertex -14.1214 20.587 -8
      vertex -13.9626 20.5727 -8
    endloop
  endfacet
  facet normal 0 0 -1
    outer loop
      vertex -24.2852 -0.476873 -8
      vertex -16.2957 -21.7953 -8
      vertex -16.3918 -21.9226 -8
    endloop
  endfacet
  facet normal 0 0 -1
    outer loop
      vertex -8.1359 3.848 -8
      vertex -24.8896 1.93602 -8
      vertex -24.9877 2.06178 -8
    endloop
  endfacet
  facet normal 0 0 -1
    outer loop
      vertex -24.2852 -0.476873 -8
      vertex -16.3918 -21.9226 -8
      vertex -16.4815 -22.0546 -8
    endloop
  endfacet
  facet normal 0 0 -1
    outer loop
      vertex -7.48323 5.00013 -8
      vertex -14.2794 20.6091 -8
      vertex -14.1214 20.587 -8
    endloop
  endfacet
  facet normal 0 0 -1
    outer loop
      vertex -24.2852 -0.476873 -8
      vertex -16.4815 -22.0546 -8
      vertex -16.5646 -22.1907 -8
    endloop
  endfacet
  facet normal 0 0 -1
    outer loop
      vertex -7.93729 4.24257 -8
      vertex -24.9877 2.06178 -8
      vertex -25.0919 2.18257 -8
    endloop
  endfacet
  facet normal 0 0 -1
    outer loop
      vertex -24.2852 -0.476873 -8
      vertex -16.5646 -22.1907 -8
      vertex -16.6409 -22.3308 -8
    endloop
  endfacet
  facet normal 0 0 -1
    outer loop
      vertex -7.48323 5.00013 -8
      vertex -14.4361 20.6389 -8
      vertex -14.2794 20.6091 -8
    endloop
  endfacet
  facet normal 0 0 -1
    outer loop
      vertex -24.2852 -0.476873 -8
      vertex -16.6409 -22.3308 -8
      vertex -16.7103 -22.4744 -8
    endloop
  endfacet
  facet normal 0 0 -1
    outer loop
      vertex -7.93729 4.24257 -8
      vertex -25.0919 2.18257 -8
      vertex -25.2019 2.2981 -8
    endloop
  endfacet
  facet normal 0 0 -1
    outer loop
      vertex -24.2852 -0.476873 -8
      vertex -16.7103 -22.4744 -8
      vertex -16.7726 -22.6213 -8
    endloop
  endfacet
  facet normal 0 0 -1
    outer loop
      vertex -7.71956 4.62692 -8
      vertex -14.5912 20.6764 -8
      vertex -14.4361 20.6389 -8
    endloop
  endfacet
  facet normal 0 0 -1
    outer loop
      vertex -24.2852 -0.476873 -8
      vertex -16.7726 -22.6213 -8
      vertex -16.8275 -22.771 -8
    endloop
  endfacet
  facet normal -0 0 -1
    outer loop
      vertex -7.71956 4.62692 -8
      vertex -25.2019 2.2981 -8
      vertex -14.5912 20.6764 -8
    endloop
  endfacet
  facet normal 0 0 -1
    outer loop
      vertex -24.2852 -0.476873 -8
      vertex -16.8275 -22.771 -8
      vertex -16.8751 -22.9233 -8
    endloop
  endfacet
  facet normal -0 0 -1
    outer loop
      vertex -14.5912 20.6764 -8
      vertex -25.2019 2.2981 -8
      vertex -14.7442 20.7215 -8
    endloop
  endfacet
  facet normal 0 0 -1
    outer loop
      vertex -24.2852 -0.476873 -8
      vertex -16.8751 -22.9233 -8
      vertex -16.9151 -23.0777 -8
    endloop
  endfacet
  facet normal 0 0 -1
    outer loop
      vertex -25.3174 2.40809 -8
      vertex -14.7442 20.7215 -8
      vertex -25.2019 2.2981 -8
    endloop
  endfacet
  facet normal 0 0 -1
    outer loop
      vertex -24.2852 -0.476873 -8
      vertex -16.9151 -23.0777 -8
      vertex -16.9475 -23.2339 -8
    endloop
  endfacet
  facet normal -0 0 -1
    outer loop
      vertex -14.7442 20.7215 -8
      vertex -25.3174 2.40809 -8
      vertex -14.8948 20.774 -8
    endloop
  endfacet
  facet normal 0 0 -1
    outer loop
      vertex -24.2852 -0.476873 -8
      vertex -16.9475 -23.2339 -8
      vertex -16.9722 -23.3915 -8
    endloop
  endfacet
  facet normal 0 0 -1
    outer loop
      vertex -25.4382 2.51228 -8
      vertex -14.8948 20.774 -8
      vertex -25.3174 2.40809 -8
    endloop
  endfacet
  facet normal 0 0 -1
    outer loop
      vertex -24.2852 -0.476873 -8
      vertex -16.9722 -23.3915 -8
      vertex -16.9891 -23.5501 -8
    endloop
  endfacet
  facet normal -0 0 -1
    outer loop
      vertex -14.8948 20.774 -8
      vertex -25.4382 2.51228 -8
      vertex -15.0427 20.8338 -8
    endloop
  endfacet
  facet normal 0 0 -1
    outer loop
      vertex -24.2852 -0.476873 -8
      vertex -16.9891 -23.5501 -8
      vertex -16.9983 -23.7094 -8
    endloop
  endfacet
  facet normal 0 0 -1
    outer loop
      vertex -25.564 2.61042 -8
      vertex -15.0427 20.8338 -8
      vertex -25.4382 2.51228 -8
    endloop
  endfacet
  facet normal 0 0 -1
    outer loop
      vertex -16.993 -24.0283 -8
      vertex -24.2852 -0.476873 -8
      vertex -16.9996 -23.8689 -8
    endloop
  endfacet
  facet normal 0 0 -1
    outer loop
      vertex -16.9996 -23.8689 -8
      vertex -24.2852 -0.476873 -8
      vertex -16.9983 -23.7094 -8
    endloop
  endfacet
  facet normal 0 0 -1
    outer loop
      vertex -5.71148 116.26 -8
      vertex -6 57.1782 -8
      vertex -6 116.239 -8
    endloop
  endfacet
  facet normal 0 0 -1
    outer loop
      vertex 23.3882 -52.5096 -8
      vertex 59.8416 -99.8396 -8
      vertex 54.8706 -102.656 -8
    endloop
  endfacet
  facet normal 0 0 -1
    outer loop
      vertex 23.3882 -52.5096 -8
      vertex 54.8706 -102.656 -8
      vertex 52.9099 -103.643 -8
    endloop
  endfacet
  facet normal 0 0 -1
    outer loop
      vertex 59.8416 -99.8396 -8
      vertex 33.7836 -46.5148 -8
      vertex 63.3046 -97.6467 -8
    endloop
  endfacet
  facet normal 0 0 -1
    outer loop
      vertex 30.1104 1.93602 -8
      vertex 55.7768 13.9714 -8
      vertex 30.2023 1.8056 -8
    endloop
  endfacet
  facet normal 0 0 -1
    outer loop
      vertex 34.2527 -46.1844 -8
      vertex 30.7461 -0.15947 -8
      vertex 30.75 0 -8
    endloop
  endfacet
  facet normal 0 0 -1
    outer loop
      vertex 34.2527 -46.1844 -8
      vertex 30.7344 -0.318555 -8
      vertex 30.7461 -0.15947 -8
    endloop
  endfacet
  facet normal 0 0 -1
    outer loop
      vertex 34.2527 -46.1844 -8
      vertex 30.7148 -0.476873 -8
      vertex 30.7344 -0.318555 -8
    endloop
  endfacet
  facet normal 0 0 -1
    outer loop
      vertex 34.2527 -46.1844 -8
      vertex 30.6876 -0.634043 -8
      vertex 30.7148 -0.476873 -8
    endloop
  endfacet
  facet normal 0 0 -1
    outer loop
      vertex 34.2527 -46.1844 -8
      vertex 30.6526 -0.789685 -8
      vertex 30.6876 -0.634043 -8
    endloop
  endfacet
  facet normal 0 0 -1
    outer loop
      vertex 34.2527 -46.1844 -8
      vertex 30.6101 -0.943425 -8
      vertex 30.6526 -0.789685 -8
    endloop
  endfacet
  facet normal 0 0 -1
    outer loop
      vertex 34.2527 -46.1844 -8
      vertex 30.56 -1.09489 -8
      vertex 30.6101 -0.943425 -8
    endloop
  endfacet
  facet normal 0 0 -1
    outer loop
      vertex 34.2527 -46.1844 -8
      vertex 30.5026 -1.24372 -8
      vertex 30.56 -1.09489 -8
    endloop
  endfacet
  facet normal 0 0 -1
    outer loop
      vertex 34.2527 -46.1844 -8
      vertex 30.438 -1.38955 -8
      vertex 30.5026 -1.24372 -8
    endloop
  endfacet
  facet normal 0 0 -1
    outer loop
      vertex 34.2527 -46.1844 -8
      vertex 30.3662 -1.53204 -8
      vertex 30.438 -1.38955 -8
    endloop
  endfacet
  facet normal 0 0 -1
    outer loop
      vertex 34.2527 -46.1844 -8
      vertex 30.2876 -1.67083 -8
      vertex 30.3662 -1.53204 -8
    endloop
  endfacet
  facet normal 0 0 -1
    outer loop
      vertex 34.2527 -46.1844 -8
      vertex 30.2023 -1.8056 -8
      vertex 30.2876 -1.67083 -8
    endloop
  endfacet
  facet normal 0 0 -1
    outer loop
      vertex 34.2527 -46.1844 -8
      vertex 30.1104 -1.93602 -8
      vertex 30.2023 -1.8056 -8
    endloop
  endfacet
  facet normal 0 0 -1
    outer loop
      vertex 34.2527 -46.1844 -8
      vertex 30.0123 -2.06178 -8
      vertex 30.1104 -1.93602 -8
    endloop
  endfacet
  facet normal 0 0 -1
    outer loop
      vertex 34.2527 -46.1844 -8
      vertex 29.9081 -2.18257 -8
      vertex 30.0123 -2.06178 -8
    endloop
  endfacet
  facet normal 0 0 -1
    outer loop
      vertex 34.2527 -46.1844 -8
      vertex 29.7981 -2.2981 -8
      vertex 29.9081 -2.18257 -8
    endloop
  endfacet
  facet normal 0 0 -1
    outer loop
      vertex 34.2527 -46.1844 -8
      vertex 29.6826 -2.40809 -8
      vertex 29.7981 -2.2981 -8
    endloop
  endfacet
  facet normal 0 0 -1
    outer loop
      vertex 34.2527 -46.1844 -8
      vertex 29.5618 -2.51228 -8
      vertex 29.6826 -2.40809 -8
    endloop
  endfacet
  facet normal 0 0 -1
    outer loop
      vertex 34.2527 -46.1844 -8
      vertex 29.436 -2.61042 -8
      vertex 29.5618 -2.51228 -8
    endloop
  endfacet
  facet normal 0 0 -1
    outer loop
      vertex 34.2527 -46.1844 -8
      vertex 29.3056 -2.70228 -8
      vertex 29.436 -2.61042 -8
    endloop
  endfacet
  facet normal 0 0 -1
    outer loop
      vertex 34.2527 -46.1844 -8
      vertex 29.1708 -2.78762 -8
      vertex 29.3056 -2.70228 -8
    endloop
  endfacet
  facet normal 0 0 -1
    outer loop
      vertex 34.2527 -46.1844 -8
      vertex 29.032 -2.86624 -8
      vertex 29.1708 -2.78762 -8
    endloop
  endfacet
  facet normal 0 0 -1
    outer loop
      vertex 34.2527 -46.1844 -8
      vertex 16.9996 -23.8689 -8
      vertex 29.032 -2.86624 -8
    endloop
  endfacet
  facet normal 0 0 -1
    outer loop
      vertex 16.9983 -23.7094 -8
      vertex 29.032 -2.86624 -8
      vertex 16.9996 -23.8689 -8
    endloop
  endfacet
  facet normal 0 0 -1
    outer loop
      vertex 29.032 -2.86624 -8
      vertex 16.9983 -23.7094 -8
      vertex 28.8896 -2.93796 -8
    endloop
  endfacet
  facet normal 0 0 -1
    outer loop
      vertex 16.9891 -23.5501 -8
      vertex 28.8896 -2.93796 -8
      vertex 16.9983 -23.7094 -8
    endloop
  endfacet
  facet normal 0 0 -1
    outer loop
      vertex 28.8896 -2.93796 -8
      vertex 16.9891 -23.5501 -8
      vertex 28.7437 -3.00261 -8
    endloop
  endfacet
  facet normal 0 0 -1
    outer loop
      vertex 16.9722 -23.3915 -8
      vertex 28.7437 -3.00261 -8
      vertex 16.9891 -23.5501 -8
    endloop
  endfacet
  facet normal 0 0 -1
    outer loop
      vertex 28.7437 -3.00261 -8
      vertex 16.9722 -23.3915 -8
      vertex 28.5949 -3.06002 -8
    endloop
  endfacet
  facet normal 0 0 -1
    outer loop
      vertex 16.9475 -23.2339 -8
      vertex 28.5949 -3.06002 -8
      vertex 16.9722 -23.3915 -8
    endloop
  endfacet
  facet normal 0 0 -1
    outer loop
      vertex 28.5949 -3.06002 -8
      vertex 16.9475 -23.2339 -8
      vertex 28.4434 -3.11006 -8
    endloop
  endfacet
  facet normal 0 0 -1
    outer loop
      vertex 16.9151 -23.0777 -8
      vertex 28.4434 -3.11006 -8
      vertex 16.9475 -23.2339 -8
    endloop
  endfacet
  facet normal 0 0 -1
    outer loop
      vertex 28.4434 -3.11006 -8
      vertex 16.9151 -23.0777 -8
      vertex 28.2897 -3.1526 -8
    endloop
  endfacet
  facet normal 0 0 -1
    outer loop
      vertex 16.8751 -22.9233 -8
      vertex 28.2897 -3.1526 -8
      vertex 16.9151 -23.0777 -8
    endloop
  endfacet
  facet normal 0 0 -1
    outer loop
      vertex 28.2897 -3.1526 -8
      vertex 16.8751 -22.9233 -8
      vertex 28.134 -3.18755 -8
    endloop
  endfacet
  facet normal 0 0 -1
    outer loop
      vertex 16.8275 -22.771 -8
      vertex 28.134 -3.18755 -8
      vertex 16.8751 -22.9233 -8
    endloop
  endfacet
  facet normal 0 0 -1
    outer loop
      vertex 28.134 -3.18755 -8
      vertex 16.8275 -22.771 -8
      vertex 27.9769 -3.21482 -8
    endloop
  endfacet
  facet normal 0 0 -1
    outer loop
      vertex 16.7726 -22.6213 -8
      vertex 27.9769 -3.21482 -8
      vertex 16.8275 -22.771 -8
    endloop
  endfacet
  facet normal 0 0 -1
    outer loop
      vertex 27.9769 -3.21482 -8
      vertex 16.7726 -22.6213 -8
      vertex 27.8186 -3.23435 -8
    endloop
  endfacet
  facet normal 0 0 -1
    outer loop
      vertex 16.7103 -22.4744 -8
      vertex 27.8186 -3.23435 -8
      vertex 16.7726 -22.6213 -8
    endloop
  endfacet
  facet normal 0 0 -1
    outer loop
      vertex 27.8186 -3.23435 -8
      vertex 16.7103 -22.4744 -8
      vertex 27.6595 -3.24609 -8
    endloop
  endfacet
  facet normal 0 0 -1
    outer loop
      vertex 16.6409 -22.3308 -8
      vertex 27.6595 -3.24609 -8
      vertex 16.7103 -22.4744 -8
    endloop
  endfacet
  facet normal 0 0 -1
    outer loop
      vertex 27.6595 -3.24609 -8
      vertex 16.6409 -22.3308 -8
      vertex 27.5 -3.25 -8
    endloop
  endfacet
  facet normal 0 0 -1
    outer loop
      vertex 16.5646 -22.1907 -8
      vertex 27.5 -3.25 -8
      vertex 16.6409 -22.3308 -8
    endloop
  endfacet
  facet normal -0 0 -1
    outer loop
      vertex 27.5 -3.25 -8
      vertex 16.5646 -22.1907 -8
      vertex 27.3405 -3.24609 -8
    endloop
  endfacet
  facet normal 0 0 -1
    outer loop
      vertex 16.4815 -22.0546 -8
      vertex 27.3405 -3.24609 -8
      vertex 16.5646 -22.1907 -8
    endloop
  endfacet
  facet normal -0 0 -1
    outer loop
      vertex 27.3405 -3.24609 -8
      vertex 16.4815 -22.0546 -8
      vertex 27.1814 -3.23435 -8
    endloop
  endfacet
  facet normal 0 0 -1
    outer loop
      vertex 16.3918 -21.9226 -8
      vertex 27.1814 -3.23435 -8
      vertex 16.4815 -22.0546 -8
    endloop
  endfacet
  facet normal -0 0 -1
    outer loop
      vertex 27.1814 -3.23435 -8
      vertex 16.3918 -21.9226 -8
      vertex 27.0231 -3.21482 -8
    endloop
  endfacet
  facet normal 0 0 -1
    outer loop
      vertex 16.2957 -21.7953 -8
      vertex 27.0231 -3.21482 -8
      vertex 16.3918 -21.9226 -8
    endloop
  endfacet
  facet normal -0 0 -1
    outer loop
      vertex 27.0231 -3.21482 -8
      vertex 16.2957 -21.7953 -8
      vertex 26.866 -3.18755 -8
    endloop
  endfacet
  facet normal 0 0 -1
    outer loop
      vertex 16.1935 -21.6728 -8
      vertex 26.866 -3.18755 -8
      vertex 16.2957 -21.7953 -8
    endloop
  endfacet
  facet normal -0 0 -1
    outer loop
      vertex 26.866 -3.18755 -8
      vertex 16.1935 -21.6728 -8
      vertex 26.7103 -3.1526 -8
    endloop
  endfacet
  facet normal 0 0 -1
    outer loop
      vertex 16.0854 -21.5555 -8
      vertex 26.7103 -3.1526 -8
      vertex 16.1935 -21.6728 -8
    endloop
  endfacet
  facet normal -0 0 -1
    outer loop
      vertex 26.7103 -3.1526 -8
      vertex 16.0854 -21.5555 -8
      vertex 26.5566 -3.11006 -8
    endloop
  endfacet
  facet normal 0 0 -1
    outer loop
      vertex 15.9717 -21.4436 -8
      vertex 26.5566 -3.11006 -8
      vertex 16.0854 -21.5555 -8
    endloop
  endfacet
  facet normal -0 0 -1
    outer loop
      vertex 26.5566 -3.11006 -8
      vertex 15.9717 -21.4436 -8
      vertex 26.4051 -3.06002 -8
    endloop
  endfacet
  facet normal 0 0 -1
    outer loop
      vertex 15.8526 -21.3375 -8
      vertex 26.4051 -3.06002 -8
      vertex 15.9717 -21.4436 -8
    endloop
  endfacet
  facet normal -0 0 -1
    outer loop
      vertex 26.4051 -3.06002 -8
      vertex 15.8526 -21.3375 -8
      vertex 26.2563 -3.00261 -8
    endloop
  endfacet
  facet normal 0 0 -1
    outer loop
      vertex 15.7285 -21.2373 -8
      vertex 26.2563 -3.00261 -8
      vertex 15.8526 -21.3375 -8
    endloop
  endfacet
  facet normal -0 0 -1
    outer loop
      vertex 26.1104 -2.93796 -8
      vertex 15.5996 -21.1433 -8
      vertex 25.968 -2.86624 -8
    endloop
  endfacet
  facet normal 0 0 -1
    outer loop
      vertex 15.5996 -21.1433 -8
      vertex 26.1104 -2.93796 -8
      vertex 15.7285 -21.2373 -8
    endloop
  endfacet
  facet normal -0 0 -1
    outer loop
      vertex 26.2563 -3.00261 -8
      vertex 15.7285 -21.2373 -8
      vertex 26.1104 -2.93796 -8
    endloop
  endfacet
  facet normal 0 0 -1
    outer loop
      vertex 34.2527 -46.1844 -8
      vertex 16.993 -24.0283 -8
      vertex 16.9996 -23.8689 -8
    endloop
  endfacet
  facet normal 0 0 -1
    outer loop
      vertex 16.993 -24.0283 -8
      vertex 33.7836 -46.5148 -8
      vertex 23.3882 -52.5096 -8
    endloop
  endfacet
  facet normal 0 0 -1
    outer loop
      vertex 59.8416 -99.8396 -8
      vertex 23.3882 -52.5096 -8
      vertex 33.7836 -46.5148 -8
    endloop
  endfacet
  facet normal 0 0 -1
    outer loop
      vertex 52.5096 -23.3882 -8
      vertex 102.656 -54.8706 -8
      vertex 99.8396 -59.8416 -8
    endloop
  endfacet
  facet normal 0 0 -1
    outer loop
      vertex 46.5148 -33.7836 -8
      vertex 99.8396 -59.8416 -8
      vertex 97.6467 -63.3046 -8
    endloop
  endfacet
  facet normal 0 0 -1
    outer loop
      vertex 102.656 -54.8706 -8
      vertex 52.5096 -23.3882 -8
      vertex 103.643 -52.9099 -8
    endloop
  endfacet
  facet normal 0 0 -1
    outer loop
      vertex 30.75 0 -8
      vertex 52.5096 -23.3882 -8
      vertex 46.5148 -33.7836 -8
    endloop
  endfacet
  facet normal 0 0 -1
    outer loop
      vertex 99.8396 -59.8416 -8
      vertex 46.5148 -33.7836 -8
      vertex 52.5096 -23.3882 -8
    endloop
  endfacet
  facet normal 0 0 -1
    outer loop
      vertex 57.1782 -6 -8
      vertex 116.4 0 -8
      vertex 116.26 -5.71148 -8
    endloop
  endfacet
  facet normal 0 0 -1
    outer loop
      vertex 57.1782 -6 -8
      vertex 116.26 -5.71148 -8
      vertex 116.239 -6 -8
    endloop
  endfacet
  facet normal 0 0 -1
    outer loop
      vertex 57.1782 6 -8
      vertex 116.4 0 -8
      vertex 57.1782 -6 -8
    endloop
  endfacet
  facet normal 0 0 -1
    outer loop
      vertex 116.4 0 -8
      vertex 57.1782 6 -8
      vertex 116.26 5.71148 -8
    endloop
  endfacet
  facet normal 0 0 -1
    outer loop
      vertex 116.26 5.71148 -8
      vertex 57.1782 6 -8
      vertex 116.239 6 -8
    endloop
  endfacet
  facet normal 0 0 -1
    outer loop
      vertex 30.75 0 -8
      vertex 57.1782 -6 -8
      vertex 56.8776 -8.437 -8
    endloop
  endfacet
  facet normal 0 0 -1
    outer loop
      vertex 57.1782 -6 -8
      vertex 30.75 0 -8
      vertex 57.1782 6 -8
    endloop
  endfacet
  facet normal 0 0 -1
    outer loop
      vertex 30.75 0 -8
      vertex 56.8776 -8.437 -8
      vertex 56.3952 -11.2177 -8
    endloop
  endfacet
  facet normal 0 0 -1
    outer loop
      vertex 30.7461 0.15947 -8
      vertex 57.1782 6 -8
      vertex 30.75 0 -8
    endloop
  endfacet
  facet normal 0 0 -1
    outer loop
      vertex 30.75 0 -8
      vertex 56.3952 -11.2177 -8
      vertex 55.7768 -13.9714 -8
    endloop
  endfacet
  facet normal 0 0 -1
    outer loop
      vertex 30.7344 0.318555 -8
      vertex 57.1782 6 -8
      vertex 30.7461 0.15947 -8
    endloop
  endfacet
  facet normal 0 0 -1
    outer loop
      vertex 30.75 0 -8
      vertex 55.7768 -13.9714 -8
      vertex 55.0241 -16.6914 -8
    endloop
  endfacet
  facet normal 0 0 -1
    outer loop
      vertex 30.7148 0.476873 -8
      vertex 57.1782 6 -8
      vertex 30.7344 0.318555 -8
    endloop
  endfacet
  facet normal 0 0 -1
    outer loop
      vertex 30.75 0 -8
      vertex 55.0241 -16.6914 -8
      vertex 54.1388 -19.3712 -8
    endloop
  endfacet
  facet normal 0 0 -1
    outer loop
      vertex 30.6876 0.634043 -8
      vertex 57.1782 6 -8
      vertex 30.7148 0.476873 -8
    endloop
  endfacet
  facet normal 0 0 -1
    outer loop
      vertex 30.75 0 -8
      vertex 53.1231 -22.0043 -8
      vertex 52.5096 -23.3882 -8
    endloop
  endfacet
  facet normal 0 0 -1
    outer loop
      vertex 53.1231 -22.0043 -8
      vertex 30.75 0 -8
      vertex 54.1388 -19.3712 -8
    endloop
  endfacet
  facet normal 0 0 -1
    outer loop
      vertex 30.6526 0.789685 -8
      vertex 57.1782 6 -8
      vertex 30.6876 0.634043 -8
    endloop
  endfacet
  facet normal 0 0 -1
    outer loop
      vertex 30.6101 0.943425 -8
      vertex 57.1782 6 -8
      vertex 30.6526 0.789685 -8
    endloop
  endfacet
  facet normal 0 0 -1
    outer loop
      vertex 52.5096 23.3882 -8
      vertex 102.656 54.8706 -8
      vertex 103.643 52.9099 -8
    endloop
  endfacet
  facet normal -0 0 -1
    outer loop
      vertex 102.656 54.8706 -8
      vertex 52.5096 23.3882 -8
      vertex 99.8396 59.8416 -8
    endloop
  endfacet
  facet normal 0 0 -1
    outer loop
      vertex 46.5148 33.7836 -8
      vertex 99.8396 59.8416 -8
      vertex 52.5096 23.3882 -8
    endloop
  endfacet
  facet normal -0 0 -1
    outer loop
      vertex 99.8396 59.8416 -8
      vertex 46.5148 33.7836 -8
      vertex 97.6467 63.3046 -8
    endloop
  endfacet
  facet normal 0 0 -1
    outer loop
      vertex 30.56 1.09489 -8
      vertex 57.1782 6 -8
      vertex 30.6101 0.943425 -8
    endloop
  endfacet
  facet normal 0 0 -1
    outer loop
      vertex 30.75 0 -8
      vertex 46.1844 -34.2527 -8
      vertex 44.4481 -36.4776 -8
    endloop
  endfacet
  facet normal 0 0 -1
    outer loop
      vertex 46.1844 -34.2527 -8
      vertex 30.75 0 -8
      vertex 46.5148 -33.7836 -8
    endloop
  endfacet
  facet normal -0 0 -1
    outer loop
      vertex 57.1782 6 -8
      vertex 30.56 1.09489 -8
      vertex 56.8776 8.437 -8
    endloop
  endfacet
  facet normal 0 0 -1
    outer loop
      vertex 30.5026 1.24372 -8
      vertex 56.8776 8.437 -8
      vertex 30.56 1.09489 -8
    endloop
  endfacet
  facet normal 0 0 -1
    outer loop
      vertex 30.75 0 -8
      vertex 44.4481 -36.4776 -8
      vertex 42.6047 -38.6146 -8
    endloop
  endfacet
  facet normal 0 0 -1
    outer loop
      vertex 30.438 1.38955 -8
      vertex 56.8776 8.437 -8
      vertex 30.5026 1.24372 -8
    endloop
  endfacet
  facet normal 0 0 -1
    outer loop
      vertex 30.75 0 -8
      vertex 42.6047 -38.6146 -8
      vertex 40.6586 -40.6586 -8
    endloop
  endfacet
  facet normal -0 0 -1
    outer loop
      vertex 56.8776 8.437 -8
      vertex 30.438 1.38955 -8
      vertex 56.3952 11.2177 -8
    endloop
  endfacet
  facet normal 0 0 -1
    outer loop
      vertex 30.75 0 -8
      vertex 40.6586 -40.6586 -8
      vertex 38.6146 -42.6047 -8
    endloop
  endfacet
  facet normal 0 0 -1
    outer loop
      vertex 30.3662 1.53204 -8
      vertex 56.3952 11.2177 -8
      vertex 30.438 1.38955 -8
    endloop
  endfacet
  facet normal 0 0 -1
    outer loop
      vertex 30.75 0 -8
      vertex 38.6146 -42.6047 -8
      vertex 36.4776 -44.4481 -8
    endloop
  endfacet
  facet normal 0 0 -1
    outer loop
      vertex 30.2876 1.67083 -8
      vertex 56.3952 11.2177 -8
      vertex 30.3662 1.53204 -8
    endloop
  endfacet
  facet normal 0 0 -1
    outer loop
      vertex 16.993 -24.0283 -8
      vertex 34.2527 -46.1844 -8
      vertex 33.7836 -46.5148 -8
    endloop
  endfacet
  facet normal 0 0 -1
    outer loop
      vertex 34.2527 -46.1844 -8
      vertex 30.75 0 -8
      vertex 36.4776 -44.4481 -8
    endloop
  endfacet
  facet normal -0 0 -1
    outer loop
      vertex 56.3952 11.2177 -8
      vertex 30.2876 1.67083 -8
      vertex 55.7768 13.9714 -8
    endloop
  endfacet
  facet normal 0 0 -1
    outer loop
      vertex 30.2023 1.8056 -8
      vertex 55.7768 13.9714 -8
      vertex 30.2876 1.67083 -8
    endloop
  endfacet
  facet normal 0 0 -1
    outer loop
      vertex 33.7836 46.5148 -8
      vertex 59.8416 99.8396 -8
      vertex 63.3046 97.6467 -8
    endloop
  endfacet
  facet normal 0 0 -1
    outer loop
      vertex 23.3882 52.5096 -8
      vertex 59.8416 99.8396 -8
      vertex 33.7836 46.5148 -8
    endloop
  endfacet
  facet normal -0 0 -1
    outer loop
      vertex 59.8416 99.8396 -8
      vertex 23.3882 52.5096 -8
      vertex 54.8706 102.656 -8
    endloop
  endfacet
  facet normal 0 0 -1
    outer loop
      vertex 30.0123 2.06178 -8
      vertex 55.7768 13.9714 -8
      vertex 30.1104 1.93602 -8
    endloop
  endfacet
  facet normal -0 0 -1
    outer loop
      vertex 55.7768 13.9714 -8
      vertex 30.0123 2.06178 -8
      vertex 55.0241 16.6914 -8
    endloop
  endfacet
  facet normal 0 0 -1
    outer loop
      vertex 29.9081 2.18257 -8
      vertex 55.0241 16.6914 -8
      vertex 30.0123 2.06178 -8
    endloop
  endfacet
  facet normal 0 0 -1
    outer loop
      vertex 29.7981 2.2981 -8
      vertex 55.0241 16.6914 -8
      vertex 29.9081 2.18257 -8
    endloop
  endfacet
  facet normal -0 0 -1
    outer loop
      vertex 55.0241 16.6914 -8
      vertex 29.7981 2.2981 -8
      vertex 54.1388 19.3712 -8
    endloop
  endfacet
  facet normal 0 0 -1
    outer loop
      vertex 29.6826 2.40809 -8
      vertex 54.1388 19.3712 -8
      vertex 29.7981 2.2981 -8
    endloop
  endfacet
  facet normal 0 0 -1
    outer loop
      vertex 29.5618 2.51228 -8
      vertex 54.1388 19.3712 -8
      vertex 29.6826 2.40809 -8
    endloop
  endfacet
  facet normal 0 0 -1
    outer loop
      vertex 29.436 2.61042 -8
      vertex 54.1388 19.3712 -8
      vertex 29.5618 2.51228 -8
    endloop
  endfacet
  facet normal -0 0 -1
    outer loop
      vertex 54.1388 19.3712 -8
      vertex 29.436 2.61042 -8
      vertex 53.1231 22.0043 -8
    endloop
  endfacet
  facet normal 0 0 -1
    outer loop
      vertex 29.3056 2.70228 -8
      vertex 53.1231 22.0043 -8
      vertex 29.436 2.61042 -8
    endloop
  endfacet
  facet normal -0 0 -1
    outer loop
      vertex 53.1231 22.0043 -8
      vertex 29.3056 2.70228 -8
      vertex 52.5096 23.3882 -8
    endloop
  endfacet
  facet normal 0 0 -1
    outer loop
      vertex 29.1708 2.78762 -8
      vertex 52.5096 23.3882 -8
      vertex 29.3056 2.70228 -8
    endloop
  endfacet
  facet normal 0 0 -1
    outer loop
      vertex 29.032 2.86624 -8
      vertex 52.5096 23.3882 -8
      vertex 29.1708 2.78762 -8
    endloop
  endfacet
  facet normal 0 0 -1
    outer loop
      vertex 28.8896 2.93796 -8
      vertex 52.5096 23.3882 -8
      vertex 29.032 2.86624 -8
    endloop
  endfacet
  facet normal 0 0 -1
    outer loop
      vertex 28.7437 3.00261 -8
      vertex 52.5096 23.3882 -8
      vertex 28.8896 2.93796 -8
    endloop
  endfacet
  facet normal 0 0 -1
    outer loop
      vertex 28.5949 3.06002 -8
      vertex 52.5096 23.3882 -8
      vertex 28.7437 3.00261 -8
    endloop
  endfacet
  facet normal -0 0 -1
    outer loop
      vertex 52.5096 23.3882 -8
      vertex 28.5949 3.06002 -8
      vertex 46.5148 33.7836 -8
    endloop
  endfacet
  facet normal 0 0 -1
    outer loop
      vertex 16.9996 23.8689 -8
      vertex 28.5949 3.06002 -8
      vertex 28.4434 3.11006 -8
    endloop
  endfacet
  facet normal 0 0 -1
    outer loop
      vertex 16.9996 23.8689 -8
      vertex 28.4434 3.11006 -8
      vertex 28.2897 3.1526 -8
    endloop
  endfacet
  facet normal 0 0 -1
    outer loop
      vertex 16.9996 23.8689 -8
      vertex 28.2897 3.1526 -8
      vertex 28.134 3.18755 -8
    endloop
  endfacet
  facet normal 0 0 -1
    outer loop
      vertex 16.9996 23.8689 -8
      vertex 28.134 3.18755 -8
      vertex 27.9769 3.21482 -8
    endloop
  endfacet
  facet normal 0 0 -1
    outer loop
      vertex 28.5949 3.06002 -8
      vertex 16.9996 23.8689 -8
      vertex 46.5148 33.7836 -8
    endloop
  endfacet
  facet normal 0 0 -1
    outer loop
      vertex 16.9996 23.8689 -8
      vertex 27.9769 3.21482 -8
      vertex 27.8186 3.23435 -8
    endloop
  endfacet
  facet normal -0 0 -1
    outer loop
      vertex 46.5148 33.7836 -8
      vertex 16.9996 23.8689 -8
      vertex 46.1844 34.2527 -8
    endloop
  endfacet
  facet normal 0 0 -1
    outer loop
      vertex 16.9996 23.8689 -8
      vertex 27.8186 3.23435 -8
      vertex 27.6595 3.24609 -8
    endloop
  endfacet
  facet normal 0 0 -1
    outer loop
      vertex 16.9996 23.8689 -8
      vertex 27.6595 3.24609 -8
      vertex 27.5 3.25 -8
    endloop
  endfacet
  facet normal 0 0 -1
    outer loop
      vertex 16.993 24.0283 -8
      vertex 46.1844 34.2527 -8
      vertex 16.9996 23.8689 -8
    endloop
  endfacet
  facet normal 0 0 -1
    outer loop
      vertex 16.9996 23.8689 -8
      vertex 27.5 3.25 -8
      vertex 27.3405 3.24609 -8
    endloop
  endfacet
  facet normal -0 0 -1
    outer loop
      vertex 46.1844 34.2527 -8
      vertex 16.993 24.0283 -8
      vertex 44.4481 36.4776 -8
    endloop
  endfacet
  facet normal 0 0 -1
    outer loop
      vertex 16.9996 23.8689 -8
      vertex 27.3405 3.24609 -8
      vertex 27.1814 3.23435 -8
    endloop
  endfacet
  facet normal 0 0 -1
    outer loop
      vertex 16.9787 24.1871 -8
      vertex 44.4481 36.4776 -8
      vertex 16.993 24.0283 -8
    endloop
  endfacet
  facet normal 0 0 -1
    outer loop
      vertex 16.9996 23.8689 -8
      vertex 27.1814 3.23435 -8
      vertex 27.0231 3.21482 -8
    endloop
  endfacet
  facet normal 0 0 -1
    outer loop
      vertex 16.9996 23.8689 -8
      vertex 27.0231 3.21482 -8
      vertex 26.866 3.18755 -8
    endloop
  endfacet
  facet normal 0 0 -1
    outer loop
      vertex 16.9566 24.3451 -8
      vertex 44.4481 36.4776 -8
      vertex 16.9787 24.1871 -8
    endloop
  endfacet
  facet normal 0 0 -1
    outer loop
      vertex 16.9996 23.8689 -8
      vertex 26.866 3.18755 -8
      vertex 26.7103 3.1526 -8
    endloop
  endfacet
  facet normal 0 0 -1
    outer loop
      vertex 16.9268 24.5018 -8
      vertex 44.4481 36.4776 -8
      vertex 16.9566 24.3451 -8
    endloop
  endfacet
  facet normal -0 0 -1
    outer loop
      vertex 44.4481 36.4776 -8
      vertex 16.9268 24.5018 -8
      vertex 42.6047 38.6146 -8
    endloop
  endfacet
  facet normal 0 0 -1
    outer loop
      vertex 16.9996 23.8689 -8
      vertex 26.7103 3.1526 -8
      vertex 26.5566 3.11006 -8
    endloop
  endfacet
  facet normal 0 0 -1
    outer loop
      vertex 16.9996 23.8689 -8
      vertex 26.5566 3.11006 -8
      vertex 26.4051 3.06002 -8
    endloop
  endfacet
  facet normal 0 0 -1
    outer loop
      vertex 16.9996 23.8689 -8
      vertex 26.4051 3.06002 -8
      vertex 26.2563 3.00261 -8
    endloop
  endfacet
  facet normal 0 0 -1
    outer loop
      vertex 16.9996 23.8689 -8
      vertex 26.2563 3.00261 -8
      vertex 26.1104 2.93796 -8
    endloop
  endfacet
  facet normal 0 0 -1
    outer loop
      vertex 16.9996 23.8689 -8
      vertex 26.1104 2.93796 -8
      vertex 25.968 2.86624 -8
    endloop
  endfacet
  facet normal 0 0 -1
    outer loop
      vertex 16.9996 23.8689 -8
      vertex 25.968 2.86624 -8
      vertex 25.8292 2.78762 -8
    endloop
  endfacet
  facet normal 0 0 -1
    outer loop
      vertex 16.9996 23.8689 -8
      vertex 25.8292 2.78762 -8
      vertex 25.6944 2.70228 -8
    endloop
  endfacet
  facet normal 0 0 -1
    outer loop
      vertex 16.9996 23.8689 -8
      vertex 25.6944 2.70228 -8
      vertex 25.564 2.61042 -8
    endloop
  endfacet
  facet normal 0 0 -1
    outer loop
      vertex 16.9996 23.8689 -8
      vertex 25.564 2.61042 -8
      vertex 25.4382 2.51228 -8
    endloop
  endfacet
  facet normal 0 0 -1
    outer loop
      vertex 16.9996 23.8689 -8
      vertex 25.4382 2.51228 -8
      vertex 25.3174 2.40809 -8
    endloop
  endfacet
  facet normal 0 0 -1
    outer loop
      vertex 16.9996 23.8689 -8
      vertex 25.3174 2.40809 -8
      vertex 25.2019 2.2981 -8
    endloop
  endfacet
  facet normal 0 0 -1
    outer loop
      vertex 16.9996 23.8689 -8
      vertex 25.2019 2.2981 -8
      vertex 25.0919 2.18257 -8
    endloop
  endfacet
  facet normal 0 0 -1
    outer loop
      vertex 16.9996 23.8689 -8
      vertex 25.0919 2.18257 -8
      vertex 24.9877 2.06178 -8
    endloop
  endfacet
  facet normal 0 0 -1
    outer loop
      vertex 16.9996 23.8689 -8
      vertex 24.9877 2.06178 -8
      vertex 24.8896 1.93602 -8
    endloop
  endfacet
  facet normal 0 0 -1
    outer loop
      vertex 16.9996 23.8689 -8
      vertex 24.8896 1.93602 -8
      vertex 24.7977 1.8056 -8
    endloop
  endfacet
  facet normal 0 0 -1
    outer loop
      vertex 16.9996 23.8689 -8
      vertex 24.7977 1.8056 -8
      vertex 24.7124 1.67083 -8
    endloop
  endfacet
  facet normal 0 0 -1
    outer loop
      vertex 16.9996 23.8689 -8
      vertex 24.7124 1.67083 -8
      vertex 24.6338 1.53204 -8
    endloop
  endfacet
  facet normal 0 0 -1
    outer loop
      vertex 16.9996 23.8689 -8
      vertex 24.6338 1.53204 -8
      vertex 24.562 1.38955 -8
    endloop
  endfacet
  facet normal 0 0 -1
    outer loop
      vertex 16.9996 23.8689 -8
      vertex 24.562 1.38955 -8
      vertex 24.4974 1.24372 -8
    endloop
  endfacet
  facet normal 0 0 -1
    outer loop
      vertex 16.9996 23.8689 -8
      vertex 24.4974 1.24372 -8
      vertex 24.44 1.09489 -8
    endloop
  endfacet
  facet normal 0 0 -1
    outer loop
      vertex 16.9996 23.8689 -8
      vertex 24.44 1.09489 -8
      vertex 24.3899 0.943425 -8
    endloop
  endfacet
  facet normal 0 0 -1
    outer loop
      vertex 16.9996 23.8689 -8
      vertex 24.3899 0.943425 -8
      vertex 24.3474 0.789685 -8
    endloop
  endfacet
  facet normal 0 0 -1
    outer loop
      vertex 16.9996 23.8689 -8
      vertex 24.3474 0.789685 -8
      vertex 24.3124 0.634043 -8
    endloop
  endfacet
  facet normal -0 0 -1
    outer loop
      vertex 54.8706 102.656 -8
      vertex 23.3882 52.5096 -8
      vertex 52.9099 103.643 -8
    endloop
  endfacet
  facet normal 0 0 -1
    outer loop
      vertex 16.8893 24.6569 -8
      vertex 42.6047 38.6146 -8
      vertex 16.9268 24.5018 -8
    endloop
  endfacet
  facet normal 0 0 -1
    outer loop
      vertex 16.9996 23.8689 -8
      vertex 24.3124 0.634043 -8
      vertex 24.2852 0.476873 -8
    endloop
  endfacet
  facet normal 0 0 -1
    outer loop
      vertex 24.2539 0.15947 -8
      vertex 16.9996 23.8689 -8
      vertex 24.2656 0.318555 -8
    endloop
  endfacet
  facet normal 0 0 -1
    outer loop
      vertex 24.25 0 -8
      vertex 16.9996 23.8689 -8
      vertex 24.2539 0.15947 -8
    endloop
  endfacet
  facet normal 0 0 -1
    outer loop
      vertex 15.3287 -20.9749 -8
      vertex 25.8292 -2.78762 -8
      vertex 15.4662 -21.0558 -8
    endloop
  endfacet
  facet normal 0 0 -1
    outer loop
      vertex 15.4662 -21.0558 -8
      vertex 25.968 -2.86624 -8
      vertex 15.5996 -21.1433 -8
    endloop
  endfacet
  facet normal 0 0 -1
    outer loop
      vertex 14.488 -26.9808 -8
      vertex 23.3882 -52.5096 -8
      vertex 22.0043 -53.1231 -8
    endloop
  endfacet
  facet normal 0 0 -1
    outer loop
      vertex 24.2656 0.318555 -8
      vertex 16.9996 23.8689 -8
      vertex 24.2852 0.476873 -8
    endloop
  endfacet
  facet normal 0 0 -1
    outer loop
      vertex 14.1742 -27.0379 -8
      vertex 22.0043 -53.1231 -8
      vertex 19.3712 -54.1388 -8
    endloop
  endfacet
  facet normal 0 0 -1
    outer loop
      vertex 16.8442 24.8099 -8
      vertex 42.6047 38.6146 -8
      vertex 16.8893 24.6569 -8
    endloop
  endfacet
  facet normal -0 0 -1
    outer loop
      vertex 42.6047 38.6146 -8
      vertex 16.8442 24.8099 -8
      vertex 40.6586 40.6586 -8
    endloop
  endfacet
  facet normal -0 0 -1
    outer loop
      vertex 25.968 -2.86624 -8
      vertex 15.4662 -21.0558 -8
      vertex 25.8292 -2.78762 -8
    endloop
  endfacet
  facet normal 0 0 -1
    outer loop
      vertex 23.3882 -52.5096 -8
      vertex 16.9787 -24.1871 -8
      vertex 16.993 -24.0283 -8
    endloop
  endfacet
  facet normal 0 0 -1
    outer loop
      vertex 23.3882 -52.5096 -8
      vertex 16.9566 -24.3451 -8
      vertex 16.9787 -24.1871 -8
    endloop
  endfacet
  facet normal 0 0 -1
    outer loop
      vertex 23.3882 -52.5096 -8
      vertex 16.9268 -24.5018 -8
      vertex 16.9566 -24.3451 -8
    endloop
  endfacet
  facet normal 0 0 -1
    outer loop
      vertex 23.3882 -52.5096 -8
      vertex 16.8893 -24.6569 -8
      vertex 16.9268 -24.5018 -8
    endloop
  endfacet
  facet normal 0 0 -1
    outer loop
      vertex 23.3882 -52.5096 -8
      vertex 16.8442 -24.8099 -8
      vertex 16.8893 -24.6569 -8
    endloop
  endfacet
  facet normal 0 0 -1
    outer loop
      vertex 23.3882 -52.5096 -8
      vertex 16.7917 -24.9605 -8
      vertex 16.8442 -24.8099 -8
    endloop
  endfacet
  facet normal 0 0 -1
    outer loop
      vertex 23.3882 -52.5096 -8
      vertex 16.7319 -25.1084 -8
      vertex 16.7917 -24.9605 -8
    endloop
  endfacet
  facet normal 0 0 -1
    outer loop
      vertex 13.6968 -27.0653 -8
      vertex 19.3712 -54.1388 -8
      vertex 16.6914 -55.0241 -8
    endloop
  endfacet
  facet normal 0 0 -1
    outer loop
      vertex 23.3882 -52.5096 -8
      vertex 16.6648 -25.2531 -8
      vertex 16.7319 -25.1084 -8
    endloop
  endfacet
  facet normal 0 0 -1
    outer loop
      vertex 23.3882 -52.5096 -8
      vertex 16.5908 -25.3944 -8
      vertex 16.6648 -25.2531 -8
    endloop
  endfacet
  facet normal 0 0 -1
    outer loop
      vertex 23.3882 -52.5096 -8
      vertex 16.5099 -25.5319 -8
      vertex 16.5908 -25.3944 -8
    endloop
  endfacet
  facet normal 0 0 -1
    outer loop
      vertex 23.3882 -52.5096 -8
      vertex 16.4224 -25.6653 -8
      vertex 16.5099 -25.5319 -8
    endloop
  endfacet
  facet normal 0 0 -1
    outer loop
      vertex 23.3882 -52.5096 -8
      vertex 16.3284 -25.7942 -8
      vertex 16.4224 -25.6653 -8
    endloop
  endfacet
  facet normal 0 0 -1
    outer loop
      vertex 23.3882 -52.5096 -8
      vertex 16.2282 -25.9183 -8
      vertex 16.3284 -25.7942 -8
    endloop
  endfacet
  facet normal 0 0 -1
    outer loop
      vertex 23.3882 -52.5096 -8
      vertex 16.1221 -26.0374 -8
      vertex 16.2282 -25.9183 -8
    endloop
  endfacet
  facet normal 0 0 -1
    outer loop
      vertex 23.3882 -52.5096 -8
      vertex 16.0102 -26.1511 -8
      vertex 16.1221 -26.0374 -8
    endloop
  endfacet
  facet normal 0 0 -1
    outer loop
      vertex 23.3882 -52.5096 -8
      vertex 15.8929 -26.2592 -8
      vertex 16.0102 -26.1511 -8
    endloop
  endfacet
  facet normal 0 0 -1
    outer loop
      vertex 23.3882 -52.5096 -8
      vertex 15.7704 -26.3614 -8
      vertex 15.8929 -26.2592 -8
    endloop
  endfacet
  facet normal 0 0 -1
    outer loop
      vertex 23.3882 -52.5096 -8
      vertex 15.6431 -26.4575 -8
      vertex 15.7704 -26.3614 -8
    endloop
  endfacet
  facet normal 0 0 -1
    outer loop
      vertex 23.3882 -52.5096 -8
      vertex 15.5111 -26.5472 -8
      vertex 15.6431 -26.4575 -8
    endloop
  endfacet
  facet normal 0 0 -1
    outer loop
      vertex 23.3882 -52.5096 -8
      vertex 15.375 -26.6303 -8
      vertex 15.5111 -26.5472 -8
    endloop
  endfacet
  facet normal 0 0 -1
    outer loop
      vertex 23.3882 -52.5096 -8
      vertex 15.2349 -26.7066 -8
      vertex 15.375 -26.6303 -8
    endloop
  endfacet
  facet normal 0 0 -1
    outer loop
      vertex 23.3882 -52.5096 -8
      vertex 15.0913 -26.776 -8
      vertex 15.2349 -26.7066 -8
    endloop
  endfacet
  facet normal 0 0 -1
    outer loop
      vertex 23.3882 -52.5096 -8
      vertex 14.9444 -26.8383 -8
      vertex 15.0913 -26.776 -8
    endloop
  endfacet
  facet normal 0 0 -1
    outer loop
      vertex 23.3882 -52.5096 -8
      vertex 14.7947 -26.8932 -8
      vertex 14.9444 -26.8383 -8
    endloop
  endfacet
  facet normal 0 0 -1
    outer loop
      vertex 23.3882 -52.5096 -8
      vertex 14.6424 -26.9408 -8
      vertex 14.7947 -26.8932 -8
    endloop
  endfacet
  facet normal 0 0 -1
    outer loop
      vertex 23.3882 -52.5096 -8
      vertex 14.488 -26.9808 -8
      vertex 14.6424 -26.9408 -8
    endloop
  endfacet
  facet normal 0 0 -1
    outer loop
      vertex 22.0043 -53.1231 -8
      vertex 14.3318 -27.0132 -8
      vertex 14.488 -26.9808 -8
    endloop
  endfacet
  facet normal 0 0 -1
    outer loop
      vertex 22.0043 -53.1231 -8
      vertex 14.1742 -27.0379 -8
      vertex 14.3318 -27.0132 -8
    endloop
  endfacet
  facet normal 0 0 -1
    outer loop
      vertex 19.3712 -54.1388 -8
      vertex 14.0156 -27.0548 -8
      vertex 14.1742 -27.0379 -8
    endloop
  endfacet
  facet normal 0 0 -1
    outer loop
      vertex 13.3786 -27.0444 -8
      vertex 16.6914 -55.0241 -8
      vertex 13.9714 -55.7768 -8
    endloop
  endfacet
  facet normal 0 0 -1
    outer loop
      vertex 19.3712 -54.1388 -8
      vertex 13.8563 -27.064 -8
      vertex 14.0156 -27.0548 -8
    endloop
  endfacet
  facet normal 0 0 -1
    outer loop
      vertex 19.3712 -54.1388 -8
      vertex 13.6968 -27.0653 -8
      vertex 13.8563 -27.064 -8
    endloop
  endfacet
  facet normal 0 0 -1
    outer loop
      vertex 16.6914 -55.0241 -8
      vertex 13.5374 -27.0587 -8
      vertex 13.6968 -27.0653 -8
    endloop
  endfacet
  facet normal 0 0 -1
    outer loop
      vertex 16.6914 -55.0241 -8
      vertex 13.3786 -27.0444 -8
      vertex 13.5374 -27.0587 -8
    endloop
  endfacet
  facet normal 0 0 -1
    outer loop
      vertex 13.9714 -55.7768 -8
      vertex 13.2206 -27.0223 -8
      vertex 13.3786 -27.0444 -8
    endloop
  endfacet
  facet normal 0 0 -1
    outer loop
      vertex 13.9714 -55.7768 -8
      vertex 13.0639 -26.9925 -8
      vertex 13.2206 -27.0223 -8
    endloop
  endfacet
  facet normal 0 0 -1
    outer loop
      vertex 13.9714 -55.7768 -8
      vertex 12.9088 -26.955 -8
      vertex 13.0639 -26.9925 -8
    endloop
  endfacet
  facet normal 0 0 -1
    outer loop
      vertex 11.2177 -56.3952 -8
      vertex 12.9088 -26.955 -8
      vertex 13.9714 -55.7768 -8
    endloop
  endfacet
  facet normal -0 0 -1
    outer loop
      vertex 12.9088 -26.955 -8
      vertex 11.2177 -56.3952 -8
      vertex 12.7558 -26.9099 -8
    endloop
  endfacet
  facet normal -0 0 -1
    outer loop
      vertex 12.7558 -26.9099 -8
      vertex 11.2177 -56.3952 -8
      vertex 12.6052 -26.8574 -8
    endloop
  endfacet
  facet normal 0 0 -1
    outer loop
      vertex 8.437 -56.8776 -8
      vertex 12.6052 -26.8574 -8
      vertex 11.2177 -56.3952 -8
    endloop
  endfacet
  facet normal -0 0 -1
    outer loop
      vertex 12.6052 -26.8574 -8
      vertex 8.437 -56.8776 -8
      vertex 12.4573 -26.7976 -8
    endloop
  endfacet
  facet normal -0 0 -1
    outer loop
      vertex 12.4573 -26.7976 -8
      vertex 8.437 -56.8776 -8
      vertex 12.3126 -26.7305 -8
    endloop
  endfacet
  facet normal 0 0 -1
    outer loop
      vertex 6 -57.1782 -8
      vertex 12.3126 -26.7305 -8
      vertex 8.437 -56.8776 -8
    endloop
  endfacet
  facet normal -0 0 -1
    outer loop
      vertex 12.3126 -26.7305 -8
      vertex 6 -57.1782 -8
      vertex 12.1713 -26.6565 -8
    endloop
  endfacet
  facet normal -0 0 -1
    outer loop
      vertex 12.1713 -26.6565 -8
      vertex 6 -57.1782 -8
      vertex 12.0338 -26.5756 -8
    endloop
  endfacet
  facet normal -0 0 -1
    outer loop
      vertex 12.0338 -26.5756 -8
      vertex 6 -57.1782 -8
      vertex 11.9004 -26.4881 -8
    endloop
  endfacet
  facet normal -0 0 -1
    outer loop
      vertex 11.9004 -26.4881 -8
      vertex 6 -57.1782 -8
      vertex 11.7715 -26.3941 -8
    endloop
  endfacet
  facet normal -0 0 -1
    outer loop
      vertex 11.7715 -26.3941 -8
      vertex 6 -57.1782 -8
      vertex 11.6474 -26.2939 -8
    endloop
  endfacet
  facet normal 0 0 -1
    outer loop
      vertex -11.6474 -26.2939 -8
      vertex 11.6474 -26.2939 -8
      vertex 6 -57.1782 -8
    endloop
  endfacet
  facet normal 0 0 -1
    outer loop
      vertex 11.6474 -26.2939 -8
      vertex -11.6474 -26.2939 -8
      vertex 11.5283 -26.1878 -8
    endloop
  endfacet
  facet normal 0 -0 -1
    outer loop
      vertex -11.5283 -26.1878 -8
      vertex 11.5283 -26.1878 -8
      vertex -11.6474 -26.2939 -8
    endloop
  endfacet
  facet normal 0 0 -1
    outer loop
      vertex 11.5283 -26.1878 -8
      vertex -11.5283 -26.1878 -8
      vertex 11.4146 -26.0759 -8
    endloop
  endfacet
  facet normal 0 -0 -1
    outer loop
      vertex -11.4146 -26.0759 -8
      vertex 11.4146 -26.0759 -8
      vertex -11.5283 -26.1878 -8
    endloop
  endfacet
  facet normal 0 0 -1
    outer loop
      vertex 11.4146 -26.0759 -8
      vertex -11.4146 -26.0759 -8
      vertex 11.3065 -25.9586 -8
    endloop
  endfacet
  facet normal 0 -0 -1
    outer loop
      vertex -11.3065 -25.9586 -8
      vertex 11.3065 -25.9586 -8
      vertex -11.4146 -26.0759 -8
    endloop
  endfacet
  facet normal 0 0 -1
    outer loop
      vertex 11.3065 -25.9586 -8
      vertex -11.3065 -25.9586 -8
      vertex 11.2043 -25.8361 -8
    endloop
  endfacet
  facet normal 0 -0 -1
    outer loop
      vertex -11.2043 -25.8361 -8
      vertex 11.2043 -25.8361 -8
      vertex -11.3065 -25.9586 -8
    endloop
  endfacet
  facet normal 0 0 -1
    outer loop
      vertex 11.2043 -25.8361 -8
      vertex -11.2043 -25.8361 -8
      vertex 11.1082 -25.7088 -8
    endloop
  endfacet
  facet normal 0 -0 -1
    outer loop
      vertex -11.1082 -25.7088 -8
      vertex 11.1082 -25.7088 -8
      vertex -11.2043 -25.8361 -8
    endloop
  endfacet
  facet normal 0 -0 -1
    outer loop
      vertex -11.0185 -25.5768 -8
      vertex 11.0185 -25.5768 -8
      vertex -11.1082 -25.7088 -8
    endloop
  endfacet
  facet normal 0 0 -1
    outer loop
      vertex 11.0185 -25.5768 -8
      vertex -11.0185 -25.5768 -8
      vertex 10.9354 -25.4407 -8
    endloop
  endfacet
  facet normal 0 -0 -1
    outer loop
      vertex -10.9354 -25.4407 -8
      vertex 10.9354 -25.4407 -8
      vertex -11.0185 -25.5768 -8
    endloop
  endfacet
  facet normal 0 0 -1
    outer loop
      vertex 10.9354 -25.4407 -8
      vertex -10.9354 -25.4407 -8
      vertex 10.8591 -25.3006 -8
    endloop
  endfacet
  facet normal -0 0 -1
    outer loop
      vertex 12.2651 20.9248 -8
      vertex 4.62692 7.71956 -8
      vertex 12.125 21.0011 -8
    endloop
  endfacet
  facet normal 0 0 -1
    outer loop
      vertex -10.5004 -23.7625 -8
      vertex 10.5004 -23.7625 -8
      vertex 10.5017 -23.922 -8
    endloop
  endfacet
  facet normal 0 -0 -1
    outer loop
      vertex -10.8591 -25.3006 -8
      vertex 10.8591 -25.3006 -8
      vertex -10.9354 -25.4407 -8
    endloop
  endfacet
  facet normal 0 0 -1
    outer loop
      vertex 24.2539 -0.15947 -8
      vertex 9 0 -8
      vertex 24.25 0 -8
    endloop
  endfacet
  facet normal 0 -0 -1
    outer loop
      vertex 9 0 -8
      vertex 24.2539 -0.15947 -8
      vertex 8.98916 -0.441608 -8
    endloop
  endfacet
  facet normal -0 0 -1
    outer loop
      vertex 24.2656 -0.318555 -8
      vertex 8.98916 -0.441608 -8
      vertex 24.2539 -0.15947 -8
    endloop
  endfacet
  facet normal 0 -0 -1
    outer loop
      vertex 8.98916 -0.441608 -8
      vertex 24.2656 -0.318555 -8
      vertex 8.95666 -0.882154 -8
    endloop
  endfacet
  facet normal -0 0 -1
    outer loop
      vertex 24.2852 -0.476873 -8
      vertex 8.95666 -0.882154 -8
      vertex 24.2656 -0.318555 -8
    endloop
  endfacet
  facet normal -0 0 -1
    outer loop
      vertex 24.3124 -0.634043 -8
      vertex 8.95666 -0.882154 -8
      vertex 24.2852 -0.476873 -8
    endloop
  endfacet
  facet normal 0 -0 -1
    outer loop
      vertex 8.95666 -0.882154 -8
      vertex 24.3124 -0.634043 -8
      vertex 8.90259 -1.32057 -8
    endloop
  endfacet
  facet normal 0 0 -1
    outer loop
      vertex 10.8591 -25.3006 -8
      vertex -10.8591 -25.3006 -8
      vertex 10.7897 -25.157 -8
    endloop
  endfacet
  facet normal -0 0 -1
    outer loop
      vertex 24.3474 -0.789685 -8
      vertex 8.90259 -1.32057 -8
      vertex 24.3124 -0.634043 -8
    endloop
  endfacet
  facet normal 0 -0 -1
    outer loop
      vertex 8.90259 -1.32057 -8
      vertex 24.3474 -0.789685 -8
      vertex 8.82707 -1.75581 -8
    endloop
  endfacet
  facet normal -0 0 -1
    outer loop
      vertex 24.3899 -0.943425 -8
      vertex 8.82707 -1.75581 -8
      vertex 24.3474 -0.789685 -8
    endloop
  endfacet
  facet normal -0 0 -1
    outer loop
      vertex 24.9877 -2.06178 -8
      vertex 8.1359 -3.848 -8
      vertex 24.8896 -1.93602 -8
    endloop
  endfacet
  facet normal 0 0 -1
    outer loop
      vertex 14.4361 -20.6389 -8
      vertex 7.48323 -5.00013 -8
      vertex 7.71956 -4.62692 -8
    endloop
  endfacet
  facet normal 0 0 -1
    outer loop
      vertex 14.1214 -20.587 -8
      vertex 7.22887 -5.36129 -8
      vertex 7.48323 -5.00013 -8
    endloop
  endfacet
  facet normal 0 0 -1
    outer loop
      vertex 13.9626 -20.5727 -8
      vertex 6.95709 -5.70954 -8
      vertex 7.22887 -5.36129 -8
    endloop
  endfacet
  facet normal 0 0 -1
    outer loop
      vertex 13.6437 -20.5674 -8
      vertex 6.66856 -6.04403 -8
      vertex 6.95709 -5.70954 -8
    endloop
  endfacet
  facet normal 0 0 -1
    outer loop
      vertex 13.4844 -20.5766 -8
      vertex 6.36396 -6.36396 -8
      vertex 6.66856 -6.04403 -8
    endloop
  endfacet
  facet normal 0 0 -1
    outer loop
      vertex 13.1682 -20.6182 -8
      vertex 6.04403 -6.66856 -8
      vertex 6.36396 -6.36396 -8
    endloop
  endfacet
  facet normal 0 -0 -1
    outer loop
      vertex -10.7897 -25.157 -8
      vertex 10.7897 -25.157 -8
      vertex -10.8591 -25.3006 -8
    endloop
  endfacet
  facet normal 0 0 -1
    outer loop
      vertex 0 -116.4 -8
      vertex 6 -57.1782 -8
      vertex 5.71148 -116.26 -8
    endloop
  endfacet
  facet normal 0 0 -1
    outer loop
      vertex -11.6474 -26.2939 -8
      vertex 6 -57.1782 -8
      vertex -6 -57.1782 -8
    endloop
  endfacet
  facet normal 0 0 -1
    outer loop
      vertex 13.012 -20.6506 -8
      vertex 5.70954 -6.95709 -8
      vertex 6.04403 -6.66856 -8
    endloop
  endfacet
  facet normal 0 0 -1
    outer loop
      vertex 12.7053 -20.7382 -8
      vertex 5.36129 -7.22887 -8
      vertex 5.70954 -6.95709 -8
    endloop
  endfacet
  facet normal 0 0 -1
    outer loop
      vertex 12.5556 -20.7931 -8
      vertex 5.00013 -7.48323 -8
      vertex 5.36129 -7.22887 -8
    endloop
  endfacet
  facet normal 0 0 -1
    outer loop
      vertex 12.2651 -20.9248 -8
      vertex 4.62692 -7.71956 -8
      vertex 5.00013 -7.48323 -8
    endloop
  endfacet
  facet normal 0 0 -1
    outer loop
      vertex 12.125 -21.0011 -8
      vertex 4.24257 -7.93729 -8
      vertex 4.62692 -7.71956 -8
    endloop
  endfacet
  facet normal 0 -0 -1
    outer loop
      vertex -10.5525 -24.3975 -8
      vertex 10.5525 -24.3975 -8
      vertex -10.5849 -24.5537 -8
    endloop
  endfacet
  facet normal 0 0 -1
    outer loop
      vertex 10.5525 -24.3975 -8
      vertex -10.5525 -24.3975 -8
      vertex 10.5278 -24.2399 -8
    endloop
  endfacet
  facet normal 0 0 -1
    outer loop
      vertex 11.8569 -21.1739 -8
      vertex 3.848 -8.1359 -8
      vertex 4.24257 -7.93729 -8
    endloop
  endfacet
  facet normal 0 -0 -1
    outer loop
      vertex -10.5278 -24.2399 -8
      vertex 10.5278 -24.2399 -8
      vertex -10.5525 -24.3975 -8
    endloop
  endfacet
  facet normal 0 0 -1
    outer loop
      vertex 11.7296 -21.27 -8
      vertex 3.44415 -8.31492 -8
      vertex 3.848 -8.1359 -8
    endloop
  endfacet
  facet normal 0 0 -1
    outer loop
      vertex 11.4898 -21.4803 -8
      vertex 3.03201 -8.4739 -8
      vertex 3.44415 -8.31492 -8
    endloop
  endfacet
  facet normal 0 -0 -1
    outer loop
      vertex -10.5109 -24.0813 -8
      vertex 10.5109 -24.0813 -8
      vertex -10.5278 -24.2399 -8
    endloop
  endfacet
  facet normal 0 0 -1
    outer loop
      vertex 11.3779 -21.594 -8
      vertex 2.61256 -8.61246 -8
      vertex 3.03201 -8.4739 -8
    endloop
  endfacet
  facet normal -0 0 -1
    outer loop
      vertex 6 -57.1782 -8
      vertex 0 -116.4 -8
      vertex -6 -57.1782 -8
    endloop
  endfacet
  facet normal 0 0 -1
    outer loop
      vertex 10.5109 -24.0813 -8
      vertex -10.5109 -24.0813 -8
      vertex 10.5017 -23.922 -8
    endloop
  endfacet
  facet normal 0 -0 -1
    outer loop
      vertex -10.5017 -23.922 -8
      vertex 10.5017 -23.922 -8
      vertex -10.5109 -24.0813 -8
    endloop
  endfacet
  facet normal 0 0 -1
    outer loop
      vertex 11.1716 -21.8372 -8
      vertex 2.18682 -8.73028 -8
      vertex 2.61256 -8.61246 -8
    endloop
  endfacet
  facet normal 0 -0 -1
    outer loop
      vertex -10.5004 -23.7625 -8
      vertex 10.5017 -23.922 -8
      vertex -10.5017 -23.922 -8
    endloop
  endfacet
  facet normal 0 0 -1
    outer loop
      vertex -10.507 -23.6031 -8
      vertex 10.5004 -23.7625 -8
      vertex -10.5004 -23.7625 -8
    endloop
  endfacet
  facet normal 0 0 -1
    outer loop
      vertex 10.9092 -22.237 -8
      vertex 1.32057 -8.90259 -8
      vertex 1.75581 -8.82707 -8
    endloop
  endfacet
  facet normal 0 0 -1
    outer loop
      vertex 10.8352 -22.3783 -8
      vertex 0.882154 -8.95666 -8
      vertex 1.32057 -8.90259 -8
    endloop
  endfacet
  facet normal 0 0 -1
    outer loop
      vertex 10.7083 -22.6709 -8
      vertex 0.441608 -8.98916 -8
      vertex 0.882154 -8.95666 -8
    endloop
  endfacet
  facet normal 0 0 -1
    outer loop
      vertex 10.507 -23.6031 -8
      vertex -10.507 -23.6031 -8
      vertex -10.5213 -23.4443 -8
    endloop
  endfacet
  facet normal 0 0 -1
    outer loop
      vertex 10.5213 -23.4443 -8
      vertex -10.5213 -23.4443 -8
      vertex -10.5434 -23.2863 -8
    endloop
  endfacet
  facet normal 0 0 -1
    outer loop
      vertex 10.5434 -23.2863 -8
      vertex -10.5434 -23.2863 -8
      vertex -10.5732 -23.1296 -8
    endloop
  endfacet
  facet normal 0 0 -1
    outer loop
      vertex 10.6107 -22.9745 -8
      vertex -10.6107 -22.9745 -8
      vertex 0 -9 -8
    endloop
  endfacet
  facet normal 0 0 -1
    outer loop
      vertex -10.6558 -22.8215 -8
      vertex 0 -9 -8
      vertex -10.6107 -22.9745 -8
    endloop
  endfacet
  facet normal -0 0 -1
    outer loop
      vertex 0 -9 -8
      vertex -10.6558 -22.8215 -8
      vertex -0.441608 -8.98916 -8
    endloop
  endfacet
  facet normal -0 0 -1
    outer loop
      vertex -0.441608 -8.98916 -8
      vertex -10.7083 -22.6709 -8
      vertex -0.882154 -8.95666 -8
    endloop
  endfacet
  facet normal 0 0 -1
    outer loop
      vertex -6 -57.1782 -8
      vertex 0 -116.4 -8
      vertex -5.71148 -116.26 -8
    endloop
  endfacet
  facet normal 0 0 -1
    outer loop
      vertex -6 -57.1782 -8
      vertex -5.71148 -116.26 -8
      vertex -6 -116.239 -8
    endloop
  endfacet
  facet normal 0 0 -1
    outer loop
      vertex -10.7681 -22.523 -8
      vertex -0.882154 -8.95666 -8
      vertex -10.7083 -22.6709 -8
    endloop
  endfacet
  facet normal 0 0 -1
    outer loop
      vertex -10.8352 -22.3783 -8
      vertex -0.882154 -8.95666 -8
      vertex -10.7681 -22.523 -8
    endloop
  endfacet
  facet normal 0 0 -1
    outer loop
      vertex -10.9092 -22.237 -8
      vertex -1.32057 -8.90259 -8
      vertex -10.8352 -22.3783 -8
    endloop
  endfacet
  facet normal -0 0 -1
    outer loop
      vertex -1.32057 -8.90259 -8
      vertex -10.9092 -22.237 -8
      vertex -1.75581 -8.82707 -8
    endloop
  endfacet
  facet normal 0 0 -1
    outer loop
      vertex -10.9901 -22.0995 -8
      vertex -1.75581 -8.82707 -8
      vertex -10.9092 -22.237 -8
    endloop
  endfacet
  facet normal 0 0 -1
    outer loop
      vertex -11.0776 -21.9661 -8
      vertex -1.75581 -8.82707 -8
      vertex -10.9901 -22.0995 -8
    endloop
  endfacet
  facet normal 0 0 -1
    outer loop
      vertex -11.1716 -21.8372 -8
      vertex -2.18682 -8.73028 -8
      vertex -11.0776 -21.9661 -8
    endloop
  endfacet
  facet normal -0 0 -1
    outer loop
      vertex -2.18682 -8.73028 -8
      vertex -11.1716 -21.8372 -8
      vertex -2.61256 -8.61246 -8
    endloop
  endfacet
  facet normal 0 0 -1
    outer loop
      vertex -11.2718 -21.7131 -8
      vertex -2.61256 -8.61246 -8
      vertex -11.1716 -21.8372 -8
    endloop
  endfacet
  facet normal 0 0 -1
    outer loop
      vertex -11.3779 -21.594 -8
      vertex -2.61256 -8.61246 -8
      vertex -11.2718 -21.7131 -8
    endloop
  endfacet
  facet normal -0 0 -1
    outer loop
      vertex -2.61256 -8.61246 -8
      vertex -11.3779 -21.594 -8
      vertex -3.03201 -8.4739 -8
    endloop
  endfacet
  facet normal 0 0 -1
    outer loop
      vertex -12.3126 -26.7305 -8
      vertex -6 -57.1782 -8
      vertex -8.437 -56.8776 -8
    endloop
  endfacet
  facet normal 0 0 -1
    outer loop
      vertex -11.4898 -21.4803 -8
      vertex -3.03201 -8.4739 -8
      vertex -11.3779 -21.594 -8
    endloop
  endfacet
  facet normal -0 0 -1
    outer loop
      vertex -3.03201 -8.4739 -8
      vertex -11.4898 -21.4803 -8
      vertex -3.44415 -8.31492 -8
    endloop
  endfacet
  facet normal 0 0 -1
    outer loop
      vertex -11.6071 -21.3722 -8
      vertex -3.44415 -8.31492 -8
      vertex -11.4898 -21.4803 -8
    endloop
  endfacet
  facet normal 0 0 -1
    outer loop
      vertex -11.7296 -21.27 -8
      vertex -3.44415 -8.31492 -8
      vertex -11.6071 -21.3722 -8
    endloop
  endfacet
  facet normal -0 0 -1
    outer loop
      vertex -3.44415 -8.31492 -8
      vertex -11.7296 -21.27 -8
      vertex -3.848 -8.1359 -8
    endloop
  endfacet
  facet normal -0 0 -1
    outer loop
      vertex -3.848 -8.1359 -8
      vertex -11.8569 -21.1739 -8
      vertex -4.24257 -7.93729 -8
    endloop
  endfacet
  facet normal 0 0 -1
    outer loop
      vertex -11.9889 -21.0842 -8
      vertex -4.24257 -7.93729 -8
      vertex -11.8569 -21.1739 -8
    endloop
  endfacet
  facet normal 0 0 -1
    outer loop
      vertex -12.125 -21.0011 -8
      vertex -4.24257 -7.93729 -8
      vertex -11.9889 -21.0842 -8
    endloop
  endfacet
  facet normal -0 0 -1
    outer loop
      vertex -4.24257 -7.93729 -8
      vertex -12.125 -21.0011 -8
      vertex -4.62692 -7.71956 -8
    endloop
  endfacet
  facet normal 0 0 -1
    outer loop
      vertex -11.8569 -21.1739 -8
      vertex -3.848 -8.1359 -8
      vertex -11.7296 -21.27 -8
    endloop
  endfacet
  facet normal -0 0 -1
    outer loop
      vertex -1.75581 -8.82707 -8
      vertex -11.0776 -21.9661 -8
      vertex -2.18682 -8.73028 -8
    endloop
  endfacet
  facet normal -0 0 -1
    outer loop
      vertex -0.882154 -8.95666 -8
      vertex -10.8352 -22.3783 -8
      vertex -1.32057 -8.90259 -8
    endloop
  endfacet
  facet normal 0 0 -1
    outer loop
      vertex -10.7083 -22.6709 -8
      vertex -0.441608 -8.98916 -8
      vertex -10.6558 -22.8215 -8
    endloop
  endfacet
  facet normal 0 0 -1
    outer loop
      vertex 10.5732 -23.1296 -8
      vertex -10.5732 -23.1296 -8
      vertex -10.6107 -22.9745 -8
    endloop
  endfacet
  facet normal 0 0 -1
    outer loop
      vertex 10.6558 -22.8215 -8
      vertex 0 -9 -8
      vertex 0.441608 -8.98916 -8
    endloop
  endfacet
  facet normal 0 0 -1
    outer loop
      vertex 11.0776 -21.9661 -8
      vertex 1.75581 -8.82707 -8
      vertex 2.18682 -8.73028 -8
    endloop
  endfacet
  facet normal 0 0 -1
    outer loop
      vertex 10.5278 -24.2399 -8
      vertex -10.5278 -24.2399 -8
      vertex 10.5109 -24.0813 -8
    endloop
  endfacet
  facet normal 0 0 -1
    outer loop
      vertex 10.5849 -24.5537 -8
      vertex -10.5849 -24.5537 -8
      vertex 10.5525 -24.3975 -8
    endloop
  endfacet
  facet normal 0 -0 -1
    outer loop
      vertex -10.5849 -24.5537 -8
      vertex 10.5849 -24.5537 -8
      vertex -10.6249 -24.7081 -8
    endloop
  endfacet
  facet normal 0 0 -1
    outer loop
      vertex 10.6249 -24.7081 -8
      vertex -10.6249 -24.7081 -8
      vertex 10.5849 -24.5537 -8
    endloop
  endfacet
  facet normal 0 -0 -1
    outer loop
      vertex -10.6249 -24.7081 -8
      vertex 10.6249 -24.7081 -8
      vertex -10.6725 -24.8604 -8
    endloop
  endfacet
  facet normal 0 0 -1
    outer loop
      vertex 10.6725 -24.8604 -8
      vertex -10.6725 -24.8604 -8
      vertex 10.6249 -24.7081 -8
    endloop
  endfacet
  facet normal 0 -0 -1
    outer loop
      vertex -10.6725 -24.8604 -8
      vertex 10.6725 -24.8604 -8
      vertex -10.7274 -25.0101 -8
    endloop
  endfacet
  facet normal 0 0 -1
    outer loop
      vertex -12.6052 -26.8574 -8
      vertex -8.437 -56.8776 -8
      vertex -11.2177 -56.3952 -8
    endloop
  endfacet
  facet normal 0 0 -1
    outer loop
      vertex 10.7274 -25.0101 -8
      vertex -10.7274 -25.0101 -8
      vertex 10.6725 -24.8604 -8
    endloop
  endfacet
  facet normal 0 -0 -1
    outer loop
      vertex -10.7274 -25.0101 -8
      vertex 10.7274 -25.0101 -8
      vertex -10.7897 -25.157 -8
    endloop
  endfacet
  facet normal 0 0 -1
    outer loop
      vertex 10.7897 -25.157 -8
      vertex -10.7897 -25.157 -8
      vertex 10.7274 -25.0101 -8
    endloop
  endfacet
  facet normal 0 0 -1
    outer loop
      vertex 11.1082 -25.7088 -8
      vertex -11.1082 -25.7088 -8
      vertex 11.0185 -25.5768 -8
    endloop
  endfacet
  facet normal 0 0 -1
    outer loop
      vertex -6 -57.1782 -8
      vertex -11.7715 -26.3941 -8
      vertex -11.6474 -26.2939 -8
    endloop
  endfacet
  facet normal 0 0 -1
    outer loop
      vertex -6 -57.1782 -8
      vertex -11.9004 -26.4881 -8
      vertex -11.7715 -26.3941 -8
    endloop
  endfacet
  facet normal 0 0 -1
    outer loop
      vertex -6 -57.1782 -8
      vertex -12.0338 -26.5756 -8
      vertex -11.9004 -26.4881 -8
    endloop
  endfacet
  facet normal 0 0 -1
    outer loop
      vertex -6 -57.1782 -8
      vertex -12.1713 -26.6565 -8
      vertex -12.0338 -26.5756 -8
    endloop
  endfacet
  facet normal 0 0 -1
    outer loop
      vertex -6 -57.1782 -8
      vertex -12.3126 -26.7305 -8
      vertex -12.1713 -26.6565 -8
    endloop
  endfacet
  facet normal 0 0 -1
    outer loop
      vertex -8.437 -56.8776 -8
      vertex -12.4573 -26.7976 -8
      vertex -12.3126 -26.7305 -8
    endloop
  endfacet
  facet normal 0 0 -1
    outer loop
      vertex -8.437 -56.8776 -8
      vertex -12.6052 -26.8574 -8
      vertex -12.4573 -26.7976 -8
    endloop
  endfacet
  facet normal 0 0 -1
    outer loop
      vertex -11.2177 -56.3952 -8
      vertex -12.7558 -26.9099 -8
      vertex -12.6052 -26.8574 -8
    endloop
  endfacet
  facet normal 0 0 -1
    outer loop
      vertex -11.2177 -56.3952 -8
      vertex -12.9088 -26.955 -8
      vertex -12.7558 -26.9099 -8
    endloop
  endfacet
  facet normal 0 0 -1
    outer loop
      vertex -11.2177 -56.3952 -8
      vertex -13.0639 -26.9925 -8
      vertex -12.9088 -26.955 -8
    endloop
  endfacet
  facet normal 0 0 -1
    outer loop
      vertex -13.9714 -55.7768 -8
      vertex -13.0639 -26.9925 -8
      vertex -11.2177 -56.3952 -8
    endloop
  endfacet
  facet normal 0 0 -1
    outer loop
      vertex -13.0639 -26.9925 -8
      vertex -13.9714 -55.7768 -8
      vertex -13.2206 -27.0223 -8
    endloop
  endfacet
  facet normal 0 0 -1
    outer loop
      vertex -13.2206 -27.0223 -8
      vertex -13.9714 -55.7768 -8
      vertex -13.3786 -27.0444 -8
    endloop
  endfacet
  facet normal 0 0 -1
    outer loop
      vertex -16.6914 -55.0241 -8
      vertex -13.3786 -27.0444 -8
      vertex -13.9714 -55.7768 -8
    endloop
  endfacet
  facet normal 0 0 -1
    outer loop
      vertex -13.3786 -27.0444 -8
      vertex -16.6914 -55.0241 -8
      vertex -13.5374 -27.0587 -8
    endloop
  endfacet
  facet normal 0 0 -1
    outer loop
      vertex -13.5374 -27.0587 -8
      vertex -16.6914 -55.0241 -8
      vertex -13.6968 -27.0653 -8
    endloop
  endfacet
  facet normal 0 0 -1
    outer loop
      vertex -19.3712 -54.1388 -8
      vertex -13.6968 -27.0653 -8
      vertex -16.6914 -55.0241 -8
    endloop
  endfacet
  facet normal -0 0 -1
    outer loop
      vertex -13.6968 -27.0653 -8
      vertex -19.3712 -54.1388 -8
      vertex -13.8563 -27.064 -8
    endloop
  endfacet
  facet normal -0 0 -1
    outer loop
      vertex -13.8563 -27.064 -8
      vertex -19.3712 -54.1388 -8
      vertex -14.0156 -27.0548 -8
    endloop
  endfacet
  facet normal -0 0 -1
    outer loop
      vertex -14.0156 -27.0548 -8
      vertex -19.3712 -54.1388 -8
      vertex -14.1742 -27.0379 -8
    endloop
  endfacet
  facet normal -0 0 -1
    outer loop
      vertex -14.1742 -27.0379 -8
      vertex -19.3712 -54.1388 -8
      vertex -14.3318 -27.0132 -8
    endloop
  endfacet
  facet normal -0 0 -1
    outer loop
      vertex -14.3318 -27.0132 -8
      vertex -19.3712 -54.1388 -8
      vertex -14.488 -26.9808 -8
    endloop
  endfacet
  facet normal -0 0 -1
    outer loop
      vertex -14.488 -26.9808 -8
      vertex -19.3712 -54.1388 -8
      vertex -14.6424 -26.9408 -8
    endloop
  endfacet
  facet normal -0 0 -1
    outer loop
      vertex -14.6424 -26.9408 -8
      vertex -19.3712 -54.1388 -8
      vertex -14.7947 -26.8932 -8
    endloop
  endfacet
  facet normal -0 0 -1
    outer loop
      vertex -14.7947 -26.8932 -8
      vertex -19.3712 -54.1388 -8
      vertex -14.9444 -26.8383 -8
    endloop
  endfacet
  facet normal -0 0 -1
    outer loop
      vertex -14.9444 -26.8383 -8
      vertex -19.3712 -54.1388 -8
      vertex -15.0913 -26.776 -8
    endloop
  endfacet
  facet normal -0 0 -1
    outer loop
      vertex -15.0913 -26.776 -8
      vertex -19.3712 -54.1388 -8
      vertex -15.2349 -26.7066 -8
    endloop
  endfacet
  facet normal -0 0 -1
    outer loop
      vertex -15.2349 -26.7066 -8
      vertex -19.3712 -54.1388 -8
      vertex -15.375 -26.6303 -8
    endloop
  endfacet
  facet normal -0 0 -1
    outer loop
      vertex -15.375 -26.6303 -8
      vertex -19.3712 -54.1388 -8
      vertex -15.5111 -26.5472 -8
    endloop
  endfacet
  facet normal -0 0 -1
    outer loop
      vertex -15.5111 -26.5472 -8
      vertex -19.3712 -54.1388 -8
      vertex -15.6431 -26.4575 -8
    endloop
  endfacet
  facet normal -0 0 -1
    outer loop
      vertex -15.6431 -26.4575 -8
      vertex -19.3712 -54.1388 -8
      vertex -15.7704 -26.3614 -8
    endloop
  endfacet
  facet normal -0 0 -1
    outer loop
      vertex -15.7704 -26.3614 -8
      vertex -19.3712 -54.1388 -8
      vertex -15.8929 -26.2592 -8
    endloop
  endfacet
  facet normal -0 0 -1
    outer loop
      vertex -15.8929 -26.2592 -8
      vertex -19.3712 -54.1388 -8
      vertex -16.0102 -26.1511 -8
    endloop
  endfacet
  facet normal -0 0 -1
    outer loop
      vertex -16.0102 -26.1511 -8
      vertex -19.3712 -54.1388 -8
      vertex -16.1221 -26.0374 -8
    endloop
  endfacet
  facet normal -0 0 -1
    outer loop
      vertex -16.1221 -26.0374 -8
      vertex -19.3712 -54.1388 -8
      vertex -16.2282 -25.9183 -8
    endloop
  endfacet
  facet normal -0 0 -1
    outer loop
      vertex -16.2282 -25.9183 -8
      vertex -19.3712 -54.1388 -8
      vertex -16.3284 -25.7942 -8
    endloop
  endfacet
  facet normal -0 0 -1
    outer loop
      vertex -16.3284 -25.7942 -8
      vertex -19.3712 -54.1388 -8
      vertex -16.4224 -25.6653 -8
    endloop
  endfacet
  facet normal -0 0 -1
    outer loop
      vertex -16.4224 -25.6653 -8
      vertex -19.3712 -54.1388 -8
      vertex -16.5099 -25.5319 -8
    endloop
  endfacet
  facet normal -0 0 -1
    outer loop
      vertex -16.5099 -25.5319 -8
      vertex -19.3712 -54.1388 -8
      vertex -16.5908 -25.3944 -8
    endloop
  endfacet
  facet normal -0 0 -1
    outer loop
      vertex -16.5908 -25.3944 -8
      vertex -19.3712 -54.1388 -8
      vertex -16.6648 -25.2531 -8
    endloop
  endfacet
  facet normal -0 0 -1
    outer loop
      vertex -16.6648 -25.2531 -8
      vertex -19.3712 -54.1388 -8
      vertex -16.7319 -25.1084 -8
    endloop
  endfacet
  facet normal -0 0 -1
    outer loop
      vertex -16.7319 -25.1084 -8
      vertex -19.3712 -54.1388 -8
      vertex -16.7917 -24.9605 -8
    endloop
  endfacet
  facet normal -0 0 -1
    outer loop
      vertex -16.7917 -24.9605 -8
      vertex -19.3712 -54.1388 -8
      vertex -16.8442 -24.8099 -8
    endloop
  endfacet
  facet normal -0 0 -1
    outer loop
      vertex -16.8442 -24.8099 -8
      vertex -19.3712 -54.1388 -8
      vertex -16.8893 -24.6569 -8
    endloop
  endfacet
  facet normal -0 0 -1
    outer loop
      vertex -16.8893 -24.6569 -8
      vertex -19.3712 -54.1388 -8
      vertex -16.9268 -24.5018 -8
    endloop
  endfacet
  facet normal -0 0 -1
    outer loop
      vertex -16.9268 -24.5018 -8
      vertex -19.3712 -54.1388 -8
      vertex -16.9566 -24.3451 -8
    endloop
  endfacet
  facet normal -0 0 -1
    outer loop
      vertex -16.9566 -24.3451 -8
      vertex -19.3712 -54.1388 -8
      vertex -16.9787 -24.1871 -8
    endloop
  endfacet
  facet normal 0 0 -1
    outer loop
      vertex -24.2852 -0.476873 -8
      vertex -16.9787 -24.1871 -8
      vertex -19.3712 -54.1388 -8
    endloop
  endfacet
  facet normal -0 0 -1
    outer loop
      vertex -15.0427 20.8338 -8
      vertex -25.564 2.61042 -8
      vertex -15.1874 20.9009 -8
    endloop
  endfacet
  facet normal 0 0 -1
    outer loop
      vertex -16.9787 -24.1871 -8
      vertex -24.2852 -0.476873 -8
      vertex -16.993 -24.0283 -8
    endloop
  endfacet
  facet normal 0.499998 -0.866027 0
    outer loop
      vertex 52.5096 23.3882 -8
      vertex 103.643 52.9099 8
      vertex 52.5096 23.3882 8
    endloop
  endfacet
  facet normal 0.499998 -0.866027 0
    outer loop
      vertex 103.643 52.9099 8
      vertex 52.5096 23.3882 -8
      vertex 103.643 52.9099 -8
    endloop
  endfacet
  facet normal -0.5 0.866026 0
    outer loop
      vertex 97.6467 63.3046 -8
      vertex 46.5148 33.7836 8
      vertex 97.6467 63.3046 8
    endloop
  endfacet
  facet normal -0.5 0.866026 0
    outer loop
      vertex 46.5148 33.7836 8
      vertex 97.6467 63.3046 -8
      vertex 46.5148 33.7836 -8
    endloop
  endfacet
  facet normal 0.866026 -0.5 0
    outer loop
      vertex 33.7836 46.5148 8
      vertex 63.3046 97.6467 -8
      vertex 63.3046 97.6467 8
    endloop
  endfacet
  facet normal 0.866026 -0.5 0
    outer loop
      vertex 63.3046 97.6467 -8
      vertex 33.7836 46.5148 8
      vertex 33.7836 46.5148 -8
    endloop
  endfacet
  facet normal -0.866027 0.499998 0
    outer loop
      vertex 23.3882 52.5096 -8
      vertex 52.9099 103.643 8
      vertex 52.9099 103.643 -8
    endloop
  endfacet
  facet normal -0.866027 0.499998 0
    outer loop
      vertex 52.9099 103.643 8
      vertex 23.3882 52.5096 -8
      vertex 23.3882 52.5096 8
    endloop
  endfacet
  facet normal 1 -0 0
    outer loop
      vertex 6 57.1782 8
      vertex 6 116.239 -8
      vertex 6 116.239 8
    endloop
  endfacet
  facet normal 1 0 0
    outer loop
      vertex 6 116.239 -8
      vertex 6 57.1782 8
      vertex 6 57.1782 -8
    endloop
  endfacet
  facet normal -1 0 0
    outer loop
      vertex -6 57.1782 -8
      vertex -6 116.239 8
      vertex -6 116.239 -8
    endloop
  endfacet
  facet normal -1 -0 0
    outer loop
      vertex -6 116.239 8
      vertex -6 57.1782 -8
      vertex -6 57.1782 8
    endloop
  endfacet
  facet normal 0.866027 0.499998 0
    outer loop
      vertex -23.3882 52.5096 8
      vertex -52.9099 103.643 -8
      vertex -52.9099 103.643 8
    endloop
  endfacet
  facet normal 0.866027 0.499998 0
    outer loop
      vertex -52.9099 103.643 -8
      vertex -23.3882 52.5096 8
      vertex -23.3882 52.5096 -8
    endloop
  endfacet
  facet normal -0.866026 -0.5 0
    outer loop
      vertex -33.7836 46.5148 -8
      vertex -63.3046 97.6467 8
      vertex -63.3046 97.6467 -8
    endloop
  endfacet
  facet normal -0.866026 -0.5 0
    outer loop
      vertex -63.3046 97.6467 8
      vertex -33.7836 46.5148 -8
      vertex -33.7836 46.5148 8
    endloop
  endfacet
  facet normal -0.499998 -0.866027 0
    outer loop
      vertex -103.643 52.9099 -8
      vertex -52.5096 23.3882 8
      vertex -103.643 52.9099 8
    endloop
  endfacet
  facet normal -0.499998 -0.866027 -0
    outer loop
      vertex -52.5096 23.3882 8
      vertex -103.643 52.9099 -8
      vertex -52.5096 23.3882 -8
    endloop
  endfacet
  facet normal 0.5 0.866026 -0
    outer loop
      vertex -46.5148 33.7836 -8
      vertex -97.6467 63.3046 8
      vertex -46.5148 33.7836 8
    endloop
  endfacet
  facet normal 0.5 0.866026 0
    outer loop
      vertex -97.6467 63.3046 8
      vertex -46.5148 33.7836 -8
      vertex -97.6467 63.3046 -8
    endloop
  endfacet
  facet normal 0 1 -0
    outer loop
      vertex -57.1782 6 -8
      vertex -116.239 6 8
      vertex -57.1782 6 8
    endloop
  endfacet
  facet normal 0 1 0
    outer loop
      vertex -116.239 6 8
      vertex -57.1782 6 -8
      vertex -116.239 6 -8
    endloop
  endfacet
  facet normal 0 -1 0
    outer loop
      vertex -116.239 -6 -8
      vertex -57.1782 -6 8
      vertex -116.239 -6 8
    endloop
  endfacet
  facet normal 0 -1 -0
    outer loop
      vertex -57.1782 -6 8
      vertex -116.239 -6 -8
      vertex -57.1782 -6 -8
    endloop
  endfacet
  facet normal -0.499998 0.866027 0
    outer loop
      vertex -52.5096 -23.3882 -8
      vertex -103.643 -52.9099 8
      vertex -52.5096 -23.3882 8
    endloop
  endfacet
  facet normal -0.499998 0.866027 0
    outer loop
      vertex -103.643 -52.9099 8
      vertex -52.5096 -23.3882 -8
      vertex -103.643 -52.9099 -8
    endloop
  endfacet
  facet normal 0.5 -0.866026 0
    outer loop
      vertex -97.6467 -63.3046 -8
      vertex -46.5148 -33.7836 8
      vertex -97.6467 -63.3046 8
    endloop
  endfacet
  facet normal 0.5 -0.866026 0
    outer loop
      vertex -46.5148 -33.7836 8
      vertex -97.6467 -63.3046 -8
      vertex -46.5148 -33.7836 -8
    endloop
  endfacet
  facet normal 0.866027 -0.499998 0
    outer loop
      vertex -52.9099 -103.643 8
      vertex -23.3882 -52.5096 -8
      vertex -23.3882 -52.5096 8
    endloop
  endfacet
  facet normal 0.866027 -0.499998 0
    outer loop
      vertex -23.3882 -52.5096 -8
      vertex -52.9099 -103.643 8
      vertex -52.9099 -103.643 -8
    endloop
  endfacet
  facet normal -0.866026 0.5 0
    outer loop
      vertex -63.3046 -97.6467 -8
      vertex -33.7836 -46.5148 8
      vertex -33.7836 -46.5148 -8
    endloop
  endfacet
  facet normal -0.866026 0.5 0
    outer loop
      vertex -33.7836 -46.5148 8
      vertex -63.3046 -97.6467 -8
      vertex -63.3046 -97.6467 8
    endloop
  endfacet
  facet normal -1 0 0
    outer loop
      vertex -6 -116.239 -8
      vertex -6 -57.1782 8
      vertex -6 -57.1782 -8
    endloop
  endfacet
  facet normal -1 -0 0
    outer loop
      vertex -6 -57.1782 8
      vertex -6 -116.239 -8
      vertex -6 -116.239 8
    endloop
  endfacet
  facet normal 1 -0 0
    outer loop
      vertex 6 -116.239 8
      vertex 6 -57.1782 -8
      vertex 6 -57.1782 8
    endloop
  endfacet
  facet normal 1 0 0
    outer loop
      vertex 6 -57.1782 -8
      vertex 6 -116.239 8
      vertex 6 -116.239 -8
    endloop
  endfacet
  facet normal -0.866027 -0.499998 0
    outer loop
      vertex 52.9099 -103.643 -8
      vertex 23.3882 -52.5096 8
      vertex 23.3882 -52.5096 -8
    endloop
  endfacet
  facet normal -0.866027 -0.499998 0
    outer loop
      vertex 23.3882 -52.5096 8
      vertex 52.9099 -103.643 -8
      vertex 52.9099 -103.643 8
    endloop
  endfacet
  facet normal 0.866026 0.5 0
    outer loop
      vertex 63.3046 -97.6467 8
      vertex 33.7836 -46.5148 -8
      vertex 33.7836 -46.5148 8
    endloop
  endfacet
  facet normal 0.866026 0.5 0
    outer loop
      vertex 33.7836 -46.5148 -8
      vertex 63.3046 -97.6467 8
      vertex 63.3046 -97.6467 -8
    endloop
  endfacet
  facet normal -0.5 -0.866026 0
    outer loop
      vertex 46.5148 -33.7836 -8
      vertex 97.6467 -63.3046 8
      vertex 46.5148 -33.7836 8
    endloop
  endfacet
  facet normal -0.5 -0.866026 -0
    outer loop
      vertex 97.6467 -63.3046 8
      vertex 46.5148 -33.7836 -8
      vertex 97.6467 -63.3046 -8
    endloop
  endfacet
  facet normal 0.499998 0.866027 -0
    outer loop
      vertex 103.643 -52.9099 -8
      vertex 52.5096 -23.3882 8
      vertex 103.643 -52.9099 8
    endloop
  endfacet
  facet normal 0.499998 0.866027 0
    outer loop
      vertex 52.5096 -23.3882 8
      vertex 103.643 -52.9099 -8
      vertex 52.5096 -23.3882 -8
    endloop
  endfacet
  facet normal -0.992478 -0.122421 0
    outer loop
      vertex -56.8776 -8.437 -8
      vertex -57.1782 -6 8
      vertex -57.1782 -6 -8
    endloop
  endfacet
  facet normal -0.992478 -0.122421 0
    outer loop
      vertex -57.1782 -6 8
      vertex -56.8776 -8.437 -8
      vertex -56.8776 -8.437 8
    endloop
  endfacet
  facet normal 0.992478 0.122421 0
    outer loop
      vertex 57.1782 6 8
      vertex 56.8776 8.437 -8
      vertex 56.8776 8.437 8
    endloop
  endfacet
  facet normal 0.992478 0.122421 0
    outer loop
      vertex 56.8776 8.437 -8
      vertex 57.1782 6 8
      vertex 57.1782 6 -8
    endloop
  endfacet
  facet normal 0.949527 0.313686 0
    outer loop
      vertex 55.0241 16.6914 8
      vertex 54.1388 19.3712 -8
      vertex 54.1388 19.3712 8
    endloop
  endfacet
  facet normal 0.949527 0.313686 0
    outer loop
      vertex 54.1388 19.3712 -8
      vertex 55.0241 16.6914 8
      vertex 55.0241 16.6914 -8
    endloop
  endfacet
  facet normal -0.992478 0.122421 0
    outer loop
      vertex -57.1782 6 -8
      vertex -56.8776 8.437 8
      vertex -56.8776 8.437 -8
    endloop
  endfacet
  facet normal -0.992478 0.122421 0
    outer loop
      vertex -56.8776 8.437 8
      vertex -57.1782 6 -8
      vertex -57.1782 6 8
    endloop
  endfacet
  facet normal 0.963778 0.266704 0
    outer loop
      vertex 55.7768 13.9714 8
      vertex 55.0241 16.6914 -8
      vertex 55.0241 16.6914 8
    endloop
  endfacet
  facet normal 0.963778 0.266704 0
    outer loop
      vertex 55.0241 16.6914 -8
      vertex 55.7768 13.9714 8
      vertex 55.7768 13.9714 -8
    endloop
  endfacet
  facet normal 0.914195 0.405274 0
    outer loop
      vertex 53.1231 22.0043 8
      vertex 52.5096 23.3882 -8
      vertex 52.5096 23.3882 8
    endloop
  endfacet
  facet normal 0.914195 0.405274 0
    outer loop
      vertex 52.5096 23.3882 -8
      vertex 53.1231 22.0043 8
      vertex 53.1231 22.0043 -8
    endloop
  endfacet
  facet normal 0.985283 -0.170928 0
    outer loop
      vertex 56.3952 -11.2177 8
      vertex 56.8776 -8.437 -8
      vertex 56.8776 -8.437 8
    endloop
  endfacet
  facet normal 0.985283 -0.170928 0
    outer loop
      vertex 56.8776 -8.437 -8
      vertex 56.3952 -11.2177 8
      vertex 56.3952 -11.2177 -8
    endloop
  endfacet
  facet normal 0.653175 -0.757207 0
    outer loop
      vertex 36.4776 -44.4481 -8
      vertex 38.6146 -42.6047 8
      vertex 36.4776 -44.4481 8
    endloop
  endfacet
  facet normal 0.653175 -0.757207 0
    outer loop
      vertex 38.6146 -42.6047 8
      vertex 36.4776 -44.4481 -8
      vertex 38.6146 -42.6047 -8
    endloop
  endfacet
  facet normal 0.975699 -0.219113 0
    outer loop
      vertex 55.7768 -13.9714 8
      vertex 56.3952 -11.2177 -8
      vertex 56.3952 -11.2177 8
    endloop
  endfacet
  facet normal 0.975699 -0.219113 0
    outer loop
      vertex 56.3952 -11.2177 -8
      vertex 55.7768 -13.9714 8
      vertex 55.7768 -13.9714 -8
    endloop
  endfacet
  facet normal -0.817566 0.575834 0
    outer loop
      vertex -46.5148 33.7836 -8
      vertex -46.1844 34.2527 8
      vertex -46.1844 34.2527 -8
    endloop
  endfacet
  facet normal -0.817566 0.575834 0
    outer loop
      vertex -46.1844 34.2527 8
      vertex -46.5148 33.7836 -8
      vertex -46.5148 33.7836 8
    endloop
  endfacet
  facet normal 0.757207 -0.653175 0
    outer loop
      vertex 42.6047 -38.6146 8
      vertex 44.4481 -36.4776 -8
      vertex 44.4481 -36.4776 8
    endloop
  endfacet
  facet normal 0.757207 -0.653175 0
    outer loop
      vertex 44.4481 -36.4776 -8
      vertex 42.6047 -38.6146 8
      vertex 42.6047 -38.6146 -8
    endloop
  endfacet
  facet normal -0.932993 0.359895 0
    outer loop
      vertex -54.1388 19.3712 -8
      vertex -53.1231 22.0043 8
      vertex -53.1231 22.0043 -8
    endloop
  endfacet
  facet normal -0.932993 0.359895 0
    outer loop
      vertex -53.1231 22.0043 8
      vertex -54.1388 19.3712 -8
      vertex -54.1388 19.3712 8
    endloop
  endfacet
  facet normal 0.985283 0.170928 0
    outer loop
      vertex 56.8776 8.437 8
      vertex 56.3952 11.2177 -8
      vertex 56.3952 11.2177 8
    endloop
  endfacet
  facet normal 0.985283 0.170928 0
    outer loop
      vertex 56.3952 11.2177 -8
      vertex 56.8776 8.437 8
      vertex 56.8776 8.437 -8
    endloop
  endfacet
  facet normal -0.219113 0.975699 0
    outer loop
      vertex -11.2177 56.3952 -8
      vertex -13.9714 55.7768 8
      vertex -11.2177 56.3952 8
    endloop
  endfacet
  facet normal -0.219113 0.975699 0
    outer loop
      vertex -13.9714 55.7768 8
      vertex -11.2177 56.3952 -8
      vertex -13.9714 55.7768 -8
    endloop
  endfacet
  facet normal -0.313686 0.949527 0
    outer loop
      vertex -16.6914 55.0241 -8
      vertex -19.3712 54.1388 8
      vertex -16.6914 55.0241 8
    endloop
  endfacet
  facet normal -0.313686 0.949527 0
    outer loop
      vertex -19.3712 54.1388 8
      vertex -16.6914 55.0241 -8
      vertex -19.3712 54.1388 -8
    endloop
  endfacet
  facet normal -0.405274 -0.914195 0
    outer loop
      vertex -23.3882 -52.5096 -8
      vertex -22.0043 -53.1231 8
      vertex -23.3882 -52.5096 8
    endloop
  endfacet
  facet normal -0.405274 -0.914195 -0
    outer loop
      vertex -22.0043 -53.1231 8
      vertex -23.3882 -52.5096 -8
      vertex -22.0043 -53.1231 -8
    endloop
  endfacet
  facet normal 0.963778 -0.266704 0
    outer loop
      vertex 55.0241 -16.6914 8
      vertex 55.7768 -13.9714 -8
      vertex 55.7768 -13.9714 8
    endloop
  endfacet
  facet normal 0.963778 -0.266704 0
    outer loop
      vertex 55.7768 -13.9714 -8
      vertex 55.0241 -16.6914 8
      vertex 55.0241 -16.6914 -8
    endloop
  endfacet
  facet normal 0.68955 0.724238 -0
    outer loop
      vertex 40.6586 40.6586 -8
      vertex 38.6146 42.6047 8
      vertex 40.6586 40.6586 8
    endloop
  endfacet
  facet normal 0.68955 0.724238 0
    outer loop
      vertex 38.6146 42.6047 8
      vertex 40.6586 40.6586 -8
      vertex 38.6146 42.6047 -8
    endloop
  endfacet
  facet normal -0.757207 0.653175 0
    outer loop
      vertex -44.4481 36.4776 -8
      vertex -42.6047 38.6146 8
      vertex -42.6047 38.6146 -8
    endloop
  endfacet
  facet normal -0.757207 0.653175 0
    outer loop
      vertex -42.6047 38.6146 8
      vertex -44.4481 36.4776 -8
      vertex -44.4481 36.4776 8
    endloop
  endfacet
  facet normal -0.615225 0.788351 0
    outer loop
      vertex -34.2527 46.1844 -8
      vertex -36.4776 44.4481 8
      vertex -34.2527 46.1844 8
    endloop
  endfacet
  facet normal -0.615225 0.788351 0
    outer loop
      vertex -36.4776 44.4481 8
      vertex -34.2527 46.1844 -8
      vertex -36.4776 44.4481 -8
    endloop
  endfacet
  facet normal 0.170928 0.985283 -0
    outer loop
      vertex 11.2177 56.3952 -8
      vertex 8.437 56.8776 8
      vertex 11.2177 56.3952 8
    endloop
  endfacet
  facet normal 0.170928 0.985283 0
    outer loop
      vertex 8.437 56.8776 8
      vertex 11.2177 56.3952 -8
      vertex 8.437 56.8776 -8
    endloop
  endfacet
  facet normal 0.575834 0.817566 -0
    outer loop
      vertex 34.2527 46.1844 -8
      vertex 33.7836 46.5148 8
      vertex 34.2527 46.1844 8
    endloop
  endfacet
  facet normal 0.575834 0.817566 0
    outer loop
      vertex 33.7836 46.5148 8
      vertex 34.2527 46.1844 -8
      vertex 33.7836 46.5148 -8
    endloop
  endfacet
  facet normal 0.653175 0.757207 -0
    outer loop
      vertex 38.6146 42.6047 -8
      vertex 36.4776 44.4481 8
      vertex 38.6146 42.6047 8
    endloop
  endfacet
  facet normal 0.653175 0.757207 0
    outer loop
      vertex 36.4776 44.4481 8
      vertex 38.6146 42.6047 -8
      vertex 36.4776 44.4481 -8
    endloop
  endfacet
  facet normal -0.724238 0.68955 0
    outer loop
      vertex -42.6047 38.6146 -8
      vertex -40.6586 40.6586 8
      vertex -40.6586 40.6586 -8
    endloop
  endfacet
  facet normal -0.724238 0.68955 0
    outer loop
      vertex -40.6586 40.6586 8
      vertex -42.6047 38.6146 -8
      vertex -42.6047 38.6146 8
    endloop
  endfacet
  facet normal 0.219113 -0.975699 0
    outer loop
      vertex 11.2177 -56.3952 -8
      vertex 13.9714 -55.7768 8
      vertex 11.2177 -56.3952 8
    endloop
  endfacet
  facet normal 0.219113 -0.975699 0
    outer loop
      vertex 13.9714 -55.7768 8
      vertex 11.2177 -56.3952 -8
      vertex 13.9714 -55.7768 -8
    endloop
  endfacet
  facet normal -0.724238 -0.68955 0
    outer loop
      vertex -40.6586 -40.6586 -8
      vertex -42.6047 -38.6146 8
      vertex -42.6047 -38.6146 -8
    endloop
  endfacet
  facet normal -0.724238 -0.68955 0
    outer loop
      vertex -42.6047 -38.6146 8
      vertex -40.6586 -40.6586 -8
      vertex -40.6586 -40.6586 8
    endloop
  endfacet
  facet normal 0.724238 0.68955 0
    outer loop
      vertex 42.6047 38.6146 8
      vertex 40.6586 40.6586 -8
      vertex 40.6586 40.6586 8
    endloop
  endfacet
  facet normal 0.724238 0.68955 0
    outer loop
      vertex 40.6586 40.6586 -8
      vertex 42.6047 38.6146 8
      vertex 42.6047 38.6146 -8
    endloop
  endfacet
  facet normal -0.122421 0.992478 0
    outer loop
      vertex -6 57.1782 -8
      vertex -8.437 56.8776 8
      vertex -6 57.1782 8
    endloop
  endfacet
  facet normal -0.122421 0.992478 0
    outer loop
      vertex -8.437 56.8776 8
      vertex -6 57.1782 -8
      vertex -8.437 56.8776 -8
    endloop
  endfacet
  facet normal -0.68955 0.724238 0
    outer loop
      vertex -38.6146 42.6047 -8
      vertex -40.6586 40.6586 8
      vertex -38.6146 42.6047 8
    endloop
  endfacet
  facet normal -0.68955 0.724238 0
    outer loop
      vertex -40.6586 40.6586 8
      vertex -38.6146 42.6047 -8
      vertex -40.6586 40.6586 -8
    endloop
  endfacet
  facet normal 0.724238 -0.68955 0
    outer loop
      vertex 40.6586 -40.6586 8
      vertex 42.6047 -38.6146 -8
      vertex 42.6047 -38.6146 8
    endloop
  endfacet
  facet normal 0.724238 -0.68955 0
    outer loop
      vertex 42.6047 -38.6146 -8
      vertex 40.6586 -40.6586 8
      vertex 40.6586 -40.6586 -8
    endloop
  endfacet
  facet normal -0.653175 -0.757207 0
    outer loop
      vertex -38.6146 -42.6047 -8
      vertex -36.4776 -44.4481 8
      vertex -38.6146 -42.6047 8
    endloop
  endfacet
  facet normal -0.653175 -0.757207 -0
    outer loop
      vertex -36.4776 -44.4481 8
      vertex -38.6146 -42.6047 -8
      vertex -36.4776 -44.4481 -8
    endloop
  endfacet
  facet normal -0.170928 -0.985283 0
    outer loop
      vertex -11.2177 -56.3952 -8
      vertex -8.437 -56.8776 8
      vertex -11.2177 -56.3952 8
    endloop
  endfacet
  facet normal -0.170928 -0.985283 -0
    outer loop
      vertex -8.437 -56.8776 8
      vertex -11.2177 -56.3952 -8
      vertex -8.437 -56.8776 -8
    endloop
  endfacet
  facet normal 0.992478 -0.122421 0
    outer loop
      vertex 56.8776 -8.437 8
      vertex 57.1782 -6 -8
      vertex 57.1782 -6 8
    endloop
  endfacet
  facet normal 0.992478 -0.122421 0
    outer loop
      vertex 57.1782 -6 -8
      vertex 56.8776 -8.437 8
      vertex 56.8776 -8.437 -8
    endloop
  endfacet
  facet normal -0.975699 0.219113 0
    outer loop
      vertex -56.3952 11.2177 -8
      vertex -55.7768 13.9714 8
      vertex -55.7768 13.9714 -8
    endloop
  endfacet
  facet normal -0.975699 0.219113 0
    outer loop
      vertex -55.7768 13.9714 8
      vertex -56.3952 11.2177 -8
      vertex -56.3952 11.2177 8
    endloop
  endfacet
  facet normal -0.949527 -0.313686 0
    outer loop
      vertex -54.1388 -19.3712 -8
      vertex -55.0241 -16.6914 8
      vertex -55.0241 -16.6914 -8
    endloop
  endfacet
  facet normal -0.949527 -0.313686 0
    outer loop
      vertex -55.0241 -16.6914 8
      vertex -54.1388 -19.3712 -8
      vertex -54.1388 -19.3712 8
    endloop
  endfacet
  facet normal -0.359895 -0.932993 0
    outer loop
      vertex -22.0043 -53.1231 -8
      vertex -19.3712 -54.1388 8
      vertex -22.0043 -53.1231 8
    endloop
  endfacet
  facet normal -0.359895 -0.932993 -0
    outer loop
      vertex -19.3712 -54.1388 8
      vertex -22.0043 -53.1231 -8
      vertex -19.3712 -54.1388 -8
    endloop
  endfacet
  facet normal 0.949527 -0.313686 0
    outer loop
      vertex 54.1388 -19.3712 8
      vertex 55.0241 -16.6914 -8
      vertex 55.0241 -16.6914 8
    endloop
  endfacet
  facet normal 0.949527 -0.313686 0
    outer loop
      vertex 55.0241 -16.6914 -8
      vertex 54.1388 -19.3712 8
      vertex 54.1388 -19.3712 -8
    endloop
  endfacet
  facet normal 0.615225 -0.788351 0
    outer loop
      vertex 34.2527 -46.1844 -8
      vertex 36.4776 -44.4481 8
      vertex 34.2527 -46.1844 8
    endloop
  endfacet
  facet normal 0.615225 -0.788351 0
    outer loop
      vertex 36.4776 -44.4481 8
      vertex 34.2527 -46.1844 -8
      vertex 36.4776 -44.4481 -8
    endloop
  endfacet
  facet normal -0.266704 -0.963778 0
    outer loop
      vertex -16.6914 -55.0241 -8
      vertex -13.9714 -55.7768 8
      vertex -16.6914 -55.0241 8
    endloop
  endfacet
  facet normal -0.266704 -0.963778 -0
    outer loop
      vertex -13.9714 -55.7768 8
      vertex -16.6914 -55.0241 -8
      vertex -13.9714 -55.7768 -8
    endloop
  endfacet
  facet normal 0.170928 -0.985283 0
    outer loop
      vertex 8.437 -56.8776 -8
      vertex 11.2177 -56.3952 8
      vertex 8.437 -56.8776 8
    endloop
  endfacet
  facet normal 0.170928 -0.985283 0
    outer loop
      vertex 11.2177 -56.3952 8
      vertex 8.437 -56.8776 -8
      vertex 11.2177 -56.3952 -8
    endloop
  endfacet
  facet normal 0.313686 -0.949527 0
    outer loop
      vertex 16.6914 -55.0241 -8
      vertex 19.3712 -54.1388 8
      vertex 16.6914 -55.0241 8
    endloop
  endfacet
  facet normal 0.313686 -0.949527 0
    outer loop
      vertex 19.3712 -54.1388 8
      vertex 16.6914 -55.0241 -8
      vertex 19.3712 -54.1388 -8
    endloop
  endfacet
  facet normal 0.817566 -0.575834 0
    outer loop
      vertex 46.1844 -34.2527 8
      vertex 46.5148 -33.7836 -8
      vertex 46.5148 -33.7836 8
    endloop
  endfacet
  facet normal 0.817566 -0.575834 0
    outer loop
      vertex 46.5148 -33.7836 -8
      vertex 46.1844 -34.2527 8
      vertex 46.1844 -34.2527 -8
    endloop
  endfacet
  facet normal 0.266704 0.963778 -0
    outer loop
      vertex 16.6914 55.0241 -8
      vertex 13.9714 55.7768 8
      vertex 16.6914 55.0241 8
    endloop
  endfacet
  facet normal 0.266704 0.963778 0
    outer loop
      vertex 13.9714 55.7768 8
      vertex 16.6914 55.0241 -8
      vertex 13.9714 55.7768 -8
    endloop
  endfacet
  facet normal 0.122421 0.992478 -0
    outer loop
      vertex 8.437 56.8776 -8
      vertex 6 57.1782 8
      vertex 8.437 56.8776 8
    endloop
  endfacet
  facet normal 0.122421 0.992478 0
    outer loop
      vertex 6 57.1782 8
      vertex 8.437 56.8776 -8
      vertex 6 57.1782 -8
    endloop
  endfacet
  facet normal 0.914195 -0.405274 0
    outer loop
      vertex 52.5096 -23.3882 8
      vertex 53.1231 -22.0043 -8
      vertex 53.1231 -22.0043 8
    endloop
  endfacet
  facet normal 0.914195 -0.405274 0
    outer loop
      vertex 53.1231 -22.0043 -8
      vertex 52.5096 -23.3882 8
      vertex 52.5096 -23.3882 -8
    endloop
  endfacet
  facet normal 0.788351 0.615225 0
    outer loop
      vertex 46.1844 34.2527 8
      vertex 44.4481 36.4776 -8
      vertex 44.4481 36.4776 8
    endloop
  endfacet
  facet normal 0.788351 0.615225 0
    outer loop
      vertex 44.4481 36.4776 -8
      vertex 46.1844 34.2527 8
      vertex 46.1844 34.2527 -8
    endloop
  endfacet
  facet normal -0.313686 -0.949527 0
    outer loop
      vertex -19.3712 -54.1388 -8
      vertex -16.6914 -55.0241 8
      vertex -19.3712 -54.1388 8
    endloop
  endfacet
  facet normal -0.313686 -0.949527 -0
    outer loop
      vertex -16.6914 -55.0241 8
      vertex -19.3712 -54.1388 -8
      vertex -16.6914 -55.0241 -8
    endloop
  endfacet
  facet normal 0.788351 -0.615225 0
    outer loop
      vertex 44.4481 -36.4776 8
      vertex 46.1844 -34.2527 -8
      vertex 46.1844 -34.2527 8
    endloop
  endfacet
  facet normal 0.788351 -0.615225 0
    outer loop
      vertex 46.1844 -34.2527 -8
      vertex 44.4481 -36.4776 8
      vertex 44.4481 -36.4776 -8
    endloop
  endfacet
  facet normal -0.963778 0.266704 0
    outer loop
      vertex -55.7768 13.9714 -8
      vertex -55.0241 16.6914 8
      vertex -55.0241 16.6914 -8
    endloop
  endfacet
  facet normal -0.963778 0.266704 0
    outer loop
      vertex -55.0241 16.6914 8
      vertex -55.7768 13.9714 -8
      vertex -55.7768 13.9714 8
    endloop
  endfacet
  facet normal -0.985283 0.170928 0
    outer loop
      vertex -56.8776 8.437 -8
      vertex -56.3952 11.2177 8
      vertex -56.3952 11.2177 -8
    endloop
  endfacet
  facet normal -0.985283 0.170928 0
    outer loop
      vertex -56.3952 11.2177 8
      vertex -56.8776 8.437 -8
      vertex -56.8776 8.437 8
    endloop
  endfacet
  facet normal 0.219113 0.975699 -0
    outer loop
      vertex 13.9714 55.7768 -8
      vertex 11.2177 56.3952 8
      vertex 13.9714 55.7768 8
    endloop
  endfacet
  facet normal 0.219113 0.975699 0
    outer loop
      vertex 11.2177 56.3952 8
      vertex 13.9714 55.7768 -8
      vertex 11.2177 56.3952 -8
    endloop
  endfacet
  facet normal 0.932993 0.359895 0
    outer loop
      vertex 54.1388 19.3712 8
      vertex 53.1231 22.0043 -8
      vertex 53.1231 22.0043 8
    endloop
  endfacet
  facet normal 0.932993 0.359895 0
    outer loop
      vertex 53.1231 22.0043 -8
      vertex 54.1388 19.3712 8
      vertex 54.1388 19.3712 -8
    endloop
  endfacet
  facet normal 0.405274 0.914195 -0
    outer loop
      vertex 23.3882 52.5096 -8
      vertex 22.0043 53.1231 8
      vertex 23.3882 52.5096 8
    endloop
  endfacet
  facet normal 0.405274 0.914195 0
    outer loop
      vertex 22.0043 53.1231 8
      vertex 23.3882 52.5096 -8
      vertex 22.0043 53.1231 -8
    endloop
  endfacet
  facet normal 0.975699 0.219113 0
    outer loop
      vertex 56.3952 11.2177 8
      vertex 55.7768 13.9714 -8
      vertex 55.7768 13.9714 8
    endloop
  endfacet
  facet normal 0.975699 0.219113 0
    outer loop
      vertex 55.7768 13.9714 -8
      vertex 56.3952 11.2177 8
      vertex 56.3952 11.2177 -8
    endloop
  endfacet
  facet normal 0.68955 -0.724238 0
    outer loop
      vertex 38.6146 -42.6047 -8
      vertex 40.6586 -40.6586 8
      vertex 38.6146 -42.6047 8
    endloop
  endfacet
  facet normal 0.68955 -0.724238 0
    outer loop
      vertex 40.6586 -40.6586 8
      vertex 38.6146 -42.6047 -8
      vertex 40.6586 -40.6586 -8
    endloop
  endfacet
  facet normal 0.359895 -0.932993 0
    outer loop
      vertex 19.3712 -54.1388 -8
      vertex 22.0043 -53.1231 8
      vertex 19.3712 -54.1388 8
    endloop
  endfacet
  facet normal 0.359895 -0.932993 0
    outer loop
      vertex 22.0043 -53.1231 8
      vertex 19.3712 -54.1388 -8
      vertex 22.0043 -53.1231 -8
    endloop
  endfacet
  facet normal -0.757207 -0.653175 0
    outer loop
      vertex -42.6047 -38.6146 -8
      vertex -44.4481 -36.4776 8
      vertex -44.4481 -36.4776 -8
    endloop
  endfacet
  facet normal -0.757207 -0.653175 0
    outer loop
      vertex -44.4481 -36.4776 8
      vertex -42.6047 -38.6146 -8
      vertex -42.6047 -38.6146 8
    endloop
  endfacet
  facet normal 0.359895 0.932993 -0
    outer loop
      vertex 22.0043 53.1231 -8
      vertex 19.3712 54.1388 8
      vertex 22.0043 53.1231 8
    endloop
  endfacet
  facet normal 0.359895 0.932993 0
    outer loop
      vertex 19.3712 54.1388 8
      vertex 22.0043 53.1231 -8
      vertex 19.3712 54.1388 -8
    endloop
  endfacet
  facet normal 0.313686 0.949527 -0
    outer loop
      vertex 19.3712 54.1388 -8
      vertex 16.6914 55.0241 8
      vertex 19.3712 54.1388 8
    endloop
  endfacet
  facet normal 0.313686 0.949527 0
    outer loop
      vertex 16.6914 55.0241 8
      vertex 19.3712 54.1388 -8
      vertex 16.6914 55.0241 -8
    endloop
  endfacet
  facet normal -0.975699 -0.219113 0
    outer loop
      vertex -55.7768 -13.9714 -8
      vertex -56.3952 -11.2177 8
      vertex -56.3952 -11.2177 -8
    endloop
  endfacet
  facet normal -0.975699 -0.219113 0
    outer loop
      vertex -56.3952 -11.2177 8
      vertex -55.7768 -13.9714 -8
      vertex -55.7768 -13.9714 8
    endloop
  endfacet
  facet normal 0.932993 -0.359895 0
    outer loop
      vertex 53.1231 -22.0043 8
      vertex 54.1388 -19.3712 -8
      vertex 54.1388 -19.3712 8
    endloop
  endfacet
  facet normal 0.932993 -0.359895 0
    outer loop
      vertex 54.1388 -19.3712 -8
      vertex 53.1231 -22.0043 8
      vertex 53.1231 -22.0043 -8
    endloop
  endfacet
  facet normal -0.359895 0.932993 0
    outer loop
      vertex -19.3712 54.1388 -8
      vertex -22.0043 53.1231 8
      vertex -19.3712 54.1388 8
    endloop
  endfacet
  facet normal -0.359895 0.932993 0
    outer loop
      vertex -22.0043 53.1231 8
      vertex -19.3712 54.1388 -8
      vertex -22.0043 53.1231 -8
    endloop
  endfacet
  facet normal 0.615225 0.788351 -0
    outer loop
      vertex 36.4776 44.4481 -8
      vertex 34.2527 46.1844 8
      vertex 36.4776 44.4481 8
    endloop
  endfacet
  facet normal 0.615225 0.788351 0
    outer loop
      vertex 34.2527 46.1844 8
      vertex 36.4776 44.4481 -8
      vertex 34.2527 46.1844 -8
    endloop
  endfacet
  facet normal 0.757207 0.653175 0
    outer loop
      vertex 44.4481 36.4776 8
      vertex 42.6047 38.6146 -8
      vertex 42.6047 38.6146 8
    endloop
  endfacet
  facet normal 0.757207 0.653175 0
    outer loop
      vertex 42.6047 38.6146 -8
      vertex 44.4481 36.4776 8
      vertex 44.4481 36.4776 -8
    endloop
  endfacet
  facet normal -0.653175 0.757207 0
    outer loop
      vertex -36.4776 44.4481 -8
      vertex -38.6146 42.6047 8
      vertex -36.4776 44.4481 8
    endloop
  endfacet
  facet normal -0.653175 0.757207 0
    outer loop
      vertex -38.6146 42.6047 8
      vertex -36.4776 44.4481 -8
      vertex -38.6146 42.6047 -8
    endloop
  endfacet
  facet normal -0.170928 0.985283 0
    outer loop
      vertex -8.437 56.8776 -8
      vertex -11.2177 56.3952 8
      vertex -8.437 56.8776 8
    endloop
  endfacet
  facet normal -0.170928 0.985283 0
    outer loop
      vertex -11.2177 56.3952 8
      vertex -8.437 56.8776 -8
      vertex -11.2177 56.3952 -8
    endloop
  endfacet
  facet normal -0.932993 -0.359895 0
    outer loop
      vertex -53.1231 -22.0043 -8
      vertex -54.1388 -19.3712 8
      vertex -54.1388 -19.3712 -8
    endloop
  endfacet
  facet normal -0.932993 -0.359895 0
    outer loop
      vertex -54.1388 -19.3712 8
      vertex -53.1231 -22.0043 -8
      vertex -53.1231 -22.0043 8
    endloop
  endfacet
  facet normal -0.949527 0.313686 0
    outer loop
      vertex -55.0241 16.6914 -8
      vertex -54.1388 19.3712 8
      vertex -54.1388 19.3712 -8
    endloop
  endfacet
  facet normal -0.949527 0.313686 0
    outer loop
      vertex -54.1388 19.3712 8
      vertex -55.0241 16.6914 -8
      vertex -55.0241 16.6914 8
    endloop
  endfacet
  facet normal -0.914195 0.405274 0
    outer loop
      vertex -53.1231 22.0043 -8
      vertex -52.5096 23.3882 8
      vertex -52.5096 23.3882 -8
    endloop
  endfacet
  facet normal -0.914195 0.405274 0
    outer loop
      vertex -52.5096 23.3882 8
      vertex -53.1231 22.0043 -8
      vertex -53.1231 22.0043 8
    endloop
  endfacet
  facet normal -0.219113 -0.975699 0
    outer loop
      vertex -13.9714 -55.7768 -8
      vertex -11.2177 -56.3952 8
      vertex -13.9714 -55.7768 8
    endloop
  endfacet
  facet normal -0.219113 -0.975699 -0
    outer loop
      vertex -11.2177 -56.3952 8
      vertex -13.9714 -55.7768 -8
      vertex -11.2177 -56.3952 -8
    endloop
  endfacet
  facet normal -0.68955 -0.724238 0
    outer loop
      vertex -40.6586 -40.6586 -8
      vertex -38.6146 -42.6047 8
      vertex -40.6586 -40.6586 8
    endloop
  endfacet
  facet normal -0.68955 -0.724238 -0
    outer loop
      vertex -38.6146 -42.6047 8
      vertex -40.6586 -40.6586 -8
      vertex -38.6146 -42.6047 -8
    endloop
  endfacet
  facet normal 0.122421 -0.992478 0
    outer loop
      vertex 6 -57.1782 -8
      vertex 8.437 -56.8776 8
      vertex 6 -57.1782 8
    endloop
  endfacet
  facet normal 0.122421 -0.992478 0
    outer loop
      vertex 8.437 -56.8776 8
      vertex 6 -57.1782 -8
      vertex 8.437 -56.8776 -8
    endloop
  endfacet
  facet normal -0.575834 0.817566 0
    outer loop
      vertex -33.7836 46.5148 -8
      vertex -34.2527 46.1844 8
      vertex -33.7836 46.5148 8
    endloop
  endfacet
  facet normal -0.575834 0.817566 0
    outer loop
      vertex -34.2527 46.1844 8
      vertex -33.7836 46.5148 -8
      vertex -34.2527 46.1844 -8
    endloop
  endfacet
  facet normal 0.266704 -0.963778 0
    outer loop
      vertex 13.9714 -55.7768 -8
      vertex 16.6914 -55.0241 8
      vertex 13.9714 -55.7768 8
    endloop
  endfacet
  facet normal 0.266704 -0.963778 0
    outer loop
      vertex 16.6914 -55.0241 8
      vertex 13.9714 -55.7768 -8
      vertex 16.6914 -55.0241 -8
    endloop
  endfacet
  facet normal -0.985283 -0.170928 0
    outer loop
      vertex -56.3952 -11.2177 -8
      vertex -56.8776 -8.437 8
      vertex -56.8776 -8.437 -8
    endloop
  endfacet
  facet normal -0.985283 -0.170928 0
    outer loop
      vertex -56.8776 -8.437 8
      vertex -56.3952 -11.2177 -8
      vertex -56.3952 -11.2177 8
    endloop
  endfacet
  facet normal 0.405274 -0.914195 0
    outer loop
      vertex 22.0043 -53.1231 -8
      vertex 23.3882 -52.5096 8
      vertex 22.0043 -53.1231 8
    endloop
  endfacet
  facet normal 0.405274 -0.914195 0
    outer loop
      vertex 23.3882 -52.5096 8
      vertex 22.0043 -53.1231 -8
      vertex 23.3882 -52.5096 -8
    endloop
  endfacet
  facet normal -0.615225 -0.788351 0
    outer loop
      vertex -36.4776 -44.4481 -8
      vertex -34.2527 -46.1844 8
      vertex -36.4776 -44.4481 8
    endloop
  endfacet
  facet normal -0.615225 -0.788351 -0
    outer loop
      vertex -34.2527 -46.1844 8
      vertex -36.4776 -44.4481 -8
      vertex -34.2527 -46.1844 -8
    endloop
  endfacet
  facet normal -0.788351 0.615225 0
    outer loop
      vertex -46.1844 34.2527 -8
      vertex -44.4481 36.4776 8
      vertex -44.4481 36.4776 -8
    endloop
  endfacet
  facet normal -0.788351 0.615225 0
    outer loop
      vertex -44.4481 36.4776 8
      vertex -46.1844 34.2527 -8
      vertex -46.1844 34.2527 8
    endloop
  endfacet
  facet normal 0.817566 0.575834 0
    outer loop
      vertex 46.5148 33.7836 8
      vertex 46.1844 34.2527 -8
      vertex 46.1844 34.2527 8
    endloop
  endfacet
  facet normal 0.817566 0.575834 0
    outer loop
      vertex 46.1844 34.2527 -8
      vertex 46.5148 33.7836 8
      vertex 46.5148 33.7836 -8
    endloop
  endfacet
  facet normal -0.122421 -0.992478 0
    outer loop
      vertex -8.437 -56.8776 -8
      vertex -6 -57.1782 8
      vertex -8.437 -56.8776 8
    endloop
  endfacet
  facet normal -0.122421 -0.992478 -0
    outer loop
      vertex -6 -57.1782 8
      vertex -8.437 -56.8776 -8
      vertex -6 -57.1782 -8
    endloop
  endfacet
  facet normal -0.914195 -0.405274 0
    outer loop
      vertex -52.5096 -23.3882 -8
      vertex -53.1231 -22.0043 8
      vertex -53.1231 -22.0043 -8
    endloop
  endfacet
  facet normal -0.914195 -0.405274 0
    outer loop
      vertex -53.1231 -22.0043 8
      vertex -52.5096 -23.3882 -8
      vertex -52.5096 -23.3882 8
    endloop
  endfacet
  facet normal -0.266704 0.963778 0
    outer loop
      vertex -13.9714 55.7768 -8
      vertex -16.6914 55.0241 8
      vertex -13.9714 55.7768 8
    endloop
  endfacet
  facet normal -0.266704 0.963778 0
    outer loop
      vertex -16.6914 55.0241 8
      vertex -13.9714 55.7768 -8
      vertex -16.6914 55.0241 -8
    endloop
  endfacet
  facet normal -0.788351 -0.615225 0
    outer loop
      vertex -44.4481 -36.4776 -8
      vertex -46.1844 -34.2527 8
      vertex -46.1844 -34.2527 -8
    endloop
  endfacet
  facet normal -0.788351 -0.615225 0
    outer loop
      vertex -46.1844 -34.2527 8
      vertex -44.4481 -36.4776 -8
      vertex -44.4481 -36.4776 8
    endloop
  endfacet
  facet normal -0.817566 -0.575834 0
    outer loop
      vertex -46.1844 -34.2527 -8
      vertex -46.5148 -33.7836 8
      vertex -46.5148 -33.7836 -8
    endloop
  endfacet
  facet normal -0.817566 -0.575834 0
    outer loop
      vertex -46.5148 -33.7836 8
      vertex -46.1844 -34.2527 -8
      vertex -46.1844 -34.2527 8
    endloop
  endfacet
  facet normal 0.575834 -0.817566 0
    outer loop
      vertex 33.7836 -46.5148 -8
      vertex 34.2527 -46.1844 8
      vertex 33.7836 -46.5148 8
    endloop
  endfacet
  facet normal 0.575834 -0.817566 0
    outer loop
      vertex 34.2527 -46.1844 8
      vertex 33.7836 -46.5148 -8
      vertex 34.2527 -46.1844 -8
    endloop
  endfacet
  facet normal -0.963778 -0.266704 0
    outer loop
      vertex -55.0241 -16.6914 -8
      vertex -55.7768 -13.9714 8
      vertex -55.7768 -13.9714 -8
    endloop
  endfacet
  facet normal -0.963778 -0.266704 0
    outer loop
      vertex -55.7768 -13.9714 8
      vertex -55.0241 -16.6914 -8
      vertex -55.0241 -16.6914 8
    endloop
  endfacet
  facet normal -0.405274 0.914195 0
    outer loop
      vertex -22.0043 53.1231 -8
      vertex -23.3882 52.5096 8
      vertex -22.0043 53.1231 8
    endloop
  endfacet
  facet normal -0.405274 0.914195 0
    outer loop
      vertex -23.3882 52.5096 8
      vertex -22.0043 53.1231 -8
      vertex -23.3882 52.5096 -8
    endloop
  endfacet
  facet normal -0.575834 -0.817566 0
    outer loop
      vertex -34.2527 -46.1844 -8
      vertex -33.7836 -46.5148 8
      vertex -34.2527 -46.1844 8
    endloop
  endfacet
  facet normal -0.575834 -0.817566 -0
    outer loop
      vertex -33.7836 -46.5148 8
      vertex -34.2527 -46.1844 -8
      vertex -33.7836 -46.5148 -8
    endloop
  endfacet
  facet normal -0.997306 -0.0733475 0
    outer loop
      vertex 30.7461 0.15947 -8
      vertex 30.7344 0.318555 8
      vertex 30.7344 0.318555 -8
    endloop
  endfacet
  facet normal -0.997306 -0.0733475 0
    outer loop
      vertex 30.7344 0.318555 8
      vertex 30.7461 0.15947 -8
      vertex 30.7461 0.15947 8
    endloop
  endfacet
  facet normal -0.999701 -0.0244487 0
    outer loop
      vertex 30.75 0 -8
      vertex 30.7461 0.15947 8
      vertex 30.7461 0.15947 -8
    endloop
  endfacet
  facet normal -0.999701 -0.0244487 0
    outer loop
      vertex 30.7461 0.15947 8
      vertex 30.75 0 -8
      vertex 30.75 0 8
    endloop
  endfacet
  facet normal -0.992424 -0.122863 0
    outer loop
      vertex 30.7344 0.318555 -8
      vertex 30.7148 0.476873 8
      vertex 30.7148 0.476873 -8
    endloop
  endfacet
  facet normal -0.992424 -0.122863 0
    outer loop
      vertex 30.7148 0.476873 8
      vertex 30.7344 0.318555 -8
      vertex 30.7344 0.318555 8
    endloop
  endfacet
  facet normal 0.844973 0.534809 0
    outer loop
      vertex 24.7977 -1.8056 8
      vertex 24.7124 -1.67083 -8
      vertex 24.7124 -1.67083 8
    endloop
  endfacet
  facet normal 0.844973 0.534809 0
    outer loop
      vertex 24.7124 -1.67083 -8
      vertex 24.7977 -1.8056 8
      vertex 24.7977 -1.8056 -8
    endloop
  endfacet
  facet normal -0.914307 0.405021 0
    outer loop
      vertex 30.438 -1.38955 -8
      vertex 30.5026 -1.24372 8
      vertex 30.5026 -1.24372 -8
    endloop
  endfacet
  facet normal -0.914307 0.405021 0
    outer loop
      vertex 30.5026 -1.24372 8
      vertex 30.438 -1.38955 -8
      vertex 30.438 -1.38955 8
    endloop
  endfacet
  facet normal -0.405121 0.914263 0
    outer loop
      vertex 28.8896 -2.93796 -8
      vertex 28.7437 -3.00261 8
      vertex 28.8896 -2.93796 8
    endloop
  endfacet
  facet normal -0.405121 0.914263 0
    outer loop
      vertex 28.7437 -3.00261 8
      vertex 28.8896 -2.93796 -8
      vertex 28.7437 -3.00261 -8
    endloop
  endfacet
  facet normal -0.949411 -0.314036 0
    outer loop
      vertex 30.6101 0.943425 -8
      vertex 30.56 1.09489 8
      vertex 30.56 1.09489 -8
    endloop
  endfacet
  facet normal -0.949411 -0.314036 0
    outer loop
      vertex 30.56 1.09489 8
      vertex 30.6101 0.943425 -8
      vertex 30.6101 0.943425 8
    endloop
  endfacet
  facet normal 0.975636 0.219396 0
    outer loop
      vertex 24.3474 -0.789685 8
      vertex 24.3124 -0.634043 -8
      vertex 24.3124 -0.634043 8
    endloop
  endfacet
  facet normal 0.975636 0.219396 0
    outer loop
      vertex 24.3124 -0.634043 -8
      vertex 24.3474 -0.789685 8
      vertex 24.3474 -0.789685 -8
    endloop
  endfacet
  facet normal 0.21902 -0.97572 0
    outer loop
      vertex 26.7103 3.1526 -8
      vertex 26.866 3.18755 8
      vertex 26.7103 3.1526 8
    endloop
  endfacet
  facet normal 0.21902 -0.97572 0
    outer loop
      vertex 26.866 3.18755 8
      vertex 26.7103 3.1526 -8
      vertex 26.866 3.18755 -8
    endloop
  endfacet
  facet normal -0.87015 -0.492786 0
    outer loop
      vertex 30.3662 1.53204 -8
      vertex 30.2876 1.67083 8
      vertex 30.2876 1.67083 -8
    endloop
  endfacet
  facet normal -0.87015 -0.492786 0
    outer loop
      vertex 30.2876 1.67083 8
      vertex 30.3662 1.53204 -8
      vertex 30.3662 1.53204 8
    endloop
  endfacet
  facet normal -0.615094 -0.788454 0
    outer loop
      vertex 29.436 2.61042 -8
      vertex 29.5618 2.51228 8
      vertex 29.436 2.61042 8
    endloop
  endfacet
  facet normal -0.615094 -0.788454 -0
    outer loop
      vertex 29.5618 2.51228 8
      vertex 29.436 2.61042 -8
      vertex 29.5618 2.51228 -8
    endloop
  endfacet
  facet normal 0.997306 -0.0733475 0
    outer loop
      vertex 24.2539 0.15947 8
      vertex 24.2656 0.318555 -8
      vertex 24.2656 0.318555 8
    endloop
  endfacet
  facet normal 0.997306 -0.0733475 0
    outer loop
      vertex 24.2656 0.318555 -8
      vertex 24.2539 0.15947 8
      vertex 24.2539 0.15947 -8
    endloop
  endfacet
  facet normal 0.963849 0.266447 0
    outer loop
      vertex 24.3899 -0.943425 8
      vertex 24.3474 -0.789685 -8
      vertex 24.3474 -0.789685 8
    endloop
  endfacet
  facet normal 0.963849 0.266447 0
    outer loop
      vertex 24.3474 -0.789685 -8
      vertex 24.3899 -0.943425 8
      vertex 24.3899 -0.943425 -8
    endloop
  endfacet
  facet normal -0.933014 -0.35984 0
    outer loop
      vertex 30.56 1.09489 -8
      vertex 30.5026 1.24372 8
      vertex 30.5026 1.24372 -8
    endloop
  endfacet
  facet normal -0.933014 -0.35984 0
    outer loop
      vertex 30.5026 1.24372 8
      vertex 30.56 1.09489 -8
      vertex 30.56 1.09489 8
    endloop
  endfacet
  facet normal -0.266745 0.963767 0
    outer loop
      vertex 28.4434 -3.11006 -8
      vertex 28.2897 -3.1526 8
      vertex 28.4434 -3.11006 8
    endloop
  endfacet
  facet normal -0.266745 0.963767 0
    outer loop
      vertex 28.2897 -3.1526 8
      vertex 28.4434 -3.11006 -8
      vertex 28.2897 -3.1526 -8
    endloop
  endfacet
  facet normal -0.449821 0.893119 0
    outer loop
      vertex 29.032 -2.86624 -8
      vertex 28.8896 -2.93796 8
      vertex 29.032 -2.86624 8
    endloop
  endfacet
  facet normal -0.449821 0.893119 0
    outer loop
      vertex 28.8896 -2.93796 8
      vertex 29.032 -2.86624 -8
      vertex 28.8896 -2.93796 -8
    endloop
  endfacet
  facet normal -0.689622 -0.724169 0
    outer loop
      vertex 29.6826 2.40809 -8
      vertex 29.7981 2.2981 8
      vertex 29.6826 2.40809 8
    endloop
  endfacet
  facet normal -0.689622 -0.724169 -0
    outer loop
      vertex 29.7981 2.2981 8
      vertex 29.6826 2.40809 -8
      vertex 29.7981 2.2981 -8
    endloop
  endfacet
  facet normal -0.492854 0.870112 0
    outer loop
      vertex 29.1708 -2.78762 -8
      vertex 29.032 -2.86624 8
      vertex 29.1708 -2.78762 8
    endloop
  endfacet
  facet normal -0.492854 0.870112 0
    outer loop
      vertex 29.032 -2.86624 8
      vertex 29.1708 -2.78762 -8
      vertex 29.032 -2.86624 -8
    endloop
  endfacet
  facet normal 0.0245067 0.9997 -0
    outer loop
      vertex 27.5 -3.25 -8
      vertex 27.3405 -3.24609 8
      vertex 27.5 -3.25 8
    endloop
  endfacet
  facet normal 0.0245067 0.9997 0
    outer loop
      vertex 27.3405 -3.24609 8
      vertex 27.5 -3.25 -8
      vertex 27.3405 -3.24609 -8
    endloop
  endfacet
  facet normal -0.534903 -0.844914 0
    outer loop
      vertex 29.1708 2.78762 -8
      vertex 29.3056 2.70228 8
      vertex 29.1708 2.78762 8
    endloop
  endfacet
  facet normal -0.534903 -0.844914 -0
    outer loop
      vertex 29.3056 2.70228 8
      vertex 29.1708 2.78762 -8
      vertex 29.3056 2.70228 -8
    endloop
  endfacet
  facet normal 0.963849 -0.266447 0
    outer loop
      vertex 24.3474 0.789685 8
      vertex 24.3899 0.943425 -8
      vertex 24.3899 0.943425 8
    endloop
  endfacet
  facet normal 0.963849 -0.266447 0
    outer loop
      vertex 24.3899 0.943425 -8
      vertex 24.3474 0.789685 8
      vertex 24.3474 0.789685 -8
    endloop
  endfacet
  facet normal -0.985353 -0.170526 0
    outer loop
      vertex 30.7148 0.476873 -8
      vertex 30.6876 0.634043 8
      vertex 30.6876 0.634043 -8
    endloop
  endfacet
  facet normal -0.985353 -0.170526 0
    outer loop
      vertex 30.6876 0.634043 8
      vertex 30.7148 0.476873 -8
      vertex 30.7148 0.476873 8
    endloop
  endfacet
  facet normal 0.997306 0.0733475 0
    outer loop
      vertex 24.2656 -0.318555 8
      vertex 24.2539 -0.15947 -8
      vertex 24.2539 -0.15947 8
    endloop
  endfacet
  facet normal 0.997306 0.0733475 0
    outer loop
      vertex 24.2539 -0.15947 -8
      vertex 24.2656 -0.318555 8
      vertex 24.2656 -0.318555 -8
    endloop
  endfacet
  facet normal -0.914307 -0.405021 0
    outer loop
      vertex 30.5026 1.24372 -8
      vertex 30.438 1.38955 8
      vertex 30.438 1.38955 -8
    endloop
  endfacet
  facet normal -0.914307 -0.405021 0
    outer loop
      vertex 30.438 1.38955 8
      vertex 30.5026 1.24372 -8
      vertex 30.5026 1.24372 8
    endloop
  endfacet
  facet normal 0.985353 0.170526 0
    outer loop
      vertex 24.3124 -0.634043 8
      vertex 24.2852 -0.476873 -8
      vertex 24.2852 -0.476873 8
    endloop
  endfacet
  facet normal 0.985353 0.170526 0
    outer loop
      vertex 24.2852 -0.476873 -8
      vertex 24.3124 -0.634043 8
      vertex 24.3124 -0.634043 -8
    endloop
  endfacet
  facet normal -0.405121 -0.914263 0
    outer loop
      vertex 28.7437 3.00261 -8
      vertex 28.8896 2.93796 8
      vertex 28.7437 3.00261 8
    endloop
  endfacet
  facet normal -0.405121 -0.914263 -0
    outer loop
      vertex 28.8896 2.93796 8
      vertex 28.7437 3.00261 -8
      vertex 28.8896 2.93796 -8
    endloop
  endfacet
  facet normal 0.171026 0.985266 -0
    outer loop
      vertex 27.0231 -3.21482 -8
      vertex 26.866 -3.18755 8
      vertex 27.0231 -3.21482 8
    endloop
  endfacet
  facet normal 0.171026 0.985266 0
    outer loop
      vertex 26.866 -3.18755 8
      vertex 27.0231 -3.21482 -8
      vertex 26.866 -3.18755 -8
    endloop
  endfacet
  facet normal -0.893032 -0.449994 0
    outer loop
      vertex 30.438 1.38955 -8
      vertex 30.3662 1.53204 8
      vertex 30.3662 1.53204 -8
    endloop
  endfacet
  facet normal -0.893032 -0.449994 0
    outer loop
      vertex 30.3662 1.53204 8
      vertex 30.438 1.38955 -8
      vertex 30.438 1.38955 8
    endloop
  endfacet
  facet normal -0.359958 0.932969 0
    outer loop
      vertex 28.7437 -3.00261 -8
      vertex 28.5949 -3.06002 8
      vertex 28.7437 -3.00261 8
    endloop
  endfacet
  facet normal -0.359958 0.932969 0
    outer loop
      vertex 28.5949 -3.06002 8
      vertex 28.7437 -3.00261 -8
      vertex 28.5949 -3.06002 -8
    endloop
  endfacet
  facet normal 0.78848 0.61506 0
    outer loop
      vertex 24.9877 -2.06178 8
      vertex 24.8896 -1.93602 -8
      vertex 24.8896 -1.93602 8
    endloop
  endfacet
  facet normal 0.78848 0.61506 0
    outer loop
      vertex 24.8896 -1.93602 -8
      vertex 24.9877 -2.06178 8
      vertex 24.9877 -2.06178 -8
    endloop
  endfacet
  facet normal -0.07359 0.997289 0
    outer loop
      vertex 27.8186 -3.23435 -8
      vertex 27.6595 -3.24609 8
      vertex 27.8186 -3.23435 8
    endloop
  endfacet
  facet normal -0.07359 0.997289 0
    outer loop
      vertex 27.6595 -3.24609 8
      vertex 27.8186 -3.23435 -8
      vertex 27.6595 -3.24609 -8
    endloop
  endfacet
  facet normal 0.405121 -0.914263 0
    outer loop
      vertex 26.1104 2.93796 -8
      vertex 26.2563 3.00261 8
      vertex 26.1104 2.93796 8
    endloop
  endfacet
  facet normal 0.405121 -0.914263 0
    outer loop
      vertex 26.2563 3.00261 8
      vertex 26.1104 2.93796 -8
      vertex 26.2563 3.00261 -8
    endloop
  endfacet
  facet normal 0.817444 0.576009 0
    outer loop
      vertex 24.8896 -1.93602 8
      vertex 24.7977 -1.8056 -8
      vertex 24.7977 -1.8056 8
    endloop
  endfacet
  facet normal 0.817444 0.576009 0
    outer loop
      vertex 24.7977 -1.8056 -8
      vertex 24.8896 -1.93602 8
      vertex 24.8896 -1.93602 -8
    endloop
  endfacet
  facet normal 0.87015 -0.492786 0
    outer loop
      vertex 24.6338 1.53204 8
      vertex 24.7124 1.67083 -8
      vertex 24.7124 1.67083 8
    endloop
  endfacet
  facet normal 0.87015 -0.492786 0
    outer loop
      vertex 24.7124 1.67083 -8
      vertex 24.6338 1.53204 8
      vertex 24.6338 1.53204 -8
    endloop
  endfacet
  facet normal 0.724227 -0.689561 0
    outer loop
      vertex 25.0919 2.18257 8
      vertex 25.2019 2.2981 -8
      vertex 25.2019 2.2981 8
    endloop
  endfacet
  facet normal 0.724227 -0.689561 0
    outer loop
      vertex 25.2019 2.2981 -8
      vertex 25.0919 2.18257 8
      vertex 25.0919 2.18257 -8
    endloop
  endfacet
  facet normal -0.844973 -0.534809 0
    outer loop
      vertex 30.2876 1.67083 -8
      vertex 30.2023 1.8056 8
      vertex 30.2023 1.8056 -8
    endloop
  endfacet
  facet normal -0.844973 -0.534809 0
    outer loop
      vertex 30.2023 1.8056 8
      vertex 30.2876 1.67083 -8
      vertex 30.2876 1.67083 8
    endloop
  endfacet
  facet normal -0.724227 0.689561 0
    outer loop
      vertex 29.7981 -2.2981 -8
      vertex 29.9081 -2.18257 8
      vertex 29.9081 -2.18257 -8
    endloop
  endfacet
  facet normal -0.724227 0.689561 0
    outer loop
      vertex 29.9081 -2.18257 8
      vertex 29.7981 -2.2981 -8
      vertex 29.7981 -2.2981 8
    endloop
  endfacet
  facet normal -0.963849 0.266447 0
    outer loop
      vertex 30.6101 -0.943425 -8
      vertex 30.6526 -0.789685 8
      vertex 30.6526 -0.789685 -8
    endloop
  endfacet
  facet normal -0.963849 0.266447 0
    outer loop
      vertex 30.6526 -0.789685 8
      vertex 30.6101 -0.943425 -8
      vertex 30.6101 -0.943425 8
    endloop
  endfacet
  facet normal -0.999701 0.0244487 0
    outer loop
      vertex 30.7461 -0.15947 -8
      vertex 30.75 0 8
      vertex 30.75 0 -8
    endloop
  endfacet
  facet normal -0.999701 0.0244487 0
    outer loop
      vertex 30.75 0 8
      vertex 30.7461 -0.15947 -8
      vertex 30.7461 -0.15947 8
    endloop
  endfacet
  facet normal -0.266745 -0.963767 0
    outer loop
      vertex 28.2897 3.1526 -8
      vertex 28.4434 3.11006 8
      vertex 28.2897 3.1526 8
    endloop
  endfacet
  facet normal -0.266745 -0.963767 -0
    outer loop
      vertex 28.4434 3.11006 8
      vertex 28.2897 3.1526 -8
      vertex 28.4434 3.11006 -8
    endloop
  endfacet
  facet normal -0.997306 0.0733475 0
    outer loop
      vertex 30.7344 -0.318555 -8
      vertex 30.7461 -0.15947 8
      vertex 30.7461 -0.15947 -8
    endloop
  endfacet
  facet normal -0.997306 0.0733475 0
    outer loop
      vertex 30.7461 -0.15947 8
      vertex 30.7344 -0.318555 -8
      vertex 30.7344 -0.318555 8
    endloop
  endfacet
  facet normal -0.653127 -0.757249 0
    outer loop
      vertex 29.5618 2.51228 -8
      vertex 29.6826 2.40809 8
      vertex 29.5618 2.51228 8
    endloop
  endfacet
  facet normal -0.653127 -0.757249 -0
    outer loop
      vertex 29.6826 2.40809 8
      vertex 29.5618 2.51228 -8
      vertex 29.6826 2.40809 -8
    endloop
  endfacet
  facet normal -0.122445 -0.992475 0
    outer loop
      vertex 27.8186 3.23435 -8
      vertex 27.9769 3.21482 8
      vertex 27.8186 3.23435 8
    endloop
  endfacet
  facet normal -0.122445 -0.992475 -0
    outer loop
      vertex 27.9769 3.21482 8
      vertex 27.8186 3.23435 -8
      vertex 27.9769 3.21482 -8
    endloop
  endfacet
  facet normal 0.405121 0.914263 -0
    outer loop
      vertex 26.2563 -3.00261 -8
      vertex 26.1104 -2.93796 8
      vertex 26.2563 -3.00261 8
    endloop
  endfacet
  facet normal 0.405121 0.914263 0
    outer loop
      vertex 26.1104 -2.93796 8
      vertex 26.2563 -3.00261 -8
      vertex 26.1104 -2.93796 -8
    endloop
  endfacet
  facet normal -0.615094 0.788454 0
    outer loop
      vertex 29.5618 -2.51228 -8
      vertex 29.436 -2.61042 8
      vertex 29.5618 -2.51228 8
    endloop
  endfacet
  facet normal -0.615094 0.788454 0
    outer loop
      vertex 29.436 -2.61042 8
      vertex 29.5618 -2.51228 -8
      vertex 29.436 -2.61042 -8
    endloop
  endfacet
  facet normal -0.449821 -0.893119 0
    outer loop
      vertex 28.8896 2.93796 -8
      vertex 29.032 2.86624 8
      vertex 28.8896 2.93796 8
    endloop
  endfacet
  facet normal -0.449821 -0.893119 -0
    outer loop
      vertex 29.032 2.86624 8
      vertex 28.8896 2.93796 -8
      vertex 29.032 2.86624 -8
    endloop
  endfacet
  facet normal 0.844973 -0.534809 0
    outer loop
      vertex 24.7124 1.67083 8
      vertex 24.7977 1.8056 -8
      vertex 24.7977 1.8056 8
    endloop
  endfacet
  facet normal 0.844973 -0.534809 0
    outer loop
      vertex 24.7977 1.8056 -8
      vertex 24.7124 1.67083 8
      vertex 24.7124 1.67083 -8
    endloop
  endfacet
  facet normal -0.313632 0.949545 0
    outer loop
      vertex 28.5949 -3.06002 -8
      vertex 28.4434 -3.11006 8
      vertex 28.5949 -3.06002 8
    endloop
  endfacet
  facet normal -0.313632 0.949545 0
    outer loop
      vertex 28.4434 -3.11006 8
      vertex 28.5949 -3.06002 -8
      vertex 28.4434 -3.11006 -8
    endloop
  endfacet
  facet normal -0.171026 0.985266 0
    outer loop
      vertex 28.134 -3.18755 -8
      vertex 27.9769 -3.21482 8
      vertex 28.134 -3.18755 8
    endloop
  endfacet
  facet normal -0.171026 0.985266 0
    outer loop
      vertex 27.9769 -3.21482 8
      vertex 28.134 -3.18755 -8
      vertex 27.9769 -3.21482 -8
    endloop
  endfacet
  facet normal -0.0245067 -0.9997 0
    outer loop
      vertex 27.5 3.25 -8
      vertex 27.6595 3.24609 8
      vertex 27.5 3.25 8
    endloop
  endfacet
  facet normal -0.0245067 -0.9997 -0
    outer loop
      vertex 27.6595 3.24609 8
      vertex 27.5 3.25 -8
      vertex 27.6595 3.24609 -8
    endloop
  endfacet
  facet normal -0.975636 0.219396 0
    outer loop
      vertex 30.6526 -0.789685 -8
      vertex 30.6876 -0.634043 8
      vertex 30.6876 -0.634043 -8
    endloop
  endfacet
  facet normal -0.975636 0.219396 0
    outer loop
      vertex 30.6876 -0.634043 8
      vertex 30.6526 -0.789685 -8
      vertex 30.6526 -0.789685 8
    endloop
  endfacet
  facet normal 0.122445 0.992475 -0
    outer loop
      vertex 27.1814 -3.23435 -8
      vertex 27.0231 -3.21482 8
      vertex 27.1814 -3.23435 8
    endloop
  endfacet
  facet normal 0.122445 0.992475 0
    outer loop
      vertex 27.0231 -3.21482 8
      vertex 27.1814 -3.23435 -8
      vertex 27.0231 -3.21482 -8
    endloop
  endfacet
  facet normal 0.914307 0.405021 0
    outer loop
      vertex 24.562 -1.38955 8
      vertex 24.4974 -1.24372 -8
      vertex 24.4974 -1.24372 8
    endloop
  endfacet
  facet normal 0.914307 0.405021 0
    outer loop
      vertex 24.4974 -1.24372 -8
      vertex 24.562 -1.38955 8
      vertex 24.562 -1.38955 -8
    endloop
  endfacet
  facet normal 0.992424 -0.122863 0
    outer loop
      vertex 24.2656 0.318555 8
      vertex 24.2852 0.476873 -8
      vertex 24.2852 0.476873 8
    endloop
  endfacet
  facet normal 0.992424 -0.122863 0
    outer loop
      vertex 24.2852 0.476873 -8
      vertex 24.2656 0.318555 8
      vertex 24.2656 0.318555 -8
    endloop
  endfacet
  facet normal 0.999701 0.0244487 0
    outer loop
      vertex 24.2539 -0.15947 8
      vertex 24.25 0 -8
      vertex 24.25 0 8
    endloop
  endfacet
  facet normal 0.999701 0.0244487 0
    outer loop
      vertex 24.25 0 -8
      vertex 24.2539 -0.15947 8
      vertex 24.2539 -0.15947 -8
    endloop
  endfacet
  facet normal 0.534903 0.844914 -0
    outer loop
      vertex 25.8292 -2.78762 -8
      vertex 25.6944 -2.70228 8
      vertex 25.8292 -2.78762 8
    endloop
  endfacet
  facet normal 0.534903 0.844914 0
    outer loop
      vertex 25.6944 -2.70228 8
      vertex 25.8292 -2.78762 -8
      vertex 25.6944 -2.70228 -8
    endloop
  endfacet
  facet normal 0.615094 -0.788454 0
    outer loop
      vertex 25.4382 2.51228 -8
      vertex 25.564 2.61042 8
      vertex 25.4382 2.51228 8
    endloop
  endfacet
  facet normal 0.615094 -0.788454 0
    outer loop
      vertex 25.564 2.61042 8
      vertex 25.4382 2.51228 -8
      vertex 25.564 2.61042 -8
    endloop
  endfacet
  facet normal -0.975636 -0.219396 0
    outer loop
      vertex 30.6876 0.634043 -8
      vertex 30.6526 0.789685 8
      vertex 30.6526 0.789685 -8
    endloop
  endfacet
  facet normal -0.975636 -0.219396 0
    outer loop
      vertex 30.6526 0.789685 8
      vertex 30.6876 0.634043 -8
      vertex 30.6876 0.634043 8
    endloop
  endfacet
  facet normal 0.985353 -0.170526 0
    outer loop
      vertex 24.2852 0.476873 8
      vertex 24.3124 0.634043 -8
      vertex 24.3124 0.634043 8
    endloop
  endfacet
  facet normal 0.985353 -0.170526 0
    outer loop
      vertex 24.3124 0.634043 -8
      vertex 24.2852 0.476873 8
      vertex 24.2852 0.476873 -8
    endloop
  endfacet
  facet normal 0.914307 -0.405021 0
    outer loop
      vertex 24.4974 1.24372 8
      vertex 24.562 1.38955 -8
      vertex 24.562 1.38955 8
    endloop
  endfacet
  facet normal 0.914307 -0.405021 0
    outer loop
      vertex 24.562 1.38955 -8
      vertex 24.4974 1.24372 8
      vertex 24.4974 1.24372 -8
    endloop
  endfacet
  facet normal -0.817444 -0.576009 0
    outer loop
      vertex 30.2023 1.8056 -8
      vertex 30.1104 1.93602 8
      vertex 30.1104 1.93602 -8
    endloop
  endfacet
  facet normal -0.817444 -0.576009 0
    outer loop
      vertex 30.1104 1.93602 8
      vertex 30.2023 1.8056 -8
      vertex 30.2023 1.8056 8
    endloop
  endfacet
  facet normal -0.949411 0.314036 0
    outer loop
      vertex 30.56 -1.09489 -8
      vertex 30.6101 -0.943425 8
      vertex 30.6101 -0.943425 -8
    endloop
  endfacet
  facet normal -0.949411 0.314036 0
    outer loop
      vertex 30.6101 -0.943425 8
      vertex 30.56 -1.09489 -8
      vertex 30.56 -1.09489 8
    endloop
  endfacet
  facet normal -0.757191 -0.653194 0
    outer loop
      vertex 30.0123 2.06178 -8
      vertex 29.9081 2.18257 8
      vertex 29.9081 2.18257 -8
    endloop
  endfacet
  facet normal -0.757191 -0.653194 0
    outer loop
      vertex 29.9081 2.18257 8
      vertex 30.0123 2.06178 -8
      vertex 30.0123 2.06178 8
    endloop
  endfacet
  facet normal -0.07359 -0.997289 0
    outer loop
      vertex 27.6595 3.24609 -8
      vertex 27.8186 3.23435 8
      vertex 27.6595 3.24609 8
    endloop
  endfacet
  facet normal -0.07359 -0.997289 -0
    outer loop
      vertex 27.8186 3.23435 8
      vertex 27.6595 3.24609 -8
      vertex 27.8186 3.23435 -8
    endloop
  endfacet
  facet normal 0.949411 -0.314036 0
    outer loop
      vertex 24.3899 0.943425 8
      vertex 24.44 1.09489 -8
      vertex 24.44 1.09489 8
    endloop
  endfacet
  facet normal 0.949411 -0.314036 0
    outer loop
      vertex 24.44 1.09489 -8
      vertex 24.3899 0.943425 8
      vertex 24.3899 0.943425 -8
    endloop
  endfacet
  facet normal 0.724227 0.689561 0
    outer loop
      vertex 25.2019 -2.2981 8
      vertex 25.0919 -2.18257 -8
      vertex 25.0919 -2.18257 8
    endloop
  endfacet
  facet normal 0.724227 0.689561 0
    outer loop
      vertex 25.0919 -2.18257 -8
      vertex 25.2019 -2.2981 8
      vertex 25.2019 -2.2981 -8
    endloop
  endfacet
  facet normal 0.5759 -0.81752 0
    outer loop
      vertex 25.564 2.61042 -8
      vertex 25.6944 2.70228 8
      vertex 25.564 2.61042 8
    endloop
  endfacet
  facet normal 0.5759 -0.81752 0
    outer loop
      vertex 25.6944 2.70228 8
      vertex 25.564 2.61042 -8
      vertex 25.6944 2.70228 -8
    endloop
  endfacet
  facet normal 0.87015 0.492786 0
    outer loop
      vertex 24.7124 -1.67083 8
      vertex 24.6338 -1.53204 -8
      vertex 24.6338 -1.53204 8
    endloop
  endfacet
  facet normal 0.87015 0.492786 0
    outer loop
      vertex 24.6338 -1.53204 -8
      vertex 24.7124 -1.67083 8
      vertex 24.7124 -1.67083 -8
    endloop
  endfacet
  facet normal -0.724227 -0.689561 0
    outer loop
      vertex 29.9081 2.18257 -8
      vertex 29.7981 2.2981 8
      vertex 29.7981 2.2981 -8
    endloop
  endfacet
  facet normal -0.724227 -0.689561 0
    outer loop
      vertex 29.7981 2.2981 8
      vertex 29.9081 2.18257 -8
      vertex 29.9081 2.18257 8
    endloop
  endfacet
  facet normal -0.78848 -0.61506 0
    outer loop
      vertex 30.1104 1.93602 -8
      vertex 30.0123 2.06178 8
      vertex 30.0123 2.06178 -8
    endloop
  endfacet
  facet normal -0.78848 -0.61506 0
    outer loop
      vertex 30.0123 2.06178 8
      vertex 30.1104 1.93602 -8
      vertex 30.1104 1.93602 8
    endloop
  endfacet
  facet normal 0.449821 0.893119 -0
    outer loop
      vertex 26.1104 -2.93796 -8
      vertex 25.968 -2.86624 8
      vertex 26.1104 -2.93796 8
    endloop
  endfacet
  facet normal 0.449821 0.893119 0
    outer loop
      vertex 25.968 -2.86624 8
      vertex 26.1104 -2.93796 -8
      vertex 25.968 -2.86624 -8
    endloop
  endfacet
  facet normal -0.492854 -0.870112 0
    outer loop
      vertex 29.032 2.86624 -8
      vertex 29.1708 2.78762 8
      vertex 29.032 2.86624 8
    endloop
  endfacet
  facet normal -0.492854 -0.870112 -0
    outer loop
      vertex 29.1708 2.78762 8
      vertex 29.032 2.86624 -8
      vertex 29.1708 2.78762 -8
    endloop
  endfacet
  facet normal -0.359958 -0.932969 0
    outer loop
      vertex 28.5949 3.06002 -8
      vertex 28.7437 3.00261 8
      vertex 28.5949 3.06002 8
    endloop
  endfacet
  facet normal -0.359958 -0.932969 -0
    outer loop
      vertex 28.7437 3.00261 8
      vertex 28.5949 3.06002 -8
      vertex 28.7437 3.00261 -8
    endloop
  endfacet
  facet normal -0.171026 -0.985266 0
    outer loop
      vertex 27.9769 3.21482 -8
      vertex 28.134 3.18755 8
      vertex 27.9769 3.21482 8
    endloop
  endfacet
  facet normal -0.171026 -0.985266 -0
    outer loop
      vertex 28.134 3.18755 8
      vertex 27.9769 3.21482 -8
      vertex 28.134 3.18755 -8
    endloop
  endfacet
  facet normal -0.963849 -0.266447 0
    outer loop
      vertex 30.6526 0.789685 -8
      vertex 30.6101 0.943425 8
      vertex 30.6101 0.943425 -8
    endloop
  endfacet
  facet normal -0.963849 -0.266447 0
    outer loop
      vertex 30.6101 0.943425 8
      vertex 30.6526 0.789685 -8
      vertex 30.6526 0.789685 8
    endloop
  endfacet
  facet normal 0.78848 -0.61506 0
    outer loop
      vertex 24.8896 1.93602 8
      vertex 24.9877 2.06178 -8
      vertex 24.9877 2.06178 8
    endloop
  endfacet
  facet normal 0.78848 -0.61506 0
    outer loop
      vertex 24.9877 2.06178 -8
      vertex 24.8896 1.93602 8
      vertex 24.8896 1.93602 -8
    endloop
  endfacet
  facet normal -0.985353 0.170526 0
    outer loop
      vertex 30.6876 -0.634043 -8
      vertex 30.7148 -0.476873 8
      vertex 30.7148 -0.476873 -8
    endloop
  endfacet
  facet normal -0.985353 0.170526 0
    outer loop
      vertex 30.7148 -0.476873 8
      vertex 30.6876 -0.634043 -8
      vertex 30.6876 -0.634043 8
    endloop
  endfacet
  facet normal -0.5759 -0.81752 0
    outer loop
      vertex 29.3056 2.70228 -8
      vertex 29.436 2.61042 8
      vertex 29.3056 2.70228 8
    endloop
  endfacet
  facet normal -0.5759 -0.81752 -0
    outer loop
      vertex 29.436 2.61042 8
      vertex 29.3056 2.70228 -8
      vertex 29.436 2.61042 -8
    endloop
  endfacet
  facet normal 0.653127 0.757249 -0
    outer loop
      vertex 25.4382 -2.51228 -8
      vertex 25.3174 -2.40809 8
      vertex 25.4382 -2.51228 8
    endloop
  endfacet
  facet normal 0.653127 0.757249 0
    outer loop
      vertex 25.3174 -2.40809 8
      vertex 25.4382 -2.51228 -8
      vertex 25.3174 -2.40809 -8
    endloop
  endfacet
  facet normal -0.992424 0.122863 0
    outer loop
      vertex 30.7148 -0.476873 -8
      vertex 30.7344 -0.318555 8
      vertex 30.7344 -0.318555 -8
    endloop
  endfacet
  facet normal -0.992424 0.122863 0
    outer loop
      vertex 30.7344 -0.318555 8
      vertex 30.7148 -0.476873 -8
      vertex 30.7148 -0.476873 8
    endloop
  endfacet
  facet normal 0.949411 0.314036 0
    outer loop
      vertex 24.44 -1.09489 8
      vertex 24.3899 -0.943425 -8
      vertex 24.3899 -0.943425 8
    endloop
  endfacet
  facet normal 0.949411 0.314036 0
    outer loop
      vertex 24.3899 -0.943425 -8
      vertex 24.44 -1.09489 8
      vertex 24.44 -1.09489 -8
    endloop
  endfacet
  facet normal 0.359958 -0.932969 0
    outer loop
      vertex 26.2563 3.00261 -8
      vertex 26.4051 3.06002 8
      vertex 26.2563 3.00261 8
    endloop
  endfacet
  facet normal 0.359958 -0.932969 0
    outer loop
      vertex 26.4051 3.06002 8
      vertex 26.2563 3.00261 -8
      vertex 26.4051 3.06002 -8
    endloop
  endfacet
  facet normal 0.0245067 -0.9997 0
    outer loop
      vertex 27.3405 3.24609 -8
      vertex 27.5 3.25 8
      vertex 27.3405 3.24609 8
    endloop
  endfacet
  facet normal 0.0245067 -0.9997 0
    outer loop
      vertex 27.5 3.25 8
      vertex 27.3405 3.24609 -8
      vertex 27.5 3.25 -8
    endloop
  endfacet
  facet normal 0.171026 -0.985266 0
    outer loop
      vertex 26.866 3.18755 -8
      vertex 27.0231 3.21482 8
      vertex 26.866 3.18755 8
    endloop
  endfacet
  facet normal 0.171026 -0.985266 0
    outer loop
      vertex 27.0231 3.21482 8
      vertex 26.866 3.18755 -8
      vertex 27.0231 3.21482 -8
    endloop
  endfacet
  facet normal -0.757191 0.653194 0
    outer loop
      vertex 29.9081 -2.18257 -8
      vertex 30.0123 -2.06178 8
      vertex 30.0123 -2.06178 -8
    endloop
  endfacet
  facet normal -0.757191 0.653194 0
    outer loop
      vertex 30.0123 -2.06178 8
      vertex 29.9081 -2.18257 -8
      vertex 29.9081 -2.18257 8
    endloop
  endfacet
  facet normal -0.689622 0.724169 0
    outer loop
      vertex 29.7981 -2.2981 -8
      vertex 29.6826 -2.40809 8
      vertex 29.7981 -2.2981 8
    endloop
  endfacet
  facet normal -0.689622 0.724169 0
    outer loop
      vertex 29.6826 -2.40809 8
      vertex 29.7981 -2.2981 -8
      vertex 29.6826 -2.40809 -8
    endloop
  endfacet
  facet normal 0.689622 -0.724169 0
    outer loop
      vertex 25.2019 2.2981 -8
      vertex 25.3174 2.40809 8
      vertex 25.2019 2.2981 8
    endloop
  endfacet
  facet normal 0.689622 -0.724169 0
    outer loop
      vertex 25.3174 2.40809 8
      vertex 25.2019 2.2981 -8
      vertex 25.3174 2.40809 -8
    endloop
  endfacet
  facet normal 0.893032 -0.449994 0
    outer loop
      vertex 24.562 1.38955 8
      vertex 24.6338 1.53204 -8
      vertex 24.6338 1.53204 8
    endloop
  endfacet
  facet normal 0.893032 -0.449994 0
    outer loop
      vertex 24.6338 1.53204 -8
      vertex 24.562 1.38955 8
      vertex 24.562 1.38955 -8
    endloop
  endfacet
  facet normal 0.359958 0.932969 -0
    outer loop
      vertex 26.4051 -3.06002 -8
      vertex 26.2563 -3.00261 8
      vertex 26.4051 -3.06002 8
    endloop
  endfacet
  facet normal 0.359958 0.932969 0
    outer loop
      vertex 26.2563 -3.00261 8
      vertex 26.4051 -3.06002 -8
      vertex 26.2563 -3.00261 -8
    endloop
  endfacet
  facet normal 0.122445 -0.992475 0
    outer loop
      vertex 27.0231 3.21482 -8
      vertex 27.1814 3.23435 8
      vertex 27.0231 3.21482 8
    endloop
  endfacet
  facet normal 0.122445 -0.992475 0
    outer loop
      vertex 27.1814 3.23435 8
      vertex 27.0231 3.21482 -8
      vertex 27.1814 3.23435 -8
    endloop
  endfacet
  facet normal -0.933014 0.35984 0
    outer loop
      vertex 30.5026 -1.24372 -8
      vertex 30.56 -1.09489 8
      vertex 30.56 -1.09489 -8
    endloop
  endfacet
  facet normal -0.933014 0.35984 0
    outer loop
      vertex 30.56 -1.09489 8
      vertex 30.5026 -1.24372 -8
      vertex 30.5026 -1.24372 8
    endloop
  endfacet
  facet normal 0.07359 -0.997289 0
    outer loop
      vertex 27.1814 3.23435 -8
      vertex 27.3405 3.24609 8
      vertex 27.1814 3.23435 8
    endloop
  endfacet
  facet normal 0.07359 -0.997289 0
    outer loop
      vertex 27.3405 3.24609 8
      vertex 27.1814 3.23435 -8
      vertex 27.3405 3.24609 -8
    endloop
  endfacet
  facet normal 0.492854 0.870112 -0
    outer loop
      vertex 25.968 -2.86624 -8
      vertex 25.8292 -2.78762 8
      vertex 25.968 -2.86624 8
    endloop
  endfacet
  facet normal 0.492854 0.870112 0
    outer loop
      vertex 25.8292 -2.78762 8
      vertex 25.968 -2.86624 -8
      vertex 25.8292 -2.78762 -8
    endloop
  endfacet
  facet normal -0.534903 0.844914 0
    outer loop
      vertex 29.3056 -2.70228 -8
      vertex 29.1708 -2.78762 8
      vertex 29.3056 -2.70228 8
    endloop
  endfacet
  facet normal -0.534903 0.844914 0
    outer loop
      vertex 29.1708 -2.78762 8
      vertex 29.3056 -2.70228 -8
      vertex 29.1708 -2.78762 -8
    endloop
  endfacet
  facet normal 0.992424 0.122863 0
    outer loop
      vertex 24.2852 -0.476873 8
      vertex 24.2656 -0.318555 -8
      vertex 24.2656 -0.318555 8
    endloop
  endfacet
  facet normal 0.992424 0.122863 0
    outer loop
      vertex 24.2656 -0.318555 -8
      vertex 24.2852 -0.476873 8
      vertex 24.2852 -0.476873 -8
    endloop
  endfacet
  facet normal 0.689622 0.724169 -0
    outer loop
      vertex 25.3174 -2.40809 -8
      vertex 25.2019 -2.2981 8
      vertex 25.3174 -2.40809 8
    endloop
  endfacet
  facet normal 0.689622 0.724169 0
    outer loop
      vertex 25.2019 -2.2981 8
      vertex 25.3174 -2.40809 -8
      vertex 25.2019 -2.2981 -8
    endloop
  endfacet
  facet normal -0.817444 0.576009 0
    outer loop
      vertex 30.1104 -1.93602 -8
      vertex 30.2023 -1.8056 8
      vertex 30.2023 -1.8056 -8
    endloop
  endfacet
  facet normal -0.817444 0.576009 0
    outer loop
      vertex 30.2023 -1.8056 8
      vertex 30.1104 -1.93602 -8
      vertex 30.1104 -1.93602 8
    endloop
  endfacet
  facet normal 0.757191 -0.653194 0
    outer loop
      vertex 24.9877 2.06178 8
      vertex 25.0919 2.18257 -8
      vertex 25.0919 2.18257 8
    endloop
  endfacet
  facet normal 0.757191 -0.653194 0
    outer loop
      vertex 25.0919 2.18257 -8
      vertex 24.9877 2.06178 8
      vertex 24.9877 2.06178 -8
    endloop
  endfacet
  facet normal -0.0245067 0.9997 0
    outer loop
      vertex 27.6595 -3.24609 -8
      vertex 27.5 -3.25 8
      vertex 27.6595 -3.24609 8
    endloop
  endfacet
  facet normal -0.0245067 0.9997 0
    outer loop
      vertex 27.5 -3.25 8
      vertex 27.6595 -3.24609 -8
      vertex 27.5 -3.25 -8
    endloop
  endfacet
  facet normal -0.21902 -0.97572 0
    outer loop
      vertex 28.134 3.18755 -8
      vertex 28.2897 3.1526 8
      vertex 28.134 3.18755 8
    endloop
  endfacet
  facet normal -0.21902 -0.97572 -0
    outer loop
      vertex 28.2897 3.1526 8
      vertex 28.134 3.18755 -8
      vertex 28.2897 3.1526 -8
    endloop
  endfacet
  facet normal 0.933014 0.35984 0
    outer loop
      vertex 24.4974 -1.24372 8
      vertex 24.44 -1.09489 -8
      vertex 24.44 -1.09489 8
    endloop
  endfacet
  facet normal 0.933014 0.35984 0
    outer loop
      vertex 24.44 -1.09489 -8
      vertex 24.4974 -1.24372 8
      vertex 24.4974 -1.24372 -8
    endloop
  endfacet
  facet normal 0.653127 -0.757249 0
    outer loop
      vertex 25.3174 2.40809 -8
      vertex 25.4382 2.51228 8
      vertex 25.3174 2.40809 8
    endloop
  endfacet
  facet normal 0.653127 -0.757249 0
    outer loop
      vertex 25.4382 2.51228 8
      vertex 25.3174 2.40809 -8
      vertex 25.4382 2.51228 -8
    endloop
  endfacet
  facet normal 0.313632 0.949545 -0
    outer loop
      vertex 26.5566 -3.11006 -8
      vertex 26.4051 -3.06002 8
      vertex 26.5566 -3.11006 8
    endloop
  endfacet
  facet normal 0.313632 0.949545 0
    outer loop
      vertex 26.4051 -3.06002 8
      vertex 26.5566 -3.11006 -8
      vertex 26.4051 -3.06002 -8
    endloop
  endfacet
  facet normal -0.893032 0.449994 0
    outer loop
      vertex 30.3662 -1.53204 -8
      vertex 30.438 -1.38955 8
      vertex 30.438 -1.38955 -8
    endloop
  endfacet
  facet normal -0.893032 0.449994 0
    outer loop
      vertex 30.438 -1.38955 8
      vertex 30.3662 -1.53204 -8
      vertex 30.3662 -1.53204 8
    endloop
  endfacet
  facet normal -0.21902 0.97572 0
    outer loop
      vertex 28.2897 -3.1526 -8
      vertex 28.134 -3.18755 8
      vertex 28.2897 -3.1526 8
    endloop
  endfacet
  facet normal -0.21902 0.97572 0
    outer loop
      vertex 28.134 -3.18755 8
      vertex 28.2897 -3.1526 -8
      vertex 28.134 -3.18755 -8
    endloop
  endfacet
  facet normal -0.122445 0.992475 0
    outer loop
      vertex 27.9769 -3.21482 -8
      vertex 27.8186 -3.23435 8
      vertex 27.9769 -3.21482 8
    endloop
  endfacet
  facet normal -0.122445 0.992475 0
    outer loop
      vertex 27.8186 -3.23435 8
      vertex 27.9769 -3.21482 -8
      vertex 27.8186 -3.23435 -8
    endloop
  endfacet
  facet normal -0.5759 0.81752 0
    outer loop
      vertex 29.436 -2.61042 -8
      vertex 29.3056 -2.70228 8
      vertex 29.436 -2.61042 8
    endloop
  endfacet
  facet normal -0.5759 0.81752 0
    outer loop
      vertex 29.3056 -2.70228 8
      vertex 29.436 -2.61042 -8
      vertex 29.3056 -2.70228 -8
    endloop
  endfacet
  facet normal 0.492854 -0.870112 0
    outer loop
      vertex 25.8292 2.78762 -8
      vertex 25.968 2.86624 8
      vertex 25.8292 2.78762 8
    endloop
  endfacet
  facet normal 0.492854 -0.870112 0
    outer loop
      vertex 25.968 2.86624 8
      vertex 25.8292 2.78762 -8
      vertex 25.968 2.86624 -8
    endloop
  endfacet
  facet normal 0.266745 0.963767 -0
    outer loop
      vertex 26.7103 -3.1526 -8
      vertex 26.5566 -3.11006 8
      vertex 26.7103 -3.1526 8
    endloop
  endfacet
  facet normal 0.266745 0.963767 0
    outer loop
      vertex 26.5566 -3.11006 8
      vertex 26.7103 -3.1526 -8
      vertex 26.5566 -3.11006 -8
    endloop
  endfacet
  facet normal 0.615094 0.788454 -0
    outer loop
      vertex 25.564 -2.61042 -8
      vertex 25.4382 -2.51228 8
      vertex 25.564 -2.61042 8
    endloop
  endfacet
  facet normal 0.615094 0.788454 0
    outer loop
      vertex 25.4382 -2.51228 8
      vertex 25.564 -2.61042 -8
      vertex 25.4382 -2.51228 -8
    endloop
  endfacet
  facet normal -0.87015 0.492786 0
    outer loop
      vertex 30.2876 -1.67083 -8
      vertex 30.3662 -1.53204 8
      vertex 30.3662 -1.53204 -8
    endloop
  endfacet
  facet normal -0.87015 0.492786 0
    outer loop
      vertex 30.3662 -1.53204 8
      vertex 30.2876 -1.67083 -8
      vertex 30.2876 -1.67083 8
    endloop
  endfacet
  facet normal 0.266745 -0.963767 0
    outer loop
      vertex 26.5566 3.11006 -8
      vertex 26.7103 3.1526 8
      vertex 26.5566 3.11006 8
    endloop
  endfacet
  facet normal 0.266745 -0.963767 0
    outer loop
      vertex 26.7103 3.1526 8
      vertex 26.5566 3.11006 -8
      vertex 26.7103 3.1526 -8
    endloop
  endfacet
  facet normal 0.999701 -0.0244487 0
    outer loop
      vertex 24.25 0 8
      vertex 24.2539 0.15947 -8
      vertex 24.2539 0.15947 8
    endloop
  endfacet
  facet normal 0.999701 -0.0244487 0
    outer loop
      vertex 24.2539 0.15947 -8
      vertex 24.25 0 8
      vertex 24.25 0 -8
    endloop
  endfacet
  facet normal 0.534903 -0.844914 0
    outer loop
      vertex 25.6944 2.70228 -8
      vertex 25.8292 2.78762 8
      vertex 25.6944 2.70228 8
    endloop
  endfacet
  facet normal 0.534903 -0.844914 0
    outer loop
      vertex 25.8292 2.78762 8
      vertex 25.6944 2.70228 -8
      vertex 25.8292 2.78762 -8
    endloop
  endfacet
  facet normal -0.78848 0.61506 0
    outer loop
      vertex 30.0123 -2.06178 -8
      vertex 30.1104 -1.93602 8
      vertex 30.1104 -1.93602 -8
    endloop
  endfacet
  facet normal -0.78848 0.61506 0
    outer loop
      vertex 30.1104 -1.93602 8
      vertex 30.0123 -2.06178 -8
      vertex 30.0123 -2.06178 8
    endloop
  endfacet
  facet normal -0.313632 -0.949545 0
    outer loop
      vertex 28.4434 3.11006 -8
      vertex 28.5949 3.06002 8
      vertex 28.4434 3.11006 8
    endloop
  endfacet
  facet normal -0.313632 -0.949545 -0
    outer loop
      vertex 28.5949 3.06002 8
      vertex 28.4434 3.11006 -8
      vertex 28.5949 3.06002 -8
    endloop
  endfacet
  facet normal 0.313632 -0.949545 0
    outer loop
      vertex 26.4051 3.06002 -8
      vertex 26.5566 3.11006 8
      vertex 26.4051 3.06002 8
    endloop
  endfacet
  facet normal 0.313632 -0.949545 0
    outer loop
      vertex 26.5566 3.11006 8
      vertex 26.4051 3.06002 -8
      vertex 26.5566 3.11006 -8
    endloop
  endfacet
  facet normal -0.653127 0.757249 0
    outer loop
      vertex 29.6826 -2.40809 -8
      vertex 29.5618 -2.51228 8
      vertex 29.6826 -2.40809 8
    endloop
  endfacet
  facet normal -0.653127 0.757249 0
    outer loop
      vertex 29.5618 -2.51228 8
      vertex 29.6826 -2.40809 -8
      vertex 29.5618 -2.51228 -8
    endloop
  endfacet
  facet normal -0.844973 0.534809 0
    outer loop
      vertex 30.2023 -1.8056 -8
      vertex 30.2876 -1.67083 8
      vertex 30.2876 -1.67083 -8
    endloop
  endfacet
  facet normal -0.844973 0.534809 0
    outer loop
      vertex 30.2876 -1.67083 8
      vertex 30.2023 -1.8056 -8
      vertex 30.2023 -1.8056 8
    endloop
  endfacet
  facet normal 0.757191 0.653194 0
    outer loop
      vertex 25.0919 -2.18257 8
      vertex 24.9877 -2.06178 -8
      vertex 24.9877 -2.06178 8
    endloop
  endfacet
  facet normal 0.757191 0.653194 0
    outer loop
      vertex 24.9877 -2.06178 -8
      vertex 25.0919 -2.18257 8
      vertex 25.0919 -2.18257 -8
    endloop
  endfacet
  facet normal 0.07359 0.997289 -0
    outer loop
      vertex 27.3405 -3.24609 -8
      vertex 27.1814 -3.23435 8
      vertex 27.3405 -3.24609 8
    endloop
  endfacet
  facet normal 0.07359 0.997289 0
    outer loop
      vertex 27.1814 -3.23435 8
      vertex 27.3405 -3.24609 -8
      vertex 27.1814 -3.23435 -8
    endloop
  endfacet
  facet normal 0.817444 -0.576009 0
    outer loop
      vertex 24.7977 1.8056 8
      vertex 24.8896 1.93602 -8
      vertex 24.8896 1.93602 8
    endloop
  endfacet
  facet normal 0.817444 -0.576009 0
    outer loop
      vertex 24.8896 1.93602 -8
      vertex 24.7977 1.8056 8
      vertex 24.7977 1.8056 -8
    endloop
  endfacet
  facet normal 0.5759 0.81752 -0
    outer loop
      vertex 25.6944 -2.70228 -8
      vertex 25.564 -2.61042 8
      vertex 25.6944 -2.70228 8
    endloop
  endfacet
  facet normal 0.5759 0.81752 0
    outer loop
      vertex 25.564 -2.61042 8
      vertex 25.6944 -2.70228 -8
      vertex 25.564 -2.61042 -8
    endloop
  endfacet
  facet normal 0.975636 -0.219396 0
    outer loop
      vertex 24.3124 0.634043 8
      vertex 24.3474 0.789685 -8
      vertex 24.3474 0.789685 8
    endloop
  endfacet
  facet normal 0.975636 -0.219396 0
    outer loop
      vertex 24.3474 0.789685 -8
      vertex 24.3124 0.634043 8
      vertex 24.3124 0.634043 -8
    endloop
  endfacet
  facet normal 0.933014 -0.35984 0
    outer loop
      vertex 24.44 1.09489 8
      vertex 24.4974 1.24372 -8
      vertex 24.4974 1.24372 8
    endloop
  endfacet
  facet normal 0.933014 -0.35984 0
    outer loop
      vertex 24.4974 1.24372 -8
      vertex 24.44 1.09489 8
      vertex 24.44 1.09489 -8
    endloop
  endfacet
  facet normal 0.21902 0.97572 -0
    outer loop
      vertex 26.866 -3.18755 -8
      vertex 26.7103 -3.1526 8
      vertex 26.866 -3.18755 8
    endloop
  endfacet
  facet normal 0.21902 0.97572 0
    outer loop
      vertex 26.7103 -3.1526 8
      vertex 26.866 -3.18755 -8
      vertex 26.7103 -3.1526 -8
    endloop
  endfacet
  facet normal 0.449821 -0.893119 0
    outer loop
      vertex 25.968 2.86624 -8
      vertex 26.1104 2.93796 8
      vertex 25.968 2.86624 8
    endloop
  endfacet
  facet normal 0.449821 -0.893119 0
    outer loop
      vertex 26.1104 2.93796 8
      vertex 25.968 2.86624 -8
      vertex 26.1104 2.93796 -8
    endloop
  endfacet
  facet normal 0.893032 0.449994 0
    outer loop
      vertex 24.6338 -1.53204 8
      vertex 24.562 -1.38955 -8
      vertex 24.562 -1.38955 8
    endloop
  endfacet
  facet normal 0.893032 0.449994 0
    outer loop
      vertex 24.562 -1.38955 -8
      vertex 24.6338 -1.53204 8
      vertex 24.6338 -1.53204 -8
    endloop
  endfacet
  facet normal 0.374846 -0.927087 0
    outer loop
      vertex 12.4573 26.7976 -8
      vertex 12.6052 26.8574 8
      vertex 12.4573 26.7976 8
    endloop
  endfacet
  facet normal 0.374846 -0.927087 0
    outer loop
      vertex 12.6052 26.8574 8
      vertex 12.4573 26.7976 -8
      vertex 12.6052 26.8574 -8
    endloop
  endfacet
  facet normal -0.435135 -0.900365 0
    outer loop
      vertex 15.0913 26.776 -8
      vertex 15.2349 26.7066 8
      vertex 15.0913 26.776 8
    endloop
  endfacet
  facet normal -0.435135 -0.900365 -0
    outer loop
      vertex 15.2349 26.7066 8
      vertex 15.0913 26.776 -8
      vertex 15.2349 26.7066 -8
    endloop
  endfacet
  facet normal -0.478281 -0.878207 0
    outer loop
      vertex 15.2349 26.7066 -8
      vertex 15.375 26.6303 8
      vertex 15.2349 26.7066 8
    endloop
  endfacet
  facet normal -0.478281 -0.878207 -0
    outer loop
      vertex 15.375 26.6303 8
      vertex 15.2349 26.7066 -8
      vertex 15.375 26.6303 -8
    endloop
  endfacet
  facet normal -0.390437 -0.92063 0
    outer loop
      vertex 14.9444 26.8383 -8
      vertex 15.0913 26.776 8
      vertex 14.9444 26.8383 8
    endloop
  endfacet
  facet normal -0.390437 -0.92063 -0
    outer loop
      vertex 15.0913 26.776 8
      vertex 14.9444 26.8383 -8
      vertex 15.0913 26.776 -8
    endloop
  endfacet
  facet normal 0.798115 -0.602505 0
    outer loop
      vertex 11.1082 25.7088 8
      vertex 11.2043 25.8361 -8
      vertex 11.2043 25.8361 8
    endloop
  endfacet
  facet normal 0.798115 -0.602505 0
    outer loop
      vertex 11.2043 25.8361 -8
      vertex 11.1082 25.7088 8
      vertex 11.1082 25.7088 -8
    endloop
  endfacet
  facet normal -0.994371 0.105958 0
    outer loop
      vertex 16.9722 23.3915 -8
      vertex 16.9891 23.5501 8
      vertex 16.9891 23.5501 -8
    endloop
  endfacet
  facet normal -0.994371 0.105958 0
    outer loop
      vertex 16.9891 23.5501 8
      vertex 16.9722 23.3915 -8
      vertex 16.9722 23.3915 8
    endloop
  endfacet
  facet normal -0.99597 -0.0896875 0
    outer loop
      vertex 16.993 24.0283 -8
      vertex 16.9787 24.1871 8
      vertex 16.9787 24.1871 -8
    endloop
  endfacet
  facet normal -0.99597 -0.0896875 0
    outer loop
      vertex 16.9787 24.1871 8
      vertex 16.993 24.0283 -8
      vertex 16.993 24.0283 8
    endloop
  endfacet
  facet normal 0.959196 0.282743 0
    outer loop
      vertex 10.6558 22.8215 8
      vertex 10.6107 22.9745 -8
      vertex 10.6107 22.9745 8
    endloop
  endfacet
  facet normal 0.959196 0.282743 0
    outer loop
      vertex 10.6107 22.9745 -8
      vertex 10.6558 22.8215 8
      vertex 10.6558 22.8215 -8
    endloop
  endfacet
  facet normal 0.435135 0.900365 -0
    outer loop
      vertex 12.4087 20.8554 -8
      vertex 12.2651 20.9248 8
      vertex 12.4087 20.8554 8
    endloop
  endfacet
  facet normal 0.435135 0.900365 0
    outer loop
      vertex 12.2651 20.9248 8
      vertex 12.4087 20.8554 -8
      vertex 12.2651 20.9248 -8
    endloop
  endfacet
  facet normal 0.463937 -0.885868 0
    outer loop
      vertex 12.1713 26.6565 -8
      vertex 12.3126 26.7305 8
      vertex 12.1713 26.6565 8
    endloop
  endfacet
  facet normal 0.463937 -0.885868 0
    outer loop
      vertex 12.3126 26.7305 8
      vertex 12.1713 26.6565 -8
      vertex 12.3126 26.7305 -8
    endloop
  endfacet
  facet normal 0.994371 -0.105958 0
    outer loop
      vertex 10.5109 24.0813 8
      vertex 10.5278 24.2399 -8
      vertex 10.5278 24.2399 8
    endloop
  endfacet
  facet normal 0.994371 -0.105958 0
    outer loop
      vertex 10.5278 24.2399 -8
      vertex 10.5109 24.0813 8
      vertex 10.5109 24.0813 -8
    endloop
  endfacet
  facet normal 0.836174 0.548465 0
    outer loop
      vertex 11.0776 21.9661 8
      vertex 10.9901 22.0995 -8
      vertex 10.9901 22.0995 8
    endloop
  endfacet
  facet normal 0.836174 0.548465 0
    outer loop
      vertex 10.9901 22.0995 -8
      vertex 11.0776 21.9661 8
      vertex 11.0776 21.9661 -8
    endloop
  endfacet
  facet normal 0.954469 -0.298311 0
    outer loop
      vertex 10.6249 24.7081 8
      vertex 10.6725 24.8604 -8
      vertex 10.6725 24.8604 8
    endloop
  endfacet
  facet normal 0.954469 -0.298311 0
    outer loop
      vertex 10.6725 24.8604 -8
      vertex 10.6249 24.7081 8
      vertex 10.6249 24.7081 -8
    endloop
  endfacet
  facet normal -0.562053 -0.827101 0
    outer loop
      vertex 15.5111 26.5472 -8
      vertex 15.6431 26.4575 8
      vertex 15.5111 26.5472 8
    endloop
  endfacet
  facet normal -0.562053 -0.827101 -0
    outer loop
      vertex 15.6431 26.4575 8
      vertex 15.5111 26.5472 -8
      vertex 15.6431 26.4575 -8
    endloop
  endfacet
  facet normal -0.677681 -0.735356 0
    outer loop
      vertex 15.8929 26.2592 -8
      vertex 16.0102 26.1511 8
      vertex 15.8929 26.2592 8
    endloop
  endfacet
  facet normal -0.677681 -0.735356 -0
    outer loop
      vertex 16.0102 26.1511 8
      vertex 15.8929 26.2592 -8
      vertex 16.0102 26.1511 -8
    endloop
  endfacet
  facet normal -0.746682 -0.665181 0
    outer loop
      vertex 16.2282 25.9183 -8
      vertex 16.1221 26.0374 8
      vertex 16.1221 26.0374 -8
    endloop
  endfacet
  facet normal -0.746682 -0.665181 0
    outer loop
      vertex 16.1221 26.0374 8
      vertex 16.2282 25.9183 -8
      vertex 16.2282 25.9183 8
    endloop
  endfacet
  facet normal 0.105958 0.994371 -0
    outer loop
      vertex 13.4844 20.5766 -8
      vertex 13.3258 20.5935 8
      vertex 13.4844 20.5766 8
    endloop
  endfacet
  facet normal 0.105958 0.994371 0
    outer loop
      vertex 13.3258 20.5935 8
      vertex 13.4844 20.5766 -8
      vertex 13.3258 20.5935 -8
    endloop
  endfacet
  facet normal -0.999967 0.0081502 0
    outer loop
      vertex 16.9983 23.7094 -8
      vertex 16.9996 23.8689 8
      vertex 16.9996 23.8689 -8
    endloop
  endfacet
  facet normal -0.999967 0.0081502 0
    outer loop
      vertex 16.9996 23.8689 8
      vertex 16.9983 23.7094 -8
      vertex 16.9983 23.7094 8
    endloop
  endfacet
  facet normal -0.665181 0.746682 0
    outer loop
      vertex 15.9717 21.4436 -8
      vertex 15.8526 21.3375 8
      vertex 15.9717 21.4436 8
    endloop
  endfacet
  facet normal -0.665181 0.746682 0
    outer loop
      vertex 15.8526 21.3375 8
      vertex 15.9717 21.4436 -8
      vertex 15.8526 21.3375 -8
    endloop
  endfacet
  facet normal -0.52112 -0.853483 0
    outer loop
      vertex 15.375 26.6303 -8
      vertex 15.5111 26.5472 8
      vertex 15.375 26.6303 8
    endloop
  endfacet
  facet normal -0.52112 -0.853483 -0
    outer loop
      vertex 15.5111 26.5472 8
      vertex 15.375 26.6303 -8
      vertex 15.5111 26.5472 -8
    endloop
  endfacet
  facet normal -0.298311 -0.954469 0
    outer loop
      vertex 14.6424 26.9408 -8
      vertex 14.7947 26.8932 8
      vertex 14.6424 26.9408 8
    endloop
  endfacet
  facet normal -0.298311 -0.954469 -0
    outer loop
      vertex 14.7947 26.8932 8
      vertex 14.6424 26.9408 -8
      vertex 14.7947 26.8932 -8
    endloop
  endfacet
  facet normal 0.99597 0.0896875 0
    outer loop
      vertex 10.5213 23.4443 8
      vertex 10.507 23.6031 -8
      vertex 10.507 23.6031 8
    endloop
  endfacet
  facet normal 0.99597 0.0896875 0
    outer loop
      vertex 10.507 23.6031 -8
      vertex 10.5213 23.4443 8
      vertex 10.5213 23.4443 -8
    endloop
  endfacet
  facet normal -0.701443 0.712726 0
    outer loop
      vertex 16.0854 21.5555 -8
      vertex 15.9717 21.4436 8
      vertex 16.0854 21.5555 8
    endloop
  endfacet
  facet normal -0.701443 0.712726 0
    outer loop
      vertex 15.9717 21.4436 8
      vertex 16.0854 21.5555 -8
      vertex 15.9717 21.4436 -8
    endloop
  endfacet
  facet normal 0.990359 0.138525 0
    outer loop
      vertex 10.5434 23.2863 8
      vertex 10.5213 23.4443 -8
      vertex 10.5213 23.4443 8
    endloop
  endfacet
  facet normal 0.990359 0.138525 0
    outer loop
      vertex 10.5213 23.4443 -8
      vertex 10.5434 23.2863 8
      vertex 10.5434 23.2863 -8
    endloop
  endfacet
  facet normal 0.807976 0.589215 0
    outer loop
      vertex 11.1716 21.8372 8
      vertex 11.0776 21.9661 -8
      vertex 11.0776 21.9661 8
    endloop
  endfacet
  facet normal 0.807976 0.589215 0
    outer loop
      vertex 11.0776 21.9661 -8
      vertex 11.1716 21.8372 8
      vertex 11.1716 21.8372 -8
    endloop
  endfacet
  facet normal -0.34431 -0.938856 0
    outer loop
      vertex 14.7947 26.8932 -8
      vertex 14.9444 26.8383 8
      vertex 14.7947 26.8932 8
    endloop
  endfacet
  facet normal -0.34431 -0.938856 -0
    outer loop
      vertex 14.9444 26.8383 8
      vertex 14.7947 26.8932 -8
      vertex 14.9444 26.8383 -8
    endloop
  endfacet
  facet normal -0.878207 0.478281 0
    outer loop
      vertex 16.5646 22.1907 -8
      vertex 16.6409 22.3308 8
      vertex 16.6409 22.3308 -8
    endloop
  endfacet
  facet normal -0.878207 0.478281 0
    outer loop
      vertex 16.6409 22.3308 8
      vertex 16.5646 22.1907 -8
      vertex 16.5646 22.1907 8
    endloop
  endfacet
  facet normal 0.34431 0.938856 -0
    outer loop
      vertex 12.7053 20.7382 -8
      vertex 12.5556 20.7931 8
      vertex 12.7053 20.7382 8
    endloop
  endfacet
  facet normal 0.34431 0.938856 0
    outer loop
      vertex 12.5556 20.7931 8
      vertex 12.7053 20.7382 -8
      vertex 12.5556 20.7931 -8
    endloop
  endfacet
  facet normal 0.235008 -0.971993 0
    outer loop
      vertex 12.9088 26.955 -8
      vertex 13.0639 26.9925 8
      vertex 12.9088 26.955 8
    endloop
  endfacet
  facet normal 0.235008 -0.971993 0
    outer loop
      vertex 13.0639 26.9925 8
      vertex 12.9088 26.955 -8
      vertex 13.0639 26.9925 -8
    endloop
  endfacet
  facet normal -0.186824 0.982393 0
    outer loop
      vertex 14.4361 20.6389 -8
      vertex 14.2794 20.6091 8
      vertex 14.4361 20.6389 8
    endloop
  endfacet
  facet normal -0.186824 0.982393 0
    outer loop
      vertex 14.2794 20.6091 8
      vertex 14.4361 20.6389 -8
      vertex 14.2794 20.6091 -8
    endloop
  endfacet
  facet normal 0.853483 -0.52112 0
    outer loop
      vertex 10.9354 25.4407 8
      vertex 11.0185 25.5768 -8
      vertex 11.0185 25.5768 8
    endloop
  endfacet
  facet normal 0.853483 -0.52112 0
    outer loop
      vertex 11.0185 25.5768 -8
      vertex 10.9354 25.4407 8
      vertex 10.9354 25.4407 -8
    endloop
  endfacet
  facet normal -0.203103 -0.979157 0
    outer loop
      vertex 14.3318 27.0132 -8
      vertex 14.488 26.9808 8
      vertex 14.3318 27.0132 8
    endloop
  endfacet
  facet normal -0.203103 -0.979157 -0
    outer loop
      vertex 14.488 26.9808 8
      vertex 14.3318 27.0132 -8
      vertex 14.488 26.9808 -8
    endloop
  endfacet
  facet normal -0.998336 0.0576566 0
    outer loop
      vertex 16.9891 23.5501 -8
      vertex 16.9983 23.7094 8
      vertex 16.9983 23.7094 -8
    endloop
  endfacet
  facet normal -0.998336 0.0576566 0
    outer loop
      vertex 16.9983 23.7094 8
      vertex 16.9891 23.5501 -8
      vertex 16.9891 23.5501 8
    endloop
  endfacet
  facet normal 0.548465 -0.836174 0
    outer loop
      vertex 11.9004 26.4881 -8
      vertex 12.0338 26.5756 8
      vertex 11.9004 26.4881 8
    endloop
  endfacet
  facet normal 0.548465 -0.836174 0
    outer loop
      vertex 12.0338 26.5756 8
      vertex 11.9004 26.4881 -8
      vertex 12.0338 26.5756 -8
    endloop
  endfacet
  facet normal -0.944268 -0.329177 0
    outer loop
      vertex 16.8442 24.8099 -8
      vertex 16.7917 24.9605 8
      vertex 16.7917 24.9605 -8
    endloop
  endfacet
  facet normal -0.944268 -0.329177 0
    outer loop
      vertex 16.7917 24.9605 8
      vertex 16.8442 24.8099 -8
      vertex 16.8442 24.8099 8
    endloop
  endfacet
  facet normal -0.900365 0.435135 0
    outer loop
      vertex 16.6409 22.3308 -8
      vertex 16.7103 22.4744 8
      vertex 16.7103 22.4744 -8
    endloop
  endfacet
  facet normal -0.900365 0.435135 0
    outer loop
      vertex 16.7103 22.4744 8
      vertex 16.6409 22.3308 -8
      vertex 16.6409 22.3308 8
    endloop
  endfacet
  facet normal 0.0896875 -0.99597 0
    outer loop
      vertex 13.3786 27.0444 -8
      vertex 13.5374 27.0587 8
      vertex 13.3786 27.0444 8
    endloop
  endfacet
  facet normal 0.0896875 -0.99597 0
    outer loop
      vertex 13.5374 27.0587 8
      vertex 13.3786 27.0444 -8
      vertex 13.5374 27.0587 -8
    endloop
  endfacet
  facet normal -0.92063 0.390437 0
    outer loop
      vertex 16.7103 22.4744 -8
      vertex 16.7726 22.6213 8
      vertex 16.7726 22.6213 -8
    endloop
  endfacet
  facet normal -0.92063 0.390437 0
    outer loop
      vertex 16.7726 22.6213 8
      vertex 16.7103 22.4744 -8
      vertex 16.7103 22.4744 8
    endloop
  endfacet
  facet normal -0.861886 -0.507102 0
    outer loop
      vertex 16.5908 25.3944 -8
      vertex 16.5099 25.5319 8
      vertex 16.5099 25.5319 -8
    endloop
  endfacet
  facet normal -0.861886 -0.507102 0
    outer loop
      vertex 16.5099 25.5319 8
      vertex 16.5908 25.3944 -8
      vertex 16.5908 25.3944 8
    endloop
  endfacet
  facet normal -0.735356 0.677681 0
    outer loop
      vertex 16.0854 21.5555 -8
      vertex 16.1935 21.6728 8
      vertex 16.1935 21.6728 -8
    endloop
  endfacet
  facet normal -0.735356 0.677681 0
    outer loop
      vertex 16.1935 21.6728 8
      vertex 16.0854 21.5555 -8
      vertex 16.0854 21.5555 8
    endloop
  endfacet
  facet normal 0.640616 0.767862 -0
    outer loop
      vertex 11.7296 21.27 -8
      vertex 11.6071 21.3722 8
      vertex 11.7296 21.27 8
    endloop
  endfacet
  facet normal 0.640616 0.767862 0
    outer loop
      vertex 11.6071 21.3722 8
      vertex 11.7296 21.27 -8
      vertex 11.6071 21.3722 -8
    endloop
  endfacet
  facet normal 0.885868 0.463937 0
    outer loop
      vertex 10.9092 22.237 8
      vertex 10.8352 22.3783 -8
      vertex 10.8352 22.3783 8
    endloop
  endfacet
  facet normal 0.885868 0.463937 0
    outer loop
      vertex 10.8352 22.3783 -8
      vertex 10.9092 22.237 8
      vertex 10.9092 22.237 -8
    endloop
  endfacet
  facet normal 0.562053 0.827101 -0
    outer loop
      vertex 11.9889 21.0842 -8
      vertex 11.8569 21.1739 8
      vertex 11.9889 21.0842 8
    endloop
  endfacet
  facet normal 0.562053 0.827101 0
    outer loop
      vertex 11.8569 21.1739 8
      vertex 11.9889 21.0842 -8
      vertex 11.8569 21.1739 -8
    endloop
  endfacet
  facet normal 0.999144 0.0413698 0
    outer loop
      vertex 10.507 23.6031 8
      vertex 10.5004 23.7625 -8
      vertex 10.5004 23.7625 8
    endloop
  endfacet
  facet normal 0.999144 0.0413698 0
    outer loop
      vertex 10.5004 23.7625 -8
      vertex 10.507 23.6031 8
      vertex 10.507 23.6031 -8
    endloop
  endfacet
  facet normal -0.154836 -0.98794 0
    outer loop
      vertex 14.1742 27.0379 -8
      vertex 14.3318 27.0132 8
      vertex 14.1742 27.0379 8
    endloop
  endfacet
  facet normal -0.154836 -0.98794 -0
    outer loop
      vertex 14.3318 27.0132 8
      vertex 14.1742 27.0379 -8
      vertex 14.3318 27.0132 -8
    endloop
  endfacet
  facet normal -0.798115 0.602505 0
    outer loop
      vertex 16.2957 21.7953 -8
      vertex 16.3918 21.9226 8
      vertex 16.3918 21.9226 -8
    endloop
  endfacet
  facet normal -0.798115 0.602505 0
    outer loop
      vertex 16.3918 21.9226 8
      vertex 16.2957 21.7953 -8
      vertex 16.2957 21.7953 8
    endloop
  endfacet
  facet normal 0.282743 -0.959196 0
    outer loop
      vertex 12.7558 26.9099 -8
      vertex 12.9088 26.955 8
      vertex 12.7558 26.9099 8
    endloop
  endfacet
  facet normal 0.282743 -0.959196 0
    outer loop
      vertex 12.9088 26.955 8
      vertex 12.7558 26.9099 -8
      vertex 12.9088 26.955 -8
    endloop
  endfacet
  facet normal 0.944268 0.329177 0
    outer loop
      vertex 10.7083 22.6709 8
      vertex 10.6558 22.8215 -8
      vertex 10.6558 22.8215 8
    endloop
  endfacet
  facet normal 0.944268 0.329177 0
    outer loop
      vertex 10.6558 22.8215 -8
      vertex 10.7083 22.6709 8
      vertex 10.7083 22.6709 -8
    endloop
  endfacet
  facet normal -0.767862 0.640616 0
    outer loop
      vertex 16.1935 21.6728 -8
      vertex 16.2957 21.7953 8
      vertex 16.2957 21.7953 -8
    endloop
  endfacet
  facet normal -0.767862 0.640616 0
    outer loop
      vertex 16.2957 21.7953 8
      vertex 16.1935 21.6728 -8
      vertex 16.1935 21.6728 8
    endloop
  endfacet
  facet normal 0.907206 0.420688 0
    outer loop
      vertex 10.8352 22.3783 8
      vertex 10.7681 22.523 -8
      vertex 10.7681 22.523 8
    endloop
  endfacet
  facet normal 0.907206 0.420688 0
    outer loop
      vertex 10.7681 22.523 -8
      vertex 10.8352 22.3783 8
      vertex 10.8352 22.3783 -8
    endloop
  endfacet
  facet normal -0.640616 -0.767862 0
    outer loop
      vertex 15.7704 26.3614 -8
      vertex 15.8929 26.2592 8
      vertex 15.7704 26.3614 8
    endloop
  endfacet
  facet normal -0.640616 -0.767862 -0
    outer loop
      vertex 15.8929 26.2592 8
      vertex 15.7704 26.3614 -8
      vertex 15.8929 26.2592 -8
    endloop
  endfacet
  facet normal 0.746682 0.665181 0
    outer loop
      vertex 11.3779 21.594 8
      vertex 11.2718 21.7131 -8
      vertex 11.2718 21.7131 8
    endloop
  endfacet
  facet normal 0.746682 0.665181 0
    outer loop
      vertex 11.2718 21.7131 -8
      vertex 11.3779 21.594 8
      vertex 11.3779 21.594 -8
    endloop
  endfacet
  facet normal 0.52112 0.853483 -0
    outer loop
      vertex 12.125 21.0011 -8
      vertex 11.9889 21.0842 8
      vertex 12.125 21.0011 8
    endloop
  endfacet
  facet normal 0.52112 0.853483 0
    outer loop
      vertex 11.9889 21.0842 8
      vertex 12.125 21.0011 -8
      vertex 11.9889 21.0842 -8
    endloop
  endfacet
  facet normal 0.712726 0.701443 0
    outer loop
      vertex 11.4898 21.4803 8
      vertex 11.3779 21.594 -8
      vertex 11.3779 21.594 8
    endloop
  endfacet
  facet normal 0.712726 0.701443 0
    outer loop
      vertex 11.3779 21.594 -8
      vertex 11.4898 21.4803 8
      vertex 11.4898 21.4803 -8
    endloop
  endfacet
  facet normal 0.665181 -0.746682 0
    outer loop
      vertex 11.5283 26.1878 -8
      vertex 11.6474 26.2939 8
      vertex 11.5283 26.1878 8
    endloop
  endfacet
  facet normal 0.665181 -0.746682 0
    outer loop
      vertex 11.6474 26.2939 8
      vertex 11.5283 26.1878 -8
      vertex 11.6474 26.2939 -8
    endloop
  endfacet
  facet normal -0.999144 -0.0413698 0
    outer loop
      vertex 16.9996 23.8689 -8
      vertex 16.993 24.0283 8
      vertex 16.993 24.0283 -8
    endloop
  endfacet
  facet normal -0.999144 -0.0413698 0
    outer loop
      vertex 16.993 24.0283 8
      vertex 16.9996 23.8689 -8
      vertex 16.9996 23.8689 8
    endloop
  endfacet
  facet normal 0.827101 -0.562053 0
    outer loop
      vertex 11.0185 25.5768 8
      vertex 11.1082 25.7088 -8
      vertex 11.1082 25.7088 8
    endloop
  endfacet
  facet normal 0.827101 -0.562053 0
    outer loop
      vertex 11.1082 25.7088 -8
      vertex 11.0185 25.5768 8
      vertex 11.0185 25.5768 -8
    endloop
  endfacet
  facet normal 0.0576566 0.998336 -0
    outer loop
      vertex 13.6437 20.5674 -8
      vertex 13.4844 20.5766 8
      vertex 13.6437 20.5674 8
    endloop
  endfacet
  facet normal 0.0576566 0.998336 0
    outer loop
      vertex 13.4844 20.5766 8
      vertex 13.6437 20.5674 -8
      vertex 13.4844 20.5766 -8
    endloop
  endfacet
  facet normal -0.971993 -0.235008 0
    outer loop
      vertex 16.9268 24.5018 -8
      vertex 16.8893 24.6569 8
      vertex 16.8893 24.6569 -8
    endloop
  endfacet
  facet normal -0.971993 -0.235008 0
    outer loop
      vertex 16.8893 24.6569 8
      vertex 16.9268 24.5018 -8
      vertex 16.9268 24.5018 8
    endloop
  endfacet
  facet normal -0.0081502 -0.999967 0
    outer loop
      vertex 13.6968 27.0653 -8
      vertex 13.8563 27.064 8
      vertex 13.6968 27.0653 8
    endloop
  endfacet
  facet normal -0.0081502 -0.999967 -0
    outer loop
      vertex 13.8563 27.064 8
      vertex 13.6968 27.0653 -8
      vertex 13.8563 27.064 -8
    endloop
  endfacet
  facet normal 0.507102 -0.861886 0
    outer loop
      vertex 12.0338 26.5756 -8
      vertex 12.1713 26.6565 8
      vertex 12.0338 26.5756 8
    endloop
  endfacet
  facet normal 0.507102 -0.861886 0
    outer loop
      vertex 12.1713 26.6565 8
      vertex 12.0338 26.5756 -8
      vertex 12.1713 26.6565 -8
    endloop
  endfacet
  facet normal -0.235008 0.971993 0
    outer loop
      vertex 14.5912 20.6764 -8
      vertex 14.4361 20.6389 8
      vertex 14.5912 20.6764 8
    endloop
  endfacet
  facet normal -0.235008 0.971993 0
    outer loop
      vertex 14.4361 20.6389 8
      vertex 14.5912 20.6764 -8
      vertex 14.4361 20.6389 -8
    endloop
  endfacet
  facet normal -0.98794 0.154836 0
    outer loop
      vertex 16.9475 23.2339 -8
      vertex 16.9722 23.3915 8
      vertex 16.9722 23.3915 -8
    endloop
  endfacet
  facet normal -0.98794 0.154836 0
    outer loop
      vertex 16.9722 23.3915 8
      vertex 16.9475 23.2339 -8
      vertex 16.9475 23.2339 8
    endloop
  endfacet
  facet normal -0.0576566 -0.998336 0
    outer loop
      vertex 13.8563 27.064 -8
      vertex 14.0156 27.0548 8
      vertex 13.8563 27.064 8
    endloop
  endfacet
  facet normal -0.0576566 -0.998336 -0
    outer loop
      vertex 14.0156 27.0548 8
      vertex 13.8563 27.064 -8
      vertex 14.0156 27.0548 -8
    endloop
  endfacet
  facet normal 0.0413698 -0.999144 0
    outer loop
      vertex 13.5374 27.0587 -8
      vertex 13.6968 27.0653 8
      vertex 13.5374 27.0587 8
    endloop
  endfacet
  facet normal 0.0413698 -0.999144 0
    outer loop
      vertex 13.6968 27.0653 8
      vertex 13.5374 27.0587 -8
      vertex 13.6968 27.0653 -8
    endloop
  endfacet
  facet normal 0.999967 -0.0081502 0
    outer loop
      vertex 10.5004 23.7625 8
      vertex 10.5017 23.922 -8
      vertex 10.5017 23.922 8
    endloop
  endfacet
  facet normal 0.999967 -0.0081502 0
    outer loop
      vertex 10.5017 23.922 -8
      vertex 10.5004 23.7625 8
      vertex 10.5004 23.7625 -8
    endloop
  endfacet
  facet normal 0.677681 0.735356 -0
    outer loop
      vertex 11.6071 21.3722 -8
      vertex 11.4898 21.4803 8
      vertex 11.6071 21.3722 8
    endloop
  endfacet
  facet normal 0.677681 0.735356 0
    outer loop
      vertex 11.4898 21.4803 8
      vertex 11.6071 21.3722 -8
      vertex 11.4898 21.4803 -8
    endloop
  endfacet
  facet normal 0.329177 -0.944268 0
    outer loop
      vertex 12.6052 26.8574 -8
      vertex 12.7558 26.9099 8
      vertex 12.6052 26.8574 8
    endloop
  endfacet
  facet normal 0.329177 -0.944268 0
    outer loop
      vertex 12.7558 26.9099 8
      vertex 12.6052 26.8574 -8
      vertex 12.7558 26.9099 -8
    endloop
  endfacet
  facet normal 0.589215 -0.807976 0
    outer loop
      vertex 11.7715 26.3941 -8
      vertex 11.9004 26.4881 8
      vertex 11.7715 26.3941 8
    endloop
  endfacet
  facet normal 0.589215 -0.807976 0
    outer loop
      vertex 11.9004 26.4881 8
      vertex 11.7715 26.3941 -8
      vertex 11.9004 26.4881 -8
    endloop
  endfacet
  facet normal 0.628206 -0.778047 0
    outer loop
      vertex 11.6474 26.2939 -8
      vertex 11.7715 26.3941 8
      vertex 11.6474 26.2939 8
    endloop
  endfacet
  facet normal 0.628206 -0.778047 0
    outer loop
      vertex 11.7715 26.3941 8
      vertex 11.6474 26.2939 -8
      vertex 11.7715 26.3941 -8
    endloop
  endfacet
  facet normal 0.982393 0.186824 0
    outer loop
      vertex 10.5732 23.1296 8
      vertex 10.5434 23.2863 -8
      vertex 10.5434 23.2863 8
    endloop
  endfacet
  facet normal 0.982393 0.186824 0
    outer loop
      vertex 10.5434 23.2863 -8
      vertex 10.5732 23.1296 8
      vertex 10.5732 23.1296 -8
    endloop
  endfacet
  facet normal -0.250788 -0.968042 0
    outer loop
      vertex 14.488 26.9808 -8
      vertex 14.6424 26.9408 8
      vertex 14.488 26.9808 8
    endloop
  endfacet
  facet normal -0.250788 -0.968042 -0
    outer loop
      vertex 14.6424 26.9408 8
      vertex 14.488 26.9808 -8
      vertex 14.6424 26.9408 -8
    endloop
  endfacet
  facet normal -0.602505 -0.798115 0
    outer loop
      vertex 15.6431 26.4575 -8
      vertex 15.7704 26.3614 8
      vertex 15.6431 26.4575 8
    endloop
  endfacet
  facet normal -0.602505 -0.798115 -0
    outer loop
      vertex 15.7704 26.3614 8
      vertex 15.6431 26.4575 -8
      vertex 15.7704 26.3614 -8
    endloop
  endfacet
  facet normal 0.878207 -0.478281 0
    outer loop
      vertex 10.8591 25.3006 8
      vertex 10.9354 25.4407 -8
      vertex 10.9354 25.4407 8
    endloop
  endfacet
  facet normal 0.878207 -0.478281 0
    outer loop
      vertex 10.9354 25.4407 -8
      vertex 10.8591 25.3006 8
      vertex 10.8591 25.3006 -8
    endloop
  endfacet
  facet normal 0.420688 -0.907206 0
    outer loop
      vertex 12.3126 26.7305 -8
      vertex 12.4573 26.7976 8
      vertex 12.3126 26.7305 8
    endloop
  endfacet
  facet normal 0.420688 -0.907206 0
    outer loop
      vertex 12.4573 26.7976 8
      vertex 12.3126 26.7305 -8
      vertex 12.4573 26.7976 -8
    endloop
  endfacet
  facet normal -0.548465 0.836174 0
    outer loop
      vertex 15.5996 21.1433 -8
      vertex 15.4662 21.0558 8
      vertex 15.5996 21.1433 8
    endloop
  endfacet
  facet normal -0.548465 0.836174 0
    outer loop
      vertex 15.4662 21.0558 8
      vertex 15.5996 21.1433 -8
      vertex 15.4662 21.0558 -8
    endloop
  endfacet
  facet normal -0.374846 0.927087 0
    outer loop
      vertex 15.0427 20.8338 -8
      vertex 14.8948 20.774 8
      vertex 15.0427 20.8338 8
    endloop
  endfacet
  facet normal -0.374846 0.927087 0
    outer loop
      vertex 14.8948 20.774 8
      vertex 15.0427 20.8338 -8
      vertex 14.8948 20.774 -8
    endloop
  endfacet
  facet normal -0.938856 0.34431 0
    outer loop
      vertex 16.7726 22.6213 -8
      vertex 16.8275 22.771 8
      vertex 16.8275 22.771 -8
    endloop
  endfacet
  facet normal -0.938856 0.34431 0
    outer loop
      vertex 16.8275 22.771 8
      vertex 16.7726 22.6213 -8
      vertex 16.7726 22.6213 8
    endloop
  endfacet
  facet normal 0.98794 -0.154836 0
    outer loop
      vertex 10.5278 24.2399 8
      vertex 10.5525 24.3975 -8
      vertex 10.5525 24.3975 8
    endloop
  endfacet
  facet normal 0.98794 -0.154836 0
    outer loop
      vertex 10.5525 24.3975 -8
      vertex 10.5278 24.2399 8
      vertex 10.5278 24.2399 -8
    endloop
  endfacet
  facet normal -0.105958 -0.994371 0
    outer loop
      vertex 14.0156 27.0548 -8
      vertex 14.1742 27.0379 8
      vertex 14.0156 27.0548 8
    endloop
  endfacet
  facet normal -0.105958 -0.994371 -0
    outer loop
      vertex 14.1742 27.0379 8
      vertex 14.0156 27.0548 -8
      vertex 14.1742 27.0379 -8
    endloop
  endfacet
  facet normal -0.853483 0.52112 0
    outer loop
      vertex 16.4815 22.0546 -8
      vertex 16.5646 22.1907 8
      vertex 16.5646 22.1907 -8
    endloop
  endfacet
  facet normal -0.853483 0.52112 0
    outer loop
      vertex 16.5646 22.1907 8
      vertex 16.4815 22.0546 -8
      vertex 16.4815 22.0546 8
    endloop
  endfacet
  facet normal 0.938856 -0.34431 0
    outer loop
      vertex 10.6725 24.8604 8
      vertex 10.7274 25.0101 -8
      vertex 10.7274 25.0101 8
    endloop
  endfacet
  facet normal 0.938856 -0.34431 0
    outer loop
      vertex 10.7274 25.0101 -8
      vertex 10.6725 24.8604 8
      vertex 10.6725 24.8604 -8
    endloop
  endfacet
  facet normal -0.712726 -0.701443 0
    outer loop
      vertex 16.1221 26.0374 -8
      vertex 16.0102 26.1511 8
      vertex 16.0102 26.1511 -8
    endloop
  endfacet
  facet normal -0.712726 -0.701443 0
    outer loop
      vertex 16.0102 26.1511 8
      vertex 16.1221 26.0374 -8
      vertex 16.1221 26.0374 8
    endloop
  endfacet
  facet normal 0.390437 0.92063 -0
    outer loop
      vertex 12.5556 20.7931 -8
      vertex 12.4087 20.8554 8
      vertex 12.5556 20.7931 8
    endloop
  endfacet
  facet normal 0.390437 0.92063 0
    outer loop
      vertex 12.4087 20.8554 8
      vertex 12.5556 20.7931 -8
      vertex 12.4087 20.8554 -8
    endloop
  endfacet
  facet normal -0.807976 -0.589215 0
    outer loop
      vertex 16.4224 25.6653 -8
      vertex 16.3284 25.7942 8
      vertex 16.3284 25.7942 -8
    endloop
  endfacet
  facet normal -0.807976 -0.589215 0
    outer loop
      vertex 16.3284 25.7942 8
      vertex 16.4224 25.6653 -8
      vertex 16.4224 25.6653 8
    endloop
  endfacet
  facet normal 0.971993 0.235008 0
    outer loop
      vertex 10.6107 22.9745 8
      vertex 10.5732 23.1296 -8
      vertex 10.5732 23.1296 8
    endloop
  endfacet
  facet normal 0.971993 0.235008 0
    outer loop
      vertex 10.5732 23.1296 -8
      vertex 10.6107 22.9745 8
      vertex 10.6107 22.9745 -8
    endloop
  endfacet
  facet normal -0.927087 -0.374846 0
    outer loop
      vertex 16.7917 24.9605 -8
      vertex 16.7319 25.1084 8
      vertex 16.7319 25.1084 -8
    endloop
  endfacet
  facet normal -0.927087 -0.374846 0
    outer loop
      vertex 16.7319 25.1084 8
      vertex 16.7917 24.9605 -8
      vertex 16.7917 24.9605 8
    endloop
  endfacet
  facet normal 0.92063 -0.390437 0
    outer loop
      vertex 10.7274 25.0101 8
      vertex 10.7897 25.157 -8
      vertex 10.7897 25.157 8
    endloop
  endfacet
  facet normal 0.92063 -0.390437 0
    outer loop
      vertex 10.7897 25.157 -8
      vertex 10.7274 25.0101 8
      vertex 10.7274 25.0101 -8
    endloop
  endfacet
  facet normal 0.900365 -0.435135 0
    outer loop
      vertex 10.7897 25.157 8
      vertex 10.8591 25.3006 -8
      vertex 10.8591 25.3006 8
    endloop
  endfacet
  facet normal 0.900365 -0.435135 0
    outer loop
      vertex 10.8591 25.3006 -8
      vertex 10.7897 25.157 8
      vertex 10.7897 25.157 -8
    endloop
  endfacet
  facet normal 0.968042 -0.250788 0
    outer loop
      vertex 10.5849 24.5537 8
      vertex 10.6249 24.7081 -8
      vertex 10.6249 24.7081 8
    endloop
  endfacet
  facet normal 0.968042 -0.250788 0
    outer loop
      vertex 10.6249 24.7081 -8
      vertex 10.5849 24.5537 8
      vertex 10.5849 24.5537 -8
    endloop
  endfacet
  facet normal -0.778047 -0.628206 0
    outer loop
      vertex 16.3284 25.7942 -8
      vertex 16.2282 25.9183 8
      vertex 16.2282 25.9183 -8
    endloop
  endfacet
  facet normal -0.778047 -0.628206 0
    outer loop
      vertex 16.2282 25.9183 8
      vertex 16.3284 25.7942 -8
      vertex 16.3284 25.7942 8
    endloop
  endfacet
  facet normal -0.138525 0.990359 0
    outer loop
      vertex 14.2794 20.6091 -8
      vertex 14.1214 20.587 8
      vertex 14.2794 20.6091 8
    endloop
  endfacet
  facet normal -0.138525 0.990359 0
    outer loop
      vertex 14.1214 20.587 8
      vertex 14.2794 20.6091 -8
      vertex 14.1214 20.587 -8
    endloop
  endfacet
  facet normal -0.990359 -0.138525 0
    outer loop
      vertex 16.9787 24.1871 -8
      vertex 16.9566 24.3451 8
      vertex 16.9566 24.3451 -8
    endloop
  endfacet
  facet normal -0.990359 -0.138525 0
    outer loop
      vertex 16.9566 24.3451 8
      vertex 16.9787 24.1871 -8
      vertex 16.9787 24.1871 8
    endloop
  endfacet
  facet normal 0.203103 0.979157 -0
    outer loop
      vertex 13.1682 20.6182 -8
      vertex 13.012 20.6506 8
      vertex 13.1682 20.6182 8
    endloop
  endfacet
  facet normal 0.203103 0.979157 0
    outer loop
      vertex 13.012 20.6506 8
      vertex 13.1682 20.6182 -8
      vertex 13.012 20.6506 -8
    endloop
  endfacet
  facet normal -0.589215 0.807976 0
    outer loop
      vertex 15.7285 21.2373 -8
      vertex 15.5996 21.1433 8
      vertex 15.7285 21.2373 8
    endloop
  endfacet
  facet normal -0.589215 0.807976 0
    outer loop
      vertex 15.5996 21.1433 8
      vertex 15.7285 21.2373 -8
      vertex 15.5996 21.1433 -8
    endloop
  endfacet
  facet normal -0.954469 0.298311 0
    outer loop
      vertex 16.8275 22.771 -8
      vertex 16.8751 22.9233 8
      vertex 16.8751 22.9233 -8
    endloop
  endfacet
  facet normal -0.954469 0.298311 0
    outer loop
      vertex 16.8751 22.9233 8
      vertex 16.8275 22.771 -8
      vertex 16.8275 22.771 8
    endloop
  endfacet
  facet normal -0.982393 -0.186824 0
    outer loop
      vertex 16.9566 24.3451 -8
      vertex 16.9268 24.5018 8
      vertex 16.9268 24.5018 -8
    endloop
  endfacet
  facet normal -0.982393 -0.186824 0
    outer loop
      vertex 16.9268 24.5018 8
      vertex 16.9566 24.3451 -8
      vertex 16.9566 24.3451 8
    endloop
  endfacet
  facet normal 0.138525 -0.990359 0
    outer loop
      vertex 13.2206 27.0223 -8
      vertex 13.3786 27.0444 8
      vertex 13.2206 27.0223 8
    endloop
  endfacet
  facet normal 0.138525 -0.990359 0
    outer loop
      vertex 13.3786 27.0444 8
      vertex 13.2206 27.0223 -8
      vertex 13.3786 27.0444 -8
    endloop
  endfacet
  facet normal -0.959196 -0.282743 0
    outer loop
      vertex 16.8893 24.6569 -8
      vertex 16.8442 24.8099 8
      vertex 16.8442 24.8099 -8
    endloop
  endfacet
  facet normal -0.959196 -0.282743 0
    outer loop
      vertex 16.8442 24.8099 8
      vertex 16.8893 24.6569 -8
      vertex 16.8893 24.6569 8
    endloop
  endfacet
  facet normal -0.907206 -0.420688 0
    outer loop
      vertex 16.7319 25.1084 -8
      vertex 16.6648 25.2531 8
      vertex 16.6648 25.2531 -8
    endloop
  endfacet
  facet normal -0.907206 -0.420688 0
    outer loop
      vertex 16.6648 25.2531 8
      vertex 16.7319 25.1084 -8
      vertex 16.7319 25.1084 8
    endloop
  endfacet
  facet normal -0.968042 0.250788 0
    outer loop
      vertex 16.8751 22.9233 -8
      vertex 16.9151 23.0777 8
      vertex 16.9151 23.0777 -8
    endloop
  endfacet
  facet normal -0.968042 0.250788 0
    outer loop
      vertex 16.9151 23.0777 8
      vertex 16.8751 22.9233 -8
      vertex 16.8751 22.9233 8
    endloop
  endfacet
  facet normal 0.735356 -0.677681 0
    outer loop
      vertex 11.3065 25.9586 8
      vertex 11.4146 26.0759 -8
      vertex 11.4146 26.0759 8
    endloop
  endfacet
  facet normal 0.735356 -0.677681 0
    outer loop
      vertex 11.4146 26.0759 -8
      vertex 11.3065 25.9586 8
      vertex 11.3065 25.9586 -8
    endloop
  endfacet
  facet normal -0.0413698 0.999144 0
    outer loop
      vertex 13.9626 20.5727 -8
      vertex 13.8032 20.5661 8
      vertex 13.9626 20.5727 8
    endloop
  endfacet
  facet normal -0.0413698 0.999144 0
    outer loop
      vertex 13.8032 20.5661 8
      vertex 13.9626 20.5727 -8
      vertex 13.8032 20.5661 -8
    endloop
  endfacet
  facet normal -0.329177 0.944268 0
    outer loop
      vertex 14.8948 20.774 -8
      vertex 14.7442 20.7215 8
      vertex 14.8948 20.774 8
    endloop
  endfacet
  facet normal -0.329177 0.944268 0
    outer loop
      vertex 14.7442 20.7215 8
      vertex 14.8948 20.774 -8
      vertex 14.7442 20.7215 -8
    endloop
  endfacet
  facet normal -0.0896875 0.99597 0
    outer loop
      vertex 14.1214 20.587 -8
      vertex 13.9626 20.5727 8
      vertex 14.1214 20.587 8
    endloop
  endfacet
  facet normal -0.0896875 0.99597 0
    outer loop
      vertex 13.9626 20.5727 8
      vertex 14.1214 20.587 -8
      vertex 13.9626 20.5727 -8
    endloop
  endfacet
  facet normal -0.979157 0.203103 0
    outer loop
      vertex 16.9151 23.0777 -8
      vertex 16.9475 23.2339 8
      vertex 16.9475 23.2339 -8
    endloop
  endfacet
  facet normal -0.979157 0.203103 0
    outer loop
      vertex 16.9475 23.2339 8
      vertex 16.9151 23.0777 -8
      vertex 16.9151 23.0777 8
    endloop
  endfacet
  facet normal -0.885868 -0.463937 0
    outer loop
      vertex 16.6648 25.2531 -8
      vertex 16.5908 25.3944 8
      vertex 16.5908 25.3944 -8
    endloop
  endfacet
  facet normal -0.885868 -0.463937 0
    outer loop
      vertex 16.5908 25.3944 8
      vertex 16.6648 25.2531 -8
      vertex 16.6648 25.2531 8
    endloop
  endfacet
  facet normal 0.778047 0.628206 0
    outer loop
      vertex 11.2718 21.7131 8
      vertex 11.1716 21.8372 -8
      vertex 11.1716 21.8372 8
    endloop
  endfacet
  facet normal 0.778047 0.628206 0
    outer loop
      vertex 11.1716 21.8372 -8
      vertex 11.2718 21.7131 8
      vertex 11.2718 21.7131 -8
    endloop
  endfacet
  facet normal 0.0081502 0.999967 -0
    outer loop
      vertex 13.8032 20.5661 -8
      vertex 13.6437 20.5674 8
      vertex 13.8032 20.5661 8
    endloop
  endfacet
  facet normal 0.0081502 0.999967 0
    outer loop
      vertex 13.6437 20.5674 8
      vertex 13.8032 20.5661 -8
      vertex 13.6437 20.5674 -8
    endloop
  endfacet
  facet normal 0.478281 0.878207 -0
    outer loop
      vertex 12.2651 20.9248 -8
      vertex 12.125 21.0011 8
      vertex 12.2651 20.9248 8
    endloop
  endfacet
  facet normal 0.478281 0.878207 0
    outer loop
      vertex 12.125 21.0011 8
      vertex 12.2651 20.9248 -8
      vertex 12.125 21.0011 -8
    endloop
  endfacet
  facet normal -0.836174 -0.548465 0
    outer loop
      vertex 16.5099 25.5319 -8
      vertex 16.4224 25.6653 8
      vertex 16.4224 25.6653 -8
    endloop
  endfacet
  facet normal -0.836174 -0.548465 0
    outer loop
      vertex 16.4224 25.6653 8
      vertex 16.5099 25.5319 -8
      vertex 16.5099 25.5319 8
    endloop
  endfacet
  facet normal 0.602505 0.798115 -0
    outer loop
      vertex 11.8569 21.1739 -8
      vertex 11.7296 21.27 8
      vertex 11.8569 21.1739 8
    endloop
  endfacet
  facet normal 0.602505 0.798115 0
    outer loop
      vertex 11.7296 21.27 8
      vertex 11.8569 21.1739 -8
      vertex 11.7296 21.27 -8
    endloop
  endfacet
  facet normal 0.154836 0.98794 -0
    outer loop
      vertex 13.3258 20.5935 -8
      vertex 13.1682 20.6182 8
      vertex 13.3258 20.5935 8
    endloop
  endfacet
  facet normal 0.154836 0.98794 0
    outer loop
      vertex 13.1682 20.6182 8
      vertex 13.3258 20.5935 -8
      vertex 13.1682 20.6182 -8
    endloop
  endfacet
  facet normal 0.298311 0.954469 -0
    outer loop
      vertex 12.8576 20.6906 -8
      vertex 12.7053 20.7382 8
      vertex 12.8576 20.6906 8
    endloop
  endfacet
  facet normal 0.298311 0.954469 0
    outer loop
      vertex 12.7053 20.7382 8
      vertex 12.8576 20.6906 -8
      vertex 12.7053 20.7382 -8
    endloop
  endfacet
  facet normal 0.979157 -0.203103 0
    outer loop
      vertex 10.5525 24.3975 8
      vertex 10.5849 24.5537 -8
      vertex 10.5849 24.5537 8
    endloop
  endfacet
  facet normal 0.979157 -0.203103 0
    outer loop
      vertex 10.5849 24.5537 -8
      vertex 10.5525 24.3975 8
      vertex 10.5525 24.3975 -8
    endloop
  endfacet
  facet normal 0.186824 -0.982393 0
    outer loop
      vertex 13.0639 26.9925 -8
      vertex 13.2206 27.0223 8
      vertex 13.0639 26.9925 8
    endloop
  endfacet
  facet normal 0.186824 -0.982393 0
    outer loop
      vertex 13.2206 27.0223 8
      vertex 13.0639 26.9925 -8
      vertex 13.2206 27.0223 -8
    endloop
  endfacet
  facet normal -0.507102 0.861886 0
    outer loop
      vertex 15.4662 21.0558 -8
      vertex 15.3287 20.9749 8
      vertex 15.4662 21.0558 8
    endloop
  endfacet
  facet normal -0.507102 0.861886 0
    outer loop
      vertex 15.3287 20.9749 8
      vertex 15.4662 21.0558 -8
      vertex 15.3287 20.9749 -8
    endloop
  endfacet
  facet normal -0.282743 0.959196 0
    outer loop
      vertex 14.7442 20.7215 -8
      vertex 14.5912 20.6764 8
      vertex 14.7442 20.7215 8
    endloop
  endfacet
  facet normal -0.282743 0.959196 0
    outer loop
      vertex 14.5912 20.6764 8
      vertex 14.7442 20.7215 -8
      vertex 14.5912 20.6764 -8
    endloop
  endfacet
  facet normal 0.927087 0.374846 0
    outer loop
      vertex 10.7681 22.523 8
      vertex 10.7083 22.6709 -8
      vertex 10.7083 22.6709 8
    endloop
  endfacet
  facet normal 0.927087 0.374846 0
    outer loop
      vertex 10.7083 22.6709 -8
      vertex 10.7681 22.523 8
      vertex 10.7681 22.523 -8
    endloop
  endfacet
  facet normal 0.250788 0.968042 -0
    outer loop
      vertex 13.012 20.6506 -8
      vertex 12.8576 20.6906 8
      vertex 13.012 20.6506 8
    endloop
  endfacet
  facet normal 0.250788 0.968042 0
    outer loop
      vertex 12.8576 20.6906 8
      vertex 13.012 20.6506 -8
      vertex 12.8576 20.6906 -8
    endloop
  endfacet
  facet normal 0.701443 -0.712726 0
    outer loop
      vertex 11.4146 26.0759 -8
      vertex 11.5283 26.1878 8
      vertex 11.4146 26.0759 8
    endloop
  endfacet
  facet normal 0.701443 -0.712726 0
    outer loop
      vertex 11.5283 26.1878 8
      vertex 11.4146 26.0759 -8
      vertex 11.5283 26.1878 -8
    endloop
  endfacet
  facet normal -0.827101 0.562053 0
    outer loop
      vertex 16.3918 21.9226 -8
      vertex 16.4815 22.0546 8
      vertex 16.4815 22.0546 -8
    endloop
  endfacet
  facet normal -0.827101 0.562053 0
    outer loop
      vertex 16.4815 22.0546 8
      vertex 16.3918 21.9226 -8
      vertex 16.3918 21.9226 8
    endloop
  endfacet
  facet normal 0.998336 -0.0576566 0
    outer loop
      vertex 10.5017 23.922 8
      vertex 10.5109 24.0813 -8
      vertex 10.5109 24.0813 8
    endloop
  endfacet
  facet normal 0.998336 -0.0576566 0
    outer loop
      vertex 10.5109 24.0813 -8
      vertex 10.5017 23.922 8
      vertex 10.5017 23.922 -8
    endloop
  endfacet
  facet normal -0.420688 0.907206 0
    outer loop
      vertex 15.1874 20.9009 -8
      vertex 15.0427 20.8338 8
      vertex 15.1874 20.9009 8
    endloop
  endfacet
  facet normal -0.420688 0.907206 0
    outer loop
      vertex 15.0427 20.8338 8
      vertex 15.1874 20.9009 -8
      vertex 15.0427 20.8338 -8
    endloop
  endfacet
  facet normal -0.628206 0.778047 0
    outer loop
      vertex 15.8526 21.3375 -8
      vertex 15.7285 21.2373 8
      vertex 15.8526 21.3375 8
    endloop
  endfacet
  facet normal -0.628206 0.778047 0
    outer loop
      vertex 15.7285 21.2373 8
      vertex 15.8526 21.3375 -8
      vertex 15.7285 21.2373 -8
    endloop
  endfacet
  facet normal -0.463937 0.885868 0
    outer loop
      vertex 15.3287 20.9749 -8
      vertex 15.1874 20.9009 8
      vertex 15.3287 20.9749 8
    endloop
  endfacet
  facet normal -0.463937 0.885868 0
    outer loop
      vertex 15.1874 20.9009 8
      vertex 15.3287 20.9749 -8
      vertex 15.1874 20.9009 -8
    endloop
  endfacet
  facet normal 0.767862 -0.640616 0
    outer loop
      vertex 11.2043 25.8361 8
      vertex 11.3065 25.9586 -8
      vertex 11.3065 25.9586 8
    endloop
  endfacet
  facet normal 0.767862 -0.640616 0
    outer loop
      vertex 11.3065 25.9586 -8
      vertex 11.2043 25.8361 8
      vertex 11.2043 25.8361 -8
    endloop
  endfacet
  facet normal 0.861886 0.507102 0
    outer loop
      vertex 10.9901 22.0995 8
      vertex 10.9092 22.237 -8
      vertex 10.9092 22.237 8
    endloop
  endfacet
  facet normal 0.861886 0.507102 0
    outer loop
      vertex 10.9092 22.237 -8
      vertex 10.9901 22.0995 8
      vertex 10.9901 22.0995 -8
    endloop
  endfacet
  facet normal 0.562053 -0.827101 0
    outer loop
      vertex -15.6431 26.4575 -8
      vertex -15.5111 26.5472 8
      vertex -15.6431 26.4575 8
    endloop
  endfacet
  facet normal 0.562053 -0.827101 0
    outer loop
      vertex -15.5111 26.5472 8
      vertex -15.6431 26.4575 -8
      vertex -15.5111 26.5472 -8
    endloop
  endfacet
  facet normal 0.52112 -0.853483 0
    outer loop
      vertex -15.5111 26.5472 -8
      vertex -15.375 26.6303 8
      vertex -15.5111 26.5472 8
    endloop
  endfacet
  facet normal 0.52112 -0.853483 0
    outer loop
      vertex -15.375 26.6303 8
      vertex -15.5111 26.5472 -8
      vertex -15.375 26.6303 -8
    endloop
  endfacet
  facet normal 0.602505 -0.798115 0
    outer loop
      vertex -15.7704 26.3614 -8
      vertex -15.6431 26.4575 8
      vertex -15.7704 26.3614 8
    endloop
  endfacet
  facet normal 0.602505 -0.798115 0
    outer loop
      vertex -15.6431 26.4575 8
      vertex -15.7704 26.3614 -8
      vertex -15.6431 26.4575 -8
    endloop
  endfacet
  facet normal -0.798115 -0.602505 0
    outer loop
      vertex -11.1082 25.7088 -8
      vertex -11.2043 25.8361 8
      vertex -11.2043 25.8361 -8
    endloop
  endfacet
  facet normal -0.798115 -0.602505 0
    outer loop
      vertex -11.2043 25.8361 8
      vertex -11.1082 25.7088 -8
      vertex -11.1082 25.7088 8
    endloop
  endfacet
  facet normal -0.927087 0.374846 0
    outer loop
      vertex -10.7681 22.523 -8
      vertex -10.7083 22.6709 8
      vertex -10.7083 22.6709 -8
    endloop
  endfacet
  facet normal -0.927087 0.374846 0
    outer loop
      vertex -10.7083 22.6709 8
      vertex -10.7681 22.523 -8
      vertex -10.7681 22.523 8
    endloop
  endfacet
  facet normal 0.994371 0.105958 0
    outer loop
      vertex -16.9722 23.3915 8
      vertex -16.9891 23.5501 -8
      vertex -16.9891 23.5501 8
    endloop
  endfacet
  facet normal 0.994371 0.105958 0
    outer loop
      vertex -16.9891 23.5501 -8
      vertex -16.9722 23.3915 8
      vertex -16.9722 23.3915 -8
    endloop
  endfacet
  facet normal 0.861886 -0.507102 0
    outer loop
      vertex -16.5908 25.3944 8
      vertex -16.5099 25.5319 -8
      vertex -16.5099 25.5319 8
    endloop
  endfacet
  facet normal 0.861886 -0.507102 0
    outer loop
      vertex -16.5099 25.5319 -8
      vertex -16.5908 25.3944 8
      vertex -16.5908 25.3944 -8
    endloop
  endfacet
  facet normal -0.478281 0.878207 0
    outer loop
      vertex -12.125 21.0011 -8
      vertex -12.2651 20.9248 8
      vertex -12.125 21.0011 8
    endloop
  endfacet
  facet normal -0.478281 0.878207 0
    outer loop
      vertex -12.2651 20.9248 8
      vertex -12.125 21.0011 -8
      vertex -12.2651 20.9248 -8
    endloop
  endfacet
  facet normal -0.250788 0.968042 0
    outer loop
      vertex -12.8576 20.6906 -8
      vertex -13.012 20.6506 8
      vertex -12.8576 20.6906 8
    endloop
  endfacet
  facet normal -0.250788 0.968042 0
    outer loop
      vertex -13.012 20.6506 8
      vertex -12.8576 20.6906 -8
      vertex -13.012 20.6506 -8
    endloop
  endfacet
  facet normal 0.589215 0.807976 -0
    outer loop
      vertex -15.5996 21.1433 -8
      vertex -15.7285 21.2373 8
      vertex -15.5996 21.1433 8
    endloop
  endfacet
  facet normal 0.589215 0.807976 0
    outer loop
      vertex -15.7285 21.2373 8
      vertex -15.5996 21.1433 -8
      vertex -15.7285 21.2373 -8
    endloop
  endfacet
  facet normal 0.807976 -0.589215 0
    outer loop
      vertex -16.4224 25.6653 8
      vertex -16.3284 25.7942 -8
      vertex -16.3284 25.7942 8
    endloop
  endfacet
  facet normal 0.807976 -0.589215 0
    outer loop
      vertex -16.3284 25.7942 -8
      vertex -16.4224 25.6653 8
      vertex -16.4224 25.6653 -8
    endloop
  endfacet
  facet normal 0.420688 0.907206 -0
    outer loop
      vertex -15.0427 20.8338 -8
      vertex -15.1874 20.9009 8
      vertex -15.0427 20.8338 8
    endloop
  endfacet
  facet normal 0.420688 0.907206 0
    outer loop
      vertex -15.1874 20.9009 8
      vertex -15.0427 20.8338 -8
      vertex -15.1874 20.9009 -8
    endloop
  endfacet
  facet normal -0.968042 -0.250788 0
    outer loop
      vertex -10.5849 24.5537 -8
      vertex -10.6249 24.7081 8
      vertex -10.6249 24.7081 -8
    endloop
  endfacet
  facet normal -0.968042 -0.250788 0
    outer loop
      vertex -10.6249 24.7081 8
      vertex -10.5849 24.5537 -8
      vertex -10.5849 24.5537 8
    endloop
  endfacet
  facet normal 0.982393 -0.186824 0
    outer loop
      vertex -16.9566 24.3451 8
      vertex -16.9268 24.5018 -8
      vertex -16.9268 24.5018 8
    endloop
  endfacet
  facet normal 0.982393 -0.186824 0
    outer loop
      vertex -16.9268 24.5018 -8
      vertex -16.9566 24.3451 8
      vertex -16.9566 24.3451 -8
    endloop
  endfacet
  facet normal 0.701443 0.712726 -0
    outer loop
      vertex -15.9717 21.4436 -8
      vertex -16.0854 21.5555 8
      vertex -15.9717 21.4436 8
    endloop
  endfacet
  facet normal 0.701443 0.712726 0
    outer loop
      vertex -16.0854 21.5555 8
      vertex -15.9717 21.4436 -8
      vertex -16.0854 21.5555 -8
    endloop
  endfacet
  facet normal 0.677681 -0.735356 0
    outer loop
      vertex -16.0102 26.1511 -8
      vertex -15.8929 26.2592 8
      vertex -16.0102 26.1511 8
    endloop
  endfacet
  facet normal 0.677681 -0.735356 0
    outer loop
      vertex -15.8929 26.2592 8
      vertex -16.0102 26.1511 -8
      vertex -15.8929 26.2592 -8
    endloop
  endfacet
  facet normal -0.701443 -0.712726 0
    outer loop
      vertex -11.5283 26.1878 -8
      vertex -11.4146 26.0759 8
      vertex -11.5283 26.1878 8
    endloop
  endfacet
  facet normal -0.701443 -0.712726 -0
    outer loop
      vertex -11.4146 26.0759 8
      vertex -11.5283 26.1878 -8
      vertex -11.4146 26.0759 -8
    endloop
  endfacet
  facet normal 0.640616 -0.767862 0
    outer loop
      vertex -15.8929 26.2592 -8
      vertex -15.7704 26.3614 8
      vertex -15.8929 26.2592 8
    endloop
  endfacet
  facet normal 0.640616 -0.767862 0
    outer loop
      vertex -15.7704 26.3614 8
      vertex -15.8929 26.2592 -8
      vertex -15.7704 26.3614 -8
    endloop
  endfacet
  facet normal -0.640616 0.767862 0
    outer loop
      vertex -11.6071 21.3722 -8
      vertex -11.7296 21.27 8
      vertex -11.6071 21.3722 8
    endloop
  endfacet
  facet normal -0.640616 0.767862 0
    outer loop
      vertex -11.7296 21.27 8
      vertex -11.6071 21.3722 -8
      vertex -11.7296 21.27 -8
    endloop
  endfacet
  facet normal -0.807976 0.589215 0
    outer loop
      vertex -11.1716 21.8372 -8
      vertex -11.0776 21.9661 8
      vertex -11.0776 21.9661 -8
    endloop
  endfacet
  facet normal -0.807976 0.589215 0
    outer loop
      vertex -11.0776 21.9661 8
      vertex -11.1716 21.8372 -8
      vertex -11.1716 21.8372 8
    endloop
  endfacet
  facet normal -0.665181 -0.746682 0
    outer loop
      vertex -11.6474 26.2939 -8
      vertex -11.5283 26.1878 8
      vertex -11.6474 26.2939 8
    endloop
  endfacet
  facet normal -0.665181 -0.746682 -0
    outer loop
      vertex -11.5283 26.1878 8
      vertex -11.6474 26.2939 -8
      vertex -11.5283 26.1878 -8
    endloop
  endfacet
  facet normal -0.954469 -0.298311 0
    outer loop
      vertex -10.6249 24.7081 -8
      vertex -10.6725 24.8604 8
      vertex -10.6725 24.8604 -8
    endloop
  endfacet
  facet normal -0.954469 -0.298311 0
    outer loop
      vertex -10.6725 24.8604 8
      vertex -10.6249 24.7081 -8
      vertex -10.6249 24.7081 8
    endloop
  endfacet
  facet normal 0.827101 0.562053 0
    outer loop
      vertex -16.3918 21.9226 8
      vertex -16.4815 22.0546 -8
      vertex -16.4815 22.0546 8
    endloop
  endfacet
  facet normal 0.827101 0.562053 0
    outer loop
      vertex -16.4815 22.0546 -8
      vertex -16.3918 21.9226 8
      vertex -16.3918 21.9226 -8
    endloop
  endfacet
  facet normal 0.746682 -0.665181 0
    outer loop
      vertex -16.2282 25.9183 8
      vertex -16.1221 26.0374 -8
      vertex -16.1221 26.0374 8
    endloop
  endfacet
  facet normal 0.746682 -0.665181 0
    outer loop
      vertex -16.1221 26.0374 -8
      vertex -16.2282 25.9183 8
      vertex -16.2282 25.9183 -8
    endloop
  endfacet
  facet normal -0.827101 -0.562053 0
    outer loop
      vertex -11.0185 25.5768 -8
      vertex -11.1082 25.7088 8
      vertex -11.1082 25.7088 -8
    endloop
  endfacet
  facet normal -0.827101 -0.562053 0
    outer loop
      vertex -11.1082 25.7088 8
      vertex -11.0185 25.5768 -8
      vertex -11.0185 25.5768 8
    endloop
  endfacet
  facet normal 0.203103 -0.979157 0
    outer loop
      vertex -14.488 26.9808 -8
      vertex -14.3318 27.0132 8
      vertex -14.488 26.9808 8
    endloop
  endfacet
  facet normal 0.203103 -0.979157 0
    outer loop
      vertex -14.3318 27.0132 8
      vertex -14.488 26.9808 -8
      vertex -14.3318 27.0132 -8
    endloop
  endfacet
  facet normal 0.798115 0.602505 0
    outer loop
      vertex -16.2957 21.7953 8
      vertex -16.3918 21.9226 -8
      vertex -16.3918 21.9226 8
    endloop
  endfacet
  facet normal 0.798115 0.602505 0
    outer loop
      vertex -16.3918 21.9226 -8
      vertex -16.2957 21.7953 8
      vertex -16.2957 21.7953 -8
    endloop
  endfacet
  facet normal -0.463937 -0.885868 0
    outer loop
      vertex -12.3126 26.7305 -8
      vertex -12.1713 26.6565 8
      vertex -12.3126 26.7305 8
    endloop
  endfacet
  facet normal -0.463937 -0.885868 -0
    outer loop
      vertex -12.1713 26.6565 8
      vertex -12.3126 26.7305 -8
      vertex -12.1713 26.6565 -8
    endloop
  endfacet
  facet normal 0.0081502 -0.999967 0
    outer loop
      vertex -13.8563 27.064 -8
      vertex -13.6968 27.0653 8
      vertex -13.8563 27.064 8
    endloop
  endfacet
  facet normal 0.0081502 -0.999967 0
    outer loop
      vertex -13.6968 27.0653 8
      vertex -13.8563 27.064 -8
      vertex -13.6968 27.0653 -8
    endloop
  endfacet
  facet normal -0.548465 -0.836174 0
    outer loop
      vertex -12.0338 26.5756 -8
      vertex -11.9004 26.4881 8
      vertex -12.0338 26.5756 8
    endloop
  endfacet
  facet normal -0.548465 -0.836174 -0
    outer loop
      vertex -11.9004 26.4881 8
      vertex -12.0338 26.5756 -8
      vertex -11.9004 26.4881 -8
    endloop
  endfacet
  facet normal 0.853483 0.52112 0
    outer loop
      vertex -16.4815 22.0546 8
      vertex -16.5646 22.1907 -8
      vertex -16.5646 22.1907 8
    endloop
  endfacet
  facet normal 0.853483 0.52112 0
    outer loop
      vertex -16.5646 22.1907 -8
      vertex -16.4815 22.0546 8
      vertex -16.4815 22.0546 -8
    endloop
  endfacet
  facet normal 0.971993 -0.235008 0
    outer loop
      vertex -16.9268 24.5018 8
      vertex -16.8893 24.6569 -8
      vertex -16.8893 24.6569 8
    endloop
  endfacet
  facet normal 0.971993 -0.235008 0
    outer loop
      vertex -16.8893 24.6569 -8
      vertex -16.9268 24.5018 8
      vertex -16.9268 24.5018 -8
    endloop
  endfacet
  facet normal 0.390437 -0.92063 0
    outer loop
      vertex -15.0913 26.776 -8
      vertex -14.9444 26.8383 8
      vertex -15.0913 26.776 8
    endloop
  endfacet
  facet normal 0.390437 -0.92063 0
    outer loop
      vertex -14.9444 26.8383 8
      vertex -15.0913 26.776 -8
      vertex -14.9444 26.8383 -8
    endloop
  endfacet
  facet normal -0.778047 0.628206 0
    outer loop
      vertex -11.2718 21.7131 -8
      vertex -11.1716 21.8372 8
      vertex -11.1716 21.8372 -8
    endloop
  endfacet
  facet normal -0.778047 0.628206 0
    outer loop
      vertex -11.1716 21.8372 8
      vertex -11.2718 21.7131 -8
      vertex -11.2718 21.7131 8
    endloop
  endfacet
  facet normal 0.507102 0.861886 -0
    outer loop
      vertex -15.3287 20.9749 -8
      vertex -15.4662 21.0558 8
      vertex -15.3287 20.9749 8
    endloop
  endfacet
  facet normal 0.507102 0.861886 0
    outer loop
      vertex -15.4662 21.0558 8
      vertex -15.3287 20.9749 -8
      vertex -15.4662 21.0558 -8
    endloop
  endfacet
  facet normal 0.138525 0.990359 -0
    outer loop
      vertex -14.1214 20.587 -8
      vertex -14.2794 20.6091 8
      vertex -14.1214 20.587 8
    endloop
  endfacet
  facet normal 0.138525 0.990359 0
    outer loop
      vertex -14.2794 20.6091 8
      vertex -14.1214 20.587 -8
      vertex -14.2794 20.6091 -8
    endloop
  endfacet
  facet normal -0.420688 -0.907206 0
    outer loop
      vertex -12.4573 26.7976 -8
      vertex -12.3126 26.7305 8
      vertex -12.4573 26.7976 8
    endloop
  endfacet
  facet normal -0.420688 -0.907206 -0
    outer loop
      vertex -12.3126 26.7305 8
      vertex -12.4573 26.7976 -8
      vertex -12.3126 26.7305 -8
    endloop
  endfacet
  facet normal -0.390437 0.92063 0
    outer loop
      vertex -12.4087 20.8554 -8
      vertex -12.5556 20.7931 8
      vertex -12.4087 20.8554 8
    endloop
  endfacet
  facet normal -0.390437 0.92063 0
    outer loop
      vertex -12.5556 20.7931 8
      vertex -12.4087 20.8554 -8
      vertex -12.5556 20.7931 -8
    endloop
  endfacet
  facet normal -0.235008 -0.971993 0
    outer loop
      vertex -13.0639 26.9925 -8
      vertex -12.9088 26.955 8
      vertex -13.0639 26.9925 8
    endloop
  endfacet
  facet normal -0.235008 -0.971993 -0
    outer loop
      vertex -12.9088 26.955 8
      vertex -13.0639 26.9925 -8
      vertex -12.9088 26.955 -8
    endloop
  endfacet
  facet normal 0.735356 0.677681 0
    outer loop
      vertex -16.0854 21.5555 8
      vertex -16.1935 21.6728 -8
      vertex -16.1935 21.6728 8
    endloop
  endfacet
  facet normal 0.735356 0.677681 0
    outer loop
      vertex -16.1935 21.6728 -8
      vertex -16.0854 21.5555 8
      vertex -16.0854 21.5555 -8
    endloop
  endfacet
  facet normal -0.994371 -0.105958 0
    outer loop
      vertex -10.5109 24.0813 -8
      vertex -10.5278 24.2399 8
      vertex -10.5278 24.2399 -8
    endloop
  endfacet
  facet normal -0.994371 -0.105958 0
    outer loop
      vertex -10.5278 24.2399 8
      vertex -10.5109 24.0813 -8
      vertex -10.5109 24.0813 8
    endloop
  endfacet
  facet normal 0.900365 0.435135 0
    outer loop
      vertex -16.6409 22.3308 8
      vertex -16.7103 22.4744 -8
      vertex -16.7103 22.4744 8
    endloop
  endfacet
  facet normal 0.900365 0.435135 0
    outer loop
      vertex -16.7103 22.4744 -8
      vertex -16.6409 22.3308 8
      vertex -16.6409 22.3308 -8
    endloop
  endfacet
  facet normal -0.959196 0.282743 0
    outer loop
      vertex -10.6558 22.8215 -8
      vertex -10.6107 22.9745 8
      vertex -10.6107 22.9745 -8
    endloop
  endfacet
  facet normal -0.959196 0.282743 0
    outer loop
      vertex -10.6107 22.9745 8
      vertex -10.6558 22.8215 -8
      vertex -10.6558 22.8215 8
    endloop
  endfacet
  facet normal 0.959196 -0.282743 0
    outer loop
      vertex -16.8893 24.6569 8
      vertex -16.8442 24.8099 -8
      vertex -16.8442 24.8099 8
    endloop
  endfacet
  facet normal 0.959196 -0.282743 0
    outer loop
      vertex -16.8442 24.8099 -8
      vertex -16.8893 24.6569 8
      vertex -16.8893 24.6569 -8
    endloop
  endfacet
  facet normal -0.907206 0.420688 0
    outer loop
      vertex -10.8352 22.3783 -8
      vertex -10.7681 22.523 8
      vertex -10.7681 22.523 -8
    endloop
  endfacet
  facet normal -0.907206 0.420688 0
    outer loop
      vertex -10.7681 22.523 8
      vertex -10.8352 22.3783 -8
      vertex -10.8352 22.3783 8
    endloop
  endfacet
  facet normal -0.767862 -0.640616 0
    outer loop
      vertex -11.2043 25.8361 -8
      vertex -11.3065 25.9586 8
      vertex -11.3065 25.9586 -8
    endloop
  endfacet
  facet normal -0.767862 -0.640616 0
    outer loop
      vertex -11.3065 25.9586 8
      vertex -11.2043 25.8361 -8
      vertex -11.2043 25.8361 8
    endloop
  endfacet
  facet normal -0.435135 0.900365 0
    outer loop
      vertex -12.2651 20.9248 -8
      vertex -12.4087 20.8554 8
      vertex -12.2651 20.9248 8
    endloop
  endfacet
  facet normal -0.435135 0.900365 0
    outer loop
      vertex -12.4087 20.8554 8
      vertex -12.2651 20.9248 -8
      vertex -12.4087 20.8554 -8
    endloop
  endfacet
  facet normal -0.938856 -0.34431 0
    outer loop
      vertex -10.6725 24.8604 -8
      vertex -10.7274 25.0101 8
      vertex -10.7274 25.0101 -8
    endloop
  endfacet
  facet normal -0.938856 -0.34431 0
    outer loop
      vertex -10.7274 25.0101 8
      vertex -10.6725 24.8604 -8
      vertex -10.6725 24.8604 8
    endloop
  endfacet
  facet normal 0.99597 -0.0896875 0
    outer loop
      vertex -16.993 24.0283 8
      vertex -16.9787 24.1871 -8
      vertex -16.9787 24.1871 8
    endloop
  endfacet
  facet normal 0.99597 -0.0896875 0
    outer loop
      vertex -16.9787 24.1871 -8
      vertex -16.993 24.0283 8
      vertex -16.993 24.0283 -8
    endloop
  endfacet
  facet normal 0.998336 0.0576566 0
    outer loop
      vertex -16.9891 23.5501 8
      vertex -16.9983 23.7094 -8
      vertex -16.9983 23.7094 8
    endloop
  endfacet
  facet normal 0.998336 0.0576566 0
    outer loop
      vertex -16.9983 23.7094 -8
      vertex -16.9891 23.5501 8
      vertex -16.9891 23.5501 -8
    endloop
  endfacet
  facet normal -0.52112 0.853483 0
    outer loop
      vertex -11.9889 21.0842 -8
      vertex -12.125 21.0011 8
      vertex -11.9889 21.0842 8
    endloop
  endfacet
  facet normal -0.52112 0.853483 0
    outer loop
      vertex -12.125 21.0011 8
      vertex -11.9889 21.0842 -8
      vertex -12.125 21.0011 -8
    endloop
  endfacet
  facet normal 0.282743 0.959196 -0
    outer loop
      vertex -14.5912 20.6764 -8
      vertex -14.7442 20.7215 8
      vertex -14.5912 20.6764 8
    endloop
  endfacet
  facet normal 0.282743 0.959196 0
    outer loop
      vertex -14.7442 20.7215 8
      vertex -14.5912 20.6764 -8
      vertex -14.7442 20.7215 -8
    endloop
  endfacet
  facet normal -0.602505 0.798115 0
    outer loop
      vertex -11.7296 21.27 -8
      vertex -11.8569 21.1739 8
      vertex -11.7296 21.27 8
    endloop
  endfacet
  facet normal -0.602505 0.798115 0
    outer loop
      vertex -11.8569 21.1739 8
      vertex -11.7296 21.27 -8
      vertex -11.8569 21.1739 -8
    endloop
  endfacet
  facet normal 0.927087 -0.374846 0
    outer loop
      vertex -16.7917 24.9605 8
      vertex -16.7319 25.1084 -8
      vertex -16.7319 25.1084 8
    endloop
  endfacet
  facet normal 0.927087 -0.374846 0
    outer loop
      vertex -16.7319 25.1084 -8
      vertex -16.7917 24.9605 8
      vertex -16.7917 24.9605 -8
    endloop
  endfacet
  facet normal 0.885868 -0.463937 0
    outer loop
      vertex -16.6648 25.2531 8
      vertex -16.5908 25.3944 -8
      vertex -16.5908 25.3944 8
    endloop
  endfacet
  facet normal 0.885868 -0.463937 0
    outer loop
      vertex -16.5908 25.3944 -8
      vertex -16.6648 25.2531 8
      vertex -16.6648 25.2531 -8
    endloop
  endfacet
  facet normal 0.944268 -0.329177 0
    outer loop
      vertex -16.8442 24.8099 8
      vertex -16.7917 24.9605 -8
      vertex -16.7917 24.9605 8
    endloop
  endfacet
  facet normal 0.944268 -0.329177 0
    outer loop
      vertex -16.7917 24.9605 -8
      vertex -16.8442 24.8099 8
      vertex -16.8442 24.8099 -8
    endloop
  endfacet
  facet normal 0.979157 0.203103 0
    outer loop
      vertex -16.9151 23.0777 8
      vertex -16.9475 23.2339 -8
      vertex -16.9475 23.2339 8
    endloop
  endfacet
  facet normal 0.979157 0.203103 0
    outer loop
      vertex -16.9475 23.2339 -8
      vertex -16.9151 23.0777 8
      vertex -16.9151 23.0777 -8
    endloop
  endfacet
  facet normal 0.907206 -0.420688 0
    outer loop
      vertex -16.7319 25.1084 8
      vertex -16.6648 25.2531 -8
      vertex -16.6648 25.2531 8
    endloop
  endfacet
  facet normal 0.907206 -0.420688 0
    outer loop
      vertex -16.6648 25.2531 -8
      vertex -16.7319 25.1084 8
      vertex -16.7319 25.1084 -8
    endloop
  endfacet
  facet normal 0.767862 0.640616 0
    outer loop
      vertex -16.1935 21.6728 8
      vertex -16.2957 21.7953 -8
      vertex -16.2957 21.7953 8
    endloop
  endfacet
  facet normal 0.767862 0.640616 0
    outer loop
      vertex -16.2957 21.7953 -8
      vertex -16.1935 21.6728 8
      vertex -16.1935 21.6728 -8
    endloop
  endfacet
  facet normal -0.979157 -0.203103 0
    outer loop
      vertex -10.5525 24.3975 -8
      vertex -10.5849 24.5537 8
      vertex -10.5849 24.5537 -8
    endloop
  endfacet
  facet normal -0.979157 -0.203103 0
    outer loop
      vertex -10.5849 24.5537 8
      vertex -10.5525 24.3975 -8
      vertex -10.5525 24.3975 8
    endloop
  endfacet
  facet normal 0.98794 0.154836 0
    outer loop
      vertex -16.9475 23.2339 8
      vertex -16.9722 23.3915 -8
      vertex -16.9722 23.3915 8
    endloop
  endfacet
  facet normal 0.98794 0.154836 0
    outer loop
      vertex -16.9722 23.3915 -8
      vertex -16.9475 23.2339 8
      vertex -16.9475 23.2339 -8
    endloop
  endfacet
  facet normal -0.971993 0.235008 0
    outer loop
      vertex -10.6107 22.9745 -8
      vertex -10.5732 23.1296 8
      vertex -10.5732 23.1296 -8
    endloop
  endfacet
  facet normal -0.971993 0.235008 0
    outer loop
      vertex -10.5732 23.1296 8
      vertex -10.6107 22.9745 -8
      vertex -10.6107 22.9745 8
    endloop
  endfacet
  facet normal -0.105958 0.994371 0
    outer loop
      vertex -13.3258 20.5935 -8
      vertex -13.4844 20.5766 8
      vertex -13.3258 20.5935 8
    endloop
  endfacet
  facet normal -0.105958 0.994371 0
    outer loop
      vertex -13.4844 20.5766 8
      vertex -13.3258 20.5935 -8
      vertex -13.4844 20.5766 -8
    endloop
  endfacet
  facet normal 0.999967 0.0081502 0
    outer loop
      vertex -16.9983 23.7094 8
      vertex -16.9996 23.8689 -8
      vertex -16.9996 23.8689 8
    endloop
  endfacet
  facet normal 0.999967 0.0081502 0
    outer loop
      vertex -16.9996 23.8689 -8
      vertex -16.9983 23.7094 8
      vertex -16.9983 23.7094 -8
    endloop
  endfacet
  facet normal 0.628206 0.778047 -0
    outer loop
      vertex -15.7285 21.2373 -8
      vertex -15.8526 21.3375 8
      vertex -15.7285 21.2373 8
    endloop
  endfacet
  facet normal 0.628206 0.778047 0
    outer loop
      vertex -15.8526 21.3375 8
      vertex -15.7285 21.2373 -8
      vertex -15.8526 21.3375 -8
    endloop
  endfacet
  facet normal -0.853483 -0.52112 0
    outer loop
      vertex -10.9354 25.4407 -8
      vertex -11.0185 25.5768 8
      vertex -11.0185 25.5768 -8
    endloop
  endfacet
  facet normal -0.853483 -0.52112 0
    outer loop
      vertex -11.0185 25.5768 8
      vertex -10.9354 25.4407 -8
      vertex -10.9354 25.4407 8
    endloop
  endfacet
  facet normal -0.203103 0.979157 0
    outer loop
      vertex -13.012 20.6506 -8
      vertex -13.1682 20.6182 8
      vertex -13.012 20.6506 8
    endloop
  endfacet
  facet normal -0.203103 0.979157 0
    outer loop
      vertex -13.1682 20.6182 8
      vertex -13.012 20.6506 -8
      vertex -13.1682 20.6182 -8
    endloop
  endfacet
  facet normal -0.186824 -0.982393 0
    outer loop
      vertex -13.2206 27.0223 -8
      vertex -13.0639 26.9925 8
      vertex -13.2206 27.0223 8
    endloop
  endfacet
  facet normal -0.186824 -0.982393 -0
    outer loop
      vertex -13.0639 26.9925 8
      vertex -13.2206 27.0223 -8
      vertex -13.0639 26.9925 -8
    endloop
  endfacet
  facet normal -0.138525 -0.990359 0
    outer loop
      vertex -13.3786 27.0444 -8
      vertex -13.2206 27.0223 8
      vertex -13.3786 27.0444 8
    endloop
  endfacet
  facet normal -0.138525 -0.990359 -0
    outer loop
      vertex -13.2206 27.0223 8
      vertex -13.3786 27.0444 -8
      vertex -13.2206 27.0223 -8
    endloop
  endfacet
  facet normal 0.250788 -0.968042 0
    outer loop
      vertex -14.6424 26.9408 -8
      vertex -14.488 26.9808 8
      vertex -14.6424 26.9408 8
    endloop
  endfacet
  facet normal 0.250788 -0.968042 0
    outer loop
      vertex -14.488 26.9808 8
      vertex -14.6424 26.9408 -8
      vertex -14.488 26.9808 -8
    endloop
  endfacet
  facet normal 0.298311 -0.954469 0
    outer loop
      vertex -14.7947 26.8932 -8
      vertex -14.6424 26.9408 8
      vertex -14.7947 26.8932 8
    endloop
  endfacet
  facet normal 0.298311 -0.954469 0
    outer loop
      vertex -14.6424 26.9408 8
      vertex -14.7947 26.8932 -8
      vertex -14.6424 26.9408 -8
    endloop
  endfacet
  facet normal 0.92063 0.390437 0
    outer loop
      vertex -16.7103 22.4744 8
      vertex -16.7726 22.6213 -8
      vertex -16.7726 22.6213 8
    endloop
  endfacet
  facet normal 0.92063 0.390437 0
    outer loop
      vertex -16.7726 22.6213 -8
      vertex -16.7103 22.4744 8
      vertex -16.7103 22.4744 -8
    endloop
  endfacet
  facet normal 0.836174 -0.548465 0
    outer loop
      vertex -16.5099 25.5319 8
      vertex -16.4224 25.6653 -8
      vertex -16.4224 25.6653 8
    endloop
  endfacet
  facet normal 0.836174 -0.548465 0
    outer loop
      vertex -16.4224 25.6653 -8
      vertex -16.5099 25.5319 8
      vertex -16.5099 25.5319 -8
    endloop
  endfacet
  facet normal 0.878207 0.478281 0
    outer loop
      vertex -16.5646 22.1907 8
      vertex -16.6409 22.3308 -8
      vertex -16.6409 22.3308 8
    endloop
  endfacet
  facet normal 0.878207 0.478281 0
    outer loop
      vertex -16.6409 22.3308 -8
      vertex -16.5646 22.1907 8
      vertex -16.5646 22.1907 -8
    endloop
  endfacet
  facet normal 0.712726 -0.701443 0
    outer loop
      vertex -16.1221 26.0374 8
      vertex -16.0102 26.1511 -8
      vertex -16.0102 26.1511 8
    endloop
  endfacet
  facet normal 0.712726 -0.701443 0
    outer loop
      vertex -16.0102 26.1511 -8
      vertex -16.1221 26.0374 8
      vertex -16.1221 26.0374 -8
    endloop
  endfacet
  facet normal 0.999144 -0.0413698 0
    outer loop
      vertex -16.9996 23.8689 8
      vertex -16.993 24.0283 -8
      vertex -16.993 24.0283 8
    endloop
  endfacet
  facet normal 0.999144 -0.0413698 0
    outer loop
      vertex -16.993 24.0283 -8
      vertex -16.9996 23.8689 8
      vertex -16.9996 23.8689 -8
    endloop
  endfacet
  facet normal -0.0896875 -0.99597 0
    outer loop
      vertex -13.5374 27.0587 -8
      vertex -13.3786 27.0444 8
      vertex -13.5374 27.0587 8
    endloop
  endfacet
  facet normal -0.0896875 -0.99597 -0
    outer loop
      vertex -13.3786 27.0444 8
      vertex -13.5374 27.0587 -8
      vertex -13.3786 27.0444 -8
    endloop
  endfacet
  facet normal -0.735356 -0.677681 0
    outer loop
      vertex -11.3065 25.9586 -8
      vertex -11.4146 26.0759 8
      vertex -11.4146 26.0759 -8
    endloop
  endfacet
  facet normal -0.735356 -0.677681 0
    outer loop
      vertex -11.4146 26.0759 8
      vertex -11.3065 25.9586 -8
      vertex -11.3065 25.9586 8
    endloop
  endfacet
  facet normal 0.374846 0.927087 -0
    outer loop
      vertex -14.8948 20.774 -8
      vertex -15.0427 20.8338 8
      vertex -14.8948 20.774 8
    endloop
  endfacet
  facet normal 0.374846 0.927087 0
    outer loop
      vertex -15.0427 20.8338 8
      vertex -14.8948 20.774 -8
      vertex -15.0427 20.8338 -8
    endloop
  endfacet
  facet normal 0.990359 -0.138525 0
    outer loop
      vertex -16.9787 24.1871 8
      vertex -16.9566 24.3451 -8
      vertex -16.9566 24.3451 8
    endloop
  endfacet
  facet normal 0.990359 -0.138525 0
    outer loop
      vertex -16.9566 24.3451 -8
      vertex -16.9787 24.1871 8
      vertex -16.9787 24.1871 -8
    endloop
  endfacet
  facet normal -0.34431 0.938856 0
    outer loop
      vertex -12.5556 20.7931 -8
      vertex -12.7053 20.7382 8
      vertex -12.5556 20.7931 8
    endloop
  endfacet
  facet normal -0.34431 0.938856 0
    outer loop
      vertex -12.7053 20.7382 8
      vertex -12.5556 20.7931 -8
      vertex -12.7053 20.7382 -8
    endloop
  endfacet
  facet normal 0.235008 0.971993 -0
    outer loop
      vertex -14.4361 20.6389 -8
      vertex -14.5912 20.6764 8
      vertex -14.4361 20.6389 8
    endloop
  endfacet
  facet normal 0.235008 0.971993 0
    outer loop
      vertex -14.5912 20.6764 8
      vertex -14.4361 20.6389 -8
      vertex -14.5912 20.6764 -8
    endloop
  endfacet
  facet normal -0.0576566 0.998336 0
    outer loop
      vertex -13.4844 20.5766 -8
      vertex -13.6437 20.5674 8
      vertex -13.4844 20.5766 8
    endloop
  endfacet
  facet normal -0.0576566 0.998336 0
    outer loop
      vertex -13.6437 20.5674 8
      vertex -13.4844 20.5766 -8
      vertex -13.6437 20.5674 -8
    endloop
  endfacet
  facet normal 0.938856 0.34431 0
    outer loop
      vertex -16.7726 22.6213 8
      vertex -16.8275 22.771 -8
      vertex -16.8275 22.771 8
    endloop
  endfacet
  facet normal 0.938856 0.34431 0
    outer loop
      vertex -16.8275 22.771 -8
      vertex -16.7726 22.6213 8
      vertex -16.7726 22.6213 -8
    endloop
  endfacet
  facet normal -0.562053 0.827101 0
    outer loop
      vertex -11.8569 21.1739 -8
      vertex -11.9889 21.0842 8
      vertex -11.8569 21.1739 8
    endloop
  endfacet
  facet normal -0.562053 0.827101 0
    outer loop
      vertex -11.9889 21.0842 8
      vertex -11.8569 21.1739 -8
      vertex -11.9889 21.0842 -8
    endloop
  endfacet
  facet normal -0.507102 -0.861886 0
    outer loop
      vertex -12.1713 26.6565 -8
      vertex -12.0338 26.5756 8
      vertex -12.1713 26.6565 8
    endloop
  endfacet
  facet normal -0.507102 -0.861886 -0
    outer loop
      vertex -12.0338 26.5756 8
      vertex -12.1713 26.6565 -8
      vertex -12.0338 26.5756 -8
    endloop
  endfacet
  facet normal -0.374846 -0.927087 0
    outer loop
      vertex -12.6052 26.8574 -8
      vertex -12.4573 26.7976 8
      vertex -12.6052 26.8574 8
    endloop
  endfacet
  facet normal -0.374846 -0.927087 -0
    outer loop
      vertex -12.4573 26.7976 8
      vertex -12.6052 26.8574 -8
      vertex -12.4573 26.7976 -8
    endloop
  endfacet
  facet normal -0.885868 0.463937 0
    outer loop
      vertex -10.9092 22.237 -8
      vertex -10.8352 22.3783 8
      vertex -10.8352 22.3783 -8
    endloop
  endfacet
  facet normal -0.885868 0.463937 0
    outer loop
      vertex -10.8352 22.3783 8
      vertex -10.9092 22.237 -8
      vertex -10.9092 22.237 8
    endloop
  endfacet
  facet normal -0.0413698 -0.999144 0
    outer loop
      vertex -13.6968 27.0653 -8
      vertex -13.5374 27.0587 8
      vertex -13.6968 27.0653 8
    endloop
  endfacet
  facet normal -0.0413698 -0.999144 -0
    outer loop
      vertex -13.5374 27.0587 8
      vertex -13.6968 27.0653 -8
      vertex -13.5374 27.0587 -8
    endloop
  endfacet
  facet normal -0.282743 -0.959196 0
    outer loop
      vertex -12.9088 26.955 -8
      vertex -12.7558 26.9099 8
      vertex -12.9088 26.955 8
    endloop
  endfacet
  facet normal -0.282743 -0.959196 -0
    outer loop
      vertex -12.7558 26.9099 8
      vertex -12.9088 26.955 -8
      vertex -12.7558 26.9099 -8
    endloop
  endfacet
  facet normal 0.0896875 0.99597 -0
    outer loop
      vertex -13.9626 20.5727 -8
      vertex -14.1214 20.587 8
      vertex -13.9626 20.5727 8
    endloop
  endfacet
  facet normal 0.0896875 0.99597 0
    outer loop
      vertex -14.1214 20.587 8
      vertex -13.9626 20.5727 -8
      vertex -14.1214 20.587 -8
    endloop
  endfacet
  facet normal 0.478281 -0.878207 0
    outer loop
      vertex -15.375 26.6303 -8
      vertex -15.2349 26.7066 8
      vertex -15.375 26.6303 8
    endloop
  endfacet
  facet normal 0.478281 -0.878207 0
    outer loop
      vertex -15.2349 26.7066 8
      vertex -15.375 26.6303 -8
      vertex -15.2349 26.7066 -8
    endloop
  endfacet
  facet normal 0.435135 -0.900365 0
    outer loop
      vertex -15.2349 26.7066 -8
      vertex -15.0913 26.776 8
      vertex -15.2349 26.7066 8
    endloop
  endfacet
  facet normal 0.435135 -0.900365 0
    outer loop
      vertex -15.0913 26.776 8
      vertex -15.2349 26.7066 -8
      vertex -15.0913 26.776 -8
    endloop
  endfacet
  facet normal 0.329177 0.944268 -0
    outer loop
      vertex -14.7442 20.7215 -8
      vertex -14.8948 20.774 8
      vertex -14.7442 20.7215 8
    endloop
  endfacet
  facet normal 0.329177 0.944268 0
    outer loop
      vertex -14.8948 20.774 8
      vertex -14.7442 20.7215 -8
      vertex -14.8948 20.774 -8
    endloop
  endfacet
  facet normal -0.677681 0.735356 0
    outer loop
      vertex -11.4898 21.4803 -8
      vertex -11.6071 21.3722 8
      vertex -11.4898 21.4803 8
    endloop
  endfacet
  facet normal -0.677681 0.735356 0
    outer loop
      vertex -11.6071 21.3722 8
      vertex -11.4898 21.4803 -8
      vertex -11.6071 21.3722 -8
    endloop
  endfacet
  facet normal 0.0576566 -0.998336 0
    outer loop
      vertex -14.0156 27.0548 -8
      vertex -13.8563 27.064 8
      vertex -14.0156 27.0548 8
    endloop
  endfacet
  facet normal 0.0576566 -0.998336 0
    outer loop
      vertex -13.8563 27.064 8
      vertex -14.0156 27.0548 -8
      vertex -13.8563 27.064 -8
    endloop
  endfacet
  facet normal -0.712726 0.701443 0
    outer loop
      vertex -11.4898 21.4803 -8
      vertex -11.3779 21.594 8
      vertex -11.3779 21.594 -8
    endloop
  endfacet
  facet normal -0.712726 0.701443 0
    outer loop
      vertex -11.3779 21.594 8
      vertex -11.4898 21.4803 -8
      vertex -11.4898 21.4803 8
    endloop
  endfacet
  facet normal 0.0413698 0.999144 -0
    outer loop
      vertex -13.8032 20.5661 -8
      vertex -13.9626 20.5727 8
      vertex -13.8032 20.5661 8
    endloop
  endfacet
  facet normal 0.0413698 0.999144 0
    outer loop
      vertex -13.9626 20.5727 8
      vertex -13.8032 20.5661 -8
      vertex -13.9626 20.5727 -8
    endloop
  endfacet
  facet normal 0.778047 -0.628206 0
    outer loop
      vertex -16.3284 25.7942 8
      vertex -16.2282 25.9183 -8
      vertex -16.2282 25.9183 8
    endloop
  endfacet
  facet normal 0.778047 -0.628206 0
    outer loop
      vertex -16.2282 25.9183 -8
      vertex -16.3284 25.7942 8
      vertex -16.3284 25.7942 -8
    endloop
  endfacet
  facet normal 0.968042 0.250788 0
    outer loop
      vertex -16.8751 22.9233 8
      vertex -16.9151 23.0777 -8
      vertex -16.9151 23.0777 8
    endloop
  endfacet
  facet normal 0.968042 0.250788 0
    outer loop
      vertex -16.9151 23.0777 -8
      vertex -16.8751 22.9233 8
      vertex -16.8751 22.9233 -8
    endloop
  endfacet
  facet normal 0.34431 -0.938856 0
    outer loop
      vertex -14.9444 26.8383 -8
      vertex -14.7947 26.8932 8
      vertex -14.9444 26.8383 8
    endloop
  endfacet
  facet normal 0.34431 -0.938856 0
    outer loop
      vertex -14.7947 26.8932 8
      vertex -14.9444 26.8383 -8
      vertex -14.7947 26.8932 -8
    endloop
  endfacet
  facet normal -0.99597 0.0896875 0
    outer loop
      vertex -10.5213 23.4443 -8
      vertex -10.507 23.6031 8
      vertex -10.507 23.6031 -8
    endloop
  endfacet
  facet normal -0.99597 0.0896875 0
    outer loop
      vertex -10.507 23.6031 8
      vertex -10.5213 23.4443 -8
      vertex -10.5213 23.4443 8
    endloop
  endfacet
  facet normal -0.298311 0.954469 0
    outer loop
      vertex -12.7053 20.7382 -8
      vertex -12.8576 20.6906 8
      vertex -12.7053 20.7382 8
    endloop
  endfacet
  facet normal -0.298311 0.954469 0
    outer loop
      vertex -12.8576 20.6906 8
      vertex -12.7053 20.7382 -8
      vertex -12.8576 20.6906 -8
    endloop
  endfacet
  facet normal -0.998336 -0.0576566 0
    outer loop
      vertex -10.5017 23.922 -8
      vertex -10.5109 24.0813 8
      vertex -10.5109 24.0813 -8
    endloop
  endfacet
  facet normal -0.998336 -0.0576566 0
    outer loop
      vertex -10.5109 24.0813 8
      vertex -10.5017 23.922 -8
      vertex -10.5017 23.922 8
    endloop
  endfacet
  facet normal -0.900365 -0.435135 0
    outer loop
      vertex -10.7897 25.157 -8
      vertex -10.8591 25.3006 8
      vertex -10.8591 25.3006 -8
    endloop
  endfacet
  facet normal -0.900365 -0.435135 0
    outer loop
      vertex -10.8591 25.3006 8
      vertex -10.7897 25.157 -8
      vertex -10.7897 25.157 8
    endloop
  endfacet
  facet normal -0.0081502 0.999967 0
    outer loop
      vertex -13.6437 20.5674 -8
      vertex -13.8032 20.5661 8
      vertex -13.6437 20.5674 8
    endloop
  endfacet
  facet normal -0.0081502 0.999967 0
    outer loop
      vertex -13.8032 20.5661 8
      vertex -13.6437 20.5674 -8
      vertex -13.8032 20.5661 -8
    endloop
  endfacet
  facet normal 0.186824 0.982393 -0
    outer loop
      vertex -14.2794 20.6091 -8
      vertex -14.4361 20.6389 8
      vertex -14.2794 20.6091 8
    endloop
  endfacet
  facet normal 0.186824 0.982393 0
    outer loop
      vertex -14.4361 20.6389 8
      vertex -14.2794 20.6091 -8
      vertex -14.4361 20.6389 -8
    endloop
  endfacet
  facet normal 0.463937 0.885868 -0
    outer loop
      vertex -15.1874 20.9009 -8
      vertex -15.3287 20.9749 8
      vertex -15.1874 20.9009 8
    endloop
  endfacet
  facet normal 0.463937 0.885868 0
    outer loop
      vertex -15.3287 20.9749 8
      vertex -15.1874 20.9009 -8
      vertex -15.3287 20.9749 -8
    endloop
  endfacet
  facet normal -0.982393 0.186824 0
    outer loop
      vertex -10.5732 23.1296 -8
      vertex -10.5434 23.2863 8
      vertex -10.5434 23.2863 -8
    endloop
  endfacet
  facet normal -0.982393 0.186824 0
    outer loop
      vertex -10.5434 23.2863 8
      vertex -10.5732 23.1296 -8
      vertex -10.5732 23.1296 8
    endloop
  endfacet
  facet normal -0.92063 -0.390437 0
    outer loop
      vertex -10.7274 25.0101 -8
      vertex -10.7897 25.157 8
      vertex -10.7897 25.157 -8
    endloop
  endfacet
  facet normal -0.92063 -0.390437 0
    outer loop
      vertex -10.7897 25.157 8
      vertex -10.7274 25.0101 -8
      vertex -10.7274 25.0101 8
    endloop
  endfacet
  facet normal -0.878207 -0.478281 0
    outer loop
      vertex -10.8591 25.3006 -8
      vertex -10.9354 25.4407 8
      vertex -10.9354 25.4407 -8
    endloop
  endfacet
  facet normal -0.878207 -0.478281 0
    outer loop
      vertex -10.9354 25.4407 8
      vertex -10.8591 25.3006 -8
      vertex -10.8591 25.3006 8
    endloop
  endfacet
  facet normal -0.628206 -0.778047 0
    outer loop
      vertex -11.7715 26.3941 -8
      vertex -11.6474 26.2939 8
      vertex -11.7715 26.3941 8
    endloop
  endfacet
  facet normal -0.628206 -0.778047 -0
    outer loop
      vertex -11.6474 26.2939 8
      vertex -11.7715 26.3941 -8
      vertex -11.6474 26.2939 -8
    endloop
  endfacet
  facet normal -0.589215 -0.807976 0
    outer loop
      vertex -11.9004 26.4881 -8
      vertex -11.7715 26.3941 8
      vertex -11.9004 26.4881 8
    endloop
  endfacet
  facet normal -0.589215 -0.807976 -0
    outer loop
      vertex -11.7715 26.3941 8
      vertex -11.9004 26.4881 -8
      vertex -11.7715 26.3941 -8
    endloop
  endfacet
  facet normal 0.665181 0.746682 -0
    outer loop
      vertex -15.8526 21.3375 -8
      vertex -15.9717 21.4436 8
      vertex -15.8526 21.3375 8
    endloop
  endfacet
  facet normal 0.665181 0.746682 0
    outer loop
      vertex -15.9717 21.4436 8
      vertex -15.8526 21.3375 -8
      vertex -15.9717 21.4436 -8
    endloop
  endfacet
  facet normal -0.944268 0.329177 0
    outer loop
      vertex -10.7083 22.6709 -8
      vertex -10.6558 22.8215 8
      vertex -10.6558 22.8215 -8
    endloop
  endfacet
  facet normal -0.944268 0.329177 0
    outer loop
      vertex -10.6558 22.8215 8
      vertex -10.7083 22.6709 -8
      vertex -10.7083 22.6709 8
    endloop
  endfacet
  facet normal -0.329177 -0.944268 0
    outer loop
      vertex -12.7558 26.9099 -8
      vertex -12.6052 26.8574 8
      vertex -12.7558 26.9099 8
    endloop
  endfacet
  facet normal -0.329177 -0.944268 -0
    outer loop
      vertex -12.6052 26.8574 8
      vertex -12.7558 26.9099 -8
      vertex -12.6052 26.8574 -8
    endloop
  endfacet
  facet normal 0.954469 0.298311 0
    outer loop
      vertex -16.8275 22.771 8
      vertex -16.8751 22.9233 -8
      vertex -16.8751 22.9233 8
    endloop
  endfacet
  facet normal 0.954469 0.298311 0
    outer loop
      vertex -16.8751 22.9233 -8
      vertex -16.8275 22.771 8
      vertex -16.8275 22.771 -8
    endloop
  endfacet
  facet normal -0.154836 0.98794 0
    outer loop
      vertex -13.1682 20.6182 -8
      vertex -13.3258 20.5935 8
      vertex -13.1682 20.6182 8
    endloop
  endfacet
  facet normal -0.154836 0.98794 0
    outer loop
      vertex -13.3258 20.5935 8
      vertex -13.1682 20.6182 -8
      vertex -13.3258 20.5935 -8
    endloop
  endfacet
  facet normal -0.990359 0.138525 0
    outer loop
      vertex -10.5434 23.2863 -8
      vertex -10.5213 23.4443 8
      vertex -10.5213 23.4443 -8
    endloop
  endfacet
  facet normal -0.990359 0.138525 0
    outer loop
      vertex -10.5213 23.4443 8
      vertex -10.5434 23.2863 -8
      vertex -10.5434 23.2863 8
    endloop
  endfacet
  facet normal 0.105958 -0.994371 0
    outer loop
      vertex -14.1742 27.0379 -8
      vertex -14.0156 27.0548 8
      vertex -14.1742 27.0379 8
    endloop
  endfacet
  facet normal 0.105958 -0.994371 0
    outer loop
      vertex -14.0156 27.0548 8
      vertex -14.1742 27.0379 -8
      vertex -14.0156 27.0548 -8
    endloop
  endfacet
  facet normal -0.746682 0.665181 0
    outer loop
      vertex -11.3779 21.594 -8
      vertex -11.2718 21.7131 8
      vertex -11.2718 21.7131 -8
    endloop
  endfacet
  facet normal -0.746682 0.665181 0
    outer loop
      vertex -11.2718 21.7131 8
      vertex -11.3779 21.594 -8
      vertex -11.3779 21.594 8
    endloop
  endfacet
  facet normal 0.154836 -0.98794 0
    outer loop
      vertex -14.3318 27.0132 -8
      vertex -14.1742 27.0379 8
      vertex -14.3318 27.0132 8
    endloop
  endfacet
  facet normal 0.154836 -0.98794 0
    outer loop
      vertex -14.1742 27.0379 8
      vertex -14.3318 27.0132 -8
      vertex -14.1742 27.0379 -8
    endloop
  endfacet
  facet normal -0.98794 -0.154836 0
    outer loop
      vertex -10.5278 24.2399 -8
      vertex -10.5525 24.3975 8
      vertex -10.5525 24.3975 -8
    endloop
  endfacet
  facet normal -0.98794 -0.154836 0
    outer loop
      vertex -10.5525 24.3975 8
      vertex -10.5278 24.2399 -8
      vertex -10.5278 24.2399 8
    endloop
  endfacet
  facet normal -0.836174 0.548465 0
    outer loop
      vertex -11.0776 21.9661 -8
      vertex -10.9901 22.0995 8
      vertex -10.9901 22.0995 -8
    endloop
  endfacet
  facet normal -0.836174 0.548465 0
    outer loop
      vertex -10.9901 22.0995 8
      vertex -11.0776 21.9661 -8
      vertex -11.0776 21.9661 8
    endloop
  endfacet
  facet normal -0.999967 -0.0081502 0
    outer loop
      vertex -10.5004 23.7625 -8
      vertex -10.5017 23.922 8
      vertex -10.5017 23.922 -8
    endloop
  endfacet
  facet normal -0.999967 -0.0081502 0
    outer loop
      vertex -10.5017 23.922 8
      vertex -10.5004 23.7625 -8
      vertex -10.5004 23.7625 8
    endloop
  endfacet
  facet normal 0.548465 0.836174 -0
    outer loop
      vertex -15.4662 21.0558 -8
      vertex -15.5996 21.1433 8
      vertex -15.4662 21.0558 8
    endloop
  endfacet
  facet normal 0.548465 0.836174 0
    outer loop
      vertex -15.5996 21.1433 8
      vertex -15.4662 21.0558 -8
      vertex -15.5996 21.1433 -8
    endloop
  endfacet
  facet normal -0.999144 0.0413698 0
    outer loop
      vertex -10.507 23.6031 -8
      vertex -10.5004 23.7625 8
      vertex -10.5004 23.7625 -8
    endloop
  endfacet
  facet normal -0.999144 0.0413698 0
    outer loop
      vertex -10.5004 23.7625 8
      vertex -10.507 23.6031 -8
      vertex -10.507 23.6031 8
    endloop
  endfacet
  facet normal -0.861886 0.507102 0
    outer loop
      vertex -10.9901 22.0995 -8
      vertex -10.9092 22.237 8
      vertex -10.9092 22.237 -8
    endloop
  endfacet
  facet normal -0.861886 0.507102 0
    outer loop
      vertex -10.9092 22.237 8
      vertex -10.9901 22.0995 -8
      vertex -10.9901 22.0995 8
    endloop
  endfacet
  facet normal 0.492854 0.870112 -0
    outer loop
      vertex -29.032 -2.86624 -8
      vertex -29.1708 -2.78762 8
      vertex -29.032 -2.86624 8
    endloop
  endfacet
  facet normal 0.492854 0.870112 0
    outer loop
      vertex -29.1708 -2.78762 8
      vertex -29.032 -2.86624 -8
      vertex -29.1708 -2.78762 -8
    endloop
  endfacet
  facet normal 0.992424 0.122863 0
    outer loop
      vertex -30.7148 -0.476873 8
      vertex -30.7344 -0.318555 -8
      vertex -30.7344 -0.318555 8
    endloop
  endfacet
  facet normal 0.992424 0.122863 0
    outer loop
      vertex -30.7344 -0.318555 -8
      vertex -30.7148 -0.476873 8
      vertex -30.7148 -0.476873 -8
    endloop
  endfacet
  facet normal 0.985353 -0.170526 0
    outer loop
      vertex -30.7148 0.476873 8
      vertex -30.6876 0.634043 -8
      vertex -30.6876 0.634043 8
    endloop
  endfacet
  facet normal 0.985353 -0.170526 0
    outer loop
      vertex -30.6876 0.634043 -8
      vertex -30.7148 0.476873 8
      vertex -30.7148 0.476873 -8
    endloop
  endfacet
  facet normal 0.914307 -0.405021 0
    outer loop
      vertex -30.5026 1.24372 8
      vertex -30.438 1.38955 -8
      vertex -30.438 1.38955 8
    endloop
  endfacet
  facet normal 0.914307 -0.405021 0
    outer loop
      vertex -30.438 1.38955 -8
      vertex -30.5026 1.24372 8
      vertex -30.5026 1.24372 -8
    endloop
  endfacet
  facet normal 0.724227 0.689561 0
    outer loop
      vertex -29.7981 -2.2981 8
      vertex -29.9081 -2.18257 -8
      vertex -29.9081 -2.18257 8
    endloop
  endfacet
  facet normal 0.724227 0.689561 0
    outer loop
      vertex -29.9081 -2.18257 -8
      vertex -29.7981 -2.2981 8
      vertex -29.7981 -2.2981 -8
    endloop
  endfacet
  facet normal 0.405121 -0.914263 0
    outer loop
      vertex -28.8896 2.93796 -8
      vertex -28.7437 3.00261 8
      vertex -28.8896 2.93796 8
    endloop
  endfacet
  facet normal 0.405121 -0.914263 0
    outer loop
      vertex -28.7437 3.00261 8
      vertex -28.8896 2.93796 -8
      vertex -28.7437 3.00261 -8
    endloop
  endfacet
  facet normal 0.893032 -0.449994 0
    outer loop
      vertex -30.438 1.38955 8
      vertex -30.3662 1.53204 -8
      vertex -30.3662 1.53204 8
    endloop
  endfacet
  facet normal 0.893032 -0.449994 0
    outer loop
      vertex -30.3662 1.53204 -8
      vertex -30.438 1.38955 8
      vertex -30.438 1.38955 -8
    endloop
  endfacet
  facet normal -0.21902 -0.97572 0
    outer loop
      vertex -26.866 3.18755 -8
      vertex -26.7103 3.1526 8
      vertex -26.866 3.18755 8
    endloop
  endfacet
  facet normal -0.21902 -0.97572 -0
    outer loop
      vertex -26.7103 3.1526 8
      vertex -26.866 3.18755 -8
      vertex -26.7103 3.1526 -8
    endloop
  endfacet
  facet normal 0.724227 -0.689561 0
    outer loop
      vertex -29.9081 2.18257 8
      vertex -29.7981 2.2981 -8
      vertex -29.7981 2.2981 8
    endloop
  endfacet
  facet normal 0.724227 -0.689561 0
    outer loop
      vertex -29.7981 2.2981 -8
      vertex -29.9081 2.18257 8
      vertex -29.9081 2.18257 -8
    endloop
  endfacet
  facet normal 0.999701 0.0244487 0
    outer loop
      vertex -30.7461 -0.15947 8
      vertex -30.75 0 -8
      vertex -30.75 0 8
    endloop
  endfacet
  facet normal 0.999701 0.0244487 0
    outer loop
      vertex -30.75 0 -8
      vertex -30.7461 -0.15947 8
      vertex -30.7461 -0.15947 -8
    endloop
  endfacet
  facet normal -0.78848 -0.61506 0
    outer loop
      vertex -24.8896 1.93602 -8
      vertex -24.9877 2.06178 8
      vertex -24.9877 2.06178 -8
    endloop
  endfacet
  facet normal -0.78848 -0.61506 0
    outer loop
      vertex -24.9877 2.06178 8
      vertex -24.8896 1.93602 -8
      vertex -24.8896 1.93602 8
    endloop
  endfacet
  facet normal -0.975636 -0.219396 0
    outer loop
      vertex -24.3124 0.634043 -8
      vertex -24.3474 0.789685 8
      vertex -24.3474 0.789685 -8
    endloop
  endfacet
  facet normal -0.975636 -0.219396 0
    outer loop
      vertex -24.3474 0.789685 8
      vertex -24.3124 0.634043 -8
      vertex -24.3124 0.634043 8
    endloop
  endfacet
  facet normal -0.999701 0.0244487 0
    outer loop
      vertex -24.2539 -0.15947 -8
      vertex -24.25 0 8
      vertex -24.25 0 -8
    endloop
  endfacet
  facet normal -0.999701 0.0244487 0
    outer loop
      vertex -24.25 0 8
      vertex -24.2539 -0.15947 -8
      vertex -24.2539 -0.15947 8
    endloop
  endfacet
  facet normal -0.997306 0.0733475 0
    outer loop
      vertex -24.2656 -0.318555 -8
      vertex -24.2539 -0.15947 8
      vertex -24.2539 -0.15947 -8
    endloop
  endfacet
  facet normal -0.997306 0.0733475 0
    outer loop
      vertex -24.2539 -0.15947 8
      vertex -24.2656 -0.318555 -8
      vertex -24.2656 -0.318555 8
    endloop
  endfacet
  facet normal -0.266745 -0.963767 0
    outer loop
      vertex -26.7103 3.1526 -8
      vertex -26.5566 3.11006 8
      vertex -26.7103 3.1526 8
    endloop
  endfacet
  facet normal -0.266745 -0.963767 -0
    outer loop
      vertex -26.5566 3.11006 8
      vertex -26.7103 3.1526 -8
      vertex -26.5566 3.11006 -8
    endloop
  endfacet
  facet normal 0.266745 -0.963767 0
    outer loop
      vertex -28.4434 3.11006 -8
      vertex -28.2897 3.1526 8
      vertex -28.4434 3.11006 8
    endloop
  endfacet
  facet normal 0.266745 -0.963767 0
    outer loop
      vertex -28.2897 3.1526 8
      vertex -28.4434 3.11006 -8
      vertex -28.2897 3.1526 -8
    endloop
  endfacet
  facet normal -0.122445 0.992475 0
    outer loop
      vertex -27.0231 -3.21482 -8
      vertex -27.1814 -3.23435 8
      vertex -27.0231 -3.21482 8
    endloop
  endfacet
  facet normal -0.122445 0.992475 0
    outer loop
      vertex -27.1814 -3.23435 8
      vertex -27.0231 -3.21482 -8
      vertex -27.1814 -3.23435 -8
    endloop
  endfacet
  facet normal -0.949411 0.314036 0
    outer loop
      vertex -24.44 -1.09489 -8
      vertex -24.3899 -0.943425 8
      vertex -24.3899 -0.943425 -8
    endloop
  endfacet
  facet normal -0.949411 0.314036 0
    outer loop
      vertex -24.3899 -0.943425 8
      vertex -24.44 -1.09489 -8
      vertex -24.44 -1.09489 8
    endloop
  endfacet
  facet normal -0.449821 -0.893119 0
    outer loop
      vertex -26.1104 2.93796 -8
      vertex -25.968 2.86624 8
      vertex -26.1104 2.93796 8
    endloop
  endfacet
  facet normal -0.449821 -0.893119 -0
    outer loop
      vertex -25.968 2.86624 8
      vertex -26.1104 2.93796 -8
      vertex -25.968 2.86624 -8
    endloop
  endfacet
  facet normal 0.689622 0.724169 -0
    outer loop
      vertex -29.6826 -2.40809 -8
      vertex -29.7981 -2.2981 8
      vertex -29.6826 -2.40809 8
    endloop
  endfacet
  facet normal 0.689622 0.724169 0
    outer loop
      vertex -29.7981 -2.2981 8
      vertex -29.6826 -2.40809 -8
      vertex -29.7981 -2.2981 -8
    endloop
  endfacet
  facet normal 0.949411 0.314036 0
    outer loop
      vertex -30.56 -1.09489 8
      vertex -30.6101 -0.943425 -8
      vertex -30.6101 -0.943425 8
    endloop
  endfacet
  facet normal 0.949411 0.314036 0
    outer loop
      vertex -30.6101 -0.943425 -8
      vertex -30.56 -1.09489 8
      vertex -30.56 -1.09489 -8
    endloop
  endfacet
  facet normal -0.0245067 -0.9997 0
    outer loop
      vertex -27.5 3.25 -8
      vertex -27.3405 3.24609 8
      vertex -27.5 3.25 8
    endloop
  endfacet
  facet normal -0.0245067 -0.9997 -0
    outer loop
      vertex -27.3405 3.24609 8
      vertex -27.5 3.25 -8
      vertex -27.3405 3.24609 -8
    endloop
  endfacet
  facet normal -0.963849 0.266447 0
    outer loop
      vertex -24.3899 -0.943425 -8
      vertex -24.3474 -0.789685 8
      vertex -24.3474 -0.789685 -8
    endloop
  endfacet
  facet normal -0.963849 0.266447 0
    outer loop
      vertex -24.3474 -0.789685 8
      vertex -24.3899 -0.943425 -8
      vertex -24.3899 -0.943425 8
    endloop
  endfacet
  facet normal 0.985353 0.170526 0
    outer loop
      vertex -30.6876 -0.634043 8
      vertex -30.7148 -0.476873 -8
      vertex -30.7148 -0.476873 8
    endloop
  endfacet
  facet normal 0.985353 0.170526 0
    outer loop
      vertex -30.7148 -0.476873 -8
      vertex -30.6876 -0.634043 8
      vertex -30.6876 -0.634043 -8
    endloop
  endfacet
  facet normal -0.997306 -0.0733475 0
    outer loop
      vertex -24.2539 0.15947 -8
      vertex -24.2656 0.318555 8
      vertex -24.2656 0.318555 -8
    endloop
  endfacet
  facet normal -0.997306 -0.0733475 0
    outer loop
      vertex -24.2656 0.318555 8
      vertex -24.2539 0.15947 -8
      vertex -24.2539 0.15947 8
    endloop
  endfacet
  facet normal 0.914307 0.405021 0
    outer loop
      vertex -30.438 -1.38955 8
      vertex -30.5026 -1.24372 -8
      vertex -30.5026 -1.24372 8
    endloop
  endfacet
  facet normal 0.914307 0.405021 0
    outer loop
      vertex -30.5026 -1.24372 -8
      vertex -30.438 -1.38955 8
      vertex -30.438 -1.38955 -8
    endloop
  endfacet
  facet normal 0.405121 0.914263 -0
    outer loop
      vertex -28.7437 -3.00261 -8
      vertex -28.8896 -2.93796 8
      vertex -28.7437 -3.00261 8
    endloop
  endfacet
  facet normal 0.405121 0.914263 0
    outer loop
      vertex -28.8896 -2.93796 8
      vertex -28.7437 -3.00261 -8
      vertex -28.8896 -2.93796 -8
    endloop
  endfacet
  facet normal 0.997306 -0.0733475 0
    outer loop
      vertex -30.7461 0.15947 8
      vertex -30.7344 0.318555 -8
      vertex -30.7344 0.318555 8
    endloop
  endfacet
  facet normal 0.997306 -0.0733475 0
    outer loop
      vertex -30.7344 0.318555 -8
      vertex -30.7461 0.15947 8
      vertex -30.7461 0.15947 -8
    endloop
  endfacet
  facet normal 0.893032 0.449994 0
    outer loop
      vertex -30.3662 -1.53204 8
      vertex -30.438 -1.38955 -8
      vertex -30.438 -1.38955 8
    endloop
  endfacet
  facet normal 0.893032 0.449994 0
    outer loop
      vertex -30.438 -1.38955 -8
      vertex -30.3662 -1.53204 8
      vertex -30.3662 -1.53204 -8
    endloop
  endfacet
  facet normal 0.359958 -0.932969 0
    outer loop
      vertex -28.7437 3.00261 -8
      vertex -28.5949 3.06002 8
      vertex -28.7437 3.00261 8
    endloop
  endfacet
  facet normal 0.359958 -0.932969 0
    outer loop
      vertex -28.5949 3.06002 8
      vertex -28.7437 3.00261 -8
      vertex -28.5949 3.06002 -8
    endloop
  endfacet
  facet normal 0.07359 -0.997289 0
    outer loop
      vertex -27.8186 3.23435 -8
      vertex -27.6595 3.24609 8
      vertex -27.8186 3.23435 8
    endloop
  endfacet
  facet normal 0.07359 -0.997289 0
    outer loop
      vertex -27.6595 3.24609 8
      vertex -27.8186 3.23435 -8
      vertex -27.6595 3.24609 -8
    endloop
  endfacet
  facet normal 0.87015 0.492786 0
    outer loop
      vertex -30.2876 -1.67083 8
      vertex -30.3662 -1.53204 -8
      vertex -30.3662 -1.53204 8
    endloop
  endfacet
  facet normal 0.87015 0.492786 0
    outer loop
      vertex -30.3662 -1.53204 -8
      vertex -30.2876 -1.67083 8
      vertex -30.2876 -1.67083 -8
    endloop
  endfacet
  facet normal 0.844973 0.534809 0
    outer loop
      vertex -30.2023 -1.8056 8
      vertex -30.2876 -1.67083 -8
      vertex -30.2876 -1.67083 8
    endloop
  endfacet
  facet normal 0.844973 0.534809 0
    outer loop
      vertex -30.2876 -1.67083 -8
      vertex -30.2023 -1.8056 8
      vertex -30.2023 -1.8056 -8
    endloop
  endfacet
  facet normal 0.999701 -0.0244487 0
    outer loop
      vertex -30.75 0 8
      vertex -30.7461 0.15947 -8
      vertex -30.7461 0.15947 8
    endloop
  endfacet
  facet normal 0.999701 -0.0244487 0
    outer loop
      vertex -30.7461 0.15947 -8
      vertex -30.75 0 8
      vertex -30.75 0 -8
    endloop
  endfacet
  facet normal 0.653127 0.757249 -0
    outer loop
      vertex -29.5618 -2.51228 -8
      vertex -29.6826 -2.40809 8
      vertex -29.5618 -2.51228 8
    endloop
  endfacet
  facet normal 0.653127 0.757249 0
    outer loop
      vertex -29.6826 -2.40809 8
      vertex -29.5618 -2.51228 -8
      vertex -29.6826 -2.40809 -8
    endloop
  endfacet
  facet normal -0.844973 0.534809 0
    outer loop
      vertex -24.7977 -1.8056 -8
      vertex -24.7124 -1.67083 8
      vertex -24.7124 -1.67083 -8
    endloop
  endfacet
  facet normal -0.844973 0.534809 0
    outer loop
      vertex -24.7124 -1.67083 8
      vertex -24.7977 -1.8056 -8
      vertex -24.7977 -1.8056 8
    endloop
  endfacet
  facet normal -0.266745 0.963767 0
    outer loop
      vertex -26.5566 -3.11006 -8
      vertex -26.7103 -3.1526 8
      vertex -26.5566 -3.11006 8
    endloop
  endfacet
  facet normal -0.266745 0.963767 0
    outer loop
      vertex -26.7103 -3.1526 8
      vertex -26.5566 -3.11006 -8
      vertex -26.7103 -3.1526 -8
    endloop
  endfacet
  facet normal -0.405121 -0.914263 0
    outer loop
      vertex -26.2563 3.00261 -8
      vertex -26.1104 2.93796 8
      vertex -26.2563 3.00261 8
    endloop
  endfacet
  facet normal -0.405121 -0.914263 -0
    outer loop
      vertex -26.1104 2.93796 8
      vertex -26.2563 3.00261 -8
      vertex -26.1104 2.93796 -8
    endloop
  endfacet
  facet normal 0.615094 -0.788454 0
    outer loop
      vertex -29.5618 2.51228 -8
      vertex -29.436 2.61042 8
      vertex -29.5618 2.51228 8
    endloop
  endfacet
  facet normal 0.615094 -0.788454 0
    outer loop
      vertex -29.436 2.61042 8
      vertex -29.5618 2.51228 -8
      vertex -29.436 2.61042 -8
    endloop
  endfacet
  facet normal -0.963849 -0.266447 0
    outer loop
      vertex -24.3474 0.789685 -8
      vertex -24.3899 0.943425 8
      vertex -24.3899 0.943425 -8
    endloop
  endfacet
  facet normal -0.963849 -0.266447 0
    outer loop
      vertex -24.3899 0.943425 8
      vertex -24.3474 0.789685 -8
      vertex -24.3474 0.789685 8
    endloop
  endfacet
  facet normal 0.449821 0.893119 -0
    outer loop
      vertex -28.8896 -2.93796 -8
      vertex -29.032 -2.86624 8
      vertex -28.8896 -2.93796 8
    endloop
  endfacet
  facet normal 0.449821 0.893119 0
    outer loop
      vertex -29.032 -2.86624 8
      vertex -28.8896 -2.93796 -8
      vertex -29.032 -2.86624 -8
    endloop
  endfacet
  facet normal 0.997306 0.0733475 0
    outer loop
      vertex -30.7344 -0.318555 8
      vertex -30.7461 -0.15947 -8
      vertex -30.7461 -0.15947 8
    endloop
  endfacet
  facet normal 0.997306 0.0733475 0
    outer loop
      vertex -30.7461 -0.15947 -8
      vertex -30.7344 -0.318555 8
      vertex -30.7344 -0.318555 -8
    endloop
  endfacet
  facet normal 0.78848 -0.61506 0
    outer loop
      vertex -30.1104 1.93602 8
      vertex -30.0123 2.06178 -8
      vertex -30.0123 2.06178 8
    endloop
  endfacet
  facet normal 0.78848 -0.61506 0
    outer loop
      vertex -30.0123 2.06178 -8
      vertex -30.1104 1.93602 8
      vertex -30.1104 1.93602 -8
    endloop
  endfacet
  facet normal 0.313632 -0.949545 0
    outer loop
      vertex -28.5949 3.06002 -8
      vertex -28.4434 3.11006 8
      vertex -28.5949 3.06002 8
    endloop
  endfacet
  facet normal 0.313632 -0.949545 0
    outer loop
      vertex -28.4434 3.11006 8
      vertex -28.5949 3.06002 -8
      vertex -28.4434 3.11006 -8
    endloop
  endfacet
  facet normal 0.171026 -0.985266 0
    outer loop
      vertex -28.134 3.18755 -8
      vertex -27.9769 3.21482 8
      vertex -28.134 3.18755 8
    endloop
  endfacet
  facet normal 0.171026 -0.985266 0
    outer loop
      vertex -27.9769 3.21482 8
      vertex -28.134 3.18755 -8
      vertex -27.9769 3.21482 -8
    endloop
  endfacet
  facet normal -0.985353 -0.170526 0
    outer loop
      vertex -24.2852 0.476873 -8
      vertex -24.3124 0.634043 8
      vertex -24.3124 0.634043 -8
    endloop
  endfacet
  facet normal -0.985353 -0.170526 0
    outer loop
      vertex -24.3124 0.634043 8
      vertex -24.2852 0.476873 -8
      vertex -24.2852 0.476873 8
    endloop
  endfacet
  facet normal 0.975636 -0.219396 0
    outer loop
      vertex -30.6876 0.634043 8
      vertex -30.6526 0.789685 -8
      vertex -30.6526 0.789685 8
    endloop
  endfacet
  facet normal 0.975636 -0.219396 0
    outer loop
      vertex -30.6526 0.789685 -8
      vertex -30.6876 0.634043 8
      vertex -30.6876 0.634043 -8
    endloop
  endfacet
  facet normal -0.122445 -0.992475 0
    outer loop
      vertex -27.1814 3.23435 -8
      vertex -27.0231 3.21482 8
      vertex -27.1814 3.23435 8
    endloop
  endfacet
  facet normal -0.122445 -0.992475 -0
    outer loop
      vertex -27.0231 3.21482 8
      vertex -27.1814 3.23435 -8
      vertex -27.0231 3.21482 -8
    endloop
  endfacet
  facet normal -0.949411 -0.314036 0
    outer loop
      vertex -24.3899 0.943425 -8
      vertex -24.44 1.09489 8
      vertex -24.44 1.09489 -8
    endloop
  endfacet
  facet normal -0.949411 -0.314036 0
    outer loop
      vertex -24.44 1.09489 8
      vertex -24.3899 0.943425 -8
      vertex -24.3899 0.943425 8
    endloop
  endfacet
  facet normal -0.615094 0.788454 0
    outer loop
      vertex -25.4382 -2.51228 -8
      vertex -25.564 -2.61042 8
      vertex -25.4382 -2.51228 8
    endloop
  endfacet
  facet normal -0.615094 0.788454 0
    outer loop
      vertex -25.564 -2.61042 8
      vertex -25.4382 -2.51228 -8
      vertex -25.564 -2.61042 -8
    endloop
  endfacet
  facet normal 0.615094 0.788454 -0
    outer loop
      vertex -29.436 -2.61042 -8
      vertex -29.5618 -2.51228 8
      vertex -29.436 -2.61042 8
    endloop
  endfacet
  facet normal 0.615094 0.788454 0
    outer loop
      vertex -29.5618 -2.51228 8
      vertex -29.436 -2.61042 -8
      vertex -29.5618 -2.51228 -8
    endloop
  endfacet
  facet normal -0.992424 0.122863 0
    outer loop
      vertex -24.2852 -0.476873 -8
      vertex -24.2656 -0.318555 8
      vertex -24.2656 -0.318555 -8
    endloop
  endfacet
  facet normal -0.992424 0.122863 0
    outer loop
      vertex -24.2656 -0.318555 8
      vertex -24.2852 -0.476873 -8
      vertex -24.2852 -0.476873 8
    endloop
  endfacet
  facet normal -0.999701 -0.0244487 0
    outer loop
      vertex -24.25 0 -8
      vertex -24.2539 0.15947 8
      vertex -24.2539 0.15947 -8
    endloop
  endfacet
  facet normal -0.999701 -0.0244487 0
    outer loop
      vertex -24.2539 0.15947 8
      vertex -24.25 0 -8
      vertex -24.25 0 8
    endloop
  endfacet
  facet normal -0.405121 0.914263 0
    outer loop
      vertex -26.1104 -2.93796 -8
      vertex -26.2563 -3.00261 8
      vertex -26.1104 -2.93796 8
    endloop
  endfacet
  facet normal -0.405121 0.914263 0
    outer loop
      vertex -26.2563 -3.00261 8
      vertex -26.1104 -2.93796 -8
      vertex -26.2563 -3.00261 -8
    endloop
  endfacet
  facet normal 0.975636 0.219396 0
    outer loop
      vertex -30.6526 -0.789685 8
      vertex -30.6876 -0.634043 -8
      vertex -30.6876 -0.634043 8
    endloop
  endfacet
  facet normal 0.975636 0.219396 0
    outer loop
      vertex -30.6876 -0.634043 -8
      vertex -30.6526 -0.789685 8
      vertex -30.6526 -0.789685 -8
    endloop
  endfacet
  facet normal 0.817444 0.576009 0
    outer loop
      vertex -30.1104 -1.93602 8
      vertex -30.2023 -1.8056 -8
      vertex -30.2023 -1.8056 8
    endloop
  endfacet
  facet normal 0.817444 0.576009 0
    outer loop
      vertex -30.2023 -1.8056 -8
      vertex -30.1104 -1.93602 8
      vertex -30.1104 -1.93602 -8
    endloop
  endfacet
  facet normal 0.949411 -0.314036 0
    outer loop
      vertex -30.6101 0.943425 8
      vertex -30.56 1.09489 -8
      vertex -30.56 1.09489 8
    endloop
  endfacet
  facet normal 0.949411 -0.314036 0
    outer loop
      vertex -30.56 1.09489 -8
      vertex -30.6101 0.943425 8
      vertex -30.6101 0.943425 -8
    endloop
  endfacet
  facet normal 0.07359 0.997289 -0
    outer loop
      vertex -27.6595 -3.24609 -8
      vertex -27.8186 -3.23435 8
      vertex -27.6595 -3.24609 8
    endloop
  endfacet
  facet normal 0.07359 0.997289 0
    outer loop
      vertex -27.8186 -3.23435 8
      vertex -27.6595 -3.24609 -8
      vertex -27.8186 -3.23435 -8
    endloop
  endfacet
  facet normal -0.724227 -0.689561 0
    outer loop
      vertex -25.0919 2.18257 -8
      vertex -25.2019 2.2981 8
      vertex -25.2019 2.2981 -8
    endloop
  endfacet
  facet normal -0.724227 -0.689561 0
    outer loop
      vertex -25.2019 2.2981 8
      vertex -25.0919 2.18257 -8
      vertex -25.0919 2.18257 8
    endloop
  endfacet
  facet normal -0.5759 0.81752 0
    outer loop
      vertex -25.564 -2.61042 -8
      vertex -25.6944 -2.70228 8
      vertex -25.564 -2.61042 8
    endloop
  endfacet
  facet normal -0.5759 0.81752 0
    outer loop
      vertex -25.6944 -2.70228 8
      vertex -25.564 -2.61042 -8
      vertex -25.6944 -2.70228 -8
    endloop
  endfacet
  facet normal 0.449821 -0.893119 0
    outer loop
      vertex -29.032 2.86624 -8
      vertex -28.8896 2.93796 8
      vertex -29.032 2.86624 8
    endloop
  endfacet
  facet normal 0.449821 -0.893119 0
    outer loop
      vertex -28.8896 2.93796 8
      vertex -29.032 2.86624 -8
      vertex -28.8896 2.93796 -8
    endloop
  endfacet
  facet normal 0.78848 0.61506 0
    outer loop
      vertex -30.0123 -2.06178 8
      vertex -30.1104 -1.93602 -8
      vertex -30.1104 -1.93602 8
    endloop
  endfacet
  facet normal 0.78848 0.61506 0
    outer loop
      vertex -30.1104 -1.93602 -8
      vertex -30.0123 -2.06178 8
      vertex -30.0123 -2.06178 -8
    endloop
  endfacet
  facet normal -0.844973 -0.534809 0
    outer loop
      vertex -24.7124 1.67083 -8
      vertex -24.7977 1.8056 8
      vertex -24.7977 1.8056 -8
    endloop
  endfacet
  facet normal -0.844973 -0.534809 0
    outer loop
      vertex -24.7977 1.8056 8
      vertex -24.7124 1.67083 -8
      vertex -24.7124 1.67083 8
    endloop
  endfacet
  facet normal 0.0245067 -0.9997 0
    outer loop
      vertex -27.6595 3.24609 -8
      vertex -27.5 3.25 8
      vertex -27.6595 3.24609 8
    endloop
  endfacet
  facet normal 0.0245067 -0.9997 0
    outer loop
      vertex -27.5 3.25 8
      vertex -27.6595 3.24609 -8
      vertex -27.5 3.25 -8
    endloop
  endfacet
  facet normal -0.492854 0.870112 0
    outer loop
      vertex -25.8292 -2.78762 -8
      vertex -25.968 -2.86624 8
      vertex -25.8292 -2.78762 8
    endloop
  endfacet
  facet normal -0.492854 0.870112 0
    outer loop
      vertex -25.968 -2.86624 8
      vertex -25.8292 -2.78762 -8
      vertex -25.968 -2.86624 -8
    endloop
  endfacet
  facet normal -0.914307 0.405021 0
    outer loop
      vertex -24.562 -1.38955 -8
      vertex -24.4974 -1.24372 8
      vertex -24.4974 -1.24372 -8
    endloop
  endfacet
  facet normal -0.914307 0.405021 0
    outer loop
      vertex -24.4974 -1.24372 8
      vertex -24.562 -1.38955 -8
      vertex -24.562 -1.38955 8
    endloop
  endfacet
  facet normal 0.359958 0.932969 -0
    outer loop
      vertex -28.5949 -3.06002 -8
      vertex -28.7437 -3.00261 8
      vertex -28.5949 -3.06002 8
    endloop
  endfacet
  facet normal 0.359958 0.932969 0
    outer loop
      vertex -28.7437 -3.00261 8
      vertex -28.5949 -3.06002 -8
      vertex -28.7437 -3.00261 -8
    endloop
  endfacet
  facet normal -0.724227 0.689561 0
    outer loop
      vertex -25.2019 -2.2981 -8
      vertex -25.0919 -2.18257 8
      vertex -25.0919 -2.18257 -8
    endloop
  endfacet
  facet normal -0.724227 0.689561 0
    outer loop
      vertex -25.0919 -2.18257 8
      vertex -25.2019 -2.2981 -8
      vertex -25.2019 -2.2981 8
    endloop
  endfacet
  facet normal 0.171026 0.985266 -0
    outer loop
      vertex -27.9769 -3.21482 -8
      vertex -28.134 -3.18755 8
      vertex -27.9769 -3.21482 8
    endloop
  endfacet
  facet normal 0.171026 0.985266 0
    outer loop
      vertex -28.134 -3.18755 8
      vertex -27.9769 -3.21482 -8
      vertex -28.134 -3.18755 -8
    endloop
  endfacet
  facet normal 0.534903 0.844914 -0
    outer loop
      vertex -29.1708 -2.78762 -8
      vertex -29.3056 -2.70228 8
      vertex -29.1708 -2.78762 8
    endloop
  endfacet
  facet normal 0.534903 0.844914 0
    outer loop
      vertex -29.3056 -2.70228 8
      vertex -29.1708 -2.78762 -8
      vertex -29.3056 -2.70228 -8
    endloop
  endfacet
  facet normal 0.963849 0.266447 0
    outer loop
      vertex -30.6101 -0.943425 8
      vertex -30.6526 -0.789685 -8
      vertex -30.6526 -0.789685 8
    endloop
  endfacet
  facet normal 0.963849 0.266447 0
    outer loop
      vertex -30.6526 -0.789685 -8
      vertex -30.6101 -0.943425 8
      vertex -30.6101 -0.943425 -8
    endloop
  endfacet
  facet normal 0.5759 0.81752 -0
    outer loop
      vertex -29.3056 -2.70228 -8
      vertex -29.436 -2.61042 8
      vertex -29.3056 -2.70228 8
    endloop
  endfacet
  facet normal 0.5759 0.81752 0
    outer loop
      vertex -29.436 -2.61042 8
      vertex -29.3056 -2.70228 -8
      vertex -29.436 -2.61042 -8
    endloop
  endfacet
  facet normal -0.653127 -0.757249 0
    outer loop
      vertex -25.4382 2.51228 -8
      vertex -25.3174 2.40809 8
      vertex -25.4382 2.51228 8
    endloop
  endfacet
  facet normal -0.653127 -0.757249 -0
    outer loop
      vertex -25.3174 2.40809 8
      vertex -25.4382 2.51228 -8
      vertex -25.3174 2.40809 -8
    endloop
  endfacet
  facet normal 0.21902 0.97572 -0
    outer loop
      vertex -28.134 -3.18755 -8
      vertex -28.2897 -3.1526 8
      vertex -28.134 -3.18755 8
    endloop
  endfacet
  facet normal 0.21902 0.97572 0
    outer loop
      vertex -28.2897 -3.1526 8
      vertex -28.134 -3.18755 -8
      vertex -28.2897 -3.1526 -8
    endloop
  endfacet
  facet normal 0.992424 -0.122863 0
    outer loop
      vertex -30.7344 0.318555 8
      vertex -30.7148 0.476873 -8
      vertex -30.7148 0.476873 8
    endloop
  endfacet
  facet normal 0.992424 -0.122863 0
    outer loop
      vertex -30.7148 0.476873 -8
      vertex -30.7344 0.318555 8
      vertex -30.7344 0.318555 -8
    endloop
  endfacet
  facet normal -0.359958 0.932969 0
    outer loop
      vertex -26.2563 -3.00261 -8
      vertex -26.4051 -3.06002 8
      vertex -26.2563 -3.00261 8
    endloop
  endfacet
  facet normal -0.359958 0.932969 0
    outer loop
      vertex -26.4051 -3.06002 8
      vertex -26.2563 -3.00261 -8
      vertex -26.4051 -3.06002 -8
    endloop
  endfacet
  facet normal 0.757191 0.653194 0
    outer loop
      vertex -29.9081 -2.18257 8
      vertex -30.0123 -2.06178 -8
      vertex -30.0123 -2.06178 8
    endloop
  endfacet
  facet normal 0.757191 0.653194 0
    outer loop
      vertex -30.0123 -2.06178 -8
      vertex -29.9081 -2.18257 8
      vertex -29.9081 -2.18257 -8
    endloop
  endfacet
  facet normal -0.87015 -0.492786 0
    outer loop
      vertex -24.6338 1.53204 -8
      vertex -24.7124 1.67083 8
      vertex -24.7124 1.67083 -8
    endloop
  endfacet
  facet normal -0.87015 -0.492786 0
    outer loop
      vertex -24.7124 1.67083 8
      vertex -24.6338 1.53204 -8
      vertex -24.6338 1.53204 8
    endloop
  endfacet
  facet normal -0.0245067 0.9997 0
    outer loop
      vertex -27.3405 -3.24609 -8
      vertex -27.5 -3.25 8
      vertex -27.3405 -3.24609 8
    endloop
  endfacet
  facet normal -0.0245067 0.9997 0
    outer loop
      vertex -27.5 -3.25 8
      vertex -27.3405 -3.24609 -8
      vertex -27.5 -3.25 -8
    endloop
  endfacet
  facet normal -0.21902 0.97572 0
    outer loop
      vertex -26.7103 -3.1526 -8
      vertex -26.866 -3.18755 8
      vertex -26.7103 -3.1526 8
    endloop
  endfacet
  facet normal -0.21902 0.97572 0
    outer loop
      vertex -26.866 -3.18755 8
      vertex -26.7103 -3.1526 -8
      vertex -26.866 -3.18755 -8
    endloop
  endfacet
  facet normal -0.171026 0.985266 0
    outer loop
      vertex -26.866 -3.18755 -8
      vertex -27.0231 -3.21482 8
      vertex -26.866 -3.18755 8
    endloop
  endfacet
  facet normal -0.171026 0.985266 0
    outer loop
      vertex -27.0231 -3.21482 8
      vertex -26.866 -3.18755 -8
      vertex -27.0231 -3.21482 -8
    endloop
  endfacet
  facet normal 0.963849 -0.266447 0
    outer loop
      vertex -30.6526 0.789685 8
      vertex -30.6101 0.943425 -8
      vertex -30.6101 0.943425 8
    endloop
  endfacet
  facet normal 0.963849 -0.266447 0
    outer loop
      vertex -30.6101 0.943425 -8
      vertex -30.6526 0.789685 8
      vertex -30.6526 0.789685 -8
    endloop
  endfacet
  facet normal 0.757191 -0.653194 0
    outer loop
      vertex -30.0123 2.06178 8
      vertex -29.9081 2.18257 -8
      vertex -29.9081 2.18257 8
    endloop
  endfacet
  facet normal 0.757191 -0.653194 0
    outer loop
      vertex -29.9081 2.18257 -8
      vertex -30.0123 2.06178 8
      vertex -30.0123 2.06178 -8
    endloop
  endfacet
  facet normal 0.689622 -0.724169 0
    outer loop
      vertex -29.7981 2.2981 -8
      vertex -29.6826 2.40809 8
      vertex -29.7981 2.2981 8
    endloop
  endfacet
  facet normal 0.689622 -0.724169 0
    outer loop
      vertex -29.6826 2.40809 8
      vertex -29.7981 2.2981 -8
      vertex -29.6826 2.40809 -8
    endloop
  endfacet
  facet normal -0.689622 0.724169 0
    outer loop
      vertex -25.2019 -2.2981 -8
      vertex -25.3174 -2.40809 8
      vertex -25.2019 -2.2981 8
    endloop
  endfacet
  facet normal -0.689622 0.724169 0
    outer loop
      vertex -25.3174 -2.40809 8
      vertex -25.2019 -2.2981 -8
      vertex -25.3174 -2.40809 -8
    endloop
  endfacet
  facet normal -0.757191 -0.653194 0
    outer loop
      vertex -24.9877 2.06178 -8
      vertex -25.0919 2.18257 8
      vertex -25.0919 2.18257 -8
    endloop
  endfacet
  facet normal -0.757191 -0.653194 0
    outer loop
      vertex -25.0919 2.18257 8
      vertex -24.9877 2.06178 -8
      vertex -24.9877 2.06178 8
    endloop
  endfacet
  facet normal -0.07359 0.997289 0
    outer loop
      vertex -27.1814 -3.23435 -8
      vertex -27.3405 -3.24609 8
      vertex -27.1814 -3.23435 8
    endloop
  endfacet
  facet normal -0.07359 0.997289 0
    outer loop
      vertex -27.3405 -3.24609 8
      vertex -27.1814 -3.23435 -8
      vertex -27.3405 -3.24609 -8
    endloop
  endfacet
  facet normal -0.492854 -0.870112 0
    outer loop
      vertex -25.968 2.86624 -8
      vertex -25.8292 2.78762 8
      vertex -25.968 2.86624 8
    endloop
  endfacet
  facet normal -0.492854 -0.870112 -0
    outer loop
      vertex -25.8292 2.78762 8
      vertex -25.968 2.86624 -8
      vertex -25.8292 2.78762 -8
    endloop
  endfacet
  facet normal -0.914307 -0.405021 0
    outer loop
      vertex -24.4974 1.24372 -8
      vertex -24.562 1.38955 8
      vertex -24.562 1.38955 -8
    endloop
  endfacet
  facet normal -0.914307 -0.405021 0
    outer loop
      vertex -24.562 1.38955 8
      vertex -24.4974 1.24372 -8
      vertex -24.4974 1.24372 8
    endloop
  endfacet
  facet normal 0.534903 -0.844914 0
    outer loop
      vertex -29.3056 2.70228 -8
      vertex -29.1708 2.78762 8
      vertex -29.3056 2.70228 8
    endloop
  endfacet
  facet normal 0.534903 -0.844914 0
    outer loop
      vertex -29.1708 2.78762 8
      vertex -29.3056 2.70228 -8
      vertex -29.1708 2.78762 -8
    endloop
  endfacet
  facet normal -0.992424 -0.122863 0
    outer loop
      vertex -24.2656 0.318555 -8
      vertex -24.2852 0.476873 8
      vertex -24.2852 0.476873 -8
    endloop
  endfacet
  facet normal -0.992424 -0.122863 0
    outer loop
      vertex -24.2852 0.476873 8
      vertex -24.2656 0.318555 -8
      vertex -24.2656 0.318555 8
    endloop
  endfacet
  facet normal 0.817444 -0.576009 0
    outer loop
      vertex -30.2023 1.8056 8
      vertex -30.1104 1.93602 -8
      vertex -30.1104 1.93602 8
    endloop
  endfacet
  facet normal 0.817444 -0.576009 0
    outer loop
      vertex -30.1104 1.93602 -8
      vertex -30.2023 1.8056 8
      vertex -30.2023 1.8056 -8
    endloop
  endfacet
  facet normal -0.757191 0.653194 0
    outer loop
      vertex -25.0919 -2.18257 -8
      vertex -24.9877 -2.06178 8
      vertex -24.9877 -2.06178 -8
    endloop
  endfacet
  facet normal -0.757191 0.653194 0
    outer loop
      vertex -24.9877 -2.06178 8
      vertex -25.0919 -2.18257 -8
      vertex -25.0919 -2.18257 8
    endloop
  endfacet
  facet normal -0.893032 0.449994 0
    outer loop
      vertex -24.6338 -1.53204 -8
      vertex -24.562 -1.38955 8
      vertex -24.562 -1.38955 -8
    endloop
  endfacet
  facet normal -0.893032 0.449994 0
    outer loop
      vertex -24.562 -1.38955 8
      vertex -24.6338 -1.53204 -8
      vertex -24.6338 -1.53204 8
    endloop
  endfacet
  facet normal 0.122445 0.992475 -0
    outer loop
      vertex -27.8186 -3.23435 -8
      vertex -27.9769 -3.21482 8
      vertex -27.8186 -3.23435 8
    endloop
  endfacet
  facet normal 0.122445 0.992475 0
    outer loop
      vertex -27.9769 -3.21482 8
      vertex -27.8186 -3.23435 -8
      vertex -27.9769 -3.21482 -8
    endloop
  endfacet
  facet normal 0.933014 -0.35984 0
    outer loop
      vertex -30.56 1.09489 8
      vertex -30.5026 1.24372 -8
      vertex -30.5026 1.24372 8
    endloop
  endfacet
  facet normal 0.933014 -0.35984 0
    outer loop
      vertex -30.5026 1.24372 -8
      vertex -30.56 1.09489 8
      vertex -30.56 1.09489 -8
    endloop
  endfacet
  facet normal -0.933014 -0.35984 0
    outer loop
      vertex -24.44 1.09489 -8
      vertex -24.4974 1.24372 8
      vertex -24.4974 1.24372 -8
    endloop
  endfacet
  facet normal -0.933014 -0.35984 0
    outer loop
      vertex -24.4974 1.24372 8
      vertex -24.44 1.09489 -8
      vertex -24.44 1.09489 8
    endloop
  endfacet
  facet normal 0.933014 0.35984 0
    outer loop
      vertex -30.5026 -1.24372 8
      vertex -30.56 -1.09489 -8
      vertex -30.56 -1.09489 8
    endloop
  endfacet
  facet normal 0.933014 0.35984 0
    outer loop
      vertex -30.56 -1.09489 -8
      vertex -30.5026 -1.24372 8
      vertex -30.5026 -1.24372 -8
    endloop
  endfacet
  facet normal -0.653127 0.757249 0
    outer loop
      vertex -25.3174 -2.40809 -8
      vertex -25.4382 -2.51228 8
      vertex -25.3174 -2.40809 8
    endloop
  endfacet
  facet normal -0.653127 0.757249 0
    outer loop
      vertex -25.4382 -2.51228 8
      vertex -25.3174 -2.40809 -8
      vertex -25.4382 -2.51228 -8
    endloop
  endfacet
  facet normal -0.313632 -0.949545 0
    outer loop
      vertex -26.5566 3.11006 -8
      vertex -26.4051 3.06002 8
      vertex -26.5566 3.11006 8
    endloop
  endfacet
  facet normal -0.313632 -0.949545 -0
    outer loop
      vertex -26.4051 3.06002 8
      vertex -26.5566 3.11006 -8
      vertex -26.4051 3.06002 -8
    endloop
  endfacet
  facet normal -0.171026 -0.985266 0
    outer loop
      vertex -27.0231 3.21482 -8
      vertex -26.866 3.18755 8
      vertex -27.0231 3.21482 8
    endloop
  endfacet
  facet normal -0.171026 -0.985266 -0
    outer loop
      vertex -26.866 3.18755 8
      vertex -27.0231 3.21482 -8
      vertex -26.866 3.18755 -8
    endloop
  endfacet
  facet normal 0.21902 -0.97572 0
    outer loop
      vertex -28.2897 3.1526 -8
      vertex -28.134 3.18755 8
      vertex -28.2897 3.1526 8
    endloop
  endfacet
  facet normal 0.21902 -0.97572 0
    outer loop
      vertex -28.134 3.18755 8
      vertex -28.2897 3.1526 -8
      vertex -28.134 3.18755 -8
    endloop
  endfacet
  facet normal 0.122445 -0.992475 0
    outer loop
      vertex -27.9769 3.21482 -8
      vertex -27.8186 3.23435 8
      vertex -27.9769 3.21482 8
    endloop
  endfacet
  facet normal 0.122445 -0.992475 0
    outer loop
      vertex -27.8186 3.23435 8
      vertex -27.9769 3.21482 -8
      vertex -27.8186 3.23435 -8
    endloop
  endfacet
  facet normal 0.5759 -0.81752 0
    outer loop
      vertex -29.436 2.61042 -8
      vertex -29.3056 2.70228 8
      vertex -29.436 2.61042 8
    endloop
  endfacet
  facet normal 0.5759 -0.81752 0
    outer loop
      vertex -29.3056 2.70228 8
      vertex -29.436 2.61042 -8
      vertex -29.3056 2.70228 -8
    endloop
  endfacet
  facet normal -0.817444 -0.576009 0
    outer loop
      vertex -24.7977 1.8056 -8
      vertex -24.8896 1.93602 8
      vertex -24.8896 1.93602 -8
    endloop
  endfacet
  facet normal -0.817444 -0.576009 0
    outer loop
      vertex -24.8896 1.93602 8
      vertex -24.7977 1.8056 -8
      vertex -24.7977 1.8056 8
    endloop
  endfacet
  facet normal -0.689622 -0.724169 0
    outer loop
      vertex -25.3174 2.40809 -8
      vertex -25.2019 2.2981 8
      vertex -25.3174 2.40809 8
    endloop
  endfacet
  facet normal -0.689622 -0.724169 -0
    outer loop
      vertex -25.2019 2.2981 8
      vertex -25.3174 2.40809 -8
      vertex -25.2019 2.2981 -8
    endloop
  endfacet
  facet normal 0.87015 -0.492786 0
    outer loop
      vertex -30.3662 1.53204 8
      vertex -30.2876 1.67083 -8
      vertex -30.2876 1.67083 8
    endloop
  endfacet
  facet normal 0.87015 -0.492786 0
    outer loop
      vertex -30.2876 1.67083 -8
      vertex -30.3662 1.53204 8
      vertex -30.3662 1.53204 -8
    endloop
  endfacet
  facet normal 0.844973 -0.534809 0
    outer loop
      vertex -30.2876 1.67083 8
      vertex -30.2023 1.8056 -8
      vertex -30.2023 1.8056 8
    endloop
  endfacet
  facet normal 0.844973 -0.534809 0
    outer loop
      vertex -30.2023 1.8056 -8
      vertex -30.2876 1.67083 8
      vertex -30.2876 1.67083 -8
    endloop
  endfacet
  facet normal 0.0245067 0.9997 -0
    outer loop
      vertex -27.5 -3.25 -8
      vertex -27.6595 -3.24609 8
      vertex -27.5 -3.25 8
    endloop
  endfacet
  facet normal 0.0245067 0.9997 0
    outer loop
      vertex -27.6595 -3.24609 8
      vertex -27.5 -3.25 -8
      vertex -27.6595 -3.24609 -8
    endloop
  endfacet
  facet normal -0.534903 0.844914 0
    outer loop
      vertex -25.6944 -2.70228 -8
      vertex -25.8292 -2.78762 8
      vertex -25.6944 -2.70228 8
    endloop
  endfacet
  facet normal -0.534903 0.844914 0
    outer loop
      vertex -25.8292 -2.78762 8
      vertex -25.6944 -2.70228 -8
      vertex -25.8292 -2.78762 -8
    endloop
  endfacet
  facet normal -0.985353 0.170526 0
    outer loop
      vertex -24.3124 -0.634043 -8
      vertex -24.2852 -0.476873 8
      vertex -24.2852 -0.476873 -8
    endloop
  endfacet
  facet normal -0.985353 0.170526 0
    outer loop
      vertex -24.2852 -0.476873 8
      vertex -24.3124 -0.634043 -8
      vertex -24.3124 -0.634043 8
    endloop
  endfacet
  facet normal 0.313632 0.949545 -0
    outer loop
      vertex -28.4434 -3.11006 -8
      vertex -28.5949 -3.06002 8
      vertex -28.4434 -3.11006 8
    endloop
  endfacet
  facet normal 0.313632 0.949545 0
    outer loop
      vertex -28.5949 -3.06002 8
      vertex -28.4434 -3.11006 -8
      vertex -28.5949 -3.06002 -8
    endloop
  endfacet
  facet normal -0.534903 -0.844914 0
    outer loop
      vertex -25.8292 2.78762 -8
      vertex -25.6944 2.70228 8
      vertex -25.8292 2.78762 8
    endloop
  endfacet
  facet normal -0.534903 -0.844914 -0
    outer loop
      vertex -25.6944 2.70228 8
      vertex -25.8292 2.78762 -8
      vertex -25.6944 2.70228 -8
    endloop
  endfacet
  facet normal -0.313632 0.949545 0
    outer loop
      vertex -26.4051 -3.06002 -8
      vertex -26.5566 -3.11006 8
      vertex -26.4051 -3.06002 8
    endloop
  endfacet
  facet normal -0.313632 0.949545 0
    outer loop
      vertex -26.5566 -3.11006 8
      vertex -26.4051 -3.06002 -8
      vertex -26.5566 -3.11006 -8
    endloop
  endfacet
  facet normal 0.653127 -0.757249 0
    outer loop
      vertex -29.6826 2.40809 -8
      vertex -29.5618 2.51228 8
      vertex -29.6826 2.40809 8
    endloop
  endfacet
  facet normal 0.653127 -0.757249 0
    outer loop
      vertex -29.5618 2.51228 8
      vertex -29.6826 2.40809 -8
      vertex -29.5618 2.51228 -8
    endloop
  endfacet
  facet normal 0.266745 0.963767 -0
    outer loop
      vertex -28.2897 -3.1526 -8
      vertex -28.4434 -3.11006 8
      vertex -28.2897 -3.1526 8
    endloop
  endfacet
  facet normal 0.266745 0.963767 0
    outer loop
      vertex -28.4434 -3.11006 8
      vertex -28.2897 -3.1526 -8
      vertex -28.4434 -3.11006 -8
    endloop
  endfacet
  facet normal -0.78848 0.61506 0
    outer loop
      vertex -24.9877 -2.06178 -8
      vertex -24.8896 -1.93602 8
      vertex -24.8896 -1.93602 -8
    endloop
  endfacet
  facet normal -0.78848 0.61506 0
    outer loop
      vertex -24.8896 -1.93602 8
      vertex -24.9877 -2.06178 -8
      vertex -24.9877 -2.06178 8
    endloop
  endfacet
  facet normal -0.07359 -0.997289 0
    outer loop
      vertex -27.3405 3.24609 -8
      vertex -27.1814 3.23435 8
      vertex -27.3405 3.24609 8
    endloop
  endfacet
  facet normal -0.07359 -0.997289 -0
    outer loop
      vertex -27.1814 3.23435 8
      vertex -27.3405 3.24609 -8
      vertex -27.1814 3.23435 -8
    endloop
  endfacet
  facet normal 0.492854 -0.870112 0
    outer loop
      vertex -29.1708 2.78762 -8
      vertex -29.032 2.86624 8
      vertex -29.1708 2.78762 8
    endloop
  endfacet
  facet normal 0.492854 -0.870112 0
    outer loop
      vertex -29.032 2.86624 8
      vertex -29.1708 2.78762 -8
      vertex -29.032 2.86624 -8
    endloop
  endfacet
  facet normal -0.817444 0.576009 0
    outer loop
      vertex -24.8896 -1.93602 -8
      vertex -24.7977 -1.8056 8
      vertex -24.7977 -1.8056 -8
    endloop
  endfacet
  facet normal -0.817444 0.576009 0
    outer loop
      vertex -24.7977 -1.8056 8
      vertex -24.8896 -1.93602 -8
      vertex -24.8896 -1.93602 8
    endloop
  endfacet
  facet normal -0.5759 -0.81752 0
    outer loop
      vertex -25.6944 2.70228 -8
      vertex -25.564 2.61042 8
      vertex -25.6944 2.70228 8
    endloop
  endfacet
  facet normal -0.5759 -0.81752 -0
    outer loop
      vertex -25.564 2.61042 8
      vertex -25.6944 2.70228 -8
      vertex -25.564 2.61042 -8
    endloop
  endfacet
  facet normal -0.975636 0.219396 0
    outer loop
      vertex -24.3474 -0.789685 -8
      vertex -24.3124 -0.634043 8
      vertex -24.3124 -0.634043 -8
    endloop
  endfacet
  facet normal -0.975636 0.219396 0
    outer loop
      vertex -24.3124 -0.634043 8
      vertex -24.3474 -0.789685 -8
      vertex -24.3474 -0.789685 8
    endloop
  endfacet
  facet normal -0.933014 0.35984 0
    outer loop
      vertex -24.4974 -1.24372 -8
      vertex -24.44 -1.09489 8
      vertex -24.44 -1.09489 -8
    endloop
  endfacet
  facet normal -0.933014 0.35984 0
    outer loop
      vertex -24.44 -1.09489 8
      vertex -24.4974 -1.24372 -8
      vertex -24.4974 -1.24372 8
    endloop
  endfacet
  facet normal -0.615094 -0.788454 0
    outer loop
      vertex -25.564 2.61042 -8
      vertex -25.4382 2.51228 8
      vertex -25.564 2.61042 8
    endloop
  endfacet
  facet normal -0.615094 -0.788454 -0
    outer loop
      vertex -25.4382 2.51228 8
      vertex -25.564 2.61042 -8
      vertex -25.4382 2.51228 -8
    endloop
  endfacet
  facet normal -0.87015 0.492786 0
    outer loop
      vertex -24.7124 -1.67083 -8
      vertex -24.6338 -1.53204 8
      vertex -24.6338 -1.53204 -8
    endloop
  endfacet
  facet normal -0.87015 0.492786 0
    outer loop
      vertex -24.6338 -1.53204 8
      vertex -24.7124 -1.67083 -8
      vertex -24.7124 -1.67083 8
    endloop
  endfacet
  facet normal -0.449821 0.893119 0
    outer loop
      vertex -25.968 -2.86624 -8
      vertex -26.1104 -2.93796 8
      vertex -25.968 -2.86624 8
    endloop
  endfacet
  facet normal -0.449821 0.893119 0
    outer loop
      vertex -26.1104 -2.93796 8
      vertex -25.968 -2.86624 -8
      vertex -26.1104 -2.93796 -8
    endloop
  endfacet
  facet normal -0.893032 -0.449994 0
    outer loop
      vertex -24.562 1.38955 -8
      vertex -24.6338 1.53204 8
      vertex -24.6338 1.53204 -8
    endloop
  endfacet
  facet normal -0.893032 -0.449994 0
    outer loop
      vertex -24.6338 1.53204 8
      vertex -24.562 1.38955 -8
      vertex -24.562 1.38955 8
    endloop
  endfacet
  facet normal -0.359958 -0.932969 0
    outer loop
      vertex -26.4051 3.06002 -8
      vertex -26.2563 3.00261 8
      vertex -26.4051 3.06002 8
    endloop
  endfacet
  facet normal -0.359958 -0.932969 -0
    outer loop
      vertex -26.2563 3.00261 8
      vertex -26.4051 3.06002 -8
      vertex -26.2563 3.00261 -8
    endloop
  endfacet
  facet normal 0.390437 0.92063 -0
    outer loop
      vertex -14.9444 -26.8383 -8
      vertex -15.0913 -26.776 8
      vertex -14.9444 -26.8383 8
    endloop
  endfacet
  facet normal 0.390437 0.92063 0
    outer loop
      vertex -15.0913 -26.776 8
      vertex -14.9444 -26.8383 -8
      vertex -15.0913 -26.776 -8
    endloop
  endfacet
  facet normal -0.807976 -0.589215 0
    outer loop
      vertex -11.0776 -21.9661 -8
      vertex -11.1716 -21.8372 8
      vertex -11.1716 -21.8372 -8
    endloop
  endfacet
  facet normal -0.807976 -0.589215 0
    outer loop
      vertex -11.1716 -21.8372 8
      vertex -11.0776 -21.9661 -8
      vertex -11.0776 -21.9661 8
    endloop
  endfacet
  facet normal -0.999144 -0.0413698 0
    outer loop
      vertex -10.5004 -23.7625 -8
      vertex -10.507 -23.6031 8
      vertex -10.507 -23.6031 -8
    endloop
  endfacet
  facet normal -0.999144 -0.0413698 0
    outer loop
      vertex -10.507 -23.6031 8
      vertex -10.5004 -23.7625 -8
      vertex -10.5004 -23.7625 8
    endloop
  endfacet
  facet normal -0.836174 -0.548465 0
    outer loop
      vertex -10.9901 -22.0995 -8
      vertex -11.0776 -21.9661 8
      vertex -11.0776 -21.9661 -8
    endloop
  endfacet
  facet normal -0.836174 -0.548465 0
    outer loop
      vertex -11.0776 -21.9661 8
      vertex -10.9901 -22.0995 -8
      vertex -10.9901 -22.0995 8
    endloop
  endfacet
  facet normal -0.435135 -0.900365 0
    outer loop
      vertex -12.4087 -20.8554 -8
      vertex -12.2651 -20.9248 8
      vertex -12.4087 -20.8554 8
    endloop
  endfacet
  facet normal -0.435135 -0.900365 -0
    outer loop
      vertex -12.2651 -20.9248 8
      vertex -12.4087 -20.8554 -8
      vertex -12.2651 -20.9248 -8
    endloop
  endfacet
  facet normal -0.203103 -0.979157 0
    outer loop
      vertex -13.1682 -20.6182 -8
      vertex -13.012 -20.6506 8
      vertex -13.1682 -20.6182 8
    endloop
  endfacet
  facet normal -0.203103 -0.979157 -0
    outer loop
      vertex -13.012 -20.6506 8
      vertex -13.1682 -20.6182 -8
      vertex -13.012 -20.6506 -8
    endloop
  endfacet
  facet normal 0.478281 0.878207 -0
    outer loop
      vertex -15.2349 -26.7066 -8
      vertex -15.375 -26.6303 8
      vertex -15.2349 -26.7066 8
    endloop
  endfacet
  facet normal 0.478281 0.878207 0
    outer loop
      vertex -15.375 -26.6303 8
      vertex -15.2349 -26.7066 -8
      vertex -15.375 -26.6303 -8
    endloop
  endfacet
  facet normal 0.186824 -0.982393 0
    outer loop
      vertex -14.4361 -20.6389 -8
      vertex -14.2794 -20.6091 8
      vertex -14.4361 -20.6389 8
    endloop
  endfacet
  facet normal 0.186824 -0.982393 0
    outer loop
      vertex -14.2794 -20.6091 8
      vertex -14.4361 -20.6389 -8
      vertex -14.2794 -20.6091 -8
    endloop
  endfacet
  facet normal 0.298311 0.954469 -0
    outer loop
      vertex -14.6424 -26.9408 -8
      vertex -14.7947 -26.8932 8
      vertex -14.6424 -26.9408 8
    endloop
  endfacet
  facet normal 0.298311 0.954469 0
    outer loop
      vertex -14.7947 -26.8932 8
      vertex -14.6424 -26.9408 -8
      vertex -14.7947 -26.8932 -8
    endloop
  endfacet
  facet normal 0.677681 0.735356 -0
    outer loop
      vertex -15.8929 -26.2592 -8
      vertex -16.0102 -26.1511 8
      vertex -15.8929 -26.2592 8
    endloop
  endfacet
  facet normal 0.677681 0.735356 0
    outer loop
      vertex -16.0102 -26.1511 8
      vertex -15.8929 -26.2592 -8
      vertex -16.0102 -26.1511 -8
    endloop
  endfacet
  facet normal 0.746682 0.665181 0
    outer loop
      vertex -16.1221 -26.0374 8
      vertex -16.2282 -25.9183 -8
      vertex -16.2282 -25.9183 8
    endloop
  endfacet
  facet normal 0.746682 0.665181 0
    outer loop
      vertex -16.2282 -25.9183 -8
      vertex -16.1221 -26.0374 8
      vertex -16.1221 -26.0374 -8
    endloop
  endfacet
  facet normal 0.968042 -0.250788 0
    outer loop
      vertex -16.9151 -23.0777 8
      vertex -16.8751 -22.9233 -8
      vertex -16.8751 -22.9233 8
    endloop
  endfacet
  facet normal 0.968042 -0.250788 0
    outer loop
      vertex -16.8751 -22.9233 -8
      vertex -16.9151 -23.0777 8
      vertex -16.9151 -23.0777 -8
    endloop
  endfacet
  facet normal -0.298311 -0.954469 0
    outer loop
      vertex -12.8576 -20.6906 -8
      vertex -12.7053 -20.7382 8
      vertex -12.8576 -20.6906 8
    endloop
  endfacet
  facet normal -0.298311 -0.954469 -0
    outer loop
      vertex -12.7053 -20.7382 8
      vertex -12.8576 -20.6906 -8
      vertex -12.7053 -20.7382 -8
    endloop
  endfacet
  facet normal -0.92063 0.390437 0
    outer loop
      vertex -10.7897 -25.157 -8
      vertex -10.7274 -25.0101 8
      vertex -10.7274 -25.0101 -8
    endloop
  endfacet
  facet normal -0.92063 0.390437 0
    outer loop
      vertex -10.7274 -25.0101 8
      vertex -10.7897 -25.157 -8
      vertex -10.7897 -25.157 8
    endloop
  endfacet
  facet normal 0.665181 -0.746682 0
    outer loop
      vertex -15.9717 -21.4436 -8
      vertex -15.8526 -21.3375 8
      vertex -15.9717 -21.4436 8
    endloop
  endfacet
  facet normal 0.665181 -0.746682 0
    outer loop
      vertex -15.8526 -21.3375 8
      vertex -15.9717 -21.4436 -8
      vertex -15.8526 -21.3375 -8
    endloop
  endfacet
  facet normal -0.853483 0.52112 0
    outer loop
      vertex -11.0185 -25.5768 -8
      vertex -10.9354 -25.4407 8
      vertex -10.9354 -25.4407 -8
    endloop
  endfacet
  facet normal -0.853483 0.52112 0
    outer loop
      vertex -10.9354 -25.4407 8
      vertex -11.0185 -25.5768 -8
      vertex -11.0185 -25.5768 8
    endloop
  endfacet
  facet normal -0.374846 0.927087 0
    outer loop
      vertex -12.4573 -26.7976 -8
      vertex -12.6052 -26.8574 8
      vertex -12.4573 -26.7976 8
    endloop
  endfacet
  facet normal -0.374846 0.927087 0
    outer loop
      vertex -12.6052 -26.8574 8
      vertex -12.4573 -26.7976 -8
      vertex -12.6052 -26.8574 -8
    endloop
  endfacet
  facet normal 0.52112 0.853483 -0
    outer loop
      vertex -15.375 -26.6303 -8
      vertex -15.5111 -26.5472 8
      vertex -15.375 -26.6303 8
    endloop
  endfacet
  facet normal 0.52112 0.853483 0
    outer loop
      vertex -15.5111 -26.5472 8
      vertex -15.375 -26.6303 -8
      vertex -15.5111 -26.5472 -8
    endloop
  endfacet
  facet normal 0.0081502 0.999967 -0
    outer loop
      vertex -13.6968 -27.0653 -8
      vertex -13.8563 -27.064 8
      vertex -13.6968 -27.0653 8
    endloop
  endfacet
  facet normal 0.0081502 0.999967 0
    outer loop
      vertex -13.8563 -27.064 8
      vertex -13.6968 -27.0653 -8
      vertex -13.8563 -27.064 -8
    endloop
  endfacet
  facet normal -0.99597 -0.0896875 0
    outer loop
      vertex -10.507 -23.6031 -8
      vertex -10.5213 -23.4443 8
      vertex -10.5213 -23.4443 -8
    endloop
  endfacet
  facet normal -0.99597 -0.0896875 0
    outer loop
      vertex -10.5213 -23.4443 8
      vertex -10.507 -23.6031 -8
      vertex -10.507 -23.6031 8
    endloop
  endfacet
  facet normal 0.562053 0.827101 -0
    outer loop
      vertex -15.5111 -26.5472 -8
      vertex -15.6431 -26.4575 8
      vertex -15.5111 -26.5472 8
    endloop
  endfacet
  facet normal 0.562053 0.827101 0
    outer loop
      vertex -15.6431 -26.4575 8
      vertex -15.5111 -26.5472 -8
      vertex -15.6431 -26.4575 -8
    endloop
  endfacet
  facet normal -0.628206 0.778047 0
    outer loop
      vertex -11.6474 -26.2939 -8
      vertex -11.7715 -26.3941 8
      vertex -11.6474 -26.2939 8
    endloop
  endfacet
  facet normal -0.628206 0.778047 0
    outer loop
      vertex -11.7715 -26.3941 8
      vertex -11.6474 -26.2939 -8
      vertex -11.7715 -26.3941 -8
    endloop
  endfacet
  facet normal -0.990359 -0.138525 0
    outer loop
      vertex -10.5213 -23.4443 -8
      vertex -10.5434 -23.2863 8
      vertex -10.5434 -23.2863 -8
    endloop
  endfacet
  facet normal -0.990359 -0.138525 0
    outer loop
      vertex -10.5434 -23.2863 8
      vertex -10.5213 -23.4443 -8
      vertex -10.5213 -23.4443 8
    endloop
  endfacet
  facet normal 0.203103 0.979157 -0
    outer loop
      vertex -14.3318 -27.0132 -8
      vertex -14.488 -26.9808 8
      vertex -14.3318 -27.0132 8
    endloop
  endfacet
  facet normal 0.203103 0.979157 0
    outer loop
      vertex -14.488 -26.9808 8
      vertex -14.3318 -27.0132 -8
      vertex -14.488 -26.9808 -8
    endloop
  endfacet
  facet normal -0.798115 0.602505 0
    outer loop
      vertex -11.2043 -25.8361 -8
      vertex -11.1082 -25.7088 8
      vertex -11.1082 -25.7088 -8
    endloop
  endfacet
  facet normal -0.798115 0.602505 0
    outer loop
      vertex -11.1082 -25.7088 8
      vertex -11.2043 -25.8361 -8
      vertex -11.2043 -25.8361 8
    endloop
  endfacet
  facet normal 0.34431 0.938856 -0
    outer loop
      vertex -14.7947 -26.8932 -8
      vertex -14.9444 -26.8383 8
      vertex -14.7947 -26.8932 8
    endloop
  endfacet
  facet normal 0.34431 0.938856 0
    outer loop
      vertex -14.9444 -26.8383 8
      vertex -14.7947 -26.8932 -8
      vertex -14.9444 -26.8383 -8
    endloop
  endfacet
  facet normal 0.927087 0.374846 0
    outer loop
      vertex -16.7319 -25.1084 8
      vertex -16.7917 -24.9605 -8
      vertex -16.7917 -24.9605 8
    endloop
  endfacet
  facet normal 0.927087 0.374846 0
    outer loop
      vertex -16.7917 -24.9605 -8
      vertex -16.7319 -25.1084 8
      vertex -16.7319 -25.1084 -8
    endloop
  endfacet
  facet normal -0.746682 -0.665181 0
    outer loop
      vertex -11.2718 -21.7131 -8
      vertex -11.3779 -21.594 8
      vertex -11.3779 -21.594 -8
    endloop
  endfacet
  facet normal -0.746682 -0.665181 0
    outer loop
      vertex -11.3779 -21.594 8
      vertex -11.2718 -21.7131 -8
      vertex -11.2718 -21.7131 8
    endloop
  endfacet
  facet normal -0.507102 0.861886 0
    outer loop
      vertex -12.0338 -26.5756 -8
      vertex -12.1713 -26.6565 8
      vertex -12.0338 -26.5756 8
    endloop
  endfacet
  facet normal -0.507102 0.861886 0
    outer loop
      vertex -12.1713 -26.6565 8
      vertex -12.0338 -26.5756 -8
      vertex -12.1713 -26.6565 -8
    endloop
  endfacet
  facet normal -0.34431 -0.938856 0
    outer loop
      vertex -12.7053 -20.7382 -8
      vertex -12.5556 -20.7931 8
      vertex -12.7053 -20.7382 8
    endloop
  endfacet
  facet normal -0.34431 -0.938856 -0
    outer loop
      vertex -12.5556 -20.7931 8
      vertex -12.7053 -20.7382 -8
      vertex -12.5556 -20.7931 -8
    endloop
  endfacet
  facet normal -0.602505 -0.798115 0
    outer loop
      vertex -11.8569 -21.1739 -8
      vertex -11.7296 -21.27 8
      vertex -11.8569 -21.1739 8
    endloop
  endfacet
  facet normal -0.602505 -0.798115 -0
    outer loop
      vertex -11.7296 -21.27 8
      vertex -11.8569 -21.1739 -8
      vertex -11.7296 -21.27 -8
    endloop
  endfacet
  facet normal -0.968042 0.250788 0
    outer loop
      vertex -10.6249 -24.7081 -8
      vertex -10.5849 -24.5537 8
      vertex -10.5849 -24.5537 -8
    endloop
  endfacet
  facet normal -0.968042 0.250788 0
    outer loop
      vertex -10.5849 -24.5537 8
      vertex -10.6249 -24.7081 -8
      vertex -10.6249 -24.7081 8
    endloop
  endfacet
  facet normal 0.998336 -0.0576566 0
    outer loop
      vertex -16.9983 -23.7094 8
      vertex -16.9891 -23.5501 -8
      vertex -16.9891 -23.5501 8
    endloop
  endfacet
  facet normal 0.998336 -0.0576566 0
    outer loop
      vertex -16.9891 -23.5501 -8
      vertex -16.9983 -23.7094 8
      vertex -16.9983 -23.7094 -8
    endloop
  endfacet
  facet normal -0.548465 0.836174 0
    outer loop
      vertex -11.9004 -26.4881 -8
      vertex -12.0338 -26.5756 8
      vertex -11.9004 -26.4881 8
    endloop
  endfacet
  facet normal -0.548465 0.836174 0
    outer loop
      vertex -12.0338 -26.5756 8
      vertex -11.9004 -26.4881 -8
      vertex -12.0338 -26.5756 -8
    endloop
  endfacet
  facet normal -0.959196 -0.282743 0
    outer loop
      vertex -10.6107 -22.9745 -8
      vertex -10.6558 -22.8215 8
      vertex -10.6558 -22.8215 -8
    endloop
  endfacet
  facet normal -0.959196 -0.282743 0
    outer loop
      vertex -10.6558 -22.8215 8
      vertex -10.6107 -22.9745 -8
      vertex -10.6107 -22.9745 8
    endloop
  endfacet
  facet normal 0.944268 0.329177 0
    outer loop
      vertex -16.7917 -24.9605 8
      vertex -16.8442 -24.8099 -8
      vertex -16.8442 -24.8099 8
    endloop
  endfacet
  facet normal 0.944268 0.329177 0
    outer loop
      vertex -16.8442 -24.8099 -8
      vertex -16.7917 -24.9605 8
      vertex -16.7917 -24.9605 -8
    endloop
  endfacet
  facet normal -0.105958 -0.994371 0
    outer loop
      vertex -13.4844 -20.5766 -8
      vertex -13.3258 -20.5935 8
      vertex -13.4844 -20.5766 8
    endloop
  endfacet
  facet normal -0.105958 -0.994371 -0
    outer loop
      vertex -13.3258 -20.5935 8
      vertex -13.4844 -20.5766 -8
      vertex -13.3258 -20.5935 -8
    endloop
  endfacet
  facet normal -0.235008 0.971993 0
    outer loop
      vertex -12.9088 -26.955 -8
      vertex -13.0639 -26.9925 8
      vertex -12.9088 -26.955 8
    endloop
  endfacet
  facet normal -0.235008 0.971993 0
    outer loop
      vertex -13.0639 -26.9925 8
      vertex -12.9088 -26.955 -8
      vertex -13.0639 -26.9925 -8
    endloop
  endfacet
  facet normal 0.900365 -0.435135 0
    outer loop
      vertex -16.7103 -22.4744 8
      vertex -16.6409 -22.3308 -8
      vertex -16.6409 -22.3308 8
    endloop
  endfacet
  facet normal 0.900365 -0.435135 0
    outer loop
      vertex -16.6409 -22.3308 -8
      vertex -16.7103 -22.4744 8
      vertex -16.7103 -22.4744 -8
    endloop
  endfacet
  facet normal 0.861886 0.507102 0
    outer loop
      vertex -16.5099 -25.5319 8
      vertex -16.5908 -25.3944 -8
      vertex -16.5908 -25.3944 8
    endloop
  endfacet
  facet normal 0.861886 0.507102 0
    outer loop
      vertex -16.5908 -25.3944 -8
      vertex -16.5099 -25.5319 8
      vertex -16.5099 -25.5319 -8
    endloop
  endfacet
  facet normal 0.735356 -0.677681 0
    outer loop
      vertex -16.1935 -21.6728 8
      vertex -16.0854 -21.5555 -8
      vertex -16.0854 -21.5555 8
    endloop
  endfacet
  facet normal 0.735356 -0.677681 0
    outer loop
      vertex -16.0854 -21.5555 -8
      vertex -16.1935 -21.6728 8
      vertex -16.1935 -21.6728 -8
    endloop
  endfacet
  facet normal 0.999967 -0.0081502 0
    outer loop
      vertex -16.9996 -23.8689 8
      vertex -16.9983 -23.7094 -8
      vertex -16.9983 -23.7094 8
    endloop
  endfacet
  facet normal 0.999967 -0.0081502 0
    outer loop
      vertex -16.9983 -23.7094 -8
      vertex -16.9996 -23.8689 8
      vertex -16.9996 -23.8689 -8
    endloop
  endfacet
  facet normal 0.712726 0.701443 0
    outer loop
      vertex -16.0102 -26.1511 8
      vertex -16.1221 -26.0374 -8
      vertex -16.1221 -26.0374 8
    endloop
  endfacet
  facet normal 0.712726 0.701443 0
    outer loop
      vertex -16.1221 -26.0374 -8
      vertex -16.0102 -26.1511 8
      vertex -16.0102 -26.1511 -8
    endloop
  endfacet
  facet normal 0.640616 0.767862 -0
    outer loop
      vertex -15.7704 -26.3614 -8
      vertex -15.8929 -26.2592 8
      vertex -15.7704 -26.3614 8
    endloop
  endfacet
  facet normal 0.640616 0.767862 0
    outer loop
      vertex -15.8929 -26.2592 8
      vertex -15.7704 -26.3614 -8
      vertex -15.8929 -26.2592 -8
    endloop
  endfacet
  facet normal -0.562053 -0.827101 0
    outer loop
      vertex -11.9889 -21.0842 -8
      vertex -11.8569 -21.1739 8
      vertex -11.9889 -21.0842 8
    endloop
  endfacet
  facet normal -0.562053 -0.827101 -0
    outer loop
      vertex -11.8569 -21.1739 8
      vertex -11.9889 -21.0842 -8
      vertex -11.8569 -21.1739 -8
    endloop
  endfacet
  facet normal 0.435135 0.900365 -0
    outer loop
      vertex -15.0913 -26.776 -8
      vertex -15.2349 -26.7066 8
      vertex -15.0913 -26.776 8
    endloop
  endfacet
  facet normal 0.435135 0.900365 0
    outer loop
      vertex -15.2349 -26.7066 8
      vertex -15.0913 -26.776 -8
      vertex -15.2349 -26.7066 -8
    endloop
  endfacet
  facet normal 0.885868 0.463937 0
    outer loop
      vertex -16.5908 -25.3944 8
      vertex -16.6648 -25.2531 -8
      vertex -16.6648 -25.2531 8
    endloop
  endfacet
  facet normal 0.885868 0.463937 0
    outer loop
      vertex -16.6648 -25.2531 -8
      vertex -16.5908 -25.3944 8
      vertex -16.5908 -25.3944 -8
    endloop
  endfacet
  facet normal 0.798115 -0.602505 0
    outer loop
      vertex -16.3918 -21.9226 8
      vertex -16.2957 -21.7953 -8
      vertex -16.2957 -21.7953 8
    endloop
  endfacet
  facet normal 0.798115 -0.602505 0
    outer loop
      vertex -16.2957 -21.7953 -8
      vertex -16.3918 -21.9226 8
      vertex -16.3918 -21.9226 -8
    endloop
  endfacet
  facet normal -0.282743 0.959196 0
    outer loop
      vertex -12.7558 -26.9099 -8
      vertex -12.9088 -26.955 8
      vertex -12.7558 -26.9099 8
    endloop
  endfacet
  facet normal -0.282743 0.959196 0
    outer loop
      vertex -12.9088 -26.955 8
      vertex -12.7558 -26.9099 -8
      vertex -12.9088 -26.955 -8
    endloop
  endfacet
  facet normal -0.944268 -0.329177 0
    outer loop
      vertex -10.6558 -22.8215 -8
      vertex -10.7083 -22.6709 8
      vertex -10.7083 -22.6709 -8
    endloop
  endfacet
  facet normal -0.944268 -0.329177 0
    outer loop
      vertex -10.7083 -22.6709 8
      vertex -10.6558 -22.8215 -8
      vertex -10.6558 -22.8215 8
    endloop
  endfacet
  facet normal 0.807976 0.589215 0
    outer loop
      vertex -16.3284 -25.7942 8
      vertex -16.4224 -25.6653 -8
      vertex -16.4224 -25.6653 8
    endloop
  endfacet
  facet normal 0.807976 0.589215 0
    outer loop
      vertex -16.4224 -25.6653 -8
      vertex -16.3284 -25.7942 8
      vertex -16.3284 -25.7942 -8
    endloop
  endfacet
  facet normal 0.92063 -0.390437 0
    outer loop
      vertex -16.7726 -22.6213 8
      vertex -16.7103 -22.4744 -8
      vertex -16.7103 -22.4744 8
    endloop
  endfacet
  facet normal 0.92063 -0.390437 0
    outer loop
      vertex -16.7103 -22.4744 -8
      vertex -16.7726 -22.6213 8
      vertex -16.7726 -22.6213 -8
    endloop
  endfacet
  facet normal -0.907206 -0.420688 0
    outer loop
      vertex -10.7681 -22.523 -8
      vertex -10.8352 -22.3783 8
      vertex -10.8352 -22.3783 -8
    endloop
  endfacet
  facet normal -0.907206 -0.420688 0
    outer loop
      vertex -10.8352 -22.3783 8
      vertex -10.7681 -22.523 -8
      vertex -10.7681 -22.523 8
    endloop
  endfacet
  facet normal -0.0896875 0.99597 0
    outer loop
      vertex -13.3786 -27.0444 -8
      vertex -13.5374 -27.0587 8
      vertex -13.3786 -27.0444 8
    endloop
  endfacet
  facet normal -0.0896875 0.99597 0
    outer loop
      vertex -13.5374 -27.0587 8
      vertex -13.3786 -27.0444 -8
      vertex -13.5374 -27.0587 -8
    endloop
  endfacet
  facet normal -0.994371 0.105958 0
    outer loop
      vertex -10.5278 -24.2399 -8
      vertex -10.5109 -24.0813 8
      vertex -10.5109 -24.0813 -8
    endloop
  endfacet
  facet normal -0.994371 0.105958 0
    outer loop
      vertex -10.5109 -24.0813 8
      vertex -10.5278 -24.2399 -8
      vertex -10.5278 -24.2399 8
    endloop
  endfacet
  facet normal -0.712726 -0.701443 0
    outer loop
      vertex -11.3779 -21.594 -8
      vertex -11.4898 -21.4803 8
      vertex -11.4898 -21.4803 -8
    endloop
  endfacet
  facet normal -0.712726 -0.701443 0
    outer loop
      vertex -11.4898 -21.4803 8
      vertex -11.3779 -21.594 -8
      vertex -11.3779 -21.594 8
    endloop
  endfacet
  facet normal -0.665181 0.746682 0
    outer loop
      vertex -11.5283 -26.1878 -8
      vertex -11.6474 -26.2939 8
      vertex -11.5283 -26.1878 8
    endloop
  endfacet
  facet normal -0.665181 0.746682 0
    outer loop
      vertex -11.6474 -26.2939 8
      vertex -11.5283 -26.1878 -8
      vertex -11.6474 -26.2939 -8
    endloop
  endfacet
  facet normal 0.999144 0.0413698 0
    outer loop
      vertex -16.993 -24.0283 8
      vertex -16.9996 -23.8689 -8
      vertex -16.9996 -23.8689 8
    endloop
  endfacet
  facet normal 0.999144 0.0413698 0
    outer loop
      vertex -16.9996 -23.8689 -8
      vertex -16.993 -24.0283 8
      vertex -16.993 -24.0283 -8
    endloop
  endfacet
  facet normal -0.827101 0.562053 0
    outer loop
      vertex -11.1082 -25.7088 -8
      vertex -11.0185 -25.5768 8
      vertex -11.0185 -25.5768 -8
    endloop
  endfacet
  facet normal -0.827101 0.562053 0
    outer loop
      vertex -11.0185 -25.5768 8
      vertex -11.1082 -25.7088 -8
      vertex -11.1082 -25.7088 8
    endloop
  endfacet
  facet normal -0.0576566 -0.998336 0
    outer loop
      vertex -13.6437 -20.5674 -8
      vertex -13.4844 -20.5766 8
      vertex -13.6437 -20.5674 8
    endloop
  endfacet
  facet normal -0.0576566 -0.998336 -0
    outer loop
      vertex -13.4844 -20.5766 8
      vertex -13.6437 -20.5674 -8
      vertex -13.4844 -20.5766 -8
    endloop
  endfacet
  facet normal 0.994371 -0.105958 0
    outer loop
      vertex -16.9891 -23.5501 8
      vertex -16.9722 -23.3915 -8
      vertex -16.9722 -23.3915 8
    endloop
  endfacet
  facet normal 0.994371 -0.105958 0
    outer loop
      vertex -16.9722 -23.3915 -8
      vertex -16.9891 -23.5501 8
      vertex -16.9891 -23.5501 -8
    endloop
  endfacet
  facet normal 0.971993 0.235008 0
    outer loop
      vertex -16.8893 -24.6569 8
      vertex -16.9268 -24.5018 -8
      vertex -16.9268 -24.5018 8
    endloop
  endfacet
  facet normal 0.971993 0.235008 0
    outer loop
      vertex -16.9268 -24.5018 -8
      vertex -16.8893 -24.6569 8
      vertex -16.8893 -24.6569 -8
    endloop
  endfacet
  facet normal 0.235008 -0.971993 0
    outer loop
      vertex -14.5912 -20.6764 -8
      vertex -14.4361 -20.6389 8
      vertex -14.5912 -20.6764 8
    endloop
  endfacet
  facet normal 0.235008 -0.971993 0
    outer loop
      vertex -14.4361 -20.6389 8
      vertex -14.5912 -20.6764 -8
      vertex -14.4361 -20.6389 -8
    endloop
  endfacet
  facet normal 0.98794 -0.154836 0
    outer loop
      vertex -16.9722 -23.3915 8
      vertex -16.9475 -23.2339 -8
      vertex -16.9475 -23.2339 8
    endloop
  endfacet
  facet normal 0.98794 -0.154836 0
    outer loop
      vertex -16.9475 -23.2339 -8
      vertex -16.9722 -23.3915 8
      vertex -16.9722 -23.3915 -8
    endloop
  endfacet
  facet normal 0.0576566 0.998336 -0
    outer loop
      vertex -13.8563 -27.064 -8
      vertex -14.0156 -27.0548 8
      vertex -13.8563 -27.064 8
    endloop
  endfacet
  facet normal 0.0576566 0.998336 0
    outer loop
      vertex -14.0156 -27.0548 8
      vertex -13.8563 -27.064 -8
      vertex -14.0156 -27.0548 -8
    endloop
  endfacet
  facet normal -0.0413698 0.999144 0
    outer loop
      vertex -13.5374 -27.0587 -8
      vertex -13.6968 -27.0653 8
      vertex -13.5374 -27.0587 8
    endloop
  endfacet
  facet normal -0.0413698 0.999144 0
    outer loop
      vertex -13.6968 -27.0653 8
      vertex -13.5374 -27.0587 -8
      vertex -13.6968 -27.0653 -8
    endloop
  endfacet
  facet normal -0.677681 -0.735356 0
    outer loop
      vertex -11.6071 -21.3722 -8
      vertex -11.4898 -21.4803 8
      vertex -11.6071 -21.3722 8
    endloop
  endfacet
  facet normal -0.677681 -0.735356 -0
    outer loop
      vertex -11.4898 -21.4803 8
      vertex -11.6071 -21.3722 -8
      vertex -11.4898 -21.4803 -8
    endloop
  endfacet
  facet normal -0.329177 0.944268 0
    outer loop
      vertex -12.6052 -26.8574 -8
      vertex -12.7558 -26.9099 8
      vertex -12.6052 -26.8574 8
    endloop
  endfacet
  facet normal -0.329177 0.944268 0
    outer loop
      vertex -12.7558 -26.9099 8
      vertex -12.6052 -26.8574 -8
      vertex -12.7558 -26.9099 -8
    endloop
  endfacet
  facet normal -0.589215 0.807976 0
    outer loop
      vertex -11.7715 -26.3941 -8
      vertex -11.9004 -26.4881 8
      vertex -11.7715 -26.3941 8
    endloop
  endfacet
  facet normal -0.589215 0.807976 0
    outer loop
      vertex -11.9004 -26.4881 8
      vertex -11.7715 -26.3941 -8
      vertex -11.9004 -26.4881 -8
    endloop
  endfacet
  facet normal -0.982393 -0.186824 0
    outer loop
      vertex -10.5434 -23.2863 -8
      vertex -10.5732 -23.1296 8
      vertex -10.5732 -23.1296 -8
    endloop
  endfacet
  facet normal -0.982393 -0.186824 0
    outer loop
      vertex -10.5732 -23.1296 8
      vertex -10.5434 -23.2863 -8
      vertex -10.5434 -23.2863 8
    endloop
  endfacet
  facet normal 0.982393 0.186824 0
    outer loop
      vertex -16.9268 -24.5018 8
      vertex -16.9566 -24.3451 -8
      vertex -16.9566 -24.3451 8
    endloop
  endfacet
  facet normal 0.982393 0.186824 0
    outer loop
      vertex -16.9566 -24.3451 -8
      vertex -16.9268 -24.5018 8
      vertex -16.9268 -24.5018 -8
    endloop
  endfacet
  facet normal -0.463937 0.885868 0
    outer loop
      vertex -12.1713 -26.6565 -8
      vertex -12.3126 -26.7305 8
      vertex -12.1713 -26.6565 8
    endloop
  endfacet
  facet normal -0.463937 0.885868 0
    outer loop
      vertex -12.3126 -26.7305 8
      vertex -12.1713 -26.6565 -8
      vertex -12.3126 -26.7305 -8
    endloop
  endfacet
  facet normal 0.250788 0.968042 -0
    outer loop
      vertex -14.488 -26.9808 -8
      vertex -14.6424 -26.9408 8
      vertex -14.488 -26.9808 8
    endloop
  endfacet
  facet normal 0.250788 0.968042 0
    outer loop
      vertex -14.6424 -26.9408 8
      vertex -14.488 -26.9808 -8
      vertex -14.6424 -26.9408 -8
    endloop
  endfacet
  facet normal 0.548465 -0.836174 0
    outer loop
      vertex -15.5996 -21.1433 -8
      vertex -15.4662 -21.0558 8
      vertex -15.5996 -21.1433 8
    endloop
  endfacet
  facet normal 0.548465 -0.836174 0
    outer loop
      vertex -15.4662 -21.0558 8
      vertex -15.5996 -21.1433 -8
      vertex -15.4662 -21.0558 -8
    endloop
  endfacet
  facet normal 0.602505 0.798115 -0
    outer loop
      vertex -15.6431 -26.4575 -8
      vertex -15.7704 -26.3614 8
      vertex -15.6431 -26.4575 8
    endloop
  endfacet
  facet normal 0.602505 0.798115 0
    outer loop
      vertex -15.7704 -26.3614 8
      vertex -15.6431 -26.4575 -8
      vertex -15.7704 -26.3614 -8
    endloop
  endfacet
  facet normal -0.878207 0.478281 0
    outer loop
      vertex -10.9354 -25.4407 -8
      vertex -10.8591 -25.3006 8
      vertex -10.8591 -25.3006 -8
    endloop
  endfacet
  facet normal -0.878207 0.478281 0
    outer loop
      vertex -10.8591 -25.3006 8
      vertex -10.9354 -25.4407 -8
      vertex -10.9354 -25.4407 8
    endloop
  endfacet
  facet normal -0.420688 0.907206 0
    outer loop
      vertex -12.3126 -26.7305 -8
      vertex -12.4573 -26.7976 8
      vertex -12.3126 -26.7305 8
    endloop
  endfacet
  facet normal -0.420688 0.907206 0
    outer loop
      vertex -12.4573 -26.7976 8
      vertex -12.3126 -26.7305 -8
      vertex -12.4573 -26.7976 -8
    endloop
  endfacet
  facet normal -0.390437 -0.92063 0
    outer loop
      vertex -12.5556 -20.7931 -8
      vertex -12.4087 -20.8554 8
      vertex -12.5556 -20.7931 8
    endloop
  endfacet
  facet normal -0.390437 -0.92063 -0
    outer loop
      vertex -12.4087 -20.8554 8
      vertex -12.5556 -20.7931 -8
      vertex -12.4087 -20.8554 -8
    endloop
  endfacet
  facet normal 0.938856 -0.34431 0
    outer loop
      vertex -16.8275 -22.771 8
      vertex -16.7726 -22.6213 -8
      vertex -16.7726 -22.6213 8
    endloop
  endfacet
  facet normal 0.938856 -0.34431 0
    outer loop
      vertex -16.7726 -22.6213 -8
      vertex -16.8275 -22.771 8
      vertex -16.8275 -22.771 -8
    endloop
  endfacet
  facet normal -0.98794 0.154836 0
    outer loop
      vertex -10.5525 -24.3975 -8
      vertex -10.5278 -24.2399 8
      vertex -10.5278 -24.2399 -8
    endloop
  endfacet
  facet normal -0.98794 0.154836 0
    outer loop
      vertex -10.5278 -24.2399 8
      vertex -10.5525 -24.3975 -8
      vertex -10.5525 -24.3975 8
    endloop
  endfacet
  facet normal 0.954469 -0.298311 0
    outer loop
      vertex -16.8751 -22.9233 8
      vertex -16.8275 -22.771 -8
      vertex -16.8275 -22.771 8
    endloop
  endfacet
  facet normal 0.954469 -0.298311 0
    outer loop
      vertex -16.8275 -22.771 -8
      vertex -16.8751 -22.9233 8
      vertex -16.8751 -22.9233 -8
    endloop
  endfacet
  facet normal 0.105958 0.994371 -0
    outer loop
      vertex -14.0156 -27.0548 -8
      vertex -14.1742 -27.0379 8
      vertex -14.0156 -27.0548 8
    endloop
  endfacet
  facet normal 0.105958 0.994371 0
    outer loop
      vertex -14.1742 -27.0379 8
      vertex -14.0156 -27.0548 -8
      vertex -14.1742 -27.0379 -8
    endloop
  endfacet
  facet normal 0.853483 -0.52112 0
    outer loop
      vertex -16.5646 -22.1907 8
      vertex -16.4815 -22.0546 -8
      vertex -16.4815 -22.0546 8
    endloop
  endfacet
  facet normal 0.853483 -0.52112 0
    outer loop
      vertex -16.4815 -22.0546 -8
      vertex -16.5646 -22.1907 8
      vertex -16.5646 -22.1907 -8
    endloop
  endfacet
  facet normal 0.778047 0.628206 0
    outer loop
      vertex -16.2282 -25.9183 8
      vertex -16.3284 -25.7942 -8
      vertex -16.3284 -25.7942 8
    endloop
  endfacet
  facet normal 0.778047 0.628206 0
    outer loop
      vertex -16.3284 -25.7942 -8
      vertex -16.2282 -25.9183 8
      vertex -16.2282 -25.9183 -8
    endloop
  endfacet
  facet normal 0.959196 0.282743 0
    outer loop
      vertex -16.8442 -24.8099 8
      vertex -16.8893 -24.6569 -8
      vertex -16.8893 -24.6569 8
    endloop
  endfacet
  facet normal 0.959196 0.282743 0
    outer loop
      vertex -16.8893 -24.6569 -8
      vertex -16.8442 -24.8099 8
      vertex -16.8442 -24.8099 -8
    endloop
  endfacet
  facet normal -0.954469 0.298311 0
    outer loop
      vertex -10.6725 -24.8604 -8
      vertex -10.6249 -24.7081 8
      vertex -10.6249 -24.7081 -8
    endloop
  endfacet
  facet normal -0.954469 0.298311 0
    outer loop
      vertex -10.6249 -24.7081 8
      vertex -10.6725 -24.8604 -8
      vertex -10.6725 -24.8604 8
    endloop
  endfacet
  facet normal -0.938856 0.34431 0
    outer loop
      vertex -10.7274 -25.0101 -8
      vertex -10.6725 -24.8604 8
      vertex -10.6725 -24.8604 -8
    endloop
  endfacet
  facet normal -0.938856 0.34431 0
    outer loop
      vertex -10.6725 -24.8604 8
      vertex -10.7274 -25.0101 -8
      vertex -10.7274 -25.0101 8
    endloop
  endfacet
  facet normal -0.971993 -0.235008 0
    outer loop
      vertex -10.5732 -23.1296 -8
      vertex -10.6107 -22.9745 8
      vertex -10.6107 -22.9745 -8
    endloop
  endfacet
  facet normal -0.971993 -0.235008 0
    outer loop
      vertex -10.6107 -22.9745 8
      vertex -10.5732 -23.1296 -8
      vertex -10.5732 -23.1296 8
    endloop
  endfacet
  facet normal 0.878207 -0.478281 0
    outer loop
      vertex -16.6409 -22.3308 8
      vertex -16.5646 -22.1907 -8
      vertex -16.5646 -22.1907 8
    endloop
  endfacet
  facet normal 0.878207 -0.478281 0
    outer loop
      vertex -16.5646 -22.1907 -8
      vertex -16.6409 -22.3308 8
      vertex -16.6409 -22.3308 -8
    endloop
  endfacet
  facet normal -0.640616 -0.767862 0
    outer loop
      vertex -11.7296 -21.27 -8
      vertex -11.6071 -21.3722 8
      vertex -11.7296 -21.27 8
    endloop
  endfacet
  facet normal -0.640616 -0.767862 -0
    outer loop
      vertex -11.6071 -21.3722 8
      vertex -11.7296 -21.27 -8
      vertex -11.6071 -21.3722 -8
    endloop
  endfacet
  facet normal -0.900365 0.435135 0
    outer loop
      vertex -10.8591 -25.3006 -8
      vertex -10.7897 -25.157 8
      vertex -10.7897 -25.157 -8
    endloop
  endfacet
  facet normal -0.900365 0.435135 0
    outer loop
      vertex -10.7897 -25.157 8
      vertex -10.8591 -25.3006 -8
      vertex -10.8591 -25.3006 8
    endloop
  endfacet
  facet normal -0.999967 0.0081502 0
    outer loop
      vertex -10.5017 -23.922 -8
      vertex -10.5004 -23.7625 8
      vertex -10.5004 -23.7625 -8
    endloop
  endfacet
  facet normal -0.999967 0.0081502 0
    outer loop
      vertex -10.5004 -23.7625 8
      vertex -10.5017 -23.922 -8
      vertex -10.5017 -23.922 8
    endloop
  endfacet
  facet normal 0.990359 0.138525 0
    outer loop
      vertex -16.9566 -24.3451 8
      vertex -16.9787 -24.1871 -8
      vertex -16.9787 -24.1871 8
    endloop
  endfacet
  facet normal 0.990359 0.138525 0
    outer loop
      vertex -16.9787 -24.1871 -8
      vertex -16.9566 -24.3451 8
      vertex -16.9566 -24.3451 -8
    endloop
  endfacet
  facet normal -0.0081502 -0.999967 0
    outer loop
      vertex -13.8032 -20.5661 -8
      vertex -13.6437 -20.5674 8
      vertex -13.8032 -20.5661 8
    endloop
  endfacet
  facet normal -0.0081502 -0.999967 -0
    outer loop
      vertex -13.6437 -20.5674 8
      vertex -13.8032 -20.5661 -8
      vertex -13.6437 -20.5674 -8
    endloop
  endfacet
  facet normal 0.589215 -0.807976 0
    outer loop
      vertex -15.7285 -21.2373 -8
      vertex -15.5996 -21.1433 8
      vertex -15.7285 -21.2373 8
    endloop
  endfacet
  facet normal 0.589215 -0.807976 0
    outer loop
      vertex -15.5996 -21.1433 8
      vertex -15.7285 -21.2373 -8
      vertex -15.5996 -21.1433 -8
    endloop
  endfacet
  facet normal -0.927087 -0.374846 0
    outer loop
      vertex -10.7083 -22.6709 -8
      vertex -10.7681 -22.523 8
      vertex -10.7681 -22.523 -8
    endloop
  endfacet
  facet normal -0.927087 -0.374846 0
    outer loop
      vertex -10.7681 -22.523 8
      vertex -10.7083 -22.6709 -8
      vertex -10.7083 -22.6709 8
    endloop
  endfacet
  facet normal 0.767862 -0.640616 0
    outer loop
      vertex -16.2957 -21.7953 8
      vertex -16.1935 -21.6728 -8
      vertex -16.1935 -21.6728 8
    endloop
  endfacet
  facet normal 0.767862 -0.640616 0
    outer loop
      vertex -16.1935 -21.6728 -8
      vertex -16.2957 -21.7953 8
      vertex -16.2957 -21.7953 -8
    endloop
  endfacet
  facet normal 0.374846 -0.927087 0
    outer loop
      vertex -15.0427 -20.8338 -8
      vertex -14.8948 -20.774 8
      vertex -15.0427 -20.8338 8
    endloop
  endfacet
  facet normal 0.374846 -0.927087 0
    outer loop
      vertex -14.8948 -20.774 8
      vertex -15.0427 -20.8338 -8
      vertex -14.8948 -20.774 -8
    endloop
  endfacet
  facet normal -0.885868 -0.463937 0
    outer loop
      vertex -10.8352 -22.3783 -8
      vertex -10.9092 -22.237 8
      vertex -10.9092 -22.237 -8
    endloop
  endfacet
  facet normal -0.885868 -0.463937 0
    outer loop
      vertex -10.9092 -22.237 8
      vertex -10.8352 -22.3783 -8
      vertex -10.8352 -22.3783 8
    endloop
  endfacet
  facet normal -0.138525 0.990359 0
    outer loop
      vertex -13.2206 -27.0223 -8
      vertex -13.3786 -27.0444 8
      vertex -13.2206 -27.0223 8
    endloop
  endfacet
  facet normal -0.138525 0.990359 0
    outer loop
      vertex -13.3786 -27.0444 8
      vertex -13.2206 -27.0223 -8
      vertex -13.3786 -27.0444 -8
    endloop
  endfacet
  facet normal 0.154836 0.98794 -0
    outer loop
      vertex -14.1742 -27.0379 -8
      vertex -14.3318 -27.0132 8
      vertex -14.1742 -27.0379 8
    endloop
  endfacet
  facet normal 0.154836 0.98794 0
    outer loop
      vertex -14.3318 -27.0132 8
      vertex -14.1742 -27.0379 -8
      vertex -14.3318 -27.0132 -8
    endloop
  endfacet
  facet normal 0.907206 0.420688 0
    outer loop
      vertex -16.6648 -25.2531 8
      vertex -16.7319 -25.1084 -8
      vertex -16.7319 -25.1084 8
    endloop
  endfacet
  facet normal 0.907206 0.420688 0
    outer loop
      vertex -16.7319 -25.1084 -8
      vertex -16.6648 -25.2531 8
      vertex -16.6648 -25.2531 -8
    endloop
  endfacet
  facet normal 0.0413698 -0.999144 0
    outer loop
      vertex -13.9626 -20.5727 -8
      vertex -13.8032 -20.5661 8
      vertex -13.9626 -20.5727 8
    endloop
  endfacet
  facet normal 0.0413698 -0.999144 0
    outer loop
      vertex -13.8032 -20.5661 8
      vertex -13.9626 -20.5727 -8
      vertex -13.8032 -20.5661 -8
    endloop
  endfacet
  facet normal 0.329177 -0.944268 0
    outer loop
      vertex -14.8948 -20.774 -8
      vertex -14.7442 -20.7215 8
      vertex -14.8948 -20.774 8
    endloop
  endfacet
  facet normal 0.329177 -0.944268 0
    outer loop
      vertex -14.7442 -20.7215 8
      vertex -14.8948 -20.774 -8
      vertex -14.7442 -20.7215 -8
    endloop
  endfacet
  facet normal 0.0896875 -0.99597 0
    outer loop
      vertex -14.1214 -20.587 -8
      vertex -13.9626 -20.5727 8
      vertex -14.1214 -20.587 8
    endloop
  endfacet
  facet normal 0.0896875 -0.99597 0
    outer loop
      vertex -13.9626 -20.5727 8
      vertex -14.1214 -20.587 -8
      vertex -13.9626 -20.5727 -8
    endloop
  endfacet
  facet normal 0.979157 -0.203103 0
    outer loop
      vertex -16.9475 -23.2339 8
      vertex -16.9151 -23.0777 -8
      vertex -16.9151 -23.0777 8
    endloop
  endfacet
  facet normal 0.979157 -0.203103 0
    outer loop
      vertex -16.9151 -23.0777 -8
      vertex -16.9475 -23.2339 8
      vertex -16.9475 -23.2339 -8
    endloop
  endfacet
  facet normal -0.778047 -0.628206 0
    outer loop
      vertex -11.1716 -21.8372 -8
      vertex -11.2718 -21.7131 8
      vertex -11.2718 -21.7131 -8
    endloop
  endfacet
  facet normal -0.778047 -0.628206 0
    outer loop
      vertex -11.2718 -21.7131 8
      vertex -11.1716 -21.8372 -8
      vertex -11.1716 -21.8372 8
    endloop
  endfacet
  facet normal -0.52112 -0.853483 0
    outer loop
      vertex -12.125 -21.0011 -8
      vertex -11.9889 -21.0842 8
      vertex -12.125 -21.0011 8
    endloop
  endfacet
  facet normal -0.52112 -0.853483 -0
    outer loop
      vertex -11.9889 -21.0842 8
      vertex -12.125 -21.0011 -8
      vertex -11.9889 -21.0842 -8
    endloop
  endfacet
  facet normal -0.478281 -0.878207 0
    outer loop
      vertex -12.2651 -20.9248 -8
      vertex -12.125 -21.0011 8
      vertex -12.2651 -20.9248 8
    endloop
  endfacet
  facet normal -0.478281 -0.878207 -0
    outer loop
      vertex -12.125 -21.0011 8
      vertex -12.2651 -20.9248 -8
      vertex -12.125 -21.0011 -8
    endloop
  endfacet
  facet normal 0.836174 0.548465 0
    outer loop
      vertex -16.4224 -25.6653 8
      vertex -16.5099 -25.5319 -8
      vertex -16.5099 -25.5319 8
    endloop
  endfacet
  facet normal 0.836174 0.548465 0
    outer loop
      vertex -16.5099 -25.5319 -8
      vertex -16.4224 -25.6653 8
      vertex -16.4224 -25.6653 -8
    endloop
  endfacet
  facet normal -0.154836 -0.98794 0
    outer loop
      vertex -13.3258 -20.5935 -8
      vertex -13.1682 -20.6182 8
      vertex -13.3258 -20.5935 8
    endloop
  endfacet
  facet normal -0.154836 -0.98794 -0
    outer loop
      vertex -13.1682 -20.6182 8
      vertex -13.3258 -20.5935 -8
      vertex -13.1682 -20.6182 -8
    endloop
  endfacet
  facet normal 0.99597 0.0896875 0
    outer loop
      vertex -16.9787 -24.1871 8
      vertex -16.993 -24.0283 -8
      vertex -16.993 -24.0283 8
    endloop
  endfacet
  facet normal 0.99597 0.0896875 0
    outer loop
      vertex -16.993 -24.0283 -8
      vertex -16.9787 -24.1871 8
      vertex -16.9787 -24.1871 -8
    endloop
  endfacet
  facet normal -0.979157 0.203103 0
    outer loop
      vertex -10.5849 -24.5537 -8
      vertex -10.5525 -24.3975 8
      vertex -10.5525 -24.3975 -8
    endloop
  endfacet
  facet normal -0.979157 0.203103 0
    outer loop
      vertex -10.5525 -24.3975 8
      vertex -10.5849 -24.5537 -8
      vertex -10.5849 -24.5537 8
    endloop
  endfacet
  facet normal -0.186824 0.982393 0
    outer loop
      vertex -13.0639 -26.9925 -8
      vertex -13.2206 -27.0223 8
      vertex -13.0639 -26.9925 8
    endloop
  endfacet
  facet normal -0.186824 0.982393 0
    outer loop
      vertex -13.2206 -27.0223 8
      vertex -13.0639 -26.9925 -8
      vertex -13.2206 -27.0223 -8
    endloop
  endfacet
  facet normal 0.282743 -0.959196 0
    outer loop
      vertex -14.7442 -20.7215 -8
      vertex -14.5912 -20.6764 8
      vertex -14.7442 -20.7215 8
    endloop
  endfacet
  facet normal 0.282743 -0.959196 0
    outer loop
      vertex -14.5912 -20.6764 8
      vertex -14.7442 -20.7215 -8
      vertex -14.5912 -20.6764 -8
    endloop
  endfacet
  facet normal 0.701443 -0.712726 0
    outer loop
      vertex -16.0854 -21.5555 -8
      vertex -15.9717 -21.4436 8
      vertex -16.0854 -21.5555 8
    endloop
  endfacet
  facet normal 0.701443 -0.712726 0
    outer loop
      vertex -15.9717 -21.4436 8
      vertex -16.0854 -21.5555 -8
      vertex -15.9717 -21.4436 -8
    endloop
  endfacet
  facet normal 0.138525 -0.990359 0
    outer loop
      vertex -14.2794 -20.6091 -8
      vertex -14.1214 -20.587 8
      vertex -14.2794 -20.6091 8
    endloop
  endfacet
  facet normal 0.138525 -0.990359 0
    outer loop
      vertex -14.1214 -20.587 8
      vertex -14.2794 -20.6091 -8
      vertex -14.1214 -20.587 -8
    endloop
  endfacet
  facet normal -0.250788 -0.968042 0
    outer loop
      vertex -13.012 -20.6506 -8
      vertex -12.8576 -20.6906 8
      vertex -13.012 -20.6506 8
    endloop
  endfacet
  facet normal -0.250788 -0.968042 -0
    outer loop
      vertex -12.8576 -20.6906 8
      vertex -13.012 -20.6506 -8
      vertex -12.8576 -20.6906 -8
    endloop
  endfacet
  facet normal -0.701443 0.712726 0
    outer loop
      vertex -11.4146 -26.0759 -8
      vertex -11.5283 -26.1878 8
      vertex -11.4146 -26.0759 8
    endloop
  endfacet
  facet normal -0.701443 0.712726 0
    outer loop
      vertex -11.5283 -26.1878 8
      vertex -11.4146 -26.0759 -8
      vertex -11.5283 -26.1878 -8
    endloop
  endfacet
  facet normal 0.827101 -0.562053 0
    outer loop
      vertex -16.4815 -22.0546 8
      vertex -16.3918 -21.9226 -8
      vertex -16.3918 -21.9226 8
    endloop
  endfacet
  facet normal 0.827101 -0.562053 0
    outer loop
      vertex -16.3918 -21.9226 -8
      vertex -16.4815 -22.0546 8
      vertex -16.4815 -22.0546 -8
    endloop
  endfacet
  facet normal 0.628206 -0.778047 0
    outer loop
      vertex -15.8526 -21.3375 -8
      vertex -15.7285 -21.2373 8
      vertex -15.8526 -21.3375 8
    endloop
  endfacet
  facet normal 0.628206 -0.778047 0
    outer loop
      vertex -15.7285 -21.2373 8
      vertex -15.8526 -21.3375 -8
      vertex -15.7285 -21.2373 -8
    endloop
  endfacet
  facet normal -0.998336 0.0576566 0
    outer loop
      vertex -10.5109 -24.0813 -8
      vertex -10.5017 -23.922 8
      vertex -10.5017 -23.922 -8
    endloop
  endfacet
  facet normal -0.998336 0.0576566 0
    outer loop
      vertex -10.5017 -23.922 8
      vertex -10.5109 -24.0813 -8
      vertex -10.5109 -24.0813 8
    endloop
  endfacet
  facet normal 0.420688 -0.907206 0
    outer loop
      vertex -15.1874 -20.9009 -8
      vertex -15.0427 -20.8338 8
      vertex -15.1874 -20.9009 8
    endloop
  endfacet
  facet normal 0.420688 -0.907206 0
    outer loop
      vertex -15.0427 -20.8338 8
      vertex -15.1874 -20.9009 -8
      vertex -15.0427 -20.8338 -8
    endloop
  endfacet
  facet normal 0.507102 -0.861886 0
    outer loop
      vertex -15.4662 -21.0558 -8
      vertex -15.3287 -20.9749 8
      vertex -15.4662 -21.0558 8
    endloop
  endfacet
  facet normal 0.507102 -0.861886 0
    outer loop
      vertex -15.3287 -20.9749 8
      vertex -15.4662 -21.0558 -8
      vertex -15.3287 -20.9749 -8
    endloop
  endfacet
  facet normal 0.463937 -0.885868 0
    outer loop
      vertex -15.3287 -20.9749 -8
      vertex -15.1874 -20.9009 8
      vertex -15.3287 -20.9749 8
    endloop
  endfacet
  facet normal 0.463937 -0.885868 0
    outer loop
      vertex -15.1874 -20.9009 8
      vertex -15.3287 -20.9749 -8
      vertex -15.1874 -20.9009 -8
    endloop
  endfacet
  facet normal -0.767862 0.640616 0
    outer loop
      vertex -11.3065 -25.9586 -8
      vertex -11.2043 -25.8361 8
      vertex -11.2043 -25.8361 -8
    endloop
  endfacet
  facet normal -0.767862 0.640616 0
    outer loop
      vertex -11.2043 -25.8361 8
      vertex -11.3065 -25.9586 -8
      vertex -11.3065 -25.9586 8
    endloop
  endfacet
  facet normal -0.735356 0.677681 0
    outer loop
      vertex -11.4146 -26.0759 -8
      vertex -11.3065 -25.9586 8
      vertex -11.3065 -25.9586 -8
    endloop
  endfacet
  facet normal -0.735356 0.677681 0
    outer loop
      vertex -11.3065 -25.9586 8
      vertex -11.4146 -26.0759 -8
      vertex -11.4146 -26.0759 8
    endloop
  endfacet
  facet normal -0.861886 -0.507102 0
    outer loop
      vertex -10.9092 -22.237 -8
      vertex -10.9901 -22.0995 8
      vertex -10.9901 -22.0995 -8
    endloop
  endfacet
  facet normal -0.861886 -0.507102 0
    outer loop
      vertex -10.9901 -22.0995 8
      vertex -10.9092 -22.237 -8
      vertex -10.9092 -22.237 8
    endloop
  endfacet
  facet normal -0.602505 0.798115 0
    outer loop
      vertex 15.7704 -26.3614 -8
      vertex 15.6431 -26.4575 8
      vertex 15.7704 -26.3614 8
    endloop
  endfacet
  facet normal -0.602505 0.798115 0
    outer loop
      vertex 15.6431 -26.4575 8
      vertex 15.7704 -26.3614 -8
      vertex 15.6431 -26.4575 -8
    endloop
  endfacet
  facet normal -0.589215 -0.807976 0
    outer loop
      vertex 15.5996 -21.1433 -8
      vertex 15.7285 -21.2373 8
      vertex 15.5996 -21.1433 8
    endloop
  endfacet
  facet normal -0.589215 -0.807976 -0
    outer loop
      vertex 15.7285 -21.2373 8
      vertex 15.5996 -21.1433 -8
      vertex 15.7285 -21.2373 -8
    endloop
  endfacet
  facet normal -0.0413698 -0.999144 0
    outer loop
      vertex 13.8032 -20.5661 -8
      vertex 13.9626 -20.5727 8
      vertex 13.8032 -20.5661 8
    endloop
  endfacet
  facet normal -0.0413698 -0.999144 -0
    outer loop
      vertex 13.9626 -20.5727 8
      vertex 13.8032 -20.5661 -8
      vertex 13.9626 -20.5727 -8
    endloop
  endfacet
  facet normal -0.907206 0.420688 0
    outer loop
      vertex 16.6648 -25.2531 -8
      vertex 16.7319 -25.1084 8
      vertex 16.7319 -25.1084 -8
    endloop
  endfacet
  facet normal -0.907206 0.420688 0
    outer loop
      vertex 16.7319 -25.1084 8
      vertex 16.6648 -25.2531 -8
      vertex 16.6648 -25.2531 8
    endloop
  endfacet
  facet normal 0.798115 0.602505 0
    outer loop
      vertex 11.2043 -25.8361 8
      vertex 11.1082 -25.7088 -8
      vertex 11.1082 -25.7088 8
    endloop
  endfacet
  facet normal 0.798115 0.602505 0
    outer loop
      vertex 11.1082 -25.7088 -8
      vertex 11.2043 -25.8361 8
      vertex 11.2043 -25.8361 -8
    endloop
  endfacet
  facet normal 0.927087 -0.374846 0
    outer loop
      vertex 10.7083 -22.6709 8
      vertex 10.7681 -22.523 -8
      vertex 10.7681 -22.523 8
    endloop
  endfacet
  facet normal 0.927087 -0.374846 0
    outer loop
      vertex 10.7681 -22.523 -8
      vertex 10.7083 -22.6709 8
      vertex 10.7083 -22.6709 -8
    endloop
  endfacet
  facet normal 0.250788 -0.968042 0
    outer loop
      vertex 12.8576 -20.6906 -8
      vertex 13.012 -20.6506 8
      vertex 12.8576 -20.6906 8
    endloop
  endfacet
  facet normal 0.250788 -0.968042 0
    outer loop
      vertex 13.012 -20.6506 8
      vertex 12.8576 -20.6906 -8
      vertex 13.012 -20.6506 -8
    endloop
  endfacet
  facet normal 0.390437 -0.92063 0
    outer loop
      vertex 12.4087 -20.8554 -8
      vertex 12.5556 -20.7931 8
      vertex 12.4087 -20.8554 8
    endloop
  endfacet
  facet normal 0.390437 -0.92063 0
    outer loop
      vertex 12.5556 -20.7931 8
      vertex 12.4087 -20.8554 -8
      vertex 12.5556 -20.7931 -8
    endloop
  endfacet
  facet normal 0.0413698 0.999144 -0
    outer loop
      vertex 13.6968 -27.0653 -8
      vertex 13.5374 -27.0587 8
      vertex 13.6968 -27.0653 8
    endloop
  endfacet
  facet normal 0.0413698 0.999144 0
    outer loop
      vertex 13.5374 -27.0587 8
      vertex 13.6968 -27.0653 -8
      vertex 13.5374 -27.0587 -8
    endloop
  endfacet
  facet normal 0.602505 -0.798115 0
    outer loop
      vertex 11.7296 -21.27 -8
      vertex 11.8569 -21.1739 8
      vertex 11.7296 -21.27 8
    endloop
  endfacet
  facet normal 0.602505 -0.798115 0
    outer loop
      vertex 11.8569 -21.1739 8
      vertex 11.7296 -21.27 -8
      vertex 11.8569 -21.1739 -8
    endloop
  endfacet
  facet normal -0.807976 0.589215 0
    outer loop
      vertex 16.3284 -25.7942 -8
      vertex 16.4224 -25.6653 8
      vertex 16.4224 -25.6653 -8
    endloop
  endfacet
  facet normal -0.807976 0.589215 0
    outer loop
      vertex 16.4224 -25.6653 8
      vertex 16.3284 -25.7942 -8
      vertex 16.3284 -25.7942 8
    endloop
  endfacet
  facet normal 0.994371 0.105958 0
    outer loop
      vertex 10.5278 -24.2399 8
      vertex 10.5109 -24.0813 -8
      vertex 10.5109 -24.0813 8
    endloop
  endfacet
  facet normal 0.994371 0.105958 0
    outer loop
      vertex 10.5109 -24.0813 -8
      vertex 10.5278 -24.2399 8
      vertex 10.5278 -24.2399 -8
    endloop
  endfacet
  facet normal 0.938856 0.34431 0
    outer loop
      vertex 10.7274 -25.0101 8
      vertex 10.6725 -24.8604 -8
      vertex 10.6725 -24.8604 8
    endloop
  endfacet
  facet normal 0.938856 0.34431 0
    outer loop
      vertex 10.6725 -24.8604 -8
      vertex 10.7274 -25.0101 8
      vertex 10.7274 -25.0101 -8
    endloop
  endfacet
  facet normal -0.420688 -0.907206 0
    outer loop
      vertex 15.0427 -20.8338 -8
      vertex 15.1874 -20.9009 8
      vertex 15.0427 -20.8338 8
    endloop
  endfacet
  facet normal -0.420688 -0.907206 -0
    outer loop
      vertex 15.1874 -20.9009 8
      vertex 15.0427 -20.8338 -8
      vertex 15.1874 -20.9009 -8
    endloop
  endfacet
  facet normal -0.982393 0.186824 0
    outer loop
      vertex 16.9268 -24.5018 -8
      vertex 16.9566 -24.3451 8
      vertex 16.9566 -24.3451 -8
    endloop
  endfacet
  facet normal -0.982393 0.186824 0
    outer loop
      vertex 16.9566 -24.3451 8
      vertex 16.9268 -24.5018 -8
      vertex 16.9268 -24.5018 8
    endloop
  endfacet
  facet normal -0.52112 0.853483 0
    outer loop
      vertex 15.5111 -26.5472 -8
      vertex 15.375 -26.6303 8
      vertex 15.5111 -26.5472 8
    endloop
  endfacet
  facet normal -0.52112 0.853483 0
    outer loop
      vertex 15.375 -26.6303 8
      vertex 15.5111 -26.5472 -8
      vertex 15.375 -26.6303 -8
    endloop
  endfacet
  facet normal -0.990359 0.138525 0
    outer loop
      vertex 16.9566 -24.3451 -8
      vertex 16.9787 -24.1871 8
      vertex 16.9787 -24.1871 -8
    endloop
  endfacet
  facet normal -0.990359 0.138525 0
    outer loop
      vertex 16.9787 -24.1871 8
      vertex 16.9566 -24.3451 -8
      vertex 16.9566 -24.3451 8
    endloop
  endfacet
  facet normal 0.861886 -0.507102 0
    outer loop
      vertex 10.9092 -22.237 8
      vertex 10.9901 -22.0995 -8
      vertex 10.9901 -22.0995 8
    endloop
  endfacet
  facet normal 0.861886 -0.507102 0
    outer loop
      vertex 10.9901 -22.0995 -8
      vertex 10.9092 -22.237 8
      vertex 10.9092 -22.237 -8
    endloop
  endfacet
  facet normal -0.778047 0.628206 0
    outer loop
      vertex 16.2282 -25.9183 -8
      vertex 16.3284 -25.7942 8
      vertex 16.3284 -25.7942 -8
    endloop
  endfacet
  facet normal -0.778047 0.628206 0
    outer loop
      vertex 16.3284 -25.7942 8
      vertex 16.2282 -25.9183 -8
      vertex 16.2282 -25.9183 8
    endloop
  endfacet
  facet normal 0.701443 0.712726 -0
    outer loop
      vertex 11.5283 -26.1878 -8
      vertex 11.4146 -26.0759 8
      vertex 11.5283 -26.1878 8
    endloop
  endfacet
  facet normal 0.701443 0.712726 0
    outer loop
      vertex 11.4146 -26.0759 8
      vertex 11.5283 -26.1878 -8
      vertex 11.4146 -26.0759 -8
    endloop
  endfacet
  facet normal -0.640616 0.767862 0
    outer loop
      vertex 15.8929 -26.2592 -8
      vertex 15.7704 -26.3614 8
      vertex 15.8929 -26.2592 8
    endloop
  endfacet
  facet normal -0.640616 0.767862 0
    outer loop
      vertex 15.7704 -26.3614 8
      vertex 15.8929 -26.2592 -8
      vertex 15.7704 -26.3614 -8
    endloop
  endfacet
  facet normal 0.640616 -0.767862 0
    outer loop
      vertex 11.6071 -21.3722 -8
      vertex 11.7296 -21.27 8
      vertex 11.6071 -21.3722 8
    endloop
  endfacet
  facet normal 0.640616 -0.767862 0
    outer loop
      vertex 11.7296 -21.27 8
      vertex 11.6071 -21.3722 -8
      vertex 11.7296 -21.27 -8
    endloop
  endfacet
  facet normal -0.0576566 0.998336 0
    outer loop
      vertex 14.0156 -27.0548 -8
      vertex 13.8563 -27.064 8
      vertex 14.0156 -27.0548 8
    endloop
  endfacet
  facet normal -0.0576566 0.998336 0
    outer loop
      vertex 13.8563 -27.064 8
      vertex 14.0156 -27.0548 -8
      vertex 13.8563 -27.064 -8
    endloop
  endfacet
  facet normal 0.954469 0.298311 0
    outer loop
      vertex 10.6725 -24.8604 8
      vertex 10.6249 -24.7081 -8
      vertex 10.6249 -24.7081 8
    endloop
  endfacet
  facet normal 0.954469 0.298311 0
    outer loop
      vertex 10.6249 -24.7081 -8
      vertex 10.6725 -24.8604 8
      vertex 10.6725 -24.8604 -8
    endloop
  endfacet
  facet normal -0.827101 -0.562053 0
    outer loop
      vertex 16.4815 -22.0546 -8
      vertex 16.3918 -21.9226 8
      vertex 16.3918 -21.9226 -8
    endloop
  endfacet
  facet normal -0.827101 -0.562053 0
    outer loop
      vertex 16.3918 -21.9226 8
      vertex 16.4815 -22.0546 -8
      vertex 16.4815 -22.0546 8
    endloop
  endfacet
  facet normal 0.186824 0.982393 -0
    outer loop
      vertex 13.2206 -27.0223 -8
      vertex 13.0639 -26.9925 8
      vertex 13.2206 -27.0223 8
    endloop
  endfacet
  facet normal 0.186824 0.982393 0
    outer loop
      vertex 13.0639 -26.9925 8
      vertex 13.2206 -27.0223 -8
      vertex 13.0639 -26.9925 -8
    endloop
  endfacet
  facet normal -0.203103 0.979157 0
    outer loop
      vertex 14.488 -26.9808 -8
      vertex 14.3318 -27.0132 8
      vertex 14.488 -26.9808 8
    endloop
  endfacet
  facet normal -0.203103 0.979157 0
    outer loop
      vertex 14.3318 -27.0132 8
      vertex 14.488 -26.9808 -8
      vertex 14.3318 -27.0132 -8
    endloop
  endfacet
  facet normal 0.463937 0.885868 -0
    outer loop
      vertex 12.3126 -26.7305 -8
      vertex 12.1713 -26.6565 8
      vertex 12.3126 -26.7305 8
    endloop
  endfacet
  facet normal 0.463937 0.885868 0
    outer loop
      vertex 12.1713 -26.6565 8
      vertex 12.3126 -26.7305 -8
      vertex 12.1713 -26.6565 -8
    endloop
  endfacet
  facet normal -0.677681 0.735356 0
    outer loop
      vertex 16.0102 -26.1511 -8
      vertex 15.8929 -26.2592 8
      vertex 16.0102 -26.1511 8
    endloop
  endfacet
  facet normal -0.677681 0.735356 0
    outer loop
      vertex 15.8929 -26.2592 8
      vertex 16.0102 -26.1511 -8
      vertex 15.8929 -26.2592 -8
    endloop
  endfacet
  facet normal 0.807976 -0.589215 0
    outer loop
      vertex 11.0776 -21.9661 8
      vertex 11.1716 -21.8372 -8
      vertex 11.1716 -21.8372 8
    endloop
  endfacet
  facet normal 0.807976 -0.589215 0
    outer loop
      vertex 11.1716 -21.8372 -8
      vertex 11.0776 -21.9661 8
      vertex 11.0776 -21.9661 -8
    endloop
  endfacet
  facet normal -0.999967 -0.0081502 0
    outer loop
      vertex 16.9996 -23.8689 -8
      vertex 16.9983 -23.7094 8
      vertex 16.9983 -23.7094 -8
    endloop
  endfacet
  facet normal -0.999967 -0.0081502 0
    outer loop
      vertex 16.9983 -23.7094 8
      vertex 16.9996 -23.8689 -8
      vertex 16.9996 -23.8689 8
    endloop
  endfacet
  facet normal -0.0081502 0.999967 0
    outer loop
      vertex 13.8563 -27.064 -8
      vertex 13.6968 -27.0653 8
      vertex 13.8563 -27.064 8
    endloop
  endfacet
  facet normal -0.0081502 0.999967 0
    outer loop
      vertex 13.6968 -27.0653 8
      vertex 13.8563 -27.064 -8
      vertex 13.6968 -27.0653 -8
    endloop
  endfacet
  facet normal 0.548465 0.836174 -0
    outer loop
      vertex 12.0338 -26.5756 -8
      vertex 11.9004 -26.4881 8
      vertex 12.0338 -26.5756 8
    endloop
  endfacet
  facet normal 0.548465 0.836174 0
    outer loop
      vertex 11.9004 -26.4881 8
      vertex 12.0338 -26.5756 -8
      vertex 11.9004 -26.4881 -8
    endloop
  endfacet
  facet normal -0.853483 -0.52112 0
    outer loop
      vertex 16.5646 -22.1907 -8
      vertex 16.4815 -22.0546 8
      vertex 16.4815 -22.0546 -8
    endloop
  endfacet
  facet normal -0.853483 -0.52112 0
    outer loop
      vertex 16.4815 -22.0546 8
      vertex 16.5646 -22.1907 -8
      vertex 16.5646 -22.1907 8
    endloop
  endfacet
  facet normal -0.971993 0.235008 0
    outer loop
      vertex 16.8893 -24.6569 -8
      vertex 16.9268 -24.5018 8
      vertex 16.9268 -24.5018 -8
    endloop
  endfacet
  facet normal -0.971993 0.235008 0
    outer loop
      vertex 16.9268 -24.5018 8
      vertex 16.8893 -24.6569 -8
      vertex 16.8893 -24.6569 8
    endloop
  endfacet
  facet normal 0.778047 -0.628206 0
    outer loop
      vertex 11.1716 -21.8372 8
      vertex 11.2718 -21.7131 -8
      vertex 11.2718 -21.7131 8
    endloop
  endfacet
  facet normal 0.778047 -0.628206 0
    outer loop
      vertex 11.2718 -21.7131 -8
      vertex 11.1716 -21.8372 8
      vertex 11.1716 -21.8372 -8
    endloop
  endfacet
  facet normal -0.746682 0.665181 0
    outer loop
      vertex 16.1221 -26.0374 -8
      vertex 16.2282 -25.9183 8
      vertex 16.2282 -25.9183 -8
    endloop
  endfacet
  facet normal -0.746682 0.665181 0
    outer loop
      vertex 16.2282 -25.9183 8
      vertex 16.1221 -26.0374 -8
      vertex 16.1221 -26.0374 8
    endloop
  endfacet
  facet normal 0.827101 0.562053 0
    outer loop
      vertex 11.1082 -25.7088 8
      vertex 11.0185 -25.5768 -8
      vertex 11.0185 -25.5768 8
    endloop
  endfacet
  facet normal 0.827101 0.562053 0
    outer loop
      vertex 11.0185 -25.5768 -8
      vertex 11.1082 -25.7088 8
      vertex 11.1082 -25.7088 -8
    endloop
  endfacet
  facet normal 0.735356 0.677681 0
    outer loop
      vertex 11.4146 -26.0759 8
      vertex 11.3065 -25.9586 -8
      vertex 11.3065 -25.9586 8
    endloop
  endfacet
  facet normal 0.735356 0.677681 0
    outer loop
      vertex 11.3065 -25.9586 -8
      vertex 11.4146 -26.0759 8
      vertex 11.4146 -26.0759 -8
    endloop
  endfacet
  facet normal 0.235008 0.971993 -0
    outer loop
      vertex 13.0639 -26.9925 -8
      vertex 12.9088 -26.955 8
      vertex 13.0639 -26.9925 8
    endloop
  endfacet
  facet normal 0.235008 0.971993 0
    outer loop
      vertex 12.9088 -26.955 8
      vertex 13.0639 -26.9925 -8
      vertex 12.9088 -26.955 -8
    endloop
  endfacet
  facet normal -0.959196 0.282743 0
    outer loop
      vertex 16.8442 -24.8099 -8
      vertex 16.8893 -24.6569 8
      vertex 16.8893 -24.6569 -8
    endloop
  endfacet
  facet normal -0.959196 0.282743 0
    outer loop
      vertex 16.8893 -24.6569 8
      vertex 16.8442 -24.8099 -8
      vertex 16.8442 -24.8099 8
    endloop
  endfacet
  facet normal 0.665181 0.746682 -0
    outer loop
      vertex 11.6474 -26.2939 -8
      vertex 11.5283 -26.1878 8
      vertex 11.6474 -26.2939 8
    endloop
  endfacet
  facet normal 0.665181 0.746682 0
    outer loop
      vertex 11.5283 -26.1878 8
      vertex 11.6474 -26.2939 -8
      vertex 11.5283 -26.1878 -8
    endloop
  endfacet
  facet normal -0.329177 -0.944268 0
    outer loop
      vertex 14.7442 -20.7215 -8
      vertex 14.8948 -20.774 8
      vertex 14.7442 -20.7215 8
    endloop
  endfacet
  facet normal -0.329177 -0.944268 -0
    outer loop
      vertex 14.8948 -20.774 8
      vertex 14.7442 -20.7215 -8
      vertex 14.8948 -20.774 -8
    endloop
  endfacet
  facet normal 0.677681 -0.735356 0
    outer loop
      vertex 11.4898 -21.4803 -8
      vertex 11.6071 -21.3722 8
      vertex 11.4898 -21.4803 8
    endloop
  endfacet
  facet normal 0.677681 -0.735356 0
    outer loop
      vertex 11.6071 -21.3722 8
      vertex 11.4898 -21.4803 -8
      vertex 11.6071 -21.3722 -8
    endloop
  endfacet
  facet normal 0.979157 0.203103 0
    outer loop
      vertex 10.5849 -24.5537 8
      vertex 10.5525 -24.3975 -8
      vertex 10.5525 -24.3975 8
    endloop
  endfacet
  facet normal 0.979157 0.203103 0
    outer loop
      vertex 10.5525 -24.3975 -8
      vertex 10.5849 -24.5537 8
      vertex 10.5849 -24.5537 -8
    endloop
  endfacet
  facet normal -0.900365 -0.435135 0
    outer loop
      vertex 16.7103 -22.4744 -8
      vertex 16.6409 -22.3308 8
      vertex 16.6409 -22.3308 -8
    endloop
  endfacet
  facet normal -0.900365 -0.435135 0
    outer loop
      vertex 16.6409 -22.3308 8
      vertex 16.7103 -22.4744 -8
      vertex 16.7103 -22.4744 8
    endloop
  endfacet
  facet normal 0.959196 -0.282743 0
    outer loop
      vertex 10.6107 -22.9745 8
      vertex 10.6558 -22.8215 -8
      vertex 10.6558 -22.8215 8
    endloop
  endfacet
  facet normal 0.959196 -0.282743 0
    outer loop
      vertex 10.6558 -22.8215 -8
      vertex 10.6107 -22.9745 8
      vertex 10.6107 -22.9745 -8
    endloop
  endfacet
  facet normal 0.907206 -0.420688 0
    outer loop
      vertex 10.7681 -22.523 8
      vertex 10.8352 -22.3783 -8
      vertex 10.8352 -22.3783 8
    endloop
  endfacet
  facet normal 0.907206 -0.420688 0
    outer loop
      vertex 10.8352 -22.3783 -8
      vertex 10.7681 -22.523 8
      vertex 10.7681 -22.523 -8
    endloop
  endfacet
  facet normal 0.767862 0.640616 0
    outer loop
      vertex 11.3065 -25.9586 8
      vertex 11.2043 -25.8361 -8
      vertex 11.2043 -25.8361 8
    endloop
  endfacet
  facet normal 0.767862 0.640616 0
    outer loop
      vertex 11.2043 -25.8361 -8
      vertex 11.3065 -25.9586 8
      vertex 11.3065 -25.9586 -8
    endloop
  endfacet
  facet normal -0.390437 0.92063 0
    outer loop
      vertex 15.0913 -26.776 -8
      vertex 14.9444 -26.8383 8
      vertex 15.0913 -26.776 8
    endloop
  endfacet
  facet normal -0.390437 0.92063 0
    outer loop
      vertex 14.9444 -26.8383 8
      vertex 15.0913 -26.776 -8
      vertex 14.9444 -26.8383 -8
    endloop
  endfacet
  facet normal -0.99597 0.0896875 0
    outer loop
      vertex 16.9787 -24.1871 -8
      vertex 16.993 -24.0283 8
      vertex 16.993 -24.0283 -8
    endloop
  endfacet
  facet normal -0.99597 0.0896875 0
    outer loop
      vertex 16.993 -24.0283 8
      vertex 16.9787 -24.1871 -8
      vertex 16.9787 -24.1871 8
    endloop
  endfacet
  facet normal -0.999144 0.0413698 0
    outer loop
      vertex 16.993 -24.0283 -8
      vertex 16.9996 -23.8689 8
      vertex 16.9996 -23.8689 -8
    endloop
  endfacet
  facet normal -0.999144 0.0413698 0
    outer loop
      vertex 16.9996 -23.8689 8
      vertex 16.993 -24.0283 -8
      vertex 16.993 -24.0283 8
    endloop
  endfacet
  facet normal 0.971993 -0.235008 0
    outer loop
      vertex 10.5732 -23.1296 8
      vertex 10.6107 -22.9745 -8
      vertex 10.6107 -22.9745 8
    endloop
  endfacet
  facet normal 0.971993 -0.235008 0
    outer loop
      vertex 10.6107 -22.9745 -8
      vertex 10.5732 -23.1296 8
      vertex 10.5732 -23.1296 -8
    endloop
  endfacet
  facet normal -0.998336 -0.0576566 0
    outer loop
      vertex 16.9983 -23.7094 -8
      vertex 16.9891 -23.5501 8
      vertex 16.9891 -23.5501 -8
    endloop
  endfacet
  facet normal -0.998336 -0.0576566 0
    outer loop
      vertex 16.9891 -23.5501 8
      vertex 16.9983 -23.7094 -8
      vertex 16.9983 -23.7094 8
    endloop
  endfacet
  facet normal -0.562053 0.827101 0
    outer loop
      vertex 15.6431 -26.4575 -8
      vertex 15.5111 -26.5472 8
      vertex 15.6431 -26.4575 8
    endloop
  endfacet
  facet normal -0.562053 0.827101 0
    outer loop
      vertex 15.5111 -26.5472 8
      vertex 15.6431 -26.4575 -8
      vertex 15.5111 -26.5472 -8
    endloop
  endfacet
  facet normal -0.435135 0.900365 0
    outer loop
      vertex 15.2349 -26.7066 -8
      vertex 15.0913 -26.776 8
      vertex 15.2349 -26.7066 8
    endloop
  endfacet
  facet normal -0.435135 0.900365 0
    outer loop
      vertex 15.0913 -26.776 8
      vertex 15.2349 -26.7066 -8
      vertex 15.0913 -26.776 -8
    endloop
  endfacet
  facet normal 0.203103 -0.979157 0
    outer loop
      vertex 13.012 -20.6506 -8
      vertex 13.1682 -20.6182 8
      vertex 13.012 -20.6506 8
    endloop
  endfacet
  facet normal 0.203103 -0.979157 0
    outer loop
      vertex 13.1682 -20.6182 8
      vertex 13.012 -20.6506 -8
      vertex 13.1682 -20.6182 -8
    endloop
  endfacet
  facet normal 0.52112 -0.853483 0
    outer loop
      vertex 11.9889 -21.0842 -8
      vertex 12.125 -21.0011 8
      vertex 11.9889 -21.0842 8
    endloop
  endfacet
  facet normal 0.52112 -0.853483 0
    outer loop
      vertex 12.125 -21.0011 8
      vertex 11.9889 -21.0842 -8
      vertex 12.125 -21.0011 -8
    endloop
  endfacet
  facet normal -0.282743 -0.959196 0
    outer loop
      vertex 14.5912 -20.6764 -8
      vertex 14.7442 -20.7215 8
      vertex 14.5912 -20.6764 8
    endloop
  endfacet
  facet normal -0.282743 -0.959196 -0
    outer loop
      vertex 14.7442 -20.7215 8
      vertex 14.5912 -20.6764 -8
      vertex 14.7442 -20.7215 -8
    endloop
  endfacet
  facet normal 0.420688 0.907206 -0
    outer loop
      vertex 12.4573 -26.7976 -8
      vertex 12.3126 -26.7305 8
      vertex 12.4573 -26.7976 8
    endloop
  endfacet
  facet normal 0.420688 0.907206 0
    outer loop
      vertex 12.3126 -26.7305 8
      vertex 12.4573 -26.7976 -8
      vertex 12.3126 -26.7305 -8
    endloop
  endfacet
  facet normal -0.927087 0.374846 0
    outer loop
      vertex 16.7319 -25.1084 -8
      vertex 16.7917 -24.9605 8
      vertex 16.7917 -24.9605 -8
    endloop
  endfacet
  facet normal -0.927087 0.374846 0
    outer loop
      vertex 16.7917 -24.9605 8
      vertex 16.7319 -25.1084 -8
      vertex 16.7319 -25.1084 8
    endloop
  endfacet
  facet normal -0.885868 0.463937 0
    outer loop
      vertex 16.5908 -25.3944 -8
      vertex 16.6648 -25.2531 8
      vertex 16.6648 -25.2531 -8
    endloop
  endfacet
  facet normal -0.885868 0.463937 0
    outer loop
      vertex 16.6648 -25.2531 8
      vertex 16.5908 -25.3944 -8
      vertex 16.5908 -25.3944 8
    endloop
  endfacet
  facet normal -0.979157 -0.203103 0
    outer loop
      vertex 16.9475 -23.2339 -8
      vertex 16.9151 -23.0777 8
      vertex 16.9151 -23.0777 -8
    endloop
  endfacet
  facet normal -0.979157 -0.203103 0
    outer loop
      vertex 16.9151 -23.0777 8
      vertex 16.9475 -23.2339 -8
      vertex 16.9475 -23.2339 8
    endloop
  endfacet
  facet normal -0.767862 -0.640616 0
    outer loop
      vertex 16.2957 -21.7953 -8
      vertex 16.1935 -21.6728 8
      vertex 16.1935 -21.6728 -8
    endloop
  endfacet
  facet normal -0.767862 -0.640616 0
    outer loop
      vertex 16.1935 -21.6728 8
      vertex 16.2957 -21.7953 -8
      vertex 16.2957 -21.7953 8
    endloop
  endfacet
  facet normal 0.282743 0.959196 -0
    outer loop
      vertex 12.9088 -26.955 -8
      vertex 12.7558 -26.9099 8
      vertex 12.9088 -26.955 8
    endloop
  endfacet
  facet normal 0.282743 0.959196 0
    outer loop
      vertex 12.7558 -26.9099 8
      vertex 12.9088 -26.955 -8
      vertex 12.7558 -26.9099 -8
    endloop
  endfacet
  facet normal -0.735356 -0.677681 0
    outer loop
      vertex 16.1935 -21.6728 -8
      vertex 16.0854 -21.5555 8
      vertex 16.0854 -21.5555 -8
    endloop
  endfacet
  facet normal -0.735356 -0.677681 0
    outer loop
      vertex 16.0854 -21.5555 8
      vertex 16.1935 -21.6728 -8
      vertex 16.1935 -21.6728 8
    endloop
  endfacet
  facet normal 0.34431 -0.938856 0
    outer loop
      vertex 12.5556 -20.7931 -8
      vertex 12.7053 -20.7382 8
      vertex 12.5556 -20.7931 8
    endloop
  endfacet
  facet normal 0.34431 -0.938856 0
    outer loop
      vertex 12.7053 -20.7382 8
      vertex 12.5556 -20.7931 -8
      vertex 12.7053 -20.7382 -8
    endloop
  endfacet
  facet normal -0.138525 -0.990359 0
    outer loop
      vertex 14.1214 -20.587 -8
      vertex 14.2794 -20.6091 8
      vertex 14.1214 -20.587 8
    endloop
  endfacet
  facet normal -0.138525 -0.990359 -0
    outer loop
      vertex 14.2794 -20.6091 8
      vertex 14.1214 -20.587 -8
      vertex 14.2794 -20.6091 -8
    endloop
  endfacet
  facet normal -0.98794 -0.154836 0
    outer loop
      vertex 16.9722 -23.3915 -8
      vertex 16.9475 -23.2339 8
      vertex 16.9475 -23.2339 -8
    endloop
  endfacet
  facet normal -0.98794 -0.154836 0
    outer loop
      vertex 16.9475 -23.2339 8
      vertex 16.9722 -23.3915 -8
      vertex 16.9722 -23.3915 8
    endloop
  endfacet
  facet normal -0.994371 -0.105958 0
    outer loop
      vertex 16.9891 -23.5501 -8
      vertex 16.9722 -23.3915 8
      vertex 16.9722 -23.3915 -8
    endloop
  endfacet
  facet normal -0.994371 -0.105958 0
    outer loop
      vertex 16.9722 -23.3915 8
      vertex 16.9891 -23.5501 -8
      vertex 16.9891 -23.5501 8
    endloop
  endfacet
  facet normal 0.98794 0.154836 0
    outer loop
      vertex 10.5525 -24.3975 8
      vertex 10.5278 -24.2399 -8
      vertex 10.5278 -24.2399 8
    endloop
  endfacet
  facet normal 0.98794 0.154836 0
    outer loop
      vertex 10.5278 -24.2399 -8
      vertex 10.5525 -24.3975 8
      vertex 10.5525 -24.3975 -8
    endloop
  endfacet
  facet normal -0.507102 -0.861886 0
    outer loop
      vertex 15.3287 -20.9749 -8
      vertex 15.4662 -21.0558 8
      vertex 15.3287 -20.9749 8
    endloop
  endfacet
  facet normal -0.507102 -0.861886 -0
    outer loop
      vertex 15.4662 -21.0558 8
      vertex 15.3287 -20.9749 -8
      vertex 15.4662 -21.0558 -8
    endloop
  endfacet
  facet normal 0.968042 0.250788 0
    outer loop
      vertex 10.6249 -24.7081 8
      vertex 10.5849 -24.5537 -8
      vertex 10.5849 -24.5537 8
    endloop
  endfacet
  facet normal 0.968042 0.250788 0
    outer loop
      vertex 10.5849 -24.5537 -8
      vertex 10.6249 -24.7081 8
      vertex 10.6249 -24.7081 -8
    endloop
  endfacet
  facet normal -0.628206 -0.778047 0
    outer loop
      vertex 15.7285 -21.2373 -8
      vertex 15.8526 -21.3375 8
      vertex 15.7285 -21.2373 8
    endloop
  endfacet
  facet normal -0.628206 -0.778047 -0
    outer loop
      vertex 15.8526 -21.3375 8
      vertex 15.7285 -21.2373 -8
      vertex 15.8526 -21.3375 -8
    endloop
  endfacet
  facet normal 0.853483 0.52112 0
    outer loop
      vertex 11.0185 -25.5768 8
      vertex 10.9354 -25.4407 -8
      vertex 10.9354 -25.4407 8
    endloop
  endfacet
  facet normal 0.853483 0.52112 0
    outer loop
      vertex 10.9354 -25.4407 -8
      vertex 11.0185 -25.5768 8
      vertex 11.0185 -25.5768 -8
    endloop
  endfacet
  facet normal -0.968042 -0.250788 0
    outer loop
      vertex 16.9151 -23.0777 -8
      vertex 16.8751 -22.9233 8
      vertex 16.8751 -22.9233 -8
    endloop
  endfacet
  facet normal -0.968042 -0.250788 0
    outer loop
      vertex 16.8751 -22.9233 8
      vertex 16.9151 -23.0777 -8
      vertex 16.9151 -23.0777 8
    endloop
  endfacet
  facet normal -0.861886 0.507102 0
    outer loop
      vertex 16.5099 -25.5319 -8
      vertex 16.5908 -25.3944 8
      vertex 16.5908 -25.3944 -8
    endloop
  endfacet
  facet normal -0.861886 0.507102 0
    outer loop
      vertex 16.5908 -25.3944 8
      vertex 16.5099 -25.5319 -8
      vertex 16.5099 -25.5319 8
    endloop
  endfacet
  facet normal 0.138525 0.990359 -0
    outer loop
      vertex 13.3786 -27.0444 -8
      vertex 13.2206 -27.0223 8
      vertex 13.3786 -27.0444 8
    endloop
  endfacet
  facet normal 0.138525 0.990359 0
    outer loop
      vertex 13.2206 -27.0223 8
      vertex 13.3786 -27.0444 -8
      vertex 13.2206 -27.0223 -8
    endloop
  endfacet
  facet normal -0.250788 0.968042 0
    outer loop
      vertex 14.6424 -26.9408 -8
      vertex 14.488 -26.9808 8
      vertex 14.6424 -26.9408 8
    endloop
  endfacet
  facet normal -0.250788 0.968042 0
    outer loop
      vertex 14.488 -26.9808 8
      vertex 14.6424 -26.9408 -8
      vertex 14.488 -26.9808 -8
    endloop
  endfacet
  facet normal -0.298311 0.954469 0
    outer loop
      vertex 14.7947 -26.8932 -8
      vertex 14.6424 -26.9408 8
      vertex 14.7947 -26.8932 8
    endloop
  endfacet
  facet normal -0.298311 0.954469 0
    outer loop
      vertex 14.6424 -26.9408 8
      vertex 14.7947 -26.8932 -8
      vertex 14.6424 -26.9408 -8
    endloop
  endfacet
  facet normal -0.836174 0.548465 0
    outer loop
      vertex 16.4224 -25.6653 -8
      vertex 16.5099 -25.5319 8
      vertex 16.5099 -25.5319 -8
    endloop
  endfacet
  facet normal -0.836174 0.548465 0
    outer loop
      vertex 16.5099 -25.5319 8
      vertex 16.4224 -25.6653 -8
      vertex 16.4224 -25.6653 8
    endloop
  endfacet
  facet normal -0.374846 -0.927087 0
    outer loop
      vertex 14.8948 -20.774 -8
      vertex 15.0427 -20.8338 8
      vertex 14.8948 -20.774 8
    endloop
  endfacet
  facet normal -0.374846 -0.927087 -0
    outer loop
      vertex 15.0427 -20.8338 8
      vertex 14.8948 -20.774 -8
      vertex 15.0427 -20.8338 -8
    endloop
  endfacet
  facet normal -0.878207 -0.478281 0
    outer loop
      vertex 16.6409 -22.3308 -8
      vertex 16.5646 -22.1907 8
      vertex 16.5646 -22.1907 -8
    endloop
  endfacet
  facet normal -0.878207 -0.478281 0
    outer loop
      vertex 16.5646 -22.1907 8
      vertex 16.6409 -22.3308 -8
      vertex 16.6409 -22.3308 8
    endloop
  endfacet
  facet normal -0.712726 0.701443 0
    outer loop
      vertex 16.0102 -26.1511 -8
      vertex 16.1221 -26.0374 8
      vertex 16.1221 -26.0374 -8
    endloop
  endfacet
  facet normal -0.712726 0.701443 0
    outer loop
      vertex 16.1221 -26.0374 8
      vertex 16.0102 -26.1511 -8
      vertex 16.0102 -26.1511 8
    endloop
  endfacet
  facet normal -0.92063 -0.390437 0
    outer loop
      vertex 16.7726 -22.6213 -8
      vertex 16.7103 -22.4744 8
      vertex 16.7103 -22.4744 -8
    endloop
  endfacet
  facet normal -0.92063 -0.390437 0
    outer loop
      vertex 16.7103 -22.4744 8
      vertex 16.7726 -22.6213 -8
      vertex 16.7726 -22.6213 8
    endloop
  endfacet
  facet normal 0.0896875 0.99597 -0
    outer loop
      vertex 13.5374 -27.0587 -8
      vertex 13.3786 -27.0444 8
      vertex 13.5374 -27.0587 8
    endloop
  endfacet
  facet normal 0.0896875 0.99597 0
    outer loop
      vertex 13.3786 -27.0444 8
      vertex 13.5374 -27.0587 -8
      vertex 13.3786 -27.0444 -8
    endloop
  endfacet
  facet normal 0.999144 -0.0413698 0
    outer loop
      vertex 10.5004 -23.7625 8
      vertex 10.507 -23.6031 -8
      vertex 10.507 -23.6031 8
    endloop
  endfacet
  facet normal 0.999144 -0.0413698 0
    outer loop
      vertex 10.507 -23.6031 -8
      vertex 10.5004 -23.7625 8
      vertex 10.5004 -23.7625 -8
    endloop
  endfacet
  facet normal 0.885868 -0.463937 0
    outer loop
      vertex 10.8352 -22.3783 8
      vertex 10.9092 -22.237 -8
      vertex 10.9092 -22.237 8
    endloop
  endfacet
  facet normal 0.885868 -0.463937 0
    outer loop
      vertex 10.9092 -22.237 -8
      vertex 10.8352 -22.3783 8
      vertex 10.8352 -22.3783 -8
    endloop
  endfacet
  facet normal 0.589215 0.807976 -0
    outer loop
      vertex 11.9004 -26.4881 -8
      vertex 11.7715 -26.3941 8
      vertex 11.9004 -26.4881 8
    endloop
  endfacet
  facet normal 0.589215 0.807976 0
    outer loop
      vertex 11.7715 -26.3941 8
      vertex 11.9004 -26.4881 -8
      vertex 11.7715 -26.3941 -8
    endloop
  endfacet
  facet normal -0.798115 -0.602505 0
    outer loop
      vertex 16.3918 -21.9226 -8
      vertex 16.2957 -21.7953 8
      vertex 16.2957 -21.7953 -8
    endloop
  endfacet
  facet normal -0.798115 -0.602505 0
    outer loop
      vertex 16.2957 -21.7953 8
      vertex 16.3918 -21.9226 -8
      vertex 16.3918 -21.9226 8
    endloop
  endfacet
  facet normal 0.998336 0.0576566 0
    outer loop
      vertex 10.5109 -24.0813 8
      vertex 10.5017 -23.922 -8
      vertex 10.5017 -23.922 8
    endloop
  endfacet
  facet normal 0.998336 0.0576566 0
    outer loop
      vertex 10.5017 -23.922 -8
      vertex 10.5109 -24.0813 8
      vertex 10.5109 -24.0813 -8
    endloop
  endfacet
  facet normal -0.235008 -0.971993 0
    outer loop
      vertex 14.4361 -20.6389 -8
      vertex 14.5912 -20.6764 8
      vertex 14.4361 -20.6389 8
    endloop
  endfacet
  facet normal -0.235008 -0.971993 -0
    outer loop
      vertex 14.5912 -20.6764 8
      vertex 14.4361 -20.6389 -8
      vertex 14.5912 -20.6764 -8
    endloop
  endfacet
  facet normal 0.562053 -0.827101 0
    outer loop
      vertex 11.8569 -21.1739 -8
      vertex 11.9889 -21.0842 8
      vertex 11.8569 -21.1739 8
    endloop
  endfacet
  facet normal 0.562053 -0.827101 0
    outer loop
      vertex 11.9889 -21.0842 8
      vertex 11.8569 -21.1739 -8
      vertex 11.9889 -21.0842 -8
    endloop
  endfacet
  facet normal 0.507102 0.861886 -0
    outer loop
      vertex 12.1713 -26.6565 -8
      vertex 12.0338 -26.5756 8
      vertex 12.1713 -26.6565 8
    endloop
  endfacet
  facet normal 0.507102 0.861886 0
    outer loop
      vertex 12.0338 -26.5756 8
      vertex 12.1713 -26.6565 -8
      vertex 12.0338 -26.5756 -8
    endloop
  endfacet
  facet normal 0.374846 0.927087 -0
    outer loop
      vertex 12.6052 -26.8574 -8
      vertex 12.4573 -26.7976 8
      vertex 12.6052 -26.8574 8
    endloop
  endfacet
  facet normal 0.374846 0.927087 0
    outer loop
      vertex 12.4573 -26.7976 8
      vertex 12.6052 -26.8574 -8
      vertex 12.4573 -26.7976 -8
    endloop
  endfacet
  facet normal -0.0896875 -0.99597 0
    outer loop
      vertex 13.9626 -20.5727 -8
      vertex 14.1214 -20.587 8
      vertex 13.9626 -20.5727 8
    endloop
  endfacet
  facet normal -0.0896875 -0.99597 -0
    outer loop
      vertex 14.1214 -20.587 8
      vertex 13.9626 -20.5727 -8
      vertex 14.1214 -20.587 -8
    endloop
  endfacet
  facet normal -0.478281 0.878207 0
    outer loop
      vertex 15.375 -26.6303 -8
      vertex 15.2349 -26.7066 8
      vertex 15.375 -26.6303 8
    endloop
  endfacet
  facet normal -0.478281 0.878207 0
    outer loop
      vertex 15.2349 -26.7066 8
      vertex 15.375 -26.6303 -8
      vertex 15.2349 -26.7066 -8
    endloop
  endfacet
  facet normal 0.878207 0.478281 0
    outer loop
      vertex 10.9354 -25.4407 8
      vertex 10.8591 -25.3006 -8
      vertex 10.8591 -25.3006 8
    endloop
  endfacet
  facet normal 0.878207 0.478281 0
    outer loop
      vertex 10.8591 -25.3006 -8
      vertex 10.9354 -25.4407 8
      vertex 10.9354 -25.4407 -8
    endloop
  endfacet
  facet normal 0.712726 -0.701443 0
    outer loop
      vertex 11.3779 -21.594 8
      vertex 11.4898 -21.4803 -8
      vertex 11.4898 -21.4803 8
    endloop
  endfacet
  facet normal 0.712726 -0.701443 0
    outer loop
      vertex 11.4898 -21.4803 -8
      vertex 11.3779 -21.594 8
      vertex 11.3779 -21.594 -8
    endloop
  endfacet
  facet normal -0.944268 0.329177 0
    outer loop
      vertex 16.7917 -24.9605 -8
      vertex 16.8442 -24.8099 8
      vertex 16.8442 -24.8099 -8
    endloop
  endfacet
  facet normal -0.944268 0.329177 0
    outer loop
      vertex 16.8442 -24.8099 8
      vertex 16.7917 -24.9605 -8
      vertex 16.7917 -24.9605 8
    endloop
  endfacet
  facet normal 0.0576566 -0.998336 0
    outer loop
      vertex 13.4844 -20.5766 -8
      vertex 13.6437 -20.5674 8
      vertex 13.4844 -20.5766 8
    endloop
  endfacet
  facet normal 0.0576566 -0.998336 0
    outer loop
      vertex 13.6437 -20.5674 8
      vertex 13.4844 -20.5766 -8
      vertex 13.6437 -20.5674 -8
    endloop
  endfacet
  facet normal 0.990359 -0.138525 0
    outer loop
      vertex 10.5213 -23.4443 8
      vertex 10.5434 -23.2863 -8
      vertex 10.5434 -23.2863 8
    endloop
  endfacet
  facet normal 0.990359 -0.138525 0
    outer loop
      vertex 10.5434 -23.2863 -8
      vertex 10.5213 -23.4443 8
      vertex 10.5213 -23.4443 -8
    endloop
  endfacet
  facet normal -0.34431 0.938856 0
    outer loop
      vertex 14.9444 -26.8383 -8
      vertex 14.7947 -26.8932 8
      vertex 14.9444 -26.8383 8
    endloop
  endfacet
  facet normal -0.34431 0.938856 0
    outer loop
      vertex 14.7947 -26.8932 8
      vertex 14.9444 -26.8383 -8
      vertex 14.7947 -26.8932 -8
    endloop
  endfacet
  facet normal 0.99597 -0.0896875 0
    outer loop
      vertex 10.507 -23.6031 8
      vertex 10.5213 -23.4443 -8
      vertex 10.5213 -23.4443 8
    endloop
  endfacet
  facet normal 0.99597 -0.0896875 0
    outer loop
      vertex 10.5213 -23.4443 -8
      vertex 10.507 -23.6031 8
      vertex 10.507 -23.6031 -8
    endloop
  endfacet
  facet normal 0.298311 -0.954469 0
    outer loop
      vertex 12.7053 -20.7382 -8
      vertex 12.8576 -20.6906 8
      vertex 12.7053 -20.7382 8
    endloop
  endfacet
  facet normal 0.298311 -0.954469 0
    outer loop
      vertex 12.8576 -20.6906 8
      vertex 12.7053 -20.7382 -8
      vertex 12.8576 -20.6906 -8
    endloop
  endfacet
  facet normal 0.900365 0.435135 0
    outer loop
      vertex 10.8591 -25.3006 8
      vertex 10.7897 -25.157 -8
      vertex 10.7897 -25.157 8
    endloop
  endfacet
  facet normal 0.900365 0.435135 0
    outer loop
      vertex 10.7897 -25.157 -8
      vertex 10.8591 -25.3006 8
      vertex 10.8591 -25.3006 -8
    endloop
  endfacet
  facet normal 0.0081502 -0.999967 0
    outer loop
      vertex 13.6437 -20.5674 -8
      vertex 13.8032 -20.5661 8
      vertex 13.6437 -20.5674 8
    endloop
  endfacet
  facet normal 0.0081502 -0.999967 0
    outer loop
      vertex 13.8032 -20.5661 8
      vertex 13.6437 -20.5674 -8
      vertex 13.8032 -20.5661 -8
    endloop
  endfacet
  facet normal -0.701443 -0.712726 0
    outer loop
      vertex 15.9717 -21.4436 -8
      vertex 16.0854 -21.5555 8
      vertex 15.9717 -21.4436 8
    endloop
  endfacet
  facet normal -0.701443 -0.712726 -0
    outer loop
      vertex 16.0854 -21.5555 8
      vertex 15.9717 -21.4436 -8
      vertex 16.0854 -21.5555 -8
    endloop
  endfacet
  facet normal 0.478281 -0.878207 0
    outer loop
      vertex 12.125 -21.0011 -8
      vertex 12.2651 -20.9248 8
      vertex 12.125 -21.0011 8
    endloop
  endfacet
  facet normal 0.478281 -0.878207 0
    outer loop
      vertex 12.2651 -20.9248 8
      vertex 12.125 -21.0011 -8
      vertex 12.2651 -20.9248 -8
    endloop
  endfacet
  facet normal -0.186824 -0.982393 0
    outer loop
      vertex 14.2794 -20.6091 -8
      vertex 14.4361 -20.6389 8
      vertex 14.2794 -20.6091 8
    endloop
  endfacet
  facet normal -0.186824 -0.982393 -0
    outer loop
      vertex 14.4361 -20.6389 8
      vertex 14.2794 -20.6091 -8
      vertex 14.4361 -20.6389 -8
    endloop
  endfacet
  facet normal -0.463937 -0.885868 0
    outer loop
      vertex 15.1874 -20.9009 -8
      vertex 15.3287 -20.9749 8
      vertex 15.1874 -20.9009 8
    endloop
  endfacet
  facet normal -0.463937 -0.885868 -0
    outer loop
      vertex 15.3287 -20.9749 8
      vertex 15.1874 -20.9009 -8
      vertex 15.3287 -20.9749 -8
    endloop
  endfacet
  facet normal 0.982393 -0.186824 0
    outer loop
      vertex 10.5434 -23.2863 8
      vertex 10.5732 -23.1296 -8
      vertex 10.5732 -23.1296 8
    endloop
  endfacet
  facet normal 0.982393 -0.186824 0
    outer loop
      vertex 10.5732 -23.1296 -8
      vertex 10.5434 -23.2863 8
      vertex 10.5434 -23.2863 -8
    endloop
  endfacet
  facet normal 0.435135 -0.900365 0
    outer loop
      vertex 12.2651 -20.9248 -8
      vertex 12.4087 -20.8554 8
      vertex 12.2651 -20.9248 8
    endloop
  endfacet
  facet normal 0.435135 -0.900365 0
    outer loop
      vertex 12.4087 -20.8554 8
      vertex 12.2651 -20.9248 -8
      vertex 12.4087 -20.8554 -8
    endloop
  endfacet
  facet normal 0.92063 0.390437 0
    outer loop
      vertex 10.7897 -25.157 8
      vertex 10.7274 -25.0101 -8
      vertex 10.7274 -25.0101 8
    endloop
  endfacet
  facet normal 0.92063 0.390437 0
    outer loop
      vertex 10.7274 -25.0101 -8
      vertex 10.7897 -25.157 8
      vertex 10.7897 -25.157 -8
    endloop
  endfacet
  facet normal 0.628206 0.778047 -0
    outer loop
      vertex 11.7715 -26.3941 -8
      vertex 11.6474 -26.2939 8
      vertex 11.7715 -26.3941 8
    endloop
  endfacet
  facet normal 0.628206 0.778047 0
    outer loop
      vertex 11.6474 -26.2939 8
      vertex 11.7715 -26.3941 -8
      vertex 11.6474 -26.2939 -8
    endloop
  endfacet
  facet normal -0.665181 -0.746682 0
    outer loop
      vertex 15.8526 -21.3375 -8
      vertex 15.9717 -21.4436 8
      vertex 15.8526 -21.3375 8
    endloop
  endfacet
  facet normal -0.665181 -0.746682 -0
    outer loop
      vertex 15.9717 -21.4436 8
      vertex 15.8526 -21.3375 -8
      vertex 15.9717 -21.4436 -8
    endloop
  endfacet
  facet normal -0.938856 -0.34431 0
    outer loop
      vertex 16.8275 -22.771 -8
      vertex 16.7726 -22.6213 8
      vertex 16.7726 -22.6213 -8
    endloop
  endfacet
  facet normal -0.938856 -0.34431 0
    outer loop
      vertex 16.7726 -22.6213 8
      vertex 16.8275 -22.771 -8
      vertex 16.8275 -22.771 8
    endloop
  endfacet
  facet normal 0.944268 -0.329177 0
    outer loop
      vertex 10.6558 -22.8215 8
      vertex 10.7083 -22.6709 -8
      vertex 10.7083 -22.6709 8
    endloop
  endfacet
  facet normal 0.944268 -0.329177 0
    outer loop
      vertex 10.7083 -22.6709 -8
      vertex 10.6558 -22.8215 8
      vertex 10.6558 -22.8215 -8
    endloop
  endfacet
  facet normal 0.329177 0.944268 -0
    outer loop
      vertex 12.7558 -26.9099 -8
      vertex 12.6052 -26.8574 8
      vertex 12.7558 -26.9099 8
    endloop
  endfacet
  facet normal 0.329177 0.944268 0
    outer loop
      vertex 12.6052 -26.8574 8
      vertex 12.7558 -26.9099 -8
      vertex 12.6052 -26.8574 -8
    endloop
  endfacet
  facet normal -0.954469 -0.298311 0
    outer loop
      vertex 16.8751 -22.9233 -8
      vertex 16.8275 -22.771 8
      vertex 16.8275 -22.771 -8
    endloop
  endfacet
  facet normal -0.954469 -0.298311 0
    outer loop
      vertex 16.8275 -22.771 8
      vertex 16.8751 -22.9233 -8
      vertex 16.8751 -22.9233 8
    endloop
  endfacet
  facet normal 0.154836 -0.98794 0
    outer loop
      vertex 13.1682 -20.6182 -8
      vertex 13.3258 -20.5935 8
      vertex 13.1682 -20.6182 8
    endloop
  endfacet
  facet normal 0.154836 -0.98794 0
    outer loop
      vertex 13.3258 -20.5935 8
      vertex 13.1682 -20.6182 -8
      vertex 13.3258 -20.5935 -8
    endloop
  endfacet
  facet normal 0.746682 -0.665181 0
    outer loop
      vertex 11.2718 -21.7131 8
      vertex 11.3779 -21.594 -8
      vertex 11.3779 -21.594 8
    endloop
  endfacet
  facet normal 0.746682 -0.665181 0
    outer loop
      vertex 11.3779 -21.594 -8
      vertex 11.2718 -21.7131 8
      vertex 11.2718 -21.7131 -8
    endloop
  endfacet
  facet normal -0.105958 0.994371 0
    outer loop
      vertex 14.1742 -27.0379 -8
      vertex 14.0156 -27.0548 8
      vertex 14.1742 -27.0379 8
    endloop
  endfacet
  facet normal -0.105958 0.994371 0
    outer loop
      vertex 14.0156 -27.0548 8
      vertex 14.1742 -27.0379 -8
      vertex 14.0156 -27.0548 -8
    endloop
  endfacet
  facet normal -0.154836 0.98794 0
    outer loop
      vertex 14.3318 -27.0132 -8
      vertex 14.1742 -27.0379 8
      vertex 14.3318 -27.0132 8
    endloop
  endfacet
  facet normal -0.154836 0.98794 0
    outer loop
      vertex 14.1742 -27.0379 8
      vertex 14.3318 -27.0132 -8
      vertex 14.1742 -27.0379 -8
    endloop
  endfacet
  facet normal 0.105958 -0.994371 0
    outer loop
      vertex 13.3258 -20.5935 -8
      vertex 13.4844 -20.5766 8
      vertex 13.3258 -20.5935 8
    endloop
  endfacet
  facet normal 0.105958 -0.994371 0
    outer loop
      vertex 13.4844 -20.5766 8
      vertex 13.3258 -20.5935 -8
      vertex 13.4844 -20.5766 -8
    endloop
  endfacet
  facet normal 0.836174 -0.548465 0
    outer loop
      vertex 10.9901 -22.0995 8
      vertex 11.0776 -21.9661 -8
      vertex 11.0776 -21.9661 8
    endloop
  endfacet
  facet normal 0.836174 -0.548465 0
    outer loop
      vertex 11.0776 -21.9661 -8
      vertex 10.9901 -22.0995 8
      vertex 10.9901 -22.0995 -8
    endloop
  endfacet
  facet normal 0.999967 0.0081502 0
    outer loop
      vertex 10.5017 -23.922 8
      vertex 10.5004 -23.7625 -8
      vertex 10.5004 -23.7625 8
    endloop
  endfacet
  facet normal 0.999967 0.0081502 0
    outer loop
      vertex 10.5004 -23.7625 -8
      vertex 10.5017 -23.922 8
      vertex 10.5017 -23.922 -8
    endloop
  endfacet
  facet normal -0.548465 -0.836174 0
    outer loop
      vertex 15.4662 -21.0558 -8
      vertex 15.5996 -21.1433 8
      vertex 15.4662 -21.0558 8
    endloop
  endfacet
  facet normal -0.548465 -0.836174 -0
    outer loop
      vertex 15.5996 -21.1433 8
      vertex 15.4662 -21.0558 -8
      vertex 15.5996 -21.1433 -8
    endloop
  endfacet
  facet normal 0.870089 0.492895 0
    outer loop
      vertex -7.71956 -4.62692 8
      vertex -7.93729 -4.24257 -8
      vertex -7.93729 -4.24257 8
    endloop
  endfacet
  facet normal 0.870089 0.492895 0
    outer loop
      vertex -7.93729 -4.24257 -8
      vertex -7.71956 -4.62692 8
      vertex -7.71956 -4.62692 -8
    endloop
  endfacet
  facet normal 0.999699 0.0245393 0
    outer loop
      vertex -8.98916 -0.441608 8
      vertex -9 0 -8
      vertex -9 0 8
    endloop
  endfacet
  facet normal 0.999699 0.0245393 0
    outer loop
      vertex -9 0 -8
      vertex -8.98916 -0.441608 8
      vertex -8.98916 -0.441608 -8
    endloop
  endfacet
  facet normal -0.99729 -0.0735722 0
    outer loop
      vertex 8.98916 0.441608 -8
      vertex 8.95666 0.882154 8
      vertex 8.95666 0.882154 -8
    endloop
  endfacet
  facet normal -0.99729 -0.0735722 0
    outer loop
      vertex 8.95666 0.882154 8
      vertex 8.98916 0.441608 -8
      vertex 8.98916 0.441608 8
    endloop
  endfacet
  facet normal -0.999699 -0.0245393 0
    outer loop
      vertex 9 0 -8
      vertex 8.98916 0.441608 8
      vertex 8.98916 0.441608 -8
    endloop
  endfacet
  facet normal -0.999699 -0.0245393 0
    outer loop
      vertex 8.98916 0.441608 8
      vertex 9 0 -8
      vertex 9 0 8
    endloop
  endfacet
  facet normal -0.99248 -0.122403 0
    outer loop
      vertex 8.95666 0.882154 -8
      vertex 8.90259 1.32057 8
      vertex 8.90259 1.32057 -8
    endloop
  endfacet
  facet normal -0.99248 -0.122403 0
    outer loop
      vertex 8.90259 1.32057 8
      vertex 8.95666 0.882154 -8
      vertex 8.95666 0.882154 8
    endloop
  endfacet
  facet normal 0.359895 0.932993 -0
    outer loop
      vertex -3.03201 -8.4739 -8
      vertex -3.44415 -8.31492 8
      vertex -3.03201 -8.4739 8
    endloop
  endfacet
  facet normal 0.359895 0.932993 0
    outer loop
      vertex -3.44415 -8.31492 8
      vertex -3.03201 -8.4739 -8
      vertex -3.44415 -8.31492 -8
    endloop
  endfacet
  facet normal 0.985278 -0.170959 0
    outer loop
      vertex -8.90259 1.32057 8
      vertex -8.82707 1.75581 -8
      vertex -8.82707 1.75581 8
    endloop
  endfacet
  facet normal 0.985278 -0.170959 0
    outer loop
      vertex -8.82707 1.75581 -8
      vertex -8.90259 1.32057 8
      vertex -8.90259 1.32057 -8
    endloop
  endfacet
  facet normal -0.0735722 0.99729 0
    outer loop
      vertex 0.882154 -8.95666 -8
      vertex 0.441608 -8.98916 8
      vertex 0.882154 -8.95666 8
    endloop
  endfacet
  facet normal -0.0735722 0.99729 0
    outer loop
      vertex 0.441608 -8.98916 8
      vertex 0.882154 -8.95666 -8
      vertex 0.441608 -8.98916 -8
    endloop
  endfacet
  facet normal 0.932993 -0.359895 0
    outer loop
      vertex -8.4739 3.03201 8
      vertex -8.31492 3.44415 -8
      vertex -8.31492 3.44415 8
    endloop
  endfacet
  facet normal 0.932993 -0.359895 0
    outer loop
      vertex -8.31492 3.44415 -8
      vertex -8.4739 3.03201 8
      vertex -8.4739 3.03201 -8
    endloop
  endfacet
  facet normal 0.9757 -0.219109 0
    outer loop
      vertex -8.82707 1.75581 8
      vertex -8.73028 2.18682 -8
      vertex -8.73028 2.18682 8
    endloop
  endfacet
  facet normal 0.9757 -0.219109 0
    outer loop
      vertex -8.73028 2.18682 -8
      vertex -8.82707 1.75581 8
      vertex -8.82707 1.75581 -8
    endloop
  endfacet
  facet normal -0.534993 0.844856 0
    outer loop
      vertex 5.00013 -7.48323 -8
      vertex 4.62692 -7.71956 8
      vertex 5.00013 -7.48323 8
    endloop
  endfacet
  facet normal -0.534993 0.844856 0
    outer loop
      vertex 4.62692 -7.71956 8
      vertex 5.00013 -7.48323 -8
      vertex 4.62692 -7.71956 -8
    endloop
  endfacet
  facet normal -0.9757 0.219109 0
    outer loop
      vertex 8.73028 -2.18682 -8
      vertex 8.82707 -1.75581 8
      vertex 8.82707 -1.75581 -8
    endloop
  endfacet
  facet normal -0.9757 0.219109 0
    outer loop
      vertex 8.82707 -1.75581 8
      vertex 8.73028 -2.18682 -8
      vertex 8.73028 -2.18682 8
    endloop
  endfacet
  facet normal 0.9757 0.219109 0
    outer loop
      vertex -8.73028 -2.18682 8
      vertex -8.82707 -1.75581 -8
      vertex -8.82707 -1.75581 8
    endloop
  endfacet
  facet normal 0.9757 0.219109 0
    outer loop
      vertex -8.82707 -1.75581 -8
      vertex -8.73028 -2.18682 8
      vertex -8.73028 -2.18682 -8
    endloop
  endfacet
  facet normal -0.949533 -0.313666 0
    outer loop
      vertex 8.61246 2.61256 -8
      vertex 8.4739 3.03201 8
      vertex 8.4739 3.03201 -8
    endloop
  endfacet
  facet normal -0.949533 -0.313666 0
    outer loop
      vertex 8.4739 3.03201 8
      vertex 8.61246 2.61256 -8
      vertex 8.61246 2.61256 8
    endloop
  endfacet
  facet normal -0.788343 0.615236 0
    outer loop
      vertex 6.95709 -5.70954 -8
      vertex 7.22887 -5.36129 8
      vertex 7.22887 -5.36129 -8
    endloop
  endfacet
  facet normal -0.788343 0.615236 0
    outer loop
      vertex 7.22887 -5.36129 8
      vertex 6.95709 -5.70954 -8
      vertex 6.95709 -5.70954 8
    endloop
  endfacet
  facet normal 0.949533 -0.313666 0
    outer loop
      vertex -8.61246 2.61256 8
      vertex -8.4739 3.03201 -8
      vertex -8.4739 3.03201 8
    endloop
  endfacet
  facet normal 0.949533 -0.313666 0
    outer loop
      vertex -8.4739 3.03201 -8
      vertex -8.61246 2.61256 8
      vertex -8.61246 2.61256 -8
    endloop
  endfacet
  facet normal -0.893224 0.449612 0
    outer loop
      vertex 7.93729 -4.24257 -8
      vertex 8.1359 -3.848 8
      vertex 8.1359 -3.848 -8
    endloop
  endfacet
  facet normal -0.893224 0.449612 0
    outer loop
      vertex 8.1359 -3.848 8
      vertex 7.93729 -4.24257 -8
      vertex 7.93729 -4.24257 8
    endloop
  endfacet
  facet normal 0.449612 0.893224 -0
    outer loop
      vertex -3.848 -8.1359 -8
      vertex -4.24257 -7.93729 8
      vertex -3.848 -8.1359 8
    endloop
  endfacet
  facet normal 0.449612 0.893224 0
    outer loop
      vertex -4.24257 -7.93729 8
      vertex -3.848 -8.1359 -8
      vertex -4.24257 -7.93729 -8
    endloop
  endfacet
  facet normal 0.757212 -0.653169 0
    outer loop
      vertex -6.95709 5.70954 8
      vertex -6.66856 6.04403 -8
      vertex -6.66856 6.04403 8
    endloop
  endfacet
  facet normal 0.757212 -0.653169 0
    outer loop
      vertex -6.66856 6.04403 -8
      vertex -6.95709 5.70954 8
      vertex -6.95709 5.70954 -8
    endloop
  endfacet
  facet normal 0.313666 0.949533 -0
    outer loop
      vertex -2.61256 -8.61246 -8
      vertex -3.03201 -8.4739 8
      vertex -2.61256 -8.61246 8
    endloop
  endfacet
  facet normal 0.313666 0.949533 0
    outer loop
      vertex -3.03201 -8.4739 8
      vertex -2.61256 -8.61246 -8
      vertex -3.03201 -8.4739 -8
    endloop
  endfacet
  facet normal -0.870089 -0.492895 0
    outer loop
      vertex 7.93729 4.24257 -8
      vertex 7.71956 4.62692 8
      vertex 7.71956 4.62692 -8
    endloop
  endfacet
  facet normal -0.870089 -0.492895 0
    outer loop
      vertex 7.71956 4.62692 8
      vertex 7.93729 4.24257 -8
      vertex 7.93729 4.24257 8
    endloop
  endfacet
  facet normal -0.963775 0.266717 0
    outer loop
      vertex 8.61246 -2.61256 -8
      vertex 8.73028 -2.18682 8
      vertex 8.73028 -2.18682 -8
    endloop
  endfacet
  facet normal -0.963775 0.266717 0
    outer loop
      vertex 8.73028 -2.18682 8
      vertex 8.61246 -2.61256 -8
      vertex 8.61246 -2.61256 8
    endloop
  endfacet
  facet normal -0.266717 -0.963775 0
    outer loop
      vertex 2.18682 8.73028 -8
      vertex 2.61256 8.61246 8
      vertex 2.18682 8.73028 8
    endloop
  endfacet
  facet normal -0.266717 -0.963775 -0
    outer loop
      vertex 2.61256 8.61246 8
      vertex 2.18682 8.73028 -8
      vertex 2.61256 8.61246 -8
    endloop
  endfacet
  facet normal -0.615236 -0.788343 0
    outer loop
      vertex 5.36129 7.22887 -8
      vertex 5.70954 6.95709 8
      vertex 5.36129 7.22887 8
    endloop
  endfacet
  facet normal -0.615236 -0.788343 -0
    outer loop
      vertex 5.70954 6.95709 8
      vertex 5.36129 7.22887 -8
      vertex 5.70954 6.95709 -8
    endloop
  endfacet
  facet normal -0.844856 -0.534993 0
    outer loop
      vertex 7.71956 4.62692 -8
      vertex 7.48323 5.00013 8
      vertex 7.48323 5.00013 -8
    endloop
  endfacet
  facet normal -0.844856 -0.534993 0
    outer loop
      vertex 7.48323 5.00013 8
      vertex 7.71956 4.62692 -8
      vertex 7.71956 4.62692 8
    endloop
  endfacet
  facet normal -0.0245393 0.999699 0
    outer loop
      vertex 0.441608 -8.98916 -8
      vertex 0 -9 8
      vertex 0.441608 -8.98916 8
    endloop
  endfacet
  facet normal -0.0245393 0.999699 0
    outer loop
      vertex 0 -9 8
      vertex 0.441608 -8.98916 -8
      vertex 0 -9 -8
    endloop
  endfacet
  facet normal -0.575812 -0.817582 0
    outer loop
      vertex 5.00013 7.48323 -8
      vertex 5.36129 7.22887 8
      vertex 5.00013 7.48323 8
    endloop
  endfacet
  facet normal -0.575812 -0.817582 -0
    outer loop
      vertex 5.36129 7.22887 8
      vertex 5.00013 7.48323 -8
      vertex 5.36129 7.22887 -8
    endloop
  endfacet
  facet normal -0.219109 0.9757 0
    outer loop
      vertex 2.18682 -8.73028 -8
      vertex 1.75581 -8.82707 8
      vertex 2.18682 -8.73028 8
    endloop
  endfacet
  facet normal -0.219109 0.9757 0
    outer loop
      vertex 1.75581 -8.82707 8
      vertex 2.18682 -8.73028 -8
      vertex 1.75581 -8.82707 -8
    endloop
  endfacet
  facet normal -0.492895 -0.870089 0
    outer loop
      vertex 4.24257 7.93729 -8
      vertex 4.62692 7.71956 8
      vertex 4.24257 7.93729 8
    endloop
  endfacet
  facet normal -0.492895 -0.870089 -0
    outer loop
      vertex 4.62692 7.71956 8
      vertex 4.24257 7.93729 -8
      vertex 4.62692 7.71956 -8
    endloop
  endfacet
  facet normal 0.219109 -0.9757 0
    outer loop
      vertex -2.18682 8.73028 -8
      vertex -1.75581 8.82707 8
      vertex -2.18682 8.73028 8
    endloop
  endfacet
  facet normal 0.219109 -0.9757 0
    outer loop
      vertex -1.75581 8.82707 8
      vertex -2.18682 8.73028 -8
      vertex -1.75581 8.82707 -8
    endloop
  endfacet
  facet normal -0.405252 -0.914205 0
    outer loop
      vertex 3.44415 8.31492 -8
      vertex 3.848 8.1359 8
      vertex 3.44415 8.31492 8
    endloop
  endfacet
  facet normal -0.405252 -0.914205 -0
    outer loop
      vertex 3.848 8.1359 8
      vertex 3.44415 8.31492 -8
      vertex 3.848 8.1359 -8
    endloop
  endfacet
  facet normal 0.724246 -0.689542 0
    outer loop
      vertex -6.66856 6.04403 8
      vertex -6.36396 6.36396 -8
      vertex -6.36396 6.36396 8
    endloop
  endfacet
  facet normal 0.724246 -0.689542 0
    outer loop
      vertex -6.36396 6.36396 -8
      vertex -6.66856 6.04403 8
      vertex -6.66856 6.04403 -8
    endloop
  endfacet
  facet normal 0.963775 -0.266717 0
    outer loop
      vertex -8.73028 2.18682 8
      vertex -8.61246 2.61256 -8
      vertex -8.61246 2.61256 8
    endloop
  endfacet
  facet normal 0.963775 -0.266717 0
    outer loop
      vertex -8.61246 2.61256 -8
      vertex -8.73028 2.18682 8
      vertex -8.73028 2.18682 -8
    endloop
  endfacet
  facet normal -0.724246 -0.689542 0
    outer loop
      vertex 6.66856 6.04403 -8
      vertex 6.36396 6.36396 8
      vertex 6.36396 6.36396 -8
    endloop
  endfacet
  facet normal -0.724246 -0.689542 0
    outer loop
      vertex 6.36396 6.36396 8
      vertex 6.66856 6.04403 -8
      vertex 6.66856 6.04403 8
    endloop
  endfacet
  facet normal 0.0245393 -0.999699 0
    outer loop
      vertex -0.441608 8.98916 -8
      vertex 0 9 8
      vertex -0.441608 8.98916 8
    endloop
  endfacet
  facet normal 0.0245393 -0.999699 0
    outer loop
      vertex 0 9 8
      vertex -0.441608 8.98916 -8
      vertex 0 9 -8
    endloop
  endfacet
  facet normal -0.870089 0.492895 0
    outer loop
      vertex 7.71956 -4.62692 -8
      vertex 7.93729 -4.24257 8
      vertex 7.93729 -4.24257 -8
    endloop
  endfacet
  facet normal -0.870089 0.492895 0
    outer loop
      vertex 7.93729 -4.24257 8
      vertex 7.71956 -4.62692 -8
      vertex 7.71956 -4.62692 8
    endloop
  endfacet
  facet normal -0.99248 0.122403 0
    outer loop
      vertex 8.90259 -1.32057 -8
      vertex 8.95666 -0.882154 8
      vertex 8.95666 -0.882154 -8
    endloop
  endfacet
  facet normal -0.99248 0.122403 0
    outer loop
      vertex 8.95666 -0.882154 8
      vertex 8.90259 -1.32057 -8
      vertex 8.90259 -1.32057 8
    endloop
  endfacet
  facet normal 0.724246 0.689542 0
    outer loop
      vertex -6.36396 -6.36396 8
      vertex -6.66856 -6.04403 -8
      vertex -6.66856 -6.04403 8
    endloop
  endfacet
  facet normal 0.724246 0.689542 0
    outer loop
      vertex -6.66856 -6.04403 -8
      vertex -6.36396 -6.36396 8
      vertex -6.36396 -6.36396 -8
    endloop
  endfacet
  facet normal 0.359895 -0.932993 0
    outer loop
      vertex -3.44415 8.31492 -8
      vertex -3.03201 8.4739 8
      vertex -3.44415 8.31492 8
    endloop
  endfacet
  facet normal 0.359895 -0.932993 0
    outer loop
      vertex -3.03201 8.4739 8
      vertex -3.44415 8.31492 -8
      vertex -3.03201 8.4739 -8
    endloop
  endfacet
  facet normal -0.170959 0.985278 0
    outer loop
      vertex 1.75581 -8.82707 -8
      vertex 1.32057 -8.90259 8
      vertex 1.75581 -8.82707 8
    endloop
  endfacet
  facet normal -0.170959 0.985278 0
    outer loop
      vertex 1.32057 -8.90259 8
      vertex 1.75581 -8.82707 -8
      vertex 1.32057 -8.90259 -8
    endloop
  endfacet
  facet normal 0.99729 0.0735722 0
    outer loop
      vertex -8.95666 -0.882154 8
      vertex -8.98916 -0.441608 -8
      vertex -8.98916 -0.441608 8
    endloop
  endfacet
  facet normal 0.99729 0.0735722 0
    outer loop
      vertex -8.98916 -0.441608 -8
      vertex -8.95666 -0.882154 8
      vertex -8.95666 -0.882154 -8
    endloop
  endfacet
  facet normal -0.893224 -0.449612 0
    outer loop
      vertex 8.1359 3.848 -8
      vertex 7.93729 4.24257 8
      vertex 7.93729 4.24257 -8
    endloop
  endfacet
  facet normal -0.893224 -0.449612 0
    outer loop
      vertex 7.93729 4.24257 8
      vertex 8.1359 3.848 -8
      vertex 8.1359 3.848 8
    endloop
  endfacet
  facet normal -0.914205 -0.405252 0
    outer loop
      vertex 8.31492 3.44415 -8
      vertex 8.1359 3.848 8
      vertex 8.1359 3.848 -8
    endloop
  endfacet
  facet normal -0.914205 -0.405252 0
    outer loop
      vertex 8.1359 3.848 8
      vertex 8.31492 3.44415 -8
      vertex 8.31492 3.44415 8
    endloop
  endfacet
  facet normal 0.122403 -0.99248 0
    outer loop
      vertex -1.32057 8.90259 -8
      vertex -0.882154 8.95666 8
      vertex -1.32057 8.90259 8
    endloop
  endfacet
  facet normal 0.122403 -0.99248 0
    outer loop
      vertex -0.882154 8.95666 8
      vertex -1.32057 8.90259 -8
      vertex -0.882154 8.95666 -8
    endloop
  endfacet
  facet normal 0.170959 -0.985278 0
    outer loop
      vertex -1.75581 8.82707 -8
      vertex -1.32057 8.90259 8
      vertex -1.75581 8.82707 8
    endloop
  endfacet
  facet normal 0.170959 -0.985278 0
    outer loop
      vertex -1.32057 8.90259 8
      vertex -1.75581 8.82707 -8
      vertex -1.32057 8.90259 -8
    endloop
  endfacet
  facet normal -0.757212 0.653169 0
    outer loop
      vertex 6.66856 -6.04403 -8
      vertex 6.95709 -5.70954 8
      vertex 6.95709 -5.70954 -8
    endloop
  endfacet
  facet normal -0.757212 0.653169 0
    outer loop
      vertex 6.95709 -5.70954 8
      vertex 6.66856 -6.04403 -8
      vertex 6.66856 -6.04403 8
    endloop
  endfacet
  facet normal 0.0245393 0.999699 -0
    outer loop
      vertex 0 -9 -8
      vertex -0.441608 -8.98916 8
      vertex 0 -9 8
    endloop
  endfacet
  facet normal 0.0245393 0.999699 0
    outer loop
      vertex -0.441608 -8.98916 8
      vertex 0 -9 -8
      vertex -0.441608 -8.98916 -8
    endloop
  endfacet
  facet normal 0.0735722 0.99729 -0
    outer loop
      vertex -0.441608 -8.98916 -8
      vertex -0.882154 -8.95666 8
      vertex -0.441608 -8.98916 8
    endloop
  endfacet
  facet normal 0.0735722 0.99729 0
    outer loop
      vertex -0.882154 -8.95666 8
      vertex -0.441608 -8.98916 -8
      vertex -0.882154 -8.95666 -8
    endloop
  endfacet
  facet normal 0.99248 0.122403 0
    outer loop
      vertex -8.90259 -1.32057 8
      vertex -8.95666 -0.882154 -8
      vertex -8.95666 -0.882154 8
    endloop
  endfacet
  facet normal 0.99248 0.122403 0
    outer loop
      vertex -8.95666 -0.882154 -8
      vertex -8.90259 -1.32057 8
      vertex -8.90259 -1.32057 -8
    endloop
  endfacet
  facet normal -0.914205 0.405252 0
    outer loop
      vertex 8.1359 -3.848 -8
      vertex 8.31492 -3.44415 8
      vertex 8.31492 -3.44415 -8
    endloop
  endfacet
  facet normal -0.914205 0.405252 0
    outer loop
      vertex 8.31492 -3.44415 8
      vertex 8.1359 -3.848 -8
      vertex 8.1359 -3.848 8
    endloop
  endfacet
  facet normal 0.689542 -0.724246 0
    outer loop
      vertex -6.36396 6.36396 -8
      vertex -6.04403 6.66856 8
      vertex -6.36396 6.36396 8
    endloop
  endfacet
  facet normal 0.689542 -0.724246 0
    outer loop
      vertex -6.04403 6.66856 8
      vertex -6.36396 6.36396 -8
      vertex -6.04403 6.66856 -8
    endloop
  endfacet
  facet normal -0.949533 0.313666 0
    outer loop
      vertex 8.4739 -3.03201 -8
      vertex 8.61246 -2.61256 8
      vertex 8.61246 -2.61256 -8
    endloop
  endfacet
  facet normal -0.949533 0.313666 0
    outer loop
      vertex 8.61246 -2.61256 8
      vertex 8.4739 -3.03201 -8
      vertex 8.4739 -3.03201 8
    endloop
  endfacet
  facet normal 0.0735722 -0.99729 0
    outer loop
      vertex -0.882154 8.95666 -8
      vertex -0.441608 8.98916 8
      vertex -0.882154 8.95666 8
    endloop
  endfacet
  facet normal 0.0735722 -0.99729 0
    outer loop
      vertex -0.441608 8.98916 8
      vertex -0.882154 8.95666 -8
      vertex -0.441608 8.98916 -8
    endloop
  endfacet
  facet normal -0.99729 0.0735722 0
    outer loop
      vertex 8.95666 -0.882154 -8
      vertex 8.98916 -0.441608 8
      vertex 8.98916 -0.441608 -8
    endloop
  endfacet
  facet normal -0.99729 0.0735722 0
    outer loop
      vertex 8.98916 -0.441608 8
      vertex 8.95666 -0.882154 -8
      vertex 8.95666 -0.882154 8
    endloop
  endfacet
  facet normal -0.359895 0.932993 0
    outer loop
      vertex 3.44415 -8.31492 -8
      vertex 3.03201 -8.4739 8
      vertex 3.44415 -8.31492 8
    endloop
  endfacet
  facet normal -0.359895 0.932993 0
    outer loop
      vertex 3.03201 -8.4739 8
      vertex 3.44415 -8.31492 -8
      vertex 3.03201 -8.4739 -8
    endloop
  endfacet
  facet normal -0.615236 0.788343 0
    outer loop
      vertex 5.70954 -6.95709 -8
      vertex 5.36129 -7.22887 8
      vertex 5.70954 -6.95709 8
    endloop
  endfacet
  facet normal -0.615236 0.788343 0
    outer loop
      vertex 5.36129 -7.22887 8
      vertex 5.70954 -6.95709 -8
      vertex 5.36129 -7.22887 -8
    endloop
  endfacet
  facet normal -0.817582 0.575812 0
    outer loop
      vertex 7.22887 -5.36129 -8
      vertex 7.48323 -5.00013 8
      vertex 7.48323 -5.00013 -8
    endloop
  endfacet
  facet normal -0.817582 0.575812 0
    outer loop
      vertex 7.48323 -5.00013 8
      vertex 7.22887 -5.36129 -8
      vertex 7.22887 -5.36129 8
    endloop
  endfacet
  facet normal -0.359895 -0.932993 0
    outer loop
      vertex 3.03201 8.4739 -8
      vertex 3.44415 8.31492 8
      vertex 3.03201 8.4739 8
    endloop
  endfacet
  facet normal -0.359895 -0.932993 -0
    outer loop
      vertex 3.44415 8.31492 8
      vertex 3.03201 8.4739 -8
      vertex 3.44415 8.31492 -8
    endloop
  endfacet
  facet normal 0.999699 -0.0245393 0
    outer loop
      vertex -9 0 8
      vertex -8.98916 0.441608 -8
      vertex -8.98916 0.441608 8
    endloop
  endfacet
  facet normal 0.999699 -0.0245393 0
    outer loop
      vertex -8.98916 0.441608 -8
      vertex -9 0 8
      vertex -9 0 -8
    endloop
  endfacet
  facet normal 0.99248 -0.122403 0
    outer loop
      vertex -8.95666 0.882154 8
      vertex -8.90259 1.32057 -8
      vertex -8.90259 1.32057 8
    endloop
  endfacet
  facet normal 0.99248 -0.122403 0
    outer loop
      vertex -8.90259 1.32057 -8
      vertex -8.95666 0.882154 8
      vertex -8.95666 0.882154 -8
    endloop
  endfacet
  facet normal -0.932993 -0.359895 0
    outer loop
      vertex 8.4739 3.03201 -8
      vertex 8.31492 3.44415 8
      vertex 8.31492 3.44415 -8
    endloop
  endfacet
  facet normal -0.932993 -0.359895 0
    outer loop
      vertex 8.31492 3.44415 8
      vertex 8.4739 3.03201 -8
      vertex 8.4739 3.03201 8
    endloop
  endfacet
  facet normal -0.817582 -0.575812 0
    outer loop
      vertex 7.48323 5.00013 -8
      vertex 7.22887 5.36129 8
      vertex 7.22887 5.36129 -8
    endloop
  endfacet
  facet normal -0.817582 -0.575812 0
    outer loop
      vertex 7.22887 5.36129 8
      vertex 7.48323 5.00013 -8
      vertex 7.48323 5.00013 8
    endloop
  endfacet
  facet normal -0.313666 0.949533 0
    outer loop
      vertex 3.03201 -8.4739 -8
      vertex 2.61256 -8.61246 8
      vertex 3.03201 -8.4739 8
    endloop
  endfacet
  facet normal -0.313666 0.949533 0
    outer loop
      vertex 2.61256 -8.61246 8
      vertex 3.03201 -8.4739 -8
      vertex 2.61256 -8.61246 -8
    endloop
  endfacet
  facet normal -0.170959 -0.985278 0
    outer loop
      vertex 1.32057 8.90259 -8
      vertex 1.75581 8.82707 8
      vertex 1.32057 8.90259 8
    endloop
  endfacet
  facet normal -0.170959 -0.985278 -0
    outer loop
      vertex 1.75581 8.82707 8
      vertex 1.32057 8.90259 -8
      vertex 1.75581 8.82707 -8
    endloop
  endfacet
  facet normal -0.689542 0.724246 0
    outer loop
      vertex 6.36396 -6.36396 -8
      vertex 6.04403 -6.66856 8
      vertex 6.36396 -6.36396 8
    endloop
  endfacet
  facet normal -0.689542 0.724246 0
    outer loop
      vertex 6.04403 -6.66856 8
      vertex 6.36396 -6.36396 -8
      vertex 6.04403 -6.66856 -8
    endloop
  endfacet
  facet normal -0.788343 -0.615236 0
    outer loop
      vertex 7.22887 5.36129 -8
      vertex 6.95709 5.70954 8
      vertex 6.95709 5.70954 -8
    endloop
  endfacet
  facet normal -0.788343 -0.615236 0
    outer loop
      vertex 6.95709 5.70954 8
      vertex 7.22887 5.36129 -8
      vertex 7.22887 5.36129 8
    endloop
  endfacet
  facet normal -0.932993 0.359895 0
    outer loop
      vertex 8.31492 -3.44415 -8
      vertex 8.4739 -3.03201 8
      vertex 8.4739 -3.03201 -8
    endloop
  endfacet
  facet normal -0.932993 0.359895 0
    outer loop
      vertex 8.4739 -3.03201 8
      vertex 8.31492 -3.44415 -8
      vertex 8.31492 -3.44415 8
    endloop
  endfacet
  facet normal 0.844856 0.534993 0
    outer loop
      vertex -7.48323 -5.00013 8
      vertex -7.71956 -4.62692 -8
      vertex -7.71956 -4.62692 8
    endloop
  endfacet
  facet normal 0.844856 0.534993 0
    outer loop
      vertex -7.71956 -4.62692 -8
      vertex -7.48323 -5.00013 8
      vertex -7.48323 -5.00013 -8
    endloop
  endfacet
  facet normal 0.615236 0.788343 -0
    outer loop
      vertex -5.36129 -7.22887 -8
      vertex -5.70954 -6.95709 8
      vertex -5.36129 -7.22887 8
    endloop
  endfacet
  facet normal 0.615236 0.788343 0
    outer loop
      vertex -5.70954 -6.95709 8
      vertex -5.36129 -7.22887 -8
      vertex -5.70954 -6.95709 -8
    endloop
  endfacet
  facet normal -0.405252 0.914205 0
    outer loop
      vertex 3.848 -8.1359 -8
      vertex 3.44415 -8.31492 8
      vertex 3.848 -8.1359 8
    endloop
  endfacet
  facet normal -0.405252 0.914205 0
    outer loop
      vertex 3.44415 -8.31492 8
      vertex 3.848 -8.1359 -8
      vertex 3.44415 -8.31492 -8
    endloop
  endfacet
  facet normal -0.985278 -0.170959 0
    outer loop
      vertex 8.90259 1.32057 -8
      vertex 8.82707 1.75581 8
      vertex 8.82707 1.75581 -8
    endloop
  endfacet
  facet normal -0.985278 -0.170959 0
    outer loop
      vertex 8.82707 1.75581 8
      vertex 8.90259 1.32057 -8
      vertex 8.90259 1.32057 8
    endloop
  endfacet
  facet normal -0.999699 0.0245393 0
    outer loop
      vertex 8.98916 -0.441608 -8
      vertex 9 0 8
      vertex 9 0 -8
    endloop
  endfacet
  facet normal -0.999699 0.0245393 0
    outer loop
      vertex 9 0 8
      vertex 8.98916 -0.441608 -8
      vertex 8.98916 -0.441608 8
    endloop
  endfacet
  facet normal 0.219109 0.9757 -0
    outer loop
      vertex -1.75581 -8.82707 -8
      vertex -2.18682 -8.73028 8
      vertex -1.75581 -8.82707 8
    endloop
  endfacet
  facet normal 0.219109 0.9757 0
    outer loop
      vertex -2.18682 -8.73028 8
      vertex -1.75581 -8.82707 -8
      vertex -2.18682 -8.73028 -8
    endloop
  endfacet
  facet normal -0.724246 0.689542 0
    outer loop
      vertex 6.36396 -6.36396 -8
      vertex 6.66856 -6.04403 8
      vertex 6.66856 -6.04403 -8
    endloop
  endfacet
  facet normal -0.724246 0.689542 0
    outer loop
      vertex 6.66856 -6.04403 8
      vertex 6.36396 -6.36396 -8
      vertex 6.36396 -6.36396 8
    endloop
  endfacet
  facet normal -0.689542 -0.724246 0
    outer loop
      vertex 6.04403 6.66856 -8
      vertex 6.36396 6.36396 8
      vertex 6.04403 6.66856 8
    endloop
  endfacet
  facet normal -0.689542 -0.724246 -0
    outer loop
      vertex 6.36396 6.36396 8
      vertex 6.04403 6.66856 -8
      vertex 6.36396 6.36396 -8
    endloop
  endfacet
  facet normal 0.534993 0.844856 -0
    outer loop
      vertex -4.62692 -7.71956 -8
      vertex -5.00013 -7.48323 8
      vertex -4.62692 -7.71956 8
    endloop
  endfacet
  facet normal 0.534993 0.844856 0
    outer loop
      vertex -5.00013 -7.48323 8
      vertex -4.62692 -7.71956 -8
      vertex -5.00013 -7.48323 -8
    endloop
  endfacet
  facet normal -0.575812 0.817582 0
    outer loop
      vertex 5.36129 -7.22887 -8
      vertex 5.00013 -7.48323 8
      vertex 5.36129 -7.22887 8
    endloop
  endfacet
  facet normal -0.575812 0.817582 0
    outer loop
      vertex 5.00013 -7.48323 8
      vertex 5.36129 -7.22887 -8
      vertex 5.00013 -7.48323 -8
    endloop
  endfacet
  facet normal -0.9757 -0.219109 0
    outer loop
      vertex 8.82707 1.75581 -8
      vertex 8.73028 2.18682 8
      vertex 8.73028 2.18682 -8
    endloop
  endfacet
  facet normal -0.9757 -0.219109 0
    outer loop
      vertex 8.73028 2.18682 8
      vertex 8.82707 1.75581 -8
      vertex 8.82707 1.75581 8
    endloop
  endfacet
  facet normal -0.219109 -0.9757 0
    outer loop
      vertex 1.75581 8.82707 -8
      vertex 2.18682 8.73028 8
      vertex 1.75581 8.82707 8
    endloop
  endfacet
  facet normal -0.219109 -0.9757 -0
    outer loop
      vertex 2.18682 8.73028 8
      vertex 1.75581 8.82707 -8
      vertex 2.18682 8.73028 -8
    endloop
  endfacet
  facet normal -0.963775 -0.266717 0
    outer loop
      vertex 8.73028 2.18682 -8
      vertex 8.61246 2.61256 8
      vertex 8.61246 2.61256 -8
    endloop
  endfacet
  facet normal -0.963775 -0.266717 0
    outer loop
      vertex 8.61246 2.61256 8
      vertex 8.73028 2.18682 -8
      vertex 8.73028 2.18682 8
    endloop
  endfacet
  facet normal 0.170959 0.985278 -0
    outer loop
      vertex -1.32057 -8.90259 -8
      vertex -1.75581 -8.82707 8
      vertex -1.32057 -8.90259 8
    endloop
  endfacet
  facet normal 0.170959 0.985278 0
    outer loop
      vertex -1.75581 -8.82707 8
      vertex -1.32057 -8.90259 -8
      vertex -1.75581 -8.82707 -8
    endloop
  endfacet
  facet normal 0.653169 -0.757212 0
    outer loop
      vertex -6.04403 6.66856 -8
      vertex -5.70954 6.95709 8
      vertex -6.04403 6.66856 8
    endloop
  endfacet
  facet normal 0.653169 -0.757212 0
    outer loop
      vertex -5.70954 6.95709 8
      vertex -6.04403 6.66856 -8
      vertex -5.70954 6.95709 -8
    endloop
  endfacet
  facet normal 0.757212 0.653169 0
    outer loop
      vertex -6.66856 -6.04403 8
      vertex -6.95709 -5.70954 -8
      vertex -6.95709 -5.70954 8
    endloop
  endfacet
  facet normal 0.757212 0.653169 0
    outer loop
      vertex -6.95709 -5.70954 -8
      vertex -6.66856 -6.04403 8
      vertex -6.66856 -6.04403 -8
    endloop
  endfacet
  facet normal 0.313666 -0.949533 0
    outer loop
      vertex -3.03201 8.4739 -8
      vertex -2.61256 8.61246 8
      vertex -3.03201 8.4739 8
    endloop
  endfacet
  facet normal 0.313666 -0.949533 0
    outer loop
      vertex -2.61256 8.61246 8
      vertex -3.03201 8.4739 -8
      vertex -2.61256 8.61246 -8
    endloop
  endfacet
  facet normal -0.122403 -0.99248 0
    outer loop
      vertex 0.882154 8.95666 -8
      vertex 1.32057 8.90259 8
      vertex 0.882154 8.95666 8
    endloop
  endfacet
  facet normal -0.122403 -0.99248 -0
    outer loop
      vertex 1.32057 8.90259 8
      vertex 0.882154 8.95666 -8
      vertex 1.32057 8.90259 -8
    endloop
  endfacet
  facet normal 0.99729 -0.0735722 0
    outer loop
      vertex -8.98916 0.441608 8
      vertex -8.95666 0.882154 -8
      vertex -8.95666 0.882154 8
    endloop
  endfacet
  facet normal 0.99729 -0.0735722 0
    outer loop
      vertex -8.95666 0.882154 -8
      vertex -8.98916 0.441608 8
      vertex -8.98916 0.441608 -8
    endloop
  endfacet
  facet normal -0.534993 -0.844856 0
    outer loop
      vertex 4.62692 7.71956 -8
      vertex 5.00013 7.48323 8
      vertex 4.62692 7.71956 8
    endloop
  endfacet
  facet normal -0.534993 -0.844856 -0
    outer loop
      vertex 5.00013 7.48323 8
      vertex 4.62692 7.71956 -8
      vertex 5.00013 7.48323 -8
    endloop
  endfacet
  facet normal -0.653169 -0.757212 0
    outer loop
      vertex 5.70954 6.95709 -8
      vertex 6.04403 6.66856 8
      vertex 5.70954 6.95709 8
    endloop
  endfacet
  facet normal -0.653169 -0.757212 -0
    outer loop
      vertex 6.04403 6.66856 8
      vertex 5.70954 6.95709 -8
      vertex 6.04403 6.66856 -8
    endloop
  endfacet
  facet normal -0.653169 0.757212 0
    outer loop
      vertex 6.04403 -6.66856 -8
      vertex 5.70954 -6.95709 8
      vertex 6.04403 -6.66856 8
    endloop
  endfacet
  facet normal -0.653169 0.757212 0
    outer loop
      vertex 5.70954 -6.95709 8
      vertex 6.04403 -6.66856 -8
      vertex 5.70954 -6.95709 -8
    endloop
  endfacet
  facet normal 0.932993 0.359895 0
    outer loop
      vertex -8.31492 -3.44415 8
      vertex -8.4739 -3.03201 -8
      vertex -8.4739 -3.03201 8
    endloop
  endfacet
  facet normal 0.932993 0.359895 0
    outer loop
      vertex -8.4739 -3.03201 -8
      vertex -8.31492 -3.44415 8
      vertex -8.31492 -3.44415 -8
    endloop
  endfacet
  facet normal 0.949533 0.313666 0
    outer loop
      vertex -8.4739 -3.03201 8
      vertex -8.61246 -2.61256 -8
      vertex -8.61246 -2.61256 8
    endloop
  endfacet
  facet normal 0.949533 0.313666 0
    outer loop
      vertex -8.61246 -2.61256 -8
      vertex -8.4739 -3.03201 8
      vertex -8.4739 -3.03201 -8
    endloop
  endfacet
  facet normal -0.313666 -0.949533 0
    outer loop
      vertex 2.61256 8.61246 -8
      vertex 3.03201 8.4739 8
      vertex 2.61256 8.61246 8
    endloop
  endfacet
  facet normal -0.313666 -0.949533 -0
    outer loop
      vertex 3.03201 8.4739 8
      vertex 2.61256 8.61246 -8
      vertex 3.03201 8.4739 -8
    endloop
  endfacet
  facet normal -0.844856 0.534993 0
    outer loop
      vertex 7.48323 -5.00013 -8
      vertex 7.71956 -4.62692 8
      vertex 7.71956 -4.62692 -8
    endloop
  endfacet
  facet normal -0.844856 0.534993 0
    outer loop
      vertex 7.71956 -4.62692 8
      vertex 7.48323 -5.00013 -8
      vertex 7.48323 -5.00013 8
    endloop
  endfacet
  facet normal -0.122403 0.99248 0
    outer loop
      vertex 1.32057 -8.90259 -8
      vertex 0.882154 -8.95666 8
      vertex 1.32057 -8.90259 8
    endloop
  endfacet
  facet normal -0.122403 0.99248 0
    outer loop
      vertex 0.882154 -8.95666 8
      vertex 1.32057 -8.90259 -8
      vertex 0.882154 -8.95666 -8
    endloop
  endfacet
  facet normal 0.575812 -0.817582 0
    outer loop
      vertex -5.36129 7.22887 -8
      vertex -5.00013 7.48323 8
      vertex -5.36129 7.22887 8
    endloop
  endfacet
  facet normal 0.575812 -0.817582 0
    outer loop
      vertex -5.00013 7.48323 8
      vertex -5.36129 7.22887 -8
      vertex -5.00013 7.48323 -8
    endloop
  endfacet
  facet normal -0.492895 0.870089 0
    outer loop
      vertex 4.62692 -7.71956 -8
      vertex 4.24257 -7.93729 8
      vertex 4.62692 -7.71956 8
    endloop
  endfacet
  facet normal -0.492895 0.870089 0
    outer loop
      vertex 4.24257 -7.93729 8
      vertex 4.62692 -7.71956 -8
      vertex 4.24257 -7.93729 -8
    endloop
  endfacet
  facet normal 0.615236 -0.788343 0
    outer loop
      vertex -5.70954 6.95709 -8
      vertex -5.36129 7.22887 8
      vertex -5.70954 6.95709 8
    endloop
  endfacet
  facet normal 0.615236 -0.788343 0
    outer loop
      vertex -5.36129 7.22887 8
      vertex -5.70954 6.95709 -8
      vertex -5.36129 7.22887 -8
    endloop
  endfacet
  facet normal -0.266717 0.963775 0
    outer loop
      vertex 2.61256 -8.61246 -8
      vertex 2.18682 -8.73028 8
      vertex 2.61256 -8.61246 8
    endloop
  endfacet
  facet normal -0.266717 0.963775 0
    outer loop
      vertex 2.18682 -8.73028 8
      vertex 2.61256 -8.61246 -8
      vertex 2.18682 -8.73028 -8
    endloop
  endfacet
  facet normal -0.757212 -0.653169 0
    outer loop
      vertex 6.95709 5.70954 -8
      vertex 6.66856 6.04403 8
      vertex 6.66856 6.04403 -8
    endloop
  endfacet
  facet normal -0.757212 -0.653169 0
    outer loop
      vertex 6.66856 6.04403 8
      vertex 6.95709 5.70954 -8
      vertex 6.95709 5.70954 8
    endloop
  endfacet
  facet normal 0.985278 0.170959 0
    outer loop
      vertex -8.82707 -1.75581 8
      vertex -8.90259 -1.32057 -8
      vertex -8.90259 -1.32057 8
    endloop
  endfacet
  facet normal 0.985278 0.170959 0
    outer loop
      vertex -8.90259 -1.32057 -8
      vertex -8.82707 -1.75581 8
      vertex -8.82707 -1.75581 -8
    endloop
  endfacet
  facet normal -0.449612 0.893224 0
    outer loop
      vertex 4.24257 -7.93729 -8
      vertex 3.848 -8.1359 8
      vertex 4.24257 -7.93729 8
    endloop
  endfacet
  facet normal -0.449612 0.893224 0
    outer loop
      vertex 3.848 -8.1359 8
      vertex 4.24257 -7.93729 -8
      vertex 3.848 -8.1359 -8
    endloop
  endfacet
  facet normal 0.575812 0.817582 -0
    outer loop
      vertex -5.00013 -7.48323 -8
      vertex -5.36129 -7.22887 8
      vertex -5.00013 -7.48323 8
    endloop
  endfacet
  facet normal 0.575812 0.817582 0
    outer loop
      vertex -5.36129 -7.22887 8
      vertex -5.00013 -7.48323 -8
      vertex -5.36129 -7.22887 -8
    endloop
  endfacet
  facet normal 0.266717 0.963775 -0
    outer loop
      vertex -2.18682 -8.73028 -8
      vertex -2.61256 -8.61246 8
      vertex -2.18682 -8.73028 8
    endloop
  endfacet
  facet normal 0.266717 0.963775 0
    outer loop
      vertex -2.61256 -8.61246 8
      vertex -2.18682 -8.73028 -8
      vertex -2.61256 -8.61246 -8
    endloop
  endfacet
  facet normal 0.653169 0.757212 -0
    outer loop
      vertex -5.70954 -6.95709 -8
      vertex -6.04403 -6.66856 8
      vertex -5.70954 -6.95709 8
    endloop
  endfacet
  facet normal 0.653169 0.757212 0
    outer loop
      vertex -6.04403 -6.66856 8
      vertex -5.70954 -6.95709 -8
      vertex -6.04403 -6.66856 -8
    endloop
  endfacet
  facet normal 0.817582 -0.575812 0
    outer loop
      vertex -7.48323 5.00013 8
      vertex -7.22887 5.36129 -8
      vertex -7.22887 5.36129 8
    endloop
  endfacet
  facet normal 0.817582 -0.575812 0
    outer loop
      vertex -7.22887 5.36129 -8
      vertex -7.48323 5.00013 8
      vertex -7.48323 5.00013 -8
    endloop
  endfacet
  facet normal 0.492895 0.870089 -0
    outer loop
      vertex -4.24257 -7.93729 -8
      vertex -4.62692 -7.71956 8
      vertex -4.24257 -7.93729 8
    endloop
  endfacet
  facet normal 0.492895 0.870089 0
    outer loop
      vertex -4.62692 -7.71956 8
      vertex -4.24257 -7.93729 -8
      vertex -4.62692 -7.71956 -8
    endloop
  endfacet
  facet normal -0.985278 0.170959 0
    outer loop
      vertex 8.82707 -1.75581 -8
      vertex 8.90259 -1.32057 8
      vertex 8.90259 -1.32057 -8
    endloop
  endfacet
  facet normal -0.985278 0.170959 0
    outer loop
      vertex 8.90259 -1.32057 8
      vertex 8.82707 -1.75581 -8
      vertex 8.82707 -1.75581 8
    endloop
  endfacet
  facet normal 0.449612 -0.893224 0
    outer loop
      vertex -4.24257 7.93729 -8
      vertex -3.848 8.1359 8
      vertex -4.24257 7.93729 8
    endloop
  endfacet
  facet normal 0.449612 -0.893224 0
    outer loop
      vertex -3.848 8.1359 8
      vertex -4.24257 7.93729 -8
      vertex -3.848 8.1359 -8
    endloop
  endfacet
  facet normal 0.788343 -0.615236 0
    outer loop
      vertex -7.22887 5.36129 8
      vertex -6.95709 5.70954 -8
      vertex -6.95709 5.70954 8
    endloop
  endfacet
  facet normal 0.788343 -0.615236 0
    outer loop
      vertex -6.95709 5.70954 -8
      vertex -7.22887 5.36129 8
      vertex -7.22887 5.36129 -8
    endloop
  endfacet
  facet normal -0.449612 -0.893224 0
    outer loop
      vertex 3.848 8.1359 -8
      vertex 4.24257 7.93729 8
      vertex 3.848 8.1359 8
    endloop
  endfacet
  facet normal -0.449612 -0.893224 -0
    outer loop
      vertex 4.24257 7.93729 8
      vertex 3.848 8.1359 -8
      vertex 4.24257 7.93729 -8
    endloop
  endfacet
  facet normal -0.0735722 -0.99729 0
    outer loop
      vertex 0.441608 8.98916 -8
      vertex 0.882154 8.95666 8
      vertex 0.441608 8.98916 8
    endloop
  endfacet
  facet normal -0.0735722 -0.99729 -0
    outer loop
      vertex 0.882154 8.95666 8
      vertex 0.441608 8.98916 -8
      vertex 0.882154 8.95666 -8
    endloop
  endfacet
  facet normal -0.0245393 -0.999699 0
    outer loop
      vertex 0 9 -8
      vertex 0.441608 8.98916 8
      vertex 0 9 8
    endloop
  endfacet
  facet normal -0.0245393 -0.999699 -0
    outer loop
      vertex 0.441608 8.98916 8
      vertex 0 9 -8
      vertex 0.441608 8.98916 -8
    endloop
  endfacet
  facet normal 0.534993 -0.844856 0
    outer loop
      vertex -5.00013 7.48323 -8
      vertex -4.62692 7.71956 8
      vertex -5.00013 7.48323 8
    endloop
  endfacet
  facet normal 0.534993 -0.844856 0
    outer loop
      vertex -4.62692 7.71956 8
      vertex -5.00013 7.48323 -8
      vertex -4.62692 7.71956 -8
    endloop
  endfacet
  facet normal 0.492895 -0.870089 0
    outer loop
      vertex -4.62692 7.71956 -8
      vertex -4.24257 7.93729 8
      vertex -4.62692 7.71956 8
    endloop
  endfacet
  facet normal 0.492895 -0.870089 0
    outer loop
      vertex -4.24257 7.93729 8
      vertex -4.62692 7.71956 -8
      vertex -4.24257 7.93729 -8
    endloop
  endfacet
  facet normal 0.122403 0.99248 -0
    outer loop
      vertex -0.882154 -8.95666 -8
      vertex -1.32057 -8.90259 8
      vertex -0.882154 -8.95666 8
    endloop
  endfacet
  facet normal 0.122403 0.99248 0
    outer loop
      vertex -1.32057 -8.90259 8
      vertex -0.882154 -8.95666 -8
      vertex -1.32057 -8.90259 -8
    endloop
  endfacet
  facet normal 0.266717 -0.963775 0
    outer loop
      vertex -2.61256 8.61246 -8
      vertex -2.18682 8.73028 8
      vertex -2.61256 8.61246 8
    endloop
  endfacet
  facet normal 0.266717 -0.963775 0
    outer loop
      vertex -2.18682 8.73028 8
      vertex -2.61256 8.61246 -8
      vertex -2.18682 8.73028 -8
    endloop
  endfacet
  facet normal 0.788343 0.615236 0
    outer loop
      vertex -6.95709 -5.70954 8
      vertex -7.22887 -5.36129 -8
      vertex -7.22887 -5.36129 8
    endloop
  endfacet
  facet normal 0.788343 0.615236 0
    outer loop
      vertex -7.22887 -5.36129 -8
      vertex -6.95709 -5.70954 8
      vertex -6.95709 -5.70954 -8
    endloop
  endfacet
  facet normal 0.817582 0.575812 0
    outer loop
      vertex -7.22887 -5.36129 8
      vertex -7.48323 -5.00013 -8
      vertex -7.48323 -5.00013 8
    endloop
  endfacet
  facet normal 0.817582 0.575812 0
    outer loop
      vertex -7.48323 -5.00013 -8
      vertex -7.22887 -5.36129 8
      vertex -7.22887 -5.36129 -8
    endloop
  endfacet
  facet normal 0.689542 0.724246 -0
    outer loop
      vertex -6.04403 -6.66856 -8
      vertex -6.36396 -6.36396 8
      vertex -6.04403 -6.66856 8
    endloop
  endfacet
  facet normal 0.689542 0.724246 0
    outer loop
      vertex -6.36396 -6.36396 8
      vertex -6.04403 -6.66856 -8
      vertex -6.36396 -6.36396 -8
    endloop
  endfacet
  facet normal 0.914205 -0.405252 0
    outer loop
      vertex -8.31492 3.44415 8
      vertex -8.1359 3.848 -8
      vertex -8.1359 3.848 8
    endloop
  endfacet
  facet normal 0.914205 -0.405252 0
    outer loop
      vertex -8.1359 3.848 -8
      vertex -8.31492 3.44415 8
      vertex -8.31492 3.44415 -8
    endloop
  endfacet
  facet normal 0.893224 -0.449612 0
    outer loop
      vertex -8.1359 3.848 8
      vertex -7.93729 4.24257 -8
      vertex -7.93729 4.24257 8
    endloop
  endfacet
  facet normal 0.893224 -0.449612 0
    outer loop
      vertex -7.93729 4.24257 -8
      vertex -8.1359 3.848 8
      vertex -8.1359 3.848 -8
    endloop
  endfacet
  facet normal 0.963775 0.266717 0
    outer loop
      vertex -8.61246 -2.61256 8
      vertex -8.73028 -2.18682 -8
      vertex -8.73028 -2.18682 8
    endloop
  endfacet
  facet normal 0.963775 0.266717 0
    outer loop
      vertex -8.73028 -2.18682 -8
      vertex -8.61246 -2.61256 8
      vertex -8.61246 -2.61256 -8
    endloop
  endfacet
  facet normal 0.405252 0.914205 -0
    outer loop
      vertex -3.44415 -8.31492 -8
      vertex -3.848 -8.1359 8
      vertex -3.44415 -8.31492 8
    endloop
  endfacet
  facet normal 0.405252 0.914205 0
    outer loop
      vertex -3.848 -8.1359 8
      vertex -3.44415 -8.31492 -8
      vertex -3.848 -8.1359 -8
    endloop
  endfacet
  facet normal 0.914205 0.405252 0
    outer loop
      vertex -8.1359 -3.848 8
      vertex -8.31492 -3.44415 -8
      vertex -8.31492 -3.44415 8
    endloop
  endfacet
  facet normal 0.914205 0.405252 0
    outer loop
      vertex -8.31492 -3.44415 -8
      vertex -8.1359 -3.848 8
      vertex -8.1359 -3.848 -8
    endloop
  endfacet
  facet normal 0.405252 -0.914205 0
    outer loop
      vertex -3.848 8.1359 -8
      vertex -3.44415 8.31492 8
      vertex -3.848 8.1359 8
    endloop
  endfacet
  facet normal 0.405252 -0.914205 0
    outer loop
      vertex -3.44415 8.31492 8
      vertex -3.848 8.1359 -8
      vertex -3.44415 8.31492 -8
    endloop
  endfacet
  facet normal 0.844856 -0.534993 0
    outer loop
      vertex -7.71956 4.62692 8
      vertex -7.48323 5.00013 -8
      vertex -7.48323 5.00013 8
    endloop
  endfacet
  facet normal 0.844856 -0.534993 0
    outer loop
      vertex -7.48323 5.00013 -8
      vertex -7.71956 4.62692 8
      vertex -7.71956 4.62692 -8
    endloop
  endfacet
  facet normal 0.893224 0.449612 0
    outer loop
      vertex -7.93729 -4.24257 8
      vertex -8.1359 -3.848 -8
      vertex -8.1359 -3.848 8
    endloop
  endfacet
  facet normal 0.893224 0.449612 0
    outer loop
      vertex -8.1359 -3.848 -8
      vertex -7.93729 -4.24257 8
      vertex -7.93729 -4.24257 -8
    endloop
  endfacet
  facet normal 0.870089 -0.492895 0
    outer loop
      vertex -7.93729 4.24257 8
      vertex -7.71956 4.62692 -8
      vertex -7.71956 4.62692 8
    endloop
  endfacet
  facet normal 0.870089 -0.492895 0
    outer loop
      vertex -7.71956 4.62692 -8
      vertex -7.93729 4.24257 8
      vertex -7.93729 4.24257 -8
    endloop
  endfacet
endsolid OpenSCAD_Model
