solid OpenSCAD_Model
  facet normal 0.522453 -0.852668 0
    outer loop
      vertex 69.7138 -107.35 -50
      vertex 64 -110.851 -15.4032
      vertex 64 -110.851 -50
    endloop
  endfacet
  facet normal 0.522453 -0.852668 0
    outer loop
      vertex 64 -110.851 -15.4032
      vertex 69.7138 -107.35 -50
      vertex 69.7138 -107.35 -0.969936
    endloop
  endfacet
  facet normal 0.522453 -0.852668 0
    outer loop
      vertex 64 -110.851 50
      vertex 69.7138 -107.35 27.0886
      vertex 69.7138 -107.35 50
    endloop
  endfacet
  facet normal 0.522453 -0.852668 0
    outer loop
      vertex 69.7138 -107.35 27.0886
      vertex 64 -110.851 50
      vertex 64 -110.851 12.7225
    endloop
  endfacet
  facet normal 0.996915 0.0784925 0
    outer loop
      vertex 127.825 6.699 -0.969935
      vertex 127.299 13.3796 -50
      vertex 127.299 13.3796 13.5581
    endloop
  endfacet
  facet normal 0.996915 0.0784925 0
    outer loop
      vertex 127.299 13.3796 -50
      vertex 127.825 6.699 -0.969935
      vertex 127.825 6.699 -50
    endloop
  endfacet
  facet normal 0.996915 0.0784925 0
    outer loop
      vertex 127.825 6.699 50
      vertex 127.299 13.3796 41.4153
      vertex 127.299 13.3796 50
    endloop
  endfacet
  facet normal 0.996915 0.0784925 0
    outer loop
      vertex 127.299 13.3796 41.4153
      vertex 127.825 6.699 50
      vertex 127.825 6.699 27.0886
    endloop
  endfacet
  facet normal 0.999659 0.0261144 0
    outer loop
      vertex 128 0 -15.4032
      vertex 127.825 6.699 -50
      vertex 127.825 6.699 -0.969935
    endloop
  endfacet
  facet normal 0.999659 0.0261144 0
    outer loop
      vertex 127.825 6.699 -50
      vertex 128 0 -15.4032
      vertex 128 0 -50
    endloop
  endfacet
  facet normal 0.999659 0.0261144 0
    outer loop
      vertex 128 0 50
      vertex 127.825 6.699 27.0886
      vertex 127.825 6.699 50
    endloop
  endfacet
  facet normal 0.999659 0.0261144 0
    outer loop
      vertex 127.825 6.699 27.0886
      vertex 128 0 50
      vertex 128 0 12.7225
    endloop
  endfacet
  facet normal 0.991439 0.13057 0
    outer loop
      vertex 127.299 13.3796 13.5581
      vertex 126.424 20.0236 -50
      vertex 126.424 20.0236 28.1411
    endloop
  endfacet
  facet normal 0.991439 0.13057 0
    outer loop
      vertex 126.424 20.0236 -50
      vertex 127.299 13.3796 13.5581
      vertex 127.299 13.3796 -50
    endloop
  endfacet
  facet normal 0.991446 0.130519 -0
    outer loop
      vertex 127.299 13.3796 41.4153
      vertex 126.772 17.3828 50
      vertex 127.299 13.3796 50
    endloop
  endfacet
  facet normal -0.991439 -0.13057 0
    outer loop
      vertex -126.424 -20.0236 -50
      vertex -127.299 -13.3796 13.5581
      vertex -127.299 -13.3796 -50
    endloop
  endfacet
  facet normal -0.991439 -0.13057 0
    outer loop
      vertex -127.299 -13.3796 13.5581
      vertex -126.424 -20.0236 -50
      vertex -126.424 -20.0236 28.1411
    endloop
  endfacet
  facet normal -0.991446 -0.130519 -0
    outer loop
      vertex -127.299 -13.3796 50
      vertex -127.299 -13.3796 41.4153
      vertex -126.772 -17.3828 50
    endloop
  endfacet
  facet normal -0.991439 0.13057 0
    outer loop
      vertex -127.299 13.3796 -15.9702
      vertex -126.424 20.0236 50
      vertex -126.424 20.0236 -30.2182
    endloop
  endfacet
  facet normal -0.991439 0.13057 0
    outer loop
      vertex -126.424 20.0236 50
      vertex -127.299 13.3796 -15.9702
      vertex -127.299 13.3796 50
    endloop
  endfacet
  facet normal -0.991451 0.130476 0.00019353
    outer loop
      vertex -127.299 13.3796 -50
      vertex -126.996 15.68 -48.6444
      vertex -126.832 16.9282 -50
    endloop
  endfacet
  facet normal -0.991437 0.130588 0
    outer loop
      vertex -126.996 15.68 -48.6444
      vertex -127.299 13.3796 -50
      vertex -127.299 13.3796 -43.8274
    endloop
  endfacet
  facet normal 0.0784925 -0.996915 0
    outer loop
      vertex 13.3796 -127.299 -50
      vertex 6.699 -127.825 -0.969935
      vertex 6.699 -127.825 -50
    endloop
  endfacet
  facet normal 0.0784925 -0.996915 0
    outer loop
      vertex 6.699 -127.825 -0.969935
      vertex 13.3796 -127.299 -50
      vertex 13.3796 -127.299 13.5581
    endloop
  endfacet
  facet normal 0.0784925 -0.996915 0
    outer loop
      vertex 6.699 -127.825 50
      vertex 13.3796 -127.299 41.4153
      vertex 13.3796 -127.299 50
    endloop
  endfacet
  facet normal 0.0784925 -0.996915 0
    outer loop
      vertex 13.3796 -127.299 41.4153
      vertex 6.699 -127.825 50
      vertex 6.699 -127.825 27.0886
    endloop
  endfacet
  facet normal 0.0784925 0.996915 0
    outer loop
      vertex 6.699 127.825 -50
      vertex 13.3796 127.299 -43.8274
      vertex 13.3796 127.299 -50
    endloop
  endfacet
  facet normal 0.0784925 0.996915 0
    outer loop
      vertex 13.3796 127.299 -43.8274
      vertex 6.699 127.825 -50
      vertex 6.699 127.825 -29.702
    endloop
  endfacet
  facet normal 0.0784925 0.996915 0
    outer loop
      vertex 13.3796 127.299 50
      vertex 6.699 127.825 -1.64352
      vertex 6.699 127.825 50
    endloop
  endfacet
  facet normal 0.0784925 0.996915 0
    outer loop
      vertex 6.699 127.825 -1.64352
      vertex 13.3796 127.299 50
      vertex 13.3796 127.299 -15.9702
    endloop
  endfacet
  facet normal -0.430513 0.902585 0
    outer loop
      vertex -52.0623 116.934 50
      vertex -58.1108 114.049 -1.64352
      vertex -58.1108 114.049 50
    endloop
  endfacet
  facet normal -0.430513 0.902585 0
    outer loop
      vertex -58.1108 114.049 -1.64352
      vertex -52.0623 116.934 50
      vertex -52.0623 116.934 -15.9702
    endloop
  endfacet
  facet normal -0.430513 0.902585 0
    outer loop
      vertex -58.1108 114.049 -50
      vertex -52.0623 116.934 -43.8274
      vertex -52.0623 116.934 -50
    endloop
  endfacet
  facet normal -0.43053 0.902576 2.07871e-05
    outer loop
      vertex -52.0623 116.934 -43.8274
      vertex -58.1108 114.049 -50
      vertex -58.0658 114.07 -29.8072
    endloop
  endfacet
  facet normal -0.422885 0.906183 0
    outer loop
      vertex -58.0658 114.07 -29.8072
      vertex -58.1108 114.049 -50
      vertex -58.1108 114.049 -29.702
    endloop
  endfacet
  facet normal -0.649453 0.760401 0
    outer loop
      vertex -85.6487 95.1225 -50
      vertex -80.553 99.4747 28.1411
      vertex -80.553 99.4747 -50
    endloop
  endfacet
  facet normal -0.649453 0.760401 0
    outer loop
      vertex -80.553 99.4747 28.1411
      vertex -85.6487 95.1225 -50
      vertex -85.6487 95.1225 42.7391
    endloop
  endfacet
  facet normal 0.902585 -0.430513 0
    outer loop
      vertex 114.049 -58.1108 50
      vertex 116.934 -52.0623 41.4153
      vertex 116.934 -52.0623 50
    endloop
  endfacet
  facet normal 0.902585 -0.430513 0
    outer loop
      vertex 116.934 -52.0623 41.4153
      vertex 114.049 -58.1108 50
      vertex 114.049 -58.1108 27.0886
    endloop
  endfacet
  facet normal 0.902585 -0.430513 0
    outer loop
      vertex 114.049 -58.1108 -0.969935
      vertex 116.934 -52.0623 -50
      vertex 116.934 -52.0623 13.5581
    endloop
  endfacet
  facet normal 0.902585 -0.430513 0
    outer loop
      vertex 116.934 -52.0623 -50
      vertex 114.049 -58.1108 -0.969935
      vertex 114.049 -58.1108 -50
    endloop
  endfacet
  facet normal 0.972383 -0.233392 0
    outer loop
      vertex 123.639 -33.1288 50
      vertex 125.203 -26.6127 -44.3486
      vertex 125.203 -26.6127 50
    endloop
  endfacet
  facet normal 0.972383 -0.233392 0
    outer loop
      vertex 123.639 -33.1288 -50
      vertex 125.203 -26.6127 -44.3486
      vertex 123.639 -33.1288 50
    endloop
  endfacet
  facet normal 0.972412 -0.233272 -0.000146683
    outer loop
      vertex 125.203 -26.6127 -44.3486
      vertex 123.639 -33.1288 -50
      vertex 124.906 -27.8491 -47
    endloop
  endfacet
  facet normal 0.972393 -0.233351 0
    outer loop
      vertex 124.906 -27.8491 -47
      vertex 123.639 -33.1288 -50
      vertex 124.906 -27.8491 -50
    endloop
  endfacet
  facet normal 0.942638 0.333816 0
    outer loop
      vertex 121.735 39.5542 50
      vertex 119.498 45.8711 -30.2182
      vertex 119.498 45.8711 50
    endloop
  endfacet
  facet normal 0.942638 0.333816 0
    outer loop
      vertex 119.498 45.8711 -30.2182
      vertex 121.735 39.5542 50
      vertex 121.735 39.5542 -44.3486
    endloop
  endfacet
  facet normal -0.87879 -0.477208 0
    outer loop
      vertex -110.851 -64 12.7225
      vertex -114.049 -58.1108 50
      vertex -114.049 -58.1108 -1.64352
    endloop
  endfacet
  facet normal -0.87879 -0.477208 0
    outer loop
      vertex -114.049 -58.1108 50
      vertex -110.851 -64 12.7225
      vertex -110.851 -64 50
    endloop
  endfacet
  facet normal -0.87879 -0.477208 0
    outer loop
      vertex -110.851 -64 -50
      vertex -114.049 -58.1108 -29.702
      vertex -114.049 -58.1108 -50
    endloop
  endfacet
  facet normal -0.87879 -0.477208 0
    outer loop
      vertex -114.049 -58.1108 -29.702
      vertex -110.851 -64 -50
      vertex -110.851 -64 -15.4032
    endloop
  endfacet
  facet normal 0.793367 -0.608743 0
    outer loop
      vertex 99.4747 -80.553 50
      vertex 103.554 -75.2365 -15.9702
      vertex 103.554 -75.2365 50
    endloop
  endfacet
  facet normal 0.793367 -0.608743 0
    outer loop
      vertex 103.554 -75.2365 -15.9702
      vertex 99.4747 -80.553 50
      vertex 99.4747 -80.553 -30.2182
    endloop
  endfacet
  facet normal 0.793441 -0.608648 0
    outer loop
      vertex 102.142 -77.0772 -48.6444
      vertex 103.554 -75.2365 -50
      vertex 103.554 -75.2365 -43.8274
    endloop
  endfacet
  facet normal 0.79334 -0.608779 -0.000282373
    outer loop
      vertex 103.554 -75.2365 -50
      vertex 102.142 -77.0772 -48.6444
      vertex 101.375 -78.0761 -50
    endloop
  endfacet
  facet normal 0.28416 0.958777 -0
    outer loop
      vertex 38.335 122.096 47
      vertex 33.1288 123.639 50
      vertex 38.335 122.096 50
    endloop
  endfacet
  facet normal 0.284252 0.95875 0.000173108
    outer loop
      vertex 38.3528 122.091 45.4638
      vertex 33.1288 123.639 50
      vertex 38.335 122.096 47
    endloop
  endfacet
  facet normal 0.284115 0.95879 2.53231e-06
    outer loop
      vertex 39.5542 121.735 42.7391
      vertex 33.1288 123.639 50
      vertex 38.3528 122.091 45.4638
    endloop
  endfacet
  facet normal 0.284113 0.958791 0
    outer loop
      vertex 33.1288 123.639 -50
      vertex 39.5542 121.735 42.7391
      vertex 39.5542 121.735 -50
    endloop
  endfacet
  facet normal 0.284113 0.958791 0
    outer loop
      vertex 39.5542 121.735 42.7391
      vertex 33.1288 123.639 -50
      vertex 33.1288 123.639 50
    endloop
  endfacet
  facet normal 0.87879 -0.477208 0
    outer loop
      vertex 110.851 -64 50
      vertex 114.049 -58.1108 27.0886
      vertex 114.049 -58.1108 50
    endloop
  endfacet
  facet normal 0.87879 -0.477208 0
    outer loop
      vertex 114.049 -58.1108 27.0886
      vertex 110.851 -64 50
      vertex 110.851 -64 12.7225
    endloop
  endfacet
  facet normal 0.87879 -0.477208 0
    outer loop
      vertex 110.851 -64 -15.4032
      vertex 114.049 -58.1108 -50
      vertex 114.049 -58.1108 -0.969935
    endloop
  endfacet
  facet normal 0.87879 -0.477208 0
    outer loop
      vertex 114.049 -58.1108 -50
      vertex 110.851 -64 -15.4032
      vertex 110.851 -64 -50
    endloop
  endfacet
  facet normal -0.902585 0.430513 0
    outer loop
      vertex -116.934 52.0623 41.4153
      vertex -114.049 58.1108 50
      vertex -114.049 58.1108 27.0886
    endloop
  endfacet
  facet normal -0.902585 0.430513 0
    outer loop
      vertex -114.049 58.1108 50
      vertex -116.934 52.0623 41.4153
      vertex -116.934 52.0623 50
    endloop
  endfacet
  facet normal -0.902585 0.430513 0
    outer loop
      vertex -116.934 52.0623 -50
      vertex -114.049 58.1108 -0.969935
      vertex -114.049 58.1108 -50
    endloop
  endfacet
  facet normal -0.902585 0.430513 0
    outer loop
      vertex -114.049 58.1108 -0.969935
      vertex -116.934 52.0623 -50
      vertex -116.934 52.0623 13.5581
    endloop
  endfacet
  facet normal -0.233392 -0.972383 0
    outer loop
      vertex -33.1288 -123.639 50
      vertex -26.6127 -125.203 -44.3486
      vertex -26.6127 -125.203 50
    endloop
  endfacet
  facet normal -0.233392 -0.972383 0
    outer loop
      vertex -33.1288 -123.639 -50
      vertex -26.6127 -125.203 -44.3486
      vertex -33.1288 -123.639 50
    endloop
  endfacet
  facet normal -0.233272 -0.972412 -0.000146683
    outer loop
      vertex -26.6127 -125.203 -44.3486
      vertex -33.1288 -123.639 -50
      vertex -27.8491 -124.906 -47
    endloop
  endfacet
  facet normal -0.233351 -0.972393 -0
    outer loop
      vertex -27.8491 -124.906 -47
      vertex -33.1288 -123.639 -50
      vertex -27.8491 -124.906 -50
    endloop
  endfacet
  facet normal -0.0261144 -0.999659 0
    outer loop
      vertex -6.699 -127.825 50
      vertex 0 -128 12.7225
      vertex 0 -128 50
    endloop
  endfacet
  facet normal -0.0261144 -0.999659 0
    outer loop
      vertex 0 -128 12.7225
      vertex -6.699 -127.825 50
      vertex -6.699 -127.825 -1.64352
    endloop
  endfacet
  facet normal -0.0261144 -0.999659 0
    outer loop
      vertex 0 -128 -50
      vertex -6.699 -127.825 -29.702
      vertex -6.699 -127.825 -50
    endloop
  endfacet
  facet normal -0.0261144 -0.999659 0
    outer loop
      vertex -6.699 -127.825 -29.702
      vertex 0 -128 -50
      vertex 0 -128 -15.4032
    endloop
  endfacet
  facet normal 0.852668 0.522453 0
    outer loop
      vertex 110.851 64 50
      vertex 107.35 69.7138 27.0886
      vertex 107.35 69.7138 50
    endloop
  endfacet
  facet normal 0.852668 0.522453 0
    outer loop
      vertex 107.35 69.7138 27.0886
      vertex 110.851 64 50
      vertex 110.851 64 12.7225
    endloop
  endfacet
  facet normal 0.852668 0.522453 0
    outer loop
      vertex 110.851 64 -15.4032
      vertex 107.35 69.7138 -50
      vertex 107.35 69.7138 -0.969936
    endloop
  endfacet
  facet normal 0.852668 0.522453 0
    outer loop
      vertex 107.35 69.7138 -50
      vertex 110.851 64 -15.4032
      vertex 110.851 64 -50
    endloop
  endfacet
  facet normal -0.477208 0.87879 0
    outer loop
      vertex -64 110.851 -50
      vertex -58.1108 114.049 -29.702
      vertex -58.1108 114.049 -50
    endloop
  endfacet
  facet normal -0.477208 0.87879 0
    outer loop
      vertex -58.1108 114.049 -29.702
      vertex -64 110.851 -50
      vertex -64 110.851 -15.4032
    endloop
  endfacet
  facet normal -0.477208 0.87879 0
    outer loop
      vertex -58.1108 114.049 50
      vertex -64 110.851 12.7225
      vertex -64 110.851 50
    endloop
  endfacet
  facet normal -0.477208 0.87879 0
    outer loop
      vertex -64 110.851 12.7225
      vertex -58.1108 114.049 50
      vertex -58.1108 114.049 -1.64352
    endloop
  endfacet
  facet normal 0.958777 -0.28416 0
    outer loop
      vertex 122.096 -38.335 47
      vertex 123.639 -33.1288 50
      vertex 122.096 -38.335 50
    endloop
  endfacet
  facet normal 0.95875 -0.284252 0.000173108
    outer loop
      vertex 122.091 -38.3528 45.4638
      vertex 123.639 -33.1288 50
      vertex 122.096 -38.335 47
    endloop
  endfacet
  facet normal 0.95879 -0.284115 2.53231e-06
    outer loop
      vertex 121.735 -39.5542 42.7391
      vertex 123.639 -33.1288 50
      vertex 122.091 -38.3528 45.4638
    endloop
  endfacet
  facet normal 0.958791 -0.284113 0
    outer loop
      vertex 123.639 -33.1288 50
      vertex 121.735 -39.5542 42.7391
      vertex 123.639 -33.1288 -50
    endloop
  endfacet
  facet normal 0.958791 -0.284113 0
    outer loop
      vertex 123.639 -33.1288 -50
      vertex 121.735 -39.5542 42.7391
      vertex 121.735 -39.5542 -50
    endloop
  endfacet
  facet normal -0.522453 -0.852668 0
    outer loop
      vertex -69.7138 -107.35 50
      vertex -64 -110.851 12.7225
      vertex -64 -110.851 50
    endloop
  endfacet
  facet normal -0.522453 -0.852668 0
    outer loop
      vertex -64 -110.851 12.7225
      vertex -69.7138 -107.35 50
      vertex -69.7138 -107.35 -1.64352
    endloop
  endfacet
  facet normal -0.522453 -0.852668 0
    outer loop
      vertex -64 -110.851 -50
      vertex -69.7138 -107.35 -29.702
      vertex -69.7138 -107.35 -50
    endloop
  endfacet
  facet normal -0.522453 -0.852668 0
    outer loop
      vertex -69.7138 -107.35 -29.702
      vertex -64 -110.851 -50
      vertex -64 -110.851 -15.4032
    endloop
  endfacet
  facet normal -0.923905 0.382622 0
    outer loop
      vertex -119.498 45.8711 -50
      vertex -116.934 52.0623 13.5581
      vertex -116.934 52.0623 -50
    endloop
  endfacet
  facet normal -0.923905 0.382622 0
    outer loop
      vertex -116.934 52.0623 13.5581
      vertex -119.498 45.8711 -50
      vertex -119.498 45.8711 28.1411
    endloop
  endfacet
  facet normal -0.923892 0.382654 0
    outer loop
      vertex -116.934 52.0623 41.4153
      vertex -118.479 48.332 50
      vertex -116.934 52.0623 50
    endloop
  endfacet
  facet normal 0.824102 0.566442 0
    outer loop
      vertex 107.35 69.7138 50
      vertex 103.554 75.2365 41.4153
      vertex 103.554 75.2365 50
    endloop
  endfacet
  facet normal 0.824102 0.566442 0
    outer loop
      vertex 103.554 75.2365 41.4153
      vertex 107.35 69.7138 50
      vertex 107.35 69.7138 27.0886
    endloop
  endfacet
  facet normal 0.824102 0.566442 0
    outer loop
      vertex 107.35 69.7138 -0.969936
      vertex 103.554 75.2365 -50
      vertex 103.554 75.2365 13.5581
    endloop
  endfacet
  facet normal 0.824102 0.566442 0
    outer loop
      vertex 103.554 75.2365 -50
      vertex 107.35 69.7138 -0.969936
      vertex 107.35 69.7138 -50
    endloop
  endfacet
  facet normal 0.0261144 -0.999659 0
    outer loop
      vertex 0 -128 50
      vertex 6.699 -127.825 27.0886
      vertex 6.699 -127.825 50
    endloop
  endfacet
  facet normal 0.0261144 -0.999659 0
    outer loop
      vertex 6.699 -127.825 27.0886
      vertex 0 -128 50
      vertex 0 -128 12.7225
    endloop
  endfacet
  facet normal 0.0261144 -0.999659 0
    outer loop
      vertex 6.699 -127.825 -50
      vertex 0 -128 -15.4032
      vertex 0 -128 -50
    endloop
  endfacet
  facet normal 0.0261144 -0.999659 0
    outer loop
      vertex 0 -128 -15.4032
      vertex 6.699 -127.825 -50
      vertex 6.699 -127.825 -0.969935
    endloop
  endfacet
  facet normal 0.566442 -0.824102 0
    outer loop
      vertex 75.2365 -103.554 -50
      vertex 69.7138 -107.35 -0.969936
      vertex 69.7138 -107.35 -50
    endloop
  endfacet
  facet normal 0.566442 -0.824102 0
    outer loop
      vertex 69.7138 -107.35 -0.969936
      vertex 75.2365 -103.554 -50
      vertex 75.2365 -103.554 13.5581
    endloop
  endfacet
  facet normal 0.566442 -0.824102 0
    outer loop
      vertex 69.7138 -107.35 50
      vertex 75.2365 -103.554 41.4153
      vertex 75.2365 -103.554 50
    endloop
  endfacet
  facet normal 0.566442 -0.824102 0
    outer loop
      vertex 75.2365 -103.554 41.4153
      vertex 69.7138 -107.35 50
      vertex 69.7138 -107.35 27.0886
    endloop
  endfacet
  facet normal -0.958791 0.284113 0
    outer loop
      vertex -123.639 33.1288 -50
      vertex -121.735 39.5542 42.7391
      vertex -121.735 39.5542 -50
    endloop
  endfacet
  facet normal -0.958791 0.284113 0
    outer loop
      vertex -123.639 33.1288 50
      vertex -121.735 39.5542 42.7391
      vertex -123.639 33.1288 -50
    endloop
  endfacet
  facet normal -0.95879 0.284115 2.53231e-06
    outer loop
      vertex -121.735 39.5542 42.7391
      vertex -123.639 33.1288 50
      vertex -122.091 38.3528 45.4638
    endloop
  endfacet
  facet normal -0.95875 0.284252 0.000173108
    outer loop
      vertex -122.091 38.3528 45.4638
      vertex -123.639 33.1288 50
      vertex -122.096 38.335 47
    endloop
  endfacet
  facet normal -0.958777 0.28416 0
    outer loop
      vertex -122.096 38.335 47
      vertex -123.639 33.1288 50
      vertex -122.096 38.335 50
    endloop
  endfacet
  facet normal -0.233351 0.972393 0
    outer loop
      vertex -27.8491 124.906 47
      vertex -33.1288 123.639 50
      vertex -27.8491 124.906 50
    endloop
  endfacet
  facet normal -0.233468 0.972364 -0.000218929
    outer loop
      vertex -27.831 124.91 45.4638
      vertex -33.1288 123.639 50
      vertex -27.8491 124.906 47
    endloop
  endfacet
  facet normal -0.232955 0.972487 0.000414399
    outer loop
      vertex -26.6127 125.203 42.7391
      vertex -33.1288 123.639 50
      vertex -27.831 124.91 45.4638
    endloop
  endfacet
  facet normal -0.233392 0.972383 0
    outer loop
      vertex -33.1288 123.639 -50
      vertex -26.6127 125.203 42.7391
      vertex -26.6127 125.203 -50
    endloop
  endfacet
  facet normal -0.233392 0.972383 0
    outer loop
      vertex -26.6127 125.203 42.7391
      vertex -33.1288 123.639 -50
      vertex -33.1288 123.639 50
    endloop
  endfacet
  facet normal -0.852668 0.522453 0
    outer loop
      vertex -110.851 64 12.7225
      vertex -107.35 69.7138 50
      vertex -107.35 69.7138 -1.64352
    endloop
  endfacet
  facet normal -0.852668 0.522453 0
    outer loop
      vertex -107.35 69.7138 50
      vertex -110.851 64 12.7225
      vertex -110.851 64 50
    endloop
  endfacet
  facet normal -0.852668 0.522453 0
    outer loop
      vertex -110.851 64 -50
      vertex -107.35 69.7138 -29.702
      vertex -107.35 69.7138 -50
    endloop
  endfacet
  facet normal -0.852668 0.522453 0
    outer loop
      vertex -107.35 69.7138 -29.702
      vertex -110.851 64 -50
      vertex -110.851 64 -15.4032
    endloop
  endfacet
  facet normal -0.0784925 0.996915 0
    outer loop
      vertex -13.3796 127.299 -50
      vertex -6.699 127.825 -0.969935
      vertex -6.699 127.825 -50
    endloop
  endfacet
  facet normal -0.0784925 0.996915 0
    outer loop
      vertex -6.699 127.825 -0.969935
      vertex -13.3796 127.299 -50
      vertex -13.3796 127.299 13.5581
    endloop
  endfacet
  facet normal -0.0784925 0.996915 0
    outer loop
      vertex -6.699 127.825 50
      vertex -13.3796 127.299 41.4153
      vertex -13.3796 127.299 50
    endloop
  endfacet
  facet normal -0.0784925 0.996915 0
    outer loop
      vertex -13.3796 127.299 41.4153
      vertex -6.699 127.825 50
      vertex -6.699 127.825 27.0886
    endloop
  endfacet
  facet normal 0.382654 0.923892 -0
    outer loop
      vertex 52.0623 116.934 41.4153
      vertex 48.332 118.479 50
      vertex 52.0623 116.934 50
    endloop
  endfacet
  facet normal 0.382622 0.923905 0
    outer loop
      vertex 45.8711 119.498 -50
      vertex 52.0623 116.934 13.5581
      vertex 52.0623 116.934 -50
    endloop
  endfacet
  facet normal 0.382622 0.923905 0
    outer loop
      vertex 52.0623 116.934 13.5581
      vertex 45.8711 119.498 -50
      vertex 45.8711 119.498 28.1411
    endloop
  endfacet
  facet normal -0.333816 0.942638 0
    outer loop
      vertex -39.5542 121.735 50
      vertex -45.8711 119.498 -30.2182
      vertex -45.8711 119.498 50
    endloop
  endfacet
  facet normal -0.333816 0.942638 0
    outer loop
      vertex -45.8711 119.498 -30.2182
      vertex -39.5542 121.735 50
      vertex -39.5542 121.735 -44.3486
    endloop
  endfacet
  facet normal 0.725382 0.688346 -0
    outer loop
      vertex 94.2473 86.571 47
      vertex 90.5097 90.5097 50
      vertex 94.2473 86.571 50
    endloop
  endfacet
  facet normal 0.725398 0.68833 4.00111e-05
    outer loop
      vertex 94.2601 86.5576 45.4638
      vertex 90.5097 90.5097 50
      vertex 94.2473 86.571 47
    endloop
  endfacet
  facet normal 0.725347 0.688384 -4.88474e-05
    outer loop
      vertex 95.1225 85.6487 42.7391
      vertex 90.5097 90.5097 50
      vertex 94.2601 86.5576 45.4638
    endloop
  endfacet
  facet normal 0.725383 0.688345 0
    outer loop
      vertex 90.5097 90.5097 50
      vertex 95.1225 85.6487 42.7391
      vertex 90.5097 90.5097 -50
    endloop
  endfacet
  facet normal 0.725383 0.688345 0
    outer loop
      vertex 90.5097 90.5097 -50
      vertex 95.1225 85.6487 42.7391
      vertex 95.1225 85.6487 -50
    endloop
  endfacet
  facet normal 0.991437 -0.130588 0
    outer loop
      vertex 126.996 -15.68 -48.6444
      vertex 127.299 -13.3796 -50
      vertex 127.299 -13.3796 -43.8274
    endloop
  endfacet
  facet normal 0.991451 -0.130476 0.00019353
    outer loop
      vertex 127.299 -13.3796 -50
      vertex 126.996 -15.68 -48.6444
      vertex 126.832 -16.9282 -50
    endloop
  endfacet
  facet normal 0.991439 -0.13057 0
    outer loop
      vertex 126.424 -20.0236 50
      vertex 127.299 -13.3796 -15.9702
      vertex 127.299 -13.3796 50
    endloop
  endfacet
  facet normal 0.991439 -0.13057 0
    outer loop
      vertex 127.299 -13.3796 -15.9702
      vertex 126.424 -20.0236 50
      vertex 126.424 -20.0236 -30.2182
    endloop
  endfacet
  facet normal -0.725382 0.688346 0
    outer loop
      vertex -94.2473 86.571 -47
      vertex -90.5097 90.5097 -50
      vertex -94.2473 86.571 -50
    endloop
  endfacet
  facet normal -0.725381 0.688348 3.6136e-06
    outer loop
      vertex -95.1225 85.6487 -44.3486
      vertex -90.5097 90.5097 -50
      vertex -94.2473 86.571 -47
    endloop
  endfacet
  facet normal -0.725383 0.688345 0
    outer loop
      vertex -90.5097 90.5097 -50
      vertex -95.1225 85.6487 -44.3486
      vertex -90.5097 90.5097 50
    endloop
  endfacet
  facet normal -0.725383 0.688345 0
    outer loop
      vertex -90.5097 90.5097 50
      vertex -95.1225 85.6487 -44.3486
      vertex -95.1225 85.6487 50
    endloop
  endfacet
  facet normal -0.182204 0.983261 0
    outer loop
      vertex -26.6127 125.203 -50
      vertex -20.0236 126.424 28.1411
      vertex -20.0236 126.424 -50
    endloop
  endfacet
  facet normal -0.182204 0.983261 0
    outer loop
      vertex -20.0236 126.424 28.1411
      vertex -26.6127 125.203 -50
      vertex -26.6127 125.203 42.7391
    endloop
  endfacet
  facet normal 0.233392 0.972383 0
    outer loop
      vertex 33.1288 123.639 50
      vertex 26.6127 125.203 -44.3486
      vertex 26.6127 125.203 50
    endloop
  endfacet
  facet normal 0.233392 0.972383 -0
    outer loop
      vertex 33.1288 123.639 -50
      vertex 26.6127 125.203 -44.3486
      vertex 33.1288 123.639 50
    endloop
  endfacet
  facet normal 0.233272 0.972412 -0.000146683
    outer loop
      vertex 26.6127 125.203 -44.3486
      vertex 33.1288 123.639 -50
      vertex 27.8491 124.906 -47
    endloop
  endfacet
  facet normal 0.233351 0.972393 0
    outer loop
      vertex 27.8491 124.906 -47
      vertex 33.1288 123.639 -50
      vertex 27.8491 124.906 -50
    endloop
  endfacet
  facet normal -0.996915 0.0784925 0
    outer loop
      vertex -127.825 6.699 -50
      vertex -127.299 13.3796 -43.8274
      vertex -127.299 13.3796 -50
    endloop
  endfacet
  facet normal -0.996915 0.0784925 0
    outer loop
      vertex -127.299 13.3796 -43.8274
      vertex -127.825 6.699 -50
      vertex -127.825 6.699 -29.702
    endloop
  endfacet
  facet normal -0.996915 0.0784925 0
    outer loop
      vertex -127.825 6.699 -1.64352
      vertex -127.299 13.3796 50
      vertex -127.299 13.3796 -15.9702
    endloop
  endfacet
  facet normal -0.996915 0.0784925 0
    outer loop
      vertex -127.299 13.3796 50
      vertex -127.825 6.699 -1.64352
      vertex -127.825 6.699 50
    endloop
  endfacet
  facet normal 0.522453 0.852668 0
    outer loop
      vertex 64 110.851 -50
      vertex 69.7138 107.35 -29.702
      vertex 69.7138 107.35 -50
    endloop
  endfacet
  facet normal 0.522453 0.852668 0
    outer loop
      vertex 69.7138 107.35 -29.702
      vertex 64 110.851 -50
      vertex 64 110.851 -15.4032
    endloop
  endfacet
  facet normal 0.522453 0.852668 0
    outer loop
      vertex 69.7138 107.35 50
      vertex 64 110.851 12.7225
      vertex 64 110.851 50
    endloop
  endfacet
  facet normal 0.522453 0.852668 0
    outer loop
      vertex 64 110.851 12.7225
      vertex 69.7138 107.35 50
      vertex 69.7138 107.35 -1.64352
    endloop
  endfacet
  facet normal 0.566442 0.824102 0
    outer loop
      vertex 75.2365 103.554 50
      vertex 69.7138 107.35 -1.64352
      vertex 69.7138 107.35 50
    endloop
  endfacet
  facet normal 0.566442 0.824102 0
    outer loop
      vertex 69.7138 107.35 -1.64352
      vertex 75.2365 103.554 50
      vertex 75.2365 103.554 -15.9702
    endloop
  endfacet
  facet normal 0.566442 0.824102 0
    outer loop
      vertex 69.7138 107.35 -50
      vertex 75.2365 103.554 -43.8274
      vertex 75.2365 103.554 -50
    endloop
  endfacet
  facet normal 0.56645 0.824096 -1.02211e-05
    outer loop
      vertex 75.2365 103.554 -43.8274
      vertex 69.7138 107.35 -50
      vertex 69.7549 107.322 -29.8072
    endloop
  endfacet
  facet normal 0.563025 0.82644 0
    outer loop
      vertex 69.7549 107.322 -29.8072
      vertex 69.7138 107.35 -50
      vertex 69.7138 107.35 -29.702
    endloop
  endfacet
  facet normal 0.852668 -0.522453 0
    outer loop
      vertex 107.35 -69.7138 50
      vertex 110.851 -64 12.7225
      vertex 110.851 -64 50
    endloop
  endfacet
  facet normal 0.852668 -0.522453 0
    outer loop
      vertex 110.851 -64 12.7225
      vertex 107.35 -69.7138 50
      vertex 107.35 -69.7138 -1.64352
    endloop
  endfacet
  facet normal 0.852668 -0.522453 0
    outer loop
      vertex 107.35 -69.7138 -29.702
      vertex 110.851 -64 -50
      vertex 110.851 -64 -15.4032
    endloop
  endfacet
  facet normal 0.852668 -0.522453 0
    outer loop
      vertex 110.851 -64 -50
      vertex 107.35 -69.7138 -29.702
      vertex 107.35 -69.7138 -50
    endloop
  endfacet
  facet normal 0.87879 0.477208 0
    outer loop
      vertex 114.049 58.1108 50
      vertex 110.851 64 12.7225
      vertex 110.851 64 50
    endloop
  endfacet
  facet normal 0.87879 0.477208 0
    outer loop
      vertex 110.851 64 12.7225
      vertex 114.049 58.1108 50
      vertex 114.049 58.1108 -1.64352
    endloop
  endfacet
  facet normal 0.87879 0.477208 0
    outer loop
      vertex 114.049 58.1108 -29.702
      vertex 110.851 64 -50
      vertex 110.851 64 -15.4032
    endloop
  endfacet
  facet normal 0.87879 0.477208 0
    outer loop
      vertex 110.851 64 -50
      vertex 114.049 58.1108 -29.702
      vertex 114.049 58.1108 -50
    endloop
  endfacet
  facet normal 0.902585 0.430513 0
    outer loop
      vertex 116.934 52.0623 50
      vertex 114.049 58.1108 -1.64352
      vertex 114.049 58.1108 50
    endloop
  endfacet
  facet normal 0.902585 0.430513 0
    outer loop
      vertex 114.049 58.1108 -1.64352
      vertex 116.934 52.0623 50
      vertex 116.934 52.0623 -15.9702
    endloop
  endfacet
  facet normal 0.906183 0.422885 0
    outer loop
      vertex 114.07 58.0658 -29.8072
      vertex 114.049 58.1108 -50
      vertex 114.049 58.1108 -29.702
    endloop
  endfacet
  facet normal 0.902576 0.43053 2.07871e-05
    outer loop
      vertex 116.934 52.0623 -43.8274
      vertex 114.049 58.1108 -50
      vertex 114.07 58.0658 -29.8072
    endloop
  endfacet
  facet normal 0.902585 0.430513 0
    outer loop
      vertex 114.049 58.1108 -50
      vertex 116.934 52.0623 -43.8274
      vertex 116.934 52.0623 -50
    endloop
  endfacet
  facet normal -0.382622 0.923905 0
    outer loop
      vertex -45.8711 119.498 50
      vertex -52.0623 116.934 -15.9702
      vertex -52.0623 116.934 50
    endloop
  endfacet
  facet normal -0.382622 0.923905 0
    outer loop
      vertex -52.0623 116.934 -15.9702
      vertex -45.8711 119.498 50
      vertex -45.8711 119.498 -30.2182
    endloop
  endfacet
  facet normal -0.382717 0.923866 0
    outer loop
      vertex -49.9187 117.822 -48.6444
      vertex -52.0623 116.934 -50
      vertex -52.0623 116.934 -43.8274
    endloop
  endfacet
  facet normal -0.38275 0.923852 6.05089e-05
    outer loop
      vertex -52.0623 116.934 -50
      vertex -49.9187 117.822 -48.6444
      vertex -48.7555 118.304 -50
    endloop
  endfacet
  facet normal 0.760401 -0.649453 0
    outer loop
      vertex 95.1225 -85.6487 50
      vertex 99.4747 -80.553 -30.2182
      vertex 99.4747 -80.553 50
    endloop
  endfacet
  facet normal 0.760401 -0.649453 0
    outer loop
      vertex 99.4747 -80.553 -30.2182
      vertex 95.1225 -85.6487 50
      vertex 95.1225 -85.6487 -44.3486
    endloop
  endfacet
  facet normal -0.972393 0.233351 0
    outer loop
      vertex -124.906 27.8491 -47
      vertex -123.639 33.1288 -50
      vertex -124.906 27.8491 -50
    endloop
  endfacet
  facet normal -0.972412 0.233272 -0.000146683
    outer loop
      vertex -125.203 26.6127 -44.3486
      vertex -123.639 33.1288 -50
      vertex -124.906 27.8491 -47
    endloop
  endfacet
  facet normal -0.972383 0.233392 0
    outer loop
      vertex -123.639 33.1288 -50
      vertex -125.203 26.6127 -44.3486
      vertex -123.639 33.1288 50
    endloop
  endfacet
  facet normal -0.972383 0.233392 0
    outer loop
      vertex -123.639 33.1288 50
      vertex -125.203 26.6127 -44.3486
      vertex -125.203 26.6127 50
    endloop
  endfacet
  facet normal 0.477208 0.87879 0
    outer loop
      vertex 58.1108 114.049 -50
      vertex 64 110.851 -15.4032
      vertex 64 110.851 -50
    endloop
  endfacet
  facet normal 0.477208 0.87879 0
    outer loop
      vertex 64 110.851 -15.4032
      vertex 58.1108 114.049 -50
      vertex 58.1108 114.049 -0.969935
    endloop
  endfacet
  facet normal 0.477208 0.87879 0
    outer loop
      vertex 64 110.851 50
      vertex 58.1108 114.049 27.0886
      vertex 58.1108 114.049 50
    endloop
  endfacet
  facet normal 0.477208 0.87879 0
    outer loop
      vertex 58.1108 114.049 27.0886
      vertex 64 110.851 50
      vertex 64 110.851 12.7225
    endloop
  endfacet
  facet normal -0.852668 -0.522453 0
    outer loop
      vertex -107.35 -69.7138 -50
      vertex -110.851 -64 -15.4032
      vertex -110.851 -64 -50
    endloop
  endfacet
  facet normal -0.852668 -0.522453 0
    outer loop
      vertex -110.851 -64 -15.4032
      vertex -107.35 -69.7138 -50
      vertex -107.35 -69.7138 -0.969936
    endloop
  endfacet
  facet normal -0.852668 -0.522453 0
    outer loop
      vertex -107.35 -69.7138 27.0886
      vertex -110.851 -64 50
      vertex -110.851 -64 12.7225
    endloop
  endfacet
  facet normal -0.852668 -0.522453 0
    outer loop
      vertex -110.851 -64 50
      vertex -107.35 -69.7138 27.0886
      vertex -107.35 -69.7138 50
    endloop
  endfacet
  facet normal 0.182204 0.983261 0
    outer loop
      vertex 26.6127 125.203 50
      vertex 20.0236 126.424 -30.2182
      vertex 20.0236 126.424 50
    endloop
  endfacet
  facet normal 0.182204 0.983261 0
    outer loop
      vertex 20.0236 126.424 -30.2182
      vertex 26.6127 125.203 50
      vertex 26.6127 125.203 -44.3486
    endloop
  endfacet
  facet normal 0.942638 -0.333816 0
    outer loop
      vertex 119.498 -45.8711 28.1411
      vertex 121.735 -39.5542 -50
      vertex 121.735 -39.5542 42.7391
    endloop
  endfacet
  facet normal 0.942638 -0.333816 0
    outer loop
      vertex 121.735 -39.5542 -50
      vertex 119.498 -45.8711 28.1411
      vertex 119.498 -45.8711 -50
    endloop
  endfacet
  facet normal 0.996915 -0.0784925 0
    outer loop
      vertex 127.299 -13.3796 -43.8274
      vertex 127.825 -6.699 -50
      vertex 127.825 -6.699 -29.702
    endloop
  endfacet
  facet normal 0.996915 -0.0784925 0
    outer loop
      vertex 127.825 -6.699 -50
      vertex 127.299 -13.3796 -43.8274
      vertex 127.299 -13.3796 -50
    endloop
  endfacet
  facet normal 0.996915 -0.0784925 0
    outer loop
      vertex 127.299 -13.3796 50
      vertex 127.825 -6.699 -1.64352
      vertex 127.825 -6.699 50
    endloop
  endfacet
  facet normal 0.996915 -0.0784925 0
    outer loop
      vertex 127.825 -6.699 -1.64352
      vertex 127.299 -13.3796 50
      vertex 127.299 -13.3796 -15.9702
    endloop
  endfacet
  facet normal 0.608743 0.793367 0
    outer loop
      vertex 80.553 99.4747 50
      vertex 75.2365 103.554 -15.9702
      vertex 75.2365 103.554 50
    endloop
  endfacet
  facet normal 0.608743 0.793367 0
    outer loop
      vertex 75.2365 103.554 -15.9702
      vertex 80.553 99.4747 50
      vertex 80.553 99.4747 -30.2182
    endloop
  endfacet
  facet normal 0.608648 0.793441 0
    outer loop
      vertex 77.0772 102.142 -48.6444
      vertex 75.2365 103.554 -50
      vertex 75.2365 103.554 -43.8274
    endloop
  endfacet
  facet normal 0.608779 0.79334 -0.000282373
    outer loop
      vertex 75.2365 103.554 -50
      vertex 77.0772 102.142 -48.6444
      vertex 78.0761 101.375 -50
    endloop
  endfacet
  facet normal -0.284113 0.958791 0
    outer loop
      vertex -33.1288 123.639 50
      vertex -39.5542 121.735 -44.3486
      vertex -39.5542 121.735 50
    endloop
  endfacet
  facet normal -0.284113 0.958791 0
    outer loop
      vertex -33.1288 123.639 -50
      vertex -39.5542 121.735 -44.3486
      vertex -33.1288 123.639 50
    endloop
  endfacet
  facet normal -0.284249 0.95875 -0.000168899
    outer loop
      vertex -39.5542 121.735 -44.3486
      vertex -33.1288 123.639 -50
      vertex -38.335 122.096 -47
    endloop
  endfacet
  facet normal -0.28416 0.958777 0
    outer loop
      vertex -38.335 122.096 -47
      vertex -33.1288 123.639 -50
      vertex -38.335 122.096 -50
    endloop
  endfacet
  facet normal 0.233351 -0.972393 0
    outer loop
      vertex 27.8491 -124.906 47
      vertex 33.1288 -123.639 50
      vertex 27.8491 -124.906 50
    endloop
  endfacet
  facet normal 0.233468 -0.972364 -0.000218929
    outer loop
      vertex 27.831 -124.91 45.4638
      vertex 33.1288 -123.639 50
      vertex 27.8491 -124.906 47
    endloop
  endfacet
  facet normal 0.232955 -0.972487 0.000414399
    outer loop
      vertex 26.6127 -125.203 42.7391
      vertex 33.1288 -123.639 50
      vertex 27.831 -124.91 45.4638
    endloop
  endfacet
  facet normal 0.233392 -0.972383 0
    outer loop
      vertex 33.1288 -123.639 -50
      vertex 26.6127 -125.203 42.7391
      vertex 26.6127 -125.203 -50
    endloop
  endfacet
  facet normal 0.233392 -0.972383 0
    outer loop
      vertex 26.6127 -125.203 42.7391
      vertex 33.1288 -123.639 -50
      vertex 33.1288 -123.639 50
    endloop
  endfacet
  facet normal 0.923905 0.382622 0
    outer loop
      vertex 119.498 45.8711 50
      vertex 116.934 52.0623 -15.9702
      vertex 116.934 52.0623 50
    endloop
  endfacet
  facet normal 0.923905 0.382622 0
    outer loop
      vertex 116.934 52.0623 -15.9702
      vertex 119.498 45.8711 50
      vertex 119.498 45.8711 -30.2182
    endloop
  endfacet
  facet normal 0.923866 0.382717 0
    outer loop
      vertex 117.822 49.9187 -48.6444
      vertex 116.934 52.0623 -50
      vertex 116.934 52.0623 -43.8274
    endloop
  endfacet
  facet normal 0.923852 0.38275 6.05089e-05
    outer loop
      vertex 116.934 52.0623 -50
      vertex 117.822 49.9187 -48.6444
      vertex 118.304 48.7555 -50
    endloop
  endfacet
  facet normal -0.608765 0.793351 0
    outer loop
      vertex -75.2365 103.554 41.4153
      vertex -78.4398 101.096 50
      vertex -75.2365 103.554 50
    endloop
  endfacet
  facet normal -0.608743 0.793367 0
    outer loop
      vertex -80.553 99.4747 -50
      vertex -75.2365 103.554 13.5581
      vertex -75.2365 103.554 -50
    endloop
  endfacet
  facet normal -0.608743 0.793367 0
    outer loop
      vertex -75.2365 103.554 13.5581
      vertex -80.553 99.4747 -50
      vertex -80.553 99.4747 28.1411
    endloop
  endfacet
  facet normal 0.82644 -0.563025 0
    outer loop
      vertex 107.322 -69.7549 -29.8072
      vertex 107.35 -69.7138 -50
      vertex 107.35 -69.7138 -29.702
    endloop
  endfacet
  facet normal 0.824096 -0.56645 -1.02211e-05
    outer loop
      vertex 103.554 -75.2365 -43.8274
      vertex 107.35 -69.7138 -50
      vertex 107.322 -69.7549 -29.8072
    endloop
  endfacet
  facet normal 0.824102 -0.566442 0
    outer loop
      vertex 107.35 -69.7138 -50
      vertex 103.554 -75.2365 -43.8274
      vertex 103.554 -75.2365 -50
    endloop
  endfacet
  facet normal 0.824102 -0.566442 0
    outer loop
      vertex 103.554 -75.2365 50
      vertex 107.35 -69.7138 -1.64352
      vertex 107.35 -69.7138 50
    endloop
  endfacet
  facet normal 0.824102 -0.566442 0
    outer loop
      vertex 107.35 -69.7138 -1.64352
      vertex 103.554 -75.2365 50
      vertex 103.554 -75.2365 -15.9702
    endloop
  endfacet
  facet normal 0.793351 0.608765 -0
    outer loop
      vertex 103.554 75.2365 41.4153
      vertex 101.096 78.4398 50
      vertex 103.554 75.2365 50
    endloop
  endfacet
  facet normal 0.793367 0.608743 0
    outer loop
      vertex 103.554 75.2365 13.5581
      vertex 99.4747 80.553 -50
      vertex 99.4747 80.553 28.1411
    endloop
  endfacet
  facet normal 0.793367 0.608743 0
    outer loop
      vertex 99.4747 80.553 -50
      vertex 103.554 75.2365 13.5581
      vertex 103.554 75.2365 -50
    endloop
  endfacet
  facet normal -0.649453 -0.760401 0
    outer loop
      vertex -85.6487 -95.1225 50
      vertex -80.553 -99.4747 -30.2182
      vertex -80.553 -99.4747 50
    endloop
  endfacet
  facet normal -0.649453 -0.760401 0
    outer loop
      vertex -80.553 -99.4747 -30.2182
      vertex -85.6487 -95.1225 50
      vertex -85.6487 -95.1225 -44.3486
    endloop
  endfacet
  facet normal -0.688346 0.725382 0
    outer loop
      vertex -86.571 94.2473 47
      vertex -90.5097 90.5097 50
      vertex -86.571 94.2473 50
    endloop
  endfacet
  facet normal -0.68833 0.725398 4.00111e-05
    outer loop
      vertex -86.5576 94.2601 45.4638
      vertex -90.5097 90.5097 50
      vertex -86.571 94.2473 47
    endloop
  endfacet
  facet normal -0.688384 0.725347 -4.88474e-05
    outer loop
      vertex -85.6487 95.1225 42.7391
      vertex -90.5097 90.5097 50
      vertex -86.5576 94.2601 45.4638
    endloop
  endfacet
  facet normal -0.688345 0.725383 0
    outer loop
      vertex -90.5097 90.5097 -50
      vertex -85.6487 95.1225 42.7391
      vertex -85.6487 95.1225 -50
    endloop
  endfacet
  facet normal -0.688345 0.725383 0
    outer loop
      vertex -85.6487 95.1225 42.7391
      vertex -90.5097 90.5097 -50
      vertex -90.5097 90.5097 50
    endloop
  endfacet
  facet normal -0.942638 -0.333816 0
    outer loop
      vertex -119.498 -45.8711 -30.2182
      vertex -121.735 -39.5542 50
      vertex -121.735 -39.5542 -44.3486
    endloop
  endfacet
  facet normal -0.942638 -0.333816 0
    outer loop
      vertex -121.735 -39.5542 50
      vertex -119.498 -45.8711 -30.2182
      vertex -119.498 -45.8711 50
    endloop
  endfacet
  facet normal -0.608648 -0.793441 0
    outer loop
      vertex -77.0772 -102.142 -48.6444
      vertex -75.2365 -103.554 -50
      vertex -75.2365 -103.554 -43.8274
    endloop
  endfacet
  facet normal -0.608779 -0.79334 -0.000282373
    outer loop
      vertex -75.2365 -103.554 -50
      vertex -77.0772 -102.142 -48.6444
      vertex -78.0761 -101.375 -50
    endloop
  endfacet
  facet normal -0.608743 -0.793367 0
    outer loop
      vertex -80.553 -99.4747 50
      vertex -75.2365 -103.554 -15.9702
      vertex -75.2365 -103.554 50
    endloop
  endfacet
  facet normal -0.608743 -0.793367 0
    outer loop
      vertex -75.2365 -103.554 -15.9702
      vertex -80.553 -99.4747 50
      vertex -80.553 -99.4747 -30.2182
    endloop
  endfacet
  facet normal 0.333816 -0.942638 0
    outer loop
      vertex 39.5542 -121.735 50
      vertex 45.8711 -119.498 -30.2182
      vertex 45.8711 -119.498 50
    endloop
  endfacet
  facet normal 0.333816 -0.942638 0
    outer loop
      vertex 45.8711 -119.498 -30.2182
      vertex 39.5542 -121.735 50
      vertex 39.5542 -121.735 -44.3486
    endloop
  endfacet
  facet normal 0.333816 0.942638 0
    outer loop
      vertex 39.5542 121.735 -50
      vertex 45.8711 119.498 28.1411
      vertex 45.8711 119.498 -50
    endloop
  endfacet
  facet normal 0.333816 0.942638 0
    outer loop
      vertex 45.8711 119.498 28.1411
      vertex 39.5542 121.735 -50
      vertex 39.5542 121.735 42.7391
    endloop
  endfacet
  facet normal 0.983261 0.182204 0
    outer loop
      vertex 126.424 20.0236 28.1411
      vertex 125.203 26.6127 -50
      vertex 125.203 26.6127 42.7391
    endloop
  endfacet
  facet normal 0.983261 0.182204 0
    outer loop
      vertex 125.203 26.6127 -50
      vertex 126.424 20.0236 28.1411
      vertex 126.424 20.0236 -50
    endloop
  endfacet
  facet normal 0.13057 0.991439 0
    outer loop
      vertex 20.0236 126.424 50
      vertex 13.3796 127.299 -15.9702
      vertex 13.3796 127.299 50
    endloop
  endfacet
  facet normal 0.13057 0.991439 0
    outer loop
      vertex 13.3796 127.299 -15.9702
      vertex 20.0236 126.424 50
      vertex 20.0236 126.424 -30.2182
    endloop
  endfacet
  facet normal 0.130588 0.991437 0
    outer loop
      vertex 15.68 126.996 -48.6444
      vertex 13.3796 127.299 -50
      vertex 13.3796 127.299 -43.8274
    endloop
  endfacet
  facet normal 0.130476 0.991451 0.00019353
    outer loop
      vertex 13.3796 127.299 -50
      vertex 15.68 126.996 -48.6444
      vertex 16.9282 126.832 -50
    endloop
  endfacet
  facet normal -0.0261144 0.999659 0
    outer loop
      vertex -6.699 127.825 -50
      vertex 0 128 -15.4032
      vertex 0 128 -50
    endloop
  endfacet
  facet normal -0.0261144 0.999659 0
    outer loop
      vertex 0 128 -15.4032
      vertex -6.699 127.825 -50
      vertex -6.699 127.825 -0.969935
    endloop
  endfacet
  facet normal -0.0261144 0.999659 0
    outer loop
      vertex 0 128 50
      vertex -6.699 127.825 27.0886
      vertex -6.699 127.825 50
    endloop
  endfacet
  facet normal -0.0261144 0.999659 0
    outer loop
      vertex -6.699 127.825 27.0886
      vertex 0 128 50
      vertex 0 128 12.7225
    endloop
  endfacet
  facet normal -0.760401 -0.649453 0
    outer loop
      vertex -95.1225 -85.6487 -50
      vertex -99.4747 -80.553 28.1411
      vertex -99.4747 -80.553 -50
    endloop
  endfacet
  facet normal -0.760401 -0.649453 0
    outer loop
      vertex -99.4747 -80.553 28.1411
      vertex -95.1225 -85.6487 -50
      vertex -95.1225 -85.6487 42.7391
    endloop
  endfacet
  facet normal -0.566442 0.824102 0
    outer loop
      vertex -69.7138 107.35 50
      vertex -75.2365 103.554 41.4153
      vertex -75.2365 103.554 50
    endloop
  endfacet
  facet normal -0.566442 0.824102 0
    outer loop
      vertex -75.2365 103.554 41.4153
      vertex -69.7138 107.35 50
      vertex -69.7138 107.35 27.0886
    endloop
  endfacet
  facet normal -0.566442 0.824102 0
    outer loop
      vertex -75.2365 103.554 -50
      vertex -69.7138 107.35 -0.969936
      vertex -69.7138 107.35 -50
    endloop
  endfacet
  facet normal -0.566442 0.824102 0
    outer loop
      vertex -69.7138 107.35 -0.969936
      vertex -75.2365 103.554 -50
      vertex -75.2365 103.554 13.5581
    endloop
  endfacet
  facet normal 0.760401 0.649453 0
    outer loop
      vertex 99.4747 80.553 28.1411
      vertex 95.1225 85.6487 -50
      vertex 95.1225 85.6487 42.7391
    endloop
  endfacet
  facet normal 0.760401 0.649453 0
    outer loop
      vertex 95.1225 85.6487 -50
      vertex 99.4747 80.553 28.1411
      vertex 99.4747 80.553 -50
    endloop
  endfacet
  facet normal -0.333816 -0.942638 0
    outer loop
      vertex -39.5542 -121.735 -50
      vertex -45.8711 -119.498 28.1411
      vertex -45.8711 -119.498 -50
    endloop
  endfacet
  facet normal -0.333816 -0.942638 0
    outer loop
      vertex -45.8711 -119.498 28.1411
      vertex -39.5542 -121.735 -50
      vertex -39.5542 -121.735 42.7391
    endloop
  endfacet
  facet normal 0.999659 -0.0261144 0
    outer loop
      vertex 127.825 -6.699 -29.702
      vertex 128 0 -50
      vertex 128 0 -15.4032
    endloop
  endfacet
  facet normal 0.999659 -0.0261144 0
    outer loop
      vertex 128 0 -50
      vertex 127.825 -6.699 -29.702
      vertex 127.825 -6.699 -50
    endloop
  endfacet
  facet normal 0.999659 -0.0261144 0
    outer loop
      vertex 127.825 -6.699 50
      vertex 128 0 12.7225
      vertex 128 0 50
    endloop
  endfacet
  facet normal 0.999659 -0.0261144 0
    outer loop
      vertex 128 0 12.7225
      vertex 127.825 -6.699 50
      vertex 127.825 -6.699 -1.64352
    endloop
  endfacet
  facet normal 0.923905 -0.382622 0
    outer loop
      vertex 116.934 -52.0623 13.5581
      vertex 119.498 -45.8711 -50
      vertex 119.498 -45.8711 28.1411
    endloop
  endfacet
  facet normal 0.923905 -0.382622 0
    outer loop
      vertex 119.498 -45.8711 -50
      vertex 116.934 -52.0623 13.5581
      vertex 116.934 -52.0623 -50
    endloop
  endfacet
  facet normal 0.923892 -0.382654 0
    outer loop
      vertex 116.934 -52.0623 50
      vertex 116.934 -52.0623 41.4153
      vertex 118.479 -48.332 50
    endloop
  endfacet
  facet normal 0.0261144 0.999659 0
    outer loop
      vertex 0 128 -50
      vertex 6.699 127.825 -29.702
      vertex 6.699 127.825 -50
    endloop
  endfacet
  facet normal 0.0261144 0.999659 0
    outer loop
      vertex 6.699 127.825 -29.702
      vertex 0 128 -50
      vertex 0 128 -15.4032
    endloop
  endfacet
  facet normal 0.0261144 0.999659 0
    outer loop
      vertex 6.699 127.825 50
      vertex 0 128 12.7225
      vertex 0 128 50
    endloop
  endfacet
  facet normal 0.0261144 0.999659 0
    outer loop
      vertex 0 128 12.7225
      vertex 6.699 127.825 50
      vertex 6.699 127.825 -1.64352
    endloop
  endfacet
  facet normal -0.942638 0.333816 0
    outer loop
      vertex -121.735 39.5542 -50
      vertex -119.498 45.8711 28.1411
      vertex -119.498 45.8711 -50
    endloop
  endfacet
  facet normal -0.942638 0.333816 0
    outer loop
      vertex -119.498 45.8711 28.1411
      vertex -121.735 39.5542 -50
      vertex -121.735 39.5542 42.7391
    endloop
  endfacet
  facet normal -0.382622 -0.923905 0
    outer loop
      vertex -45.8711 -119.498 -50
      vertex -52.0623 -116.934 13.5581
      vertex -52.0623 -116.934 -50
    endloop
  endfacet
  facet normal -0.382622 -0.923905 0
    outer loop
      vertex -52.0623 -116.934 13.5581
      vertex -45.8711 -119.498 -50
      vertex -45.8711 -119.498 28.1411
    endloop
  endfacet
  facet normal -0.382654 -0.923892 -0
    outer loop
      vertex -52.0623 -116.934 50
      vertex -52.0623 -116.934 41.4153
      vertex -48.332 -118.479 50
    endloop
  endfacet
  facet normal 0.725383 -0.688345 0
    outer loop
      vertex 90.5097 -90.5097 50
      vertex 95.1225 -85.6487 -44.3486
      vertex 95.1225 -85.6487 50
    endloop
  endfacet
  facet normal 0.725383 -0.688345 0
    outer loop
      vertex 90.5097 -90.5097 -50
      vertex 95.1225 -85.6487 -44.3486
      vertex 90.5097 -90.5097 50
    endloop
  endfacet
  facet normal 0.725381 -0.688348 3.6136e-06
    outer loop
      vertex 95.1225 -85.6487 -44.3486
      vertex 90.5097 -90.5097 -50
      vertex 94.2473 -86.571 -47
    endloop
  endfacet
  facet normal 0.725382 -0.688346 0
    outer loop
      vertex 94.2473 -86.571 -47
      vertex 90.5097 -90.5097 -50
      vertex 94.2473 -86.571 -50
    endloop
  endfacet
  facet normal -0.996915 -0.0784925 0
    outer loop
      vertex -127.299 -13.3796 -50
      vertex -127.825 -6.699 -0.969935
      vertex -127.825 -6.699 -50
    endloop
  endfacet
  facet normal -0.996915 -0.0784925 0
    outer loop
      vertex -127.825 -6.699 -0.969935
      vertex -127.299 -13.3796 -50
      vertex -127.299 -13.3796 13.5581
    endloop
  endfacet
  facet normal -0.996915 -0.0784925 0
    outer loop
      vertex -127.299 -13.3796 41.4153
      vertex -127.825 -6.699 50
      vertex -127.825 -6.699 27.0886
    endloop
  endfacet
  facet normal -0.996915 -0.0784925 0
    outer loop
      vertex -127.825 -6.699 50
      vertex -127.299 -13.3796 41.4153
      vertex -127.299 -13.3796 50
    endloop
  endfacet
  facet normal 0.972393 0.233351 -0
    outer loop
      vertex 124.906 27.8491 47
      vertex 123.639 33.1288 50
      vertex 124.906 27.8491 50
    endloop
  endfacet
  facet normal 0.972364 0.233468 -0.000218929
    outer loop
      vertex 124.91 27.831 45.4638
      vertex 123.639 33.1288 50
      vertex 124.906 27.8491 47
    endloop
  endfacet
  facet normal 0.972487 0.232955 0.000414399
    outer loop
      vertex 125.203 26.6127 42.7391
      vertex 123.639 33.1288 50
      vertex 124.91 27.831 45.4638
    endloop
  endfacet
  facet normal 0.972383 0.233392 0
    outer loop
      vertex 123.639 33.1288 50
      vertex 125.203 26.6127 42.7391
      vertex 123.639 33.1288 -50
    endloop
  endfacet
  facet normal 0.972383 0.233392 0
    outer loop
      vertex 123.639 33.1288 -50
      vertex 125.203 26.6127 42.7391
      vertex 125.203 26.6127 -50
    endloop
  endfacet
  facet normal 0.958791 0.284113 0
    outer loop
      vertex 123.639 33.1288 50
      vertex 121.735 39.5542 -44.3486
      vertex 121.735 39.5542 50
    endloop
  endfacet
  facet normal 0.958791 0.284113 -0
    outer loop
      vertex 123.639 33.1288 -50
      vertex 121.735 39.5542 -44.3486
      vertex 123.639 33.1288 50
    endloop
  endfacet
  facet normal 0.95875 0.284249 -0.000168899
    outer loop
      vertex 121.735 39.5542 -44.3486
      vertex 123.639 33.1288 -50
      vertex 122.096 38.335 -47
    endloop
  endfacet
  facet normal 0.958777 0.28416 0
    outer loop
      vertex 122.096 38.335 -47
      vertex 123.639 33.1288 -50
      vertex 122.096 38.335 -50
    endloop
  endfacet
  facet normal -0.182204 -0.983261 0
    outer loop
      vertex -26.6127 -125.203 50
      vertex -20.0236 -126.424 -30.2182
      vertex -20.0236 -126.424 50
    endloop
  endfacet
  facet normal -0.182204 -0.983261 0
    outer loop
      vertex -20.0236 -126.424 -30.2182
      vertex -26.6127 -125.203 50
      vertex -26.6127 -125.203 -44.3486
    endloop
  endfacet
  facet normal -0.999659 -0.0261144 0
    outer loop
      vertex -127.825 -6.699 27.0886
      vertex -128 0 50
      vertex -128 0 12.7225
    endloop
  endfacet
  facet normal -0.999659 -0.0261144 0
    outer loop
      vertex -128 0 50
      vertex -127.825 -6.699 27.0886
      vertex -127.825 -6.699 50
    endloop
  endfacet
  facet normal -0.999659 -0.0261144 0
    outer loop
      vertex -127.825 -6.699 -50
      vertex -128 0 -15.4032
      vertex -128 0 -50
    endloop
  endfacet
  facet normal -0.999659 -0.0261144 0
    outer loop
      vertex -128 0 -15.4032
      vertex -127.825 -6.699 -50
      vertex -127.825 -6.699 -0.969935
    endloop
  endfacet
  facet normal 0.382622 -0.923905 0
    outer loop
      vertex 45.8711 -119.498 50
      vertex 52.0623 -116.934 -15.9702
      vertex 52.0623 -116.934 50
    endloop
  endfacet
  facet normal 0.382622 -0.923905 0
    outer loop
      vertex 52.0623 -116.934 -15.9702
      vertex 45.8711 -119.498 50
      vertex 45.8711 -119.498 -30.2182
    endloop
  endfacet
  facet normal 0.382717 -0.923866 0
    outer loop
      vertex 49.9187 -117.822 -48.6444
      vertex 52.0623 -116.934 -50
      vertex 52.0623 -116.934 -43.8274
    endloop
  endfacet
  facet normal 0.38275 -0.923852 6.05089e-05
    outer loop
      vertex 52.0623 -116.934 -50
      vertex 49.9187 -117.822 -48.6444
      vertex 48.7555 -118.304 -50
    endloop
  endfacet
  facet normal 0.649453 0.760401 0
    outer loop
      vertex 85.6487 95.1225 50
      vertex 80.553 99.4747 -30.2182
      vertex 80.553 99.4747 50
    endloop
  endfacet
  facet normal 0.649453 0.760401 0
    outer loop
      vertex 80.553 99.4747 -30.2182
      vertex 85.6487 95.1225 50
      vertex 85.6487 95.1225 -44.3486
    endloop
  endfacet
  facet normal 0.688345 0.725383 0
    outer loop
      vertex 90.5097 90.5097 50
      vertex 85.6487 95.1225 -44.3486
      vertex 85.6487 95.1225 50
    endloop
  endfacet
  facet normal 0.688345 0.725383 -0
    outer loop
      vertex 90.5097 90.5097 -50
      vertex 85.6487 95.1225 -44.3486
      vertex 90.5097 90.5097 50
    endloop
  endfacet
  facet normal 0.688348 0.725381 3.6136e-06
    outer loop
      vertex 85.6487 95.1225 -44.3486
      vertex 90.5097 90.5097 -50
      vertex 86.571 94.2473 -47
    endloop
  endfacet
  facet normal 0.688346 0.725382 0
    outer loop
      vertex 86.571 94.2473 -47
      vertex 90.5097 90.5097 -50
      vertex 86.571 94.2473 -50
    endloop
  endfacet
  facet normal -0.13057 0.991439 0
    outer loop
      vertex -20.0236 126.424 -50
      vertex -13.3796 127.299 13.5581
      vertex -13.3796 127.299 -50
    endloop
  endfacet
  facet normal -0.13057 0.991439 0
    outer loop
      vertex -13.3796 127.299 13.5581
      vertex -20.0236 126.424 -50
      vertex -20.0236 126.424 28.1411
    endloop
  endfacet
  facet normal -0.130519 0.991446 0
    outer loop
      vertex -13.3796 127.299 41.4153
      vertex -17.3828 126.772 50
      vertex -13.3796 127.299 50
    endloop
  endfacet
  facet normal -0.725383 -0.688345 0
    outer loop
      vertex -90.5097 -90.5097 -50
      vertex -95.1225 -85.6487 42.7391
      vertex -95.1225 -85.6487 -50
    endloop
  endfacet
  facet normal -0.725383 -0.688345 -0
    outer loop
      vertex -90.5097 -90.5097 50
      vertex -95.1225 -85.6487 42.7391
      vertex -90.5097 -90.5097 -50
    endloop
  endfacet
  facet normal -0.725347 -0.688384 -4.88474e-05
    outer loop
      vertex -95.1225 -85.6487 42.7391
      vertex -90.5097 -90.5097 50
      vertex -94.2601 -86.5576 45.4638
    endloop
  endfacet
  facet normal -0.725398 -0.68833 4.00111e-05
    outer loop
      vertex -94.2601 -86.5576 45.4638
      vertex -90.5097 -90.5097 50
      vertex -94.2473 -86.571 47
    endloop
  endfacet
  facet normal -0.725382 -0.688346 0
    outer loop
      vertex -94.2473 -86.571 47
      vertex -90.5097 -90.5097 50
      vertex -94.2473 -86.571 50
    endloop
  endfacet
  facet normal -0.522453 0.852668 0
    outer loop
      vertex -69.7138 107.35 -50
      vertex -64 110.851 -15.4032
      vertex -64 110.851 -50
    endloop
  endfacet
  facet normal -0.522453 0.852668 0
    outer loop
      vertex -64 110.851 -15.4032
      vertex -69.7138 107.35 -50
      vertex -69.7138 107.35 -0.969936
    endloop
  endfacet
  facet normal -0.522453 0.852668 0
    outer loop
      vertex -64 110.851 50
      vertex -69.7138 107.35 27.0886
      vertex -69.7138 107.35 50
    endloop
  endfacet
  facet normal -0.522453 0.852668 0
    outer loop
      vertex -69.7138 107.35 27.0886
      vertex -64 110.851 50
      vertex -64 110.851 12.7225
    endloop
  endfacet
  facet normal -0.760401 0.649453 0
    outer loop
      vertex -99.4747 80.553 -30.2182
      vertex -95.1225 85.6487 50
      vertex -95.1225 85.6487 -44.3486
    endloop
  endfacet
  facet normal -0.760401 0.649453 0
    outer loop
      vertex -95.1225 85.6487 50
      vertex -99.4747 80.553 -30.2182
      vertex -99.4747 80.553 50
    endloop
  endfacet
  facet normal -0.688345 -0.725383 0
    outer loop
      vertex -90.5097 -90.5097 50
      vertex -85.6487 -95.1225 -44.3486
      vertex -85.6487 -95.1225 50
    endloop
  endfacet
  facet normal -0.688345 -0.725383 0
    outer loop
      vertex -90.5097 -90.5097 -50
      vertex -85.6487 -95.1225 -44.3486
      vertex -90.5097 -90.5097 50
    endloop
  endfacet
  facet normal -0.688348 -0.725381 3.6136e-06
    outer loop
      vertex -85.6487 -95.1225 -44.3486
      vertex -90.5097 -90.5097 -50
      vertex -86.571 -94.2473 -47
    endloop
  endfacet
  facet normal -0.688346 -0.725382 -0
    outer loop
      vertex -86.571 -94.2473 -47
      vertex -90.5097 -90.5097 -50
      vertex -86.571 -94.2473 -50
    endloop
  endfacet
  facet normal 0.13057 -0.991439 0
    outer loop
      vertex 20.0236 -126.424 -50
      vertex 13.3796 -127.299 13.5581
      vertex 13.3796 -127.299 -50
    endloop
  endfacet
  facet normal 0.13057 -0.991439 0
    outer loop
      vertex 13.3796 -127.299 13.5581
      vertex 20.0236 -126.424 -50
      vertex 20.0236 -126.424 28.1411
    endloop
  endfacet
  facet normal 0.130519 -0.991446 0
    outer loop
      vertex 13.3796 -127.299 50
      vertex 13.3796 -127.299 41.4153
      vertex 17.3828 -126.772 50
    endloop
  endfacet
  facet normal 0.608765 -0.793351 0
    outer loop
      vertex 75.2365 -103.554 50
      vertex 75.2365 -103.554 41.4153
      vertex 78.4398 -101.096 50
    endloop
  endfacet
  facet normal 0.608743 -0.793367 0
    outer loop
      vertex 80.553 -99.4747 -50
      vertex 75.2365 -103.554 13.5581
      vertex 75.2365 -103.554 -50
    endloop
  endfacet
  facet normal 0.608743 -0.793367 0
    outer loop
      vertex 75.2365 -103.554 13.5581
      vertex 80.553 -99.4747 -50
      vertex 80.553 -99.4747 28.1411
    endloop
  endfacet
  facet normal 0.284113 -0.958791 0
    outer loop
      vertex 33.1288 -123.639 50
      vertex 39.5542 -121.735 -44.3486
      vertex 39.5542 -121.735 50
    endloop
  endfacet
  facet normal 0.284113 -0.958791 0
    outer loop
      vertex 33.1288 -123.639 -50
      vertex 39.5542 -121.735 -44.3486
      vertex 33.1288 -123.639 50
    endloop
  endfacet
  facet normal 0.284249 -0.95875 -0.000168899
    outer loop
      vertex 39.5542 -121.735 -44.3486
      vertex 33.1288 -123.639 -50
      vertex 38.335 -122.096 -47
    endloop
  endfacet
  facet normal 0.28416 -0.958777 0
    outer loop
      vertex 38.335 -122.096 -47
      vertex 33.1288 -123.639 -50
      vertex 38.335 -122.096 -50
    endloop
  endfacet
  facet normal 0.430513 0.902585 0
    outer loop
      vertex 58.1108 114.049 50
      vertex 52.0623 116.934 41.4153
      vertex 52.0623 116.934 50
    endloop
  endfacet
  facet normal 0.430513 0.902585 0
    outer loop
      vertex 52.0623 116.934 41.4153
      vertex 58.1108 114.049 50
      vertex 58.1108 114.049 27.0886
    endloop
  endfacet
  facet normal 0.430513 0.902585 0
    outer loop
      vertex 52.0623 116.934 -50
      vertex 58.1108 114.049 -0.969935
      vertex 58.1108 114.049 -50
    endloop
  endfacet
  facet normal 0.430513 0.902585 0
    outer loop
      vertex 58.1108 114.049 -0.969935
      vertex 52.0623 116.934 -50
      vertex 52.0623 116.934 13.5581
    endloop
  endfacet
  facet normal 0.182204 -0.983261 0
    outer loop
      vertex 26.6127 -125.203 -50
      vertex 20.0236 -126.424 28.1411
      vertex 20.0236 -126.424 -50
    endloop
  endfacet
  facet normal 0.182204 -0.983261 0
    outer loop
      vertex 20.0236 -126.424 28.1411
      vertex 26.6127 -125.203 -50
      vertex 26.6127 -125.203 42.7391
    endloop
  endfacet
  facet normal -0.923905 -0.382622 0
    outer loop
      vertex -116.934 -52.0623 -15.9702
      vertex -119.498 -45.8711 50
      vertex -119.498 -45.8711 -30.2182
    endloop
  endfacet
  facet normal -0.923905 -0.382622 0
    outer loop
      vertex -119.498 -45.8711 50
      vertex -116.934 -52.0623 -15.9702
      vertex -116.934 -52.0623 50
    endloop
  endfacet
  facet normal -0.923852 -0.38275 6.05089e-05
    outer loop
      vertex -116.934 -52.0623 -50
      vertex -117.822 -49.9187 -48.6444
      vertex -118.304 -48.7555 -50
    endloop
  endfacet
  facet normal -0.923866 -0.382717 0
    outer loop
      vertex -117.822 -49.9187 -48.6444
      vertex -116.934 -52.0623 -50
      vertex -116.934 -52.0623 -43.8274
    endloop
  endfacet
  facet normal -0.13057 -0.991439 0
    outer loop
      vertex -20.0236 -126.424 50
      vertex -13.3796 -127.299 -15.9702
      vertex -13.3796 -127.299 50
    endloop
  endfacet
  facet normal -0.13057 -0.991439 0
    outer loop
      vertex -13.3796 -127.299 -15.9702
      vertex -20.0236 -126.424 50
      vertex -20.0236 -126.424 -30.2182
    endloop
  endfacet
  facet normal -0.130588 -0.991437 0
    outer loop
      vertex -15.68 -126.996 -48.6444
      vertex -13.3796 -127.299 -50
      vertex -13.3796 -127.299 -43.8274
    endloop
  endfacet
  facet normal -0.130476 -0.991451 0.00019353
    outer loop
      vertex -13.3796 -127.299 -50
      vertex -15.68 -126.996 -48.6444
      vertex -16.9282 -126.832 -50
    endloop
  endfacet
  facet normal -0.983261 -0.182204 0
    outer loop
      vertex -125.203 -26.6127 -50
      vertex -126.424 -20.0236 28.1411
      vertex -126.424 -20.0236 -50
    endloop
  endfacet
  facet normal -0.983261 -0.182204 0
    outer loop
      vertex -126.424 -20.0236 28.1411
      vertex -125.203 -26.6127 -50
      vertex -125.203 -26.6127 42.7391
    endloop
  endfacet
  facet normal 0.477208 -0.87879 0
    outer loop
      vertex 64 -110.851 -50
      vertex 58.1108 -114.049 -29.702
      vertex 58.1108 -114.049 -50
    endloop
  endfacet
  facet normal 0.477208 -0.87879 0
    outer loop
      vertex 58.1108 -114.049 -29.702
      vertex 64 -110.851 -50
      vertex 64 -110.851 -15.4032
    endloop
  endfacet
  facet normal 0.477208 -0.87879 0
    outer loop
      vertex 58.1108 -114.049 50
      vertex 64 -110.851 12.7225
      vertex 64 -110.851 50
    endloop
  endfacet
  facet normal 0.477208 -0.87879 0
    outer loop
      vertex 64 -110.851 12.7225
      vertex 58.1108 -114.049 50
      vertex 58.1108 -114.049 -1.64352
    endloop
  endfacet
  facet normal 0.430513 -0.902585 0
    outer loop
      vertex 52.0623 -116.934 50
      vertex 58.1108 -114.049 -1.64352
      vertex 58.1108 -114.049 50
    endloop
  endfacet
  facet normal 0.430513 -0.902585 0
    outer loop
      vertex 58.1108 -114.049 -1.64352
      vertex 52.0623 -116.934 50
      vertex 52.0623 -116.934 -15.9702
    endloop
  endfacet
  facet normal 0.430513 -0.902585 0
    outer loop
      vertex 58.1108 -114.049 -50
      vertex 52.0623 -116.934 -43.8274
      vertex 52.0623 -116.934 -50
    endloop
  endfacet
  facet normal 0.43053 -0.902576 2.07871e-05
    outer loop
      vertex 52.0623 -116.934 -43.8274
      vertex 58.1108 -114.049 -50
      vertex 58.0658 -114.07 -29.8072
    endloop
  endfacet
  facet normal 0.422885 -0.906183 0
    outer loop
      vertex 58.0658 -114.07 -29.8072
      vertex 58.1108 -114.049 -50
      vertex 58.1108 -114.049 -29.702
    endloop
  endfacet
  facet normal -0.824102 0.566442 0
    outer loop
      vertex -107.35 69.7138 -1.64352
      vertex -103.554 75.2365 50
      vertex -103.554 75.2365 -15.9702
    endloop
  endfacet
  facet normal -0.824102 0.566442 0
    outer loop
      vertex -103.554 75.2365 50
      vertex -107.35 69.7138 -1.64352
      vertex -107.35 69.7138 50
    endloop
  endfacet
  facet normal -0.824102 0.566442 0
    outer loop
      vertex -107.35 69.7138 -50
      vertex -103.554 75.2365 -43.8274
      vertex -103.554 75.2365 -50
    endloop
  endfacet
  facet normal -0.824096 0.56645 -1.02211e-05
    outer loop
      vertex -103.554 75.2365 -43.8274
      vertex -107.35 69.7138 -50
      vertex -107.322 69.7549 -29.8072
    endloop
  endfacet
  facet normal -0.82644 0.563025 0
    outer loop
      vertex -107.322 69.7549 -29.8072
      vertex -107.35 69.7138 -50
      vertex -107.35 69.7138 -29.702
    endloop
  endfacet
  facet normal 0.983261 -0.182204 0
    outer loop
      vertex 125.203 -26.6127 50
      vertex 126.424 -20.0236 -30.2182
      vertex 126.424 -20.0236 50
    endloop
  endfacet
  facet normal 0.983261 -0.182204 0
    outer loop
      vertex 126.424 -20.0236 -30.2182
      vertex 125.203 -26.6127 50
      vertex 125.203 -26.6127 -44.3486
    endloop
  endfacet
  facet normal -0.0784925 -0.996915 0
    outer loop
      vertex -13.3796 -127.299 50
      vertex -6.699 -127.825 -1.64352
      vertex -6.699 -127.825 50
    endloop
  endfacet
  facet normal -0.0784925 -0.996915 0
    outer loop
      vertex -6.699 -127.825 -1.64352
      vertex -13.3796 -127.299 50
      vertex -13.3796 -127.299 -15.9702
    endloop
  endfacet
  facet normal -0.0784925 -0.996915 0
    outer loop
      vertex -6.699 -127.825 -50
      vertex -13.3796 -127.299 -43.8274
      vertex -13.3796 -127.299 -50
    endloop
  endfacet
  facet normal -0.0784925 -0.996915 0
    outer loop
      vertex -13.3796 -127.299 -43.8274
      vertex -6.699 -127.825 -50
      vertex -6.699 -127.825 -29.702
    endloop
  endfacet
  facet normal -0.999659 0.0261144 0
    outer loop
      vertex -128 0 12.7225
      vertex -127.825 6.699 50
      vertex -127.825 6.699 -1.64352
    endloop
  endfacet
  facet normal -0.999659 0.0261144 0
    outer loop
      vertex -127.825 6.699 50
      vertex -128 0 12.7225
      vertex -128 0 50
    endloop
  endfacet
  facet normal -0.999659 0.0261144 0
    outer loop
      vertex -128 0 -50
      vertex -127.825 6.699 -29.702
      vertex -127.825 6.699 -50
    endloop
  endfacet
  facet normal -0.999659 0.0261144 0
    outer loop
      vertex -127.825 6.699 -29.702
      vertex -128 0 -50
      vertex -128 0 -15.4032
    endloop
  endfacet
  facet normal -0.983261 0.182204 0
    outer loop
      vertex -126.424 20.0236 -30.2182
      vertex -125.203 26.6127 50
      vertex -125.203 26.6127 -44.3486
    endloop
  endfacet
  facet normal -0.983261 0.182204 0
    outer loop
      vertex -125.203 26.6127 50
      vertex -126.424 20.0236 -30.2182
      vertex -126.424 20.0236 50
    endloop
  endfacet
  facet normal -0.28416 -0.958777 0
    outer loop
      vertex -38.335 -122.096 47
      vertex -33.1288 -123.639 50
      vertex -38.335 -122.096 50
    endloop
  endfacet
  facet normal -0.284252 -0.95875 0.000173108
    outer loop
      vertex -38.3528 -122.091 45.4638
      vertex -33.1288 -123.639 50
      vertex -38.335 -122.096 47
    endloop
  endfacet
  facet normal -0.284115 -0.95879 2.53231e-06
    outer loop
      vertex -39.5542 -121.735 42.7391
      vertex -33.1288 -123.639 50
      vertex -38.3528 -122.091 45.4638
    endloop
  endfacet
  facet normal -0.284113 -0.958791 0
    outer loop
      vertex -33.1288 -123.639 -50
      vertex -39.5542 -121.735 42.7391
      vertex -39.5542 -121.735 -50
    endloop
  endfacet
  facet normal -0.284113 -0.958791 0
    outer loop
      vertex -39.5542 -121.735 42.7391
      vertex -33.1288 -123.639 -50
      vertex -33.1288 -123.639 50
    endloop
  endfacet
  facet normal -0.793351 -0.608765 -0
    outer loop
      vertex -103.554 -75.2365 50
      vertex -103.554 -75.2365 41.4153
      vertex -101.096 -78.4398 50
    endloop
  endfacet
  facet normal -0.793367 -0.608743 0
    outer loop
      vertex -99.4747 -80.553 -50
      vertex -103.554 -75.2365 13.5581
      vertex -103.554 -75.2365 -50
    endloop
  endfacet
  facet normal -0.793367 -0.608743 0
    outer loop
      vertex -103.554 -75.2365 13.5581
      vertex -99.4747 -80.553 -50
      vertex -99.4747 -80.553 28.1411
    endloop
  endfacet
  facet normal -0.824102 -0.566442 0
    outer loop
      vertex -103.554 -75.2365 41.4153
      vertex -107.35 -69.7138 50
      vertex -107.35 -69.7138 27.0886
    endloop
  endfacet
  facet normal -0.824102 -0.566442 0
    outer loop
      vertex -107.35 -69.7138 50
      vertex -103.554 -75.2365 41.4153
      vertex -103.554 -75.2365 50
    endloop
  endfacet
  facet normal -0.824102 -0.566442 0
    outer loop
      vertex -103.554 -75.2365 -50
      vertex -107.35 -69.7138 -0.969936
      vertex -107.35 -69.7138 -50
    endloop
  endfacet
  facet normal -0.824102 -0.566442 0
    outer loop
      vertex -107.35 -69.7138 -0.969936
      vertex -103.554 -75.2365 -50
      vertex -103.554 -75.2365 13.5581
    endloop
  endfacet
  facet normal -0.958777 -0.28416 -0
    outer loop
      vertex -122.096 -38.335 -47
      vertex -123.639 -33.1288 -50
      vertex -122.096 -38.335 -50
    endloop
  endfacet
  facet normal -0.95875 -0.284249 -0.000168899
    outer loop
      vertex -121.735 -39.5542 -44.3486
      vertex -123.639 -33.1288 -50
      vertex -122.096 -38.335 -47
    endloop
  endfacet
  facet normal -0.958791 -0.284113 0
    outer loop
      vertex -123.639 -33.1288 -50
      vertex -121.735 -39.5542 -44.3486
      vertex -123.639 -33.1288 50
    endloop
  endfacet
  facet normal -0.958791 -0.284113 0
    outer loop
      vertex -123.639 -33.1288 50
      vertex -121.735 -39.5542 -44.3486
      vertex -121.735 -39.5542 50
    endloop
  endfacet
  facet normal -0.972383 -0.233392 0
    outer loop
      vertex -123.639 -33.1288 -50
      vertex -125.203 -26.6127 42.7391
      vertex -125.203 -26.6127 -50
    endloop
  endfacet
  facet normal -0.972383 -0.233392 -0
    outer loop
      vertex -123.639 -33.1288 50
      vertex -125.203 -26.6127 42.7391
      vertex -123.639 -33.1288 -50
    endloop
  endfacet
  facet normal -0.972487 -0.232955 0.000414399
    outer loop
      vertex -125.203 -26.6127 42.7391
      vertex -123.639 -33.1288 50
      vertex -124.91 -27.831 45.4638
    endloop
  endfacet
  facet normal -0.972364 -0.233468 -0.000218929
    outer loop
      vertex -124.91 -27.831 45.4638
      vertex -123.639 -33.1288 50
      vertex -124.906 -27.8491 47
    endloop
  endfacet
  facet normal -0.972393 -0.233351 0
    outer loop
      vertex -124.906 -27.8491 47
      vertex -123.639 -33.1288 50
      vertex -124.906 -27.8491 50
    endloop
  endfacet
  facet normal 0.649453 -0.760401 0
    outer loop
      vertex 85.6487 -95.1225 -50
      vertex 80.553 -99.4747 28.1411
      vertex 80.553 -99.4747 -50
    endloop
  endfacet
  facet normal 0.649453 -0.760401 0
    outer loop
      vertex 80.553 -99.4747 28.1411
      vertex 85.6487 -95.1225 -50
      vertex 85.6487 -95.1225 42.7391
    endloop
  endfacet
  facet normal 0 0 1
    outer loop
      vertex 103.202 79.8013 50
      vertex 101.096 78.4398 50
      vertex 103.026 79.5539 50
    endloop
  endfacet
  facet normal 0 0 1
    outer loop
      vertex 97.7927 88.618 50
      vertex 103.202 79.8013 50
      vertex 104.415 81.5108 50
    endloop
  endfacet
  facet normal -0 0 1
    outer loop
      vertex 97.7927 88.618 50
      vertex 104.415 81.5108 50
      vertex 99.6881 89.6987 50
    endloop
  endfacet
  facet normal 0 0 1
    outer loop
      vertex 129 27.8491 50
      vertex 131.182 18.3828 50
      vertex 131.182 27.8373 50
    endloop
  endfacet
  facet normal 0 0 1
    outer loop
      vertex 129 27.8491 50
      vertex 129 17.3828 50
      vertex 131.182 18.3828 50
    endloop
  endfacet
  facet normal 0 0 1
    outer loop
      vertex 129 27.8491 50
      vertex 126.772 17.3828 50
      vertex 129 17.3828 50
    endloop
  endfacet
  facet normal 0 0 1
    outer loop
      vertex 124.884 -0.883883 50
      vertex 128 0 50
      vertex 125.083 -0.625 50
    endloop
  endfacet
  facet normal 0 0 1
    outer loop
      vertex 127.299 13.3796 50
      vertex 125.207 0.323524 50
      vertex 125.25 0 50
    endloop
  endfacet
  facet normal 0 0 1
    outer loop
      vertex 127.299 13.3796 50
      vertex 125.083 0.625 50
      vertex 125.207 0.323524 50
    endloop
  endfacet
  facet normal -0 0 1
    outer loop
      vertex 124.906 27.8491 50
      vertex 126.772 17.3828 50
      vertex 129 27.8491 50
    endloop
  endfacet
  facet normal -0 0 1
    outer loop
      vertex 112.596 17.8335 50
      vertex 126.772 17.3828 50
      vertex 124.906 27.8491 50
    endloop
  endfacet
  facet normal 0 0 1
    outer loop
      vertex 127.299 13.3796 50
      vertex 124.884 0.883883 50
      vertex 125.083 0.625 50
    endloop
  endfacet
  facet normal 0 0 1
    outer loop
      vertex 127.299 13.3796 50
      vertex 124.625 1.08253 50
      vertex 124.884 0.883883 50
    endloop
  endfacet
  facet normal 0 0 1
    outer loop
      vertex 127.299 13.3796 50
      vertex 124.324 1.20741 50
      vertex 124.625 1.08253 50
    endloop
  endfacet
  facet normal 0 -0 1
    outer loop
      vertex 113.844 5.9663 50
      vertex 127.299 13.3796 50
      vertex 113.375 11.9162 50
    endloop
  endfacet
  facet normal 0 0 1
    outer loop
      vertex 127.299 13.3796 50
      vertex 124 1.25 50
      vertex 124.324 1.20741 50
    endloop
  endfacet
  facet normal 0 0 1
    outer loop
      vertex 112.596 17.8335 50
      vertex 124.906 27.8491 50
      vertex 123.639 33.1288 50
    endloop
  endfacet
  facet normal 0 0 1
    outer loop
      vertex 127.299 13.3796 50
      vertex 123.676 1.20741 50
      vertex 124 1.25 50
    endloop
  endfacet
  facet normal 0 0 1
    outer loop
      vertex 127.299 13.3796 50
      vertex 113.844 5.9663 50
      vertex 123.676 1.20741 50
    endloop
  endfacet
  facet normal 0 0 1
    outer loop
      vertex 123.676 1.20741 50
      vertex 113.844 5.9663 50
      vertex 123.375 1.08253 50
    endloop
  endfacet
  facet normal 0 0 1
    outer loop
      vertex 123.375 1.08253 50
      vertex 113.844 5.9663 50
      vertex 123.116 0.883883 50
    endloop
  endfacet
  facet normal 0 0 1
    outer loop
      vertex 123.116 0.883883 50
      vertex 113.844 5.9663 50
      vertex 122.917 0.625 50
    endloop
  endfacet
  facet normal 0 0 1
    outer loop
      vertex 126.772 17.3828 50
      vertex 112.596 17.8335 50
      vertex 113.375 11.9162 50
    endloop
  endfacet
  facet normal 0 0 1
    outer loop
      vertex 112.596 17.8335 50
      vertex 123.639 33.1288 50
      vertex 121.735 39.5542 50
    endloop
  endfacet
  facet normal 0 0 1
    outer loop
      vertex 125.25 0 50
      vertex 128 0 50
      vertex 127.825 6.699 50
    endloop
  endfacet
  facet normal 0 0 1
    outer loop
      vertex 125.25 0 50
      vertex 127.825 6.699 50
      vertex 127.299 13.3796 50
    endloop
  endfacet
  facet normal 0 0 1
    outer loop
      vertex 125.207 -0.323524 50
      vertex 128 0 50
      vertex 125.25 0 50
    endloop
  endfacet
  facet normal 0 0 1
    outer loop
      vertex 113.375 11.9162 50
      vertex 127.299 13.3796 50
      vertex 126.772 17.3828 50
    endloop
  endfacet
  facet normal 0 0 1
    outer loop
      vertex 125.083 -0.625 50
      vertex 128 0 50
      vertex 125.207 -0.323524 50
    endloop
  endfacet
  facet normal 0 0 1
    outer loop
      vertex 128 0 50
      vertex 124.884 -0.883883 50
      vertex 127.825 -6.699 50
    endloop
  endfacet
  facet normal -0 0 1
    outer loop
      vertex 124.625 -1.08253 50
      vertex 127.825 -6.699 50
      vertex 124.884 -0.883883 50
    endloop
  endfacet
  facet normal -0 0 1
    outer loop
      vertex 124.324 -1.20741 50
      vertex 127.825 -6.699 50
      vertex 124.625 -1.08253 50
    endloop
  endfacet
  facet normal -0 0 1
    outer loop
      vertex 124 -1.25 50
      vertex 127.825 -6.699 50
      vertex 124.324 -1.20741 50
    endloop
  endfacet
  facet normal 0 0 1
    outer loop
      vertex 123.676 -1.20741 50
      vertex 127.825 -6.699 50
      vertex 124 -1.25 50
    endloop
  endfacet
  facet normal 0 0 1
    outer loop
      vertex 123.375 -1.08253 50
      vertex 127.825 -6.699 50
      vertex 123.676 -1.20741 50
    endloop
  endfacet
  facet normal 0 0 1
    outer loop
      vertex 127.825 -6.699 50
      vertex 123.375 -1.08253 50
      vertex 127.299 -13.3796 50
    endloop
  endfacet
  facet normal 0 0 1
    outer loop
      vertex 123.116 -0.883883 50
      vertex 127.299 -13.3796 50
      vertex 123.375 -1.08253 50
    endloop
  endfacet
  facet normal 0 0 1
    outer loop
      vertex 122.917 -0.625 50
      vertex 127.299 -13.3796 50
      vertex 123.116 -0.883883 50
    endloop
  endfacet
  facet normal 0 0 1
    outer loop
      vertex 127.299 -13.3796 50
      vertex 122.917 -0.625 50
      vertex 126.424 -20.0236 50
    endloop
  endfacet
  facet normal 0 0 1
    outer loop
      vertex 126.424 -20.0236 50
      vertex 122.917 -0.625 50
      vertex 125.203 -26.6127 50
    endloop
  endfacet
  facet normal 0 0 1
    outer loop
      vertex 122.793 -0.323524 50
      vertex 125.203 -26.6127 50
      vertex 122.917 -0.625 50
    endloop
  endfacet
  facet normal 0 0 1
    outer loop
      vertex 125.203 -26.6127 50
      vertex 122.793 -0.323524 50
      vertex 123.639 -33.1288 50
    endloop
  endfacet
  facet normal 0 0 1
    outer loop
      vertex 122.096 -38.335 50
      vertex 122.793 -0.323524 50
      vertex 122.75 0 50
    endloop
  endfacet
  facet normal 0 0 1
    outer loop
      vertex 122.793 -0.323524 50
      vertex 122.096 -38.335 50
      vertex 123.639 -33.1288 50
    endloop
  endfacet
  facet normal 0 0 1
    outer loop
      vertex 125.642 -40.382 50
      vertex 122.798 -49.671 50
      vertex 127.525 -41.4831 50
    endloop
  endfacet
  facet normal 0 0 1
    outer loop
      vertex 118.479 -48.332 50
      vertex 125.642 -40.382 50
      vertex 122.096 -38.335 50
    endloop
  endfacet
  facet normal 0 0 1
    outer loop
      vertex 125.642 -40.382 50
      vertex 120.711 -49.4745 50
      vertex 122.798 -49.671 50
    endloop
  endfacet
  facet normal 0 0 1
    outer loop
      vertex 113.844 -5.9663 50
      vertex 122.75 0 50
      vertex 114 0 50
    endloop
  endfacet
  facet normal 0 0 1
    outer loop
      vertex 113.375 -11.9162 50
      vertex 122.75 0 50
      vertex 113.844 -5.9663 50
    endloop
  endfacet
  facet normal 0 0 1
    outer loop
      vertex 108.42 35.2279 50
      vertex 121.735 39.5542 50
      vertex 119.498 45.8711 50
    endloop
  endfacet
  facet normal 0 0 1
    outer loop
      vertex 112.596 -17.8335 50
      vertex 122.75 0 50
      vertex 113.375 -11.9162 50
    endloop
  endfacet
  facet normal 0 0 1
    outer loop
      vertex 106.428 40.8539 50
      vertex 119.498 45.8711 50
      vertex 116.934 52.0623 50
    endloop
  endfacet
  facet normal 0 0 1
    outer loop
      vertex 122.75 0 50
      vertex 112.596 -17.8335 50
      vertex 122.096 -38.335 50
    endloop
  endfacet
  facet normal 0 0 1
    outer loop
      vertex 104.144 46.368 50
      vertex 116.934 52.0623 50
      vertex 114.049 58.1108 50
    endloop
  endfacet
  facet normal -0 0 1
    outer loop
      vertex 111.509 -23.7019 50
      vertex 122.096 -38.335 50
      vertex 112.596 -17.8335 50
    endloop
  endfacet
  facet normal -0 0 1
    outer loop
      vertex 110.116 -29.5054 50
      vertex 122.096 -38.335 50
      vertex 111.509 -23.7019 50
    endloop
  endfacet
  facet normal 0 0 1
    outer loop
      vertex 122.793 0.323524 50
      vertex 114 0 50
      vertex 122.75 0 50
    endloop
  endfacet
  facet normal 0 0 1
    outer loop
      vertex 122.917 0.625 50
      vertex 114 0 50
      vertex 122.793 0.323524 50
    endloop
  endfacet
  facet normal 0 -0 1
    outer loop
      vertex 114 0 50
      vertex 122.917 0.625 50
      vertex 113.844 5.9663 50
    endloop
  endfacet
  facet normal 0 0 1
    outer loop
      vertex 121.735 39.5542 50
      vertex 111.509 23.7019 50
      vertex 112.596 17.8335 50
    endloop
  endfacet
  facet normal 0 0 1
    outer loop
      vertex 101.575 51.7549 50
      vertex 114.049 58.1108 50
      vertex 110.851 64 50
    endloop
  endfacet
  facet normal 0 0 1
    outer loop
      vertex 121.735 39.5542 50
      vertex 110.116 29.5054 50
      vertex 111.509 23.7019 50
    endloop
  endfacet
  facet normal 0 0 1
    outer loop
      vertex 121.735 39.5542 50
      vertex 108.42 35.2279 50
      vertex 110.116 29.5054 50
    endloop
  endfacet
  facet normal 0 0 1
    outer loop
      vertex 98.7269 57 50
      vertex 110.851 64 50
      vertex 107.35 69.7138 50
    endloop
  endfacet
  facet normal 0 0 1
    outer loop
      vertex 119.498 45.8711 50
      vertex 106.428 40.8539 50
      vertex 108.42 35.2279 50
    endloop
  endfacet
  facet normal 0 0 1
    outer loop
      vertex 116.934 52.0623 50
      vertex 104.144 46.368 50
      vertex 106.428 40.8539 50
    endloop
  endfacet
  facet normal 0 0 1
    outer loop
      vertex 95.6084 62.0888 50
      vertex 107.35 69.7138 50
      vertex 103.554 75.2365 50
    endloop
  endfacet
  facet normal 0 0 1
    outer loop
      vertex 114.049 58.1108 50
      vertex 101.575 51.7549 50
      vertex 104.144 46.368 50
    endloop
  endfacet
  facet normal 0 0 1
    outer loop
      vertex 92.2279 67.0075 50
      vertex 103.554 75.2365 50
      vertex 101.096 78.4398 50
    endloop
  endfacet
  facet normal 0 0 1
    outer loop
      vertex 103.202 79.8013 50
      vertex 97.7927 88.618 50
      vertex 101.096 78.4398 50
    endloop
  endfacet
  facet normal 0 0 1
    outer loop
      vertex 110.851 64 50
      vertex 98.7269 57 50
      vertex 101.575 51.7549 50
    endloop
  endfacet
  facet normal -0 0 1
    outer loop
      vertex 94.2473 86.571 50
      vertex 101.096 78.4398 50
      vertex 97.7927 88.618 50
    endloop
  endfacet
  facet normal 0 0 1
    outer loop
      vertex 107.35 69.7138 50
      vertex 95.6084 62.0888 50
      vertex 98.7269 57 50
    endloop
  endfacet
  facet normal 0 0 1
    outer loop
      vertex 88.5946 71.7425 50
      vertex 101.096 78.4398 50
      vertex 94.2473 86.571 50
    endloop
  endfacet
  facet normal 0 0 1
    outer loop
      vertex 103.554 75.2365 50
      vertex 92.2279 67.0075 50
      vertex 95.6084 62.0888 50
    endloop
  endfacet
  facet normal 0 0 1
    outer loop
      vertex 80.6102 80.6102 50
      vertex 94.2473 86.571 50
      vertex 90.5097 90.5097 50
    endloop
  endfacet
  facet normal 0 0 1
    outer loop
      vertex 101.096 78.4398 50
      vertex 88.5946 71.7425 50
      vertex 92.2279 67.0075 50
    endloop
  endfacet
  facet normal 0 0 1
    outer loop
      vertex 80.6102 80.6102 50
      vertex 90.5097 90.5097 50
      vertex 85.6487 95.1225 50
    endloop
  endfacet
  facet normal 0 0 1
    outer loop
      vertex 94.2473 86.571 50
      vertex 84.7185 76.2809 50
      vertex 88.5946 71.7425 50
    endloop
  endfacet
  facet normal 0 0 1
    outer loop
      vertex 94.2473 86.571 50
      vertex 80.6102 80.6102 50
      vertex 84.7185 76.2809 50
    endloop
  endfacet
  facet normal 0 0 1
    outer loop
      vertex 76.2809 84.7185 50
      vertex 85.6487 95.1225 50
      vertex 80.553 99.4747 50
    endloop
  endfacet
  facet normal 0 0 1
    outer loop
      vertex 85.6487 95.1225 50
      vertex 76.2809 84.7185 50
      vertex 80.6102 80.6102 50
    endloop
  endfacet
  facet normal 0 0 1
    outer loop
      vertex 71.7425 88.5946 50
      vertex 80.553 99.4747 50
      vertex 75.2365 103.554 50
    endloop
  endfacet
  facet normal 0 0 1
    outer loop
      vertex 80.553 99.4747 50
      vertex 71.7425 88.5946 50
      vertex 76.2809 84.7185 50
    endloop
  endfacet
  facet normal 0 0 1
    outer loop
      vertex 67.0075 92.2279 50
      vertex 75.2365 103.554 50
      vertex 69.7138 107.35 50
    endloop
  endfacet
  facet normal 0 0 1
    outer loop
      vertex 75.2365 103.554 50
      vertex 67.0075 92.2279 50
      vertex 71.7425 88.5946 50
    endloop
  endfacet
  facet normal -0 0 1
    outer loop
      vertex 63.2074 107.711 50
      vertex 69.7138 107.35 50
      vertex 64 110.851 50
    endloop
  endfacet
  facet normal 0 0 1
    outer loop
      vertex 63.2074 107.064 50
      vertex 69.7138 107.35 50
      vertex 63.25 107.387 50
    endloop
  endfacet
  facet normal 0 0 1
    outer loop
      vertex 63.0825 106.762 50
      vertex 69.7138 107.35 50
      vertex 63.2074 107.064 50
    endloop
  endfacet
  facet normal 0 0 1
    outer loop
      vertex 62.8839 106.503 50
      vertex 69.7138 107.35 50
      vertex 63.0825 106.762 50
    endloop
  endfacet
  facet normal 0 0 1
    outer loop
      vertex 62.0888 95.6084 50
      vertex 69.7138 107.35 50
      vertex 62.8839 106.503 50
    endloop
  endfacet
  facet normal 0 0 1
    outer loop
      vertex 62.0888 95.6084 50
      vertex 62.8839 106.503 50
      vertex 62.625 106.305 50
    endloop
  endfacet
  facet normal 0 0 1
    outer loop
      vertex 62.0888 95.6084 50
      vertex 62.625 106.305 50
      vertex 62.3235 106.18 50
    endloop
  endfacet
  facet normal 0 0 1
    outer loop
      vertex 69.7138 107.35 50
      vertex 62.0888 95.6084 50
      vertex 67.0075 92.2279 50
    endloop
  endfacet
  facet normal -0 0 1
    outer loop
      vertex 62 106.137 50
      vertex 62.0888 95.6084 50
      vertex 62.3235 106.18 50
    endloop
  endfacet
  facet normal 0 0 1
    outer loop
      vertex 57 98.7269 50
      vertex 62 106.137 50
      vertex 61.6765 106.18 50
    endloop
  endfacet
  facet normal 0 0 1
    outer loop
      vertex 57 98.7269 50
      vertex 61.6765 106.18 50
      vertex 61.375 106.305 50
    endloop
  endfacet
  facet normal 0 0 1
    outer loop
      vertex 57 98.7269 50
      vertex 61.375 106.305 50
      vertex 61.1161 106.503 50
    endloop
  endfacet
  facet normal 0 0 1
    outer loop
      vertex 57 98.7269 50
      vertex 61.1161 106.503 50
      vertex 60.9175 106.762 50
    endloop
  endfacet
  facet normal 0 0 1
    outer loop
      vertex 51.7549 101.575 50
      vertex 60.9175 106.762 50
      vertex 60.7926 107.064 50
    endloop
  endfacet
  facet normal 0 0 1
    outer loop
      vertex 51.7549 101.575 50
      vertex 60.7926 107.064 50
      vertex 60.75 107.387 50
    endloop
  endfacet
  facet normal 0 0 1
    outer loop
      vertex 51.7549 101.575 50
      vertex 60.75 107.387 50
      vertex 58.1108 114.049 50
    endloop
  endfacet
  facet normal 0 0 1
    outer loop
      vertex 62 106.137 50
      vertex 57 98.7269 50
      vertex 62.0888 95.6084 50
    endloop
  endfacet
  facet normal 0 0 1
    outer loop
      vertex 51.7549 101.575 50
      vertex 58.1108 114.049 50
      vertex 52.0623 116.934 50
    endloop
  endfacet
  facet normal 0 0 1
    outer loop
      vertex 60.9175 106.762 50
      vertex 51.7549 101.575 50
      vertex 57 98.7269 50
    endloop
  endfacet
  facet normal 0 0 1
    outer loop
      vertex 46.368 104.144 50
      vertex 52.0623 116.934 50
      vertex 48.332 118.479 50
    endloop
  endfacet
  facet normal 0 0 1
    outer loop
      vertex 52.0623 116.934 50
      vertex 46.368 104.144 50
      vertex 51.7549 101.575 50
    endloop
  endfacet
  facet normal -0 0 1
    outer loop
      vertex 108.42 -35.2279 50
      vertex 122.096 -38.335 50
      vertex 110.116 -29.5054 50
    endloop
  endfacet
  facet normal 0 0 1
    outer loop
      vertex 125.642 -40.382 50
      vertex 118.479 -48.332 50
      vertex 120.711 -49.4745 50
    endloop
  endfacet
  facet normal 0 0 1
    outer loop
      vertex 120.711 -49.4745 50
      vertex 118.479 -48.332 50
      vertex 120.409 -49.4461 50
    endloop
  endfacet
  facet normal 0 0 1
    outer loop
      vertex 106.428 -40.8539 50
      vertex 122.096 -38.335 50
      vertex 108.42 -35.2279 50
    endloop
  endfacet
  facet normal 0 0 1
    outer loop
      vertex 122.096 -38.335 50
      vertex 106.428 -40.8539 50
      vertex 118.479 -48.332 50
    endloop
  endfacet
  facet normal -0 0 1
    outer loop
      vertex 104.144 -46.368 50
      vertex 118.479 -48.332 50
      vertex 106.428 -40.8539 50
    endloop
  endfacet
  facet normal 0 0 1
    outer loop
      vertex 118.479 -48.332 50
      vertex 104.144 -46.368 50
      vertex 116.934 -52.0623 50
    endloop
  endfacet
  facet normal 0 0 1
    outer loop
      vertex 116.934 -52.0623 50
      vertex 104.144 -46.368 50
      vertex 114.049 -58.1108 50
    endloop
  endfacet
  facet normal -0 0 1
    outer loop
      vertex 101.575 -51.7549 50
      vertex 114.049 -58.1108 50
      vertex 104.144 -46.368 50
    endloop
  endfacet
  facet normal 0 0 1
    outer loop
      vertex 114.049 -58.1108 50
      vertex 101.575 -51.7549 50
      vertex 110.851 -64 50
    endloop
  endfacet
  facet normal -0 0 1
    outer loop
      vertex 98.7269 -57 50
      vertex 110.851 -64 50
      vertex 101.575 -51.7549 50
    endloop
  endfacet
  facet normal 0 0 1
    outer loop
      vertex 110.851 -64 50
      vertex 98.7269 -57 50
      vertex 107.35 -69.7138 50
    endloop
  endfacet
  facet normal -0 0 1
    outer loop
      vertex 95.6084 -62.0888 50
      vertex 107.35 -69.7138 50
      vertex 98.7269 -57 50
    endloop
  endfacet
  facet normal 0 0 1
    outer loop
      vertex 107.35 -69.7138 50
      vertex 95.6084 -62.0888 50
      vertex 103.554 -75.2365 50
    endloop
  endfacet
  facet normal -0 0 1
    outer loop
      vertex 92.2279 -67.0075 50
      vertex 103.554 -75.2365 50
      vertex 95.6084 -62.0888 50
    endloop
  endfacet
  facet normal 0 0 1
    outer loop
      vertex 103.554 -75.2365 50
      vertex 92.2279 -67.0075 50
      vertex 99.4747 -80.553 50
    endloop
  endfacet
  facet normal -0 0 1
    outer loop
      vertex 88.5946 -71.7425 50
      vertex 99.4747 -80.553 50
      vertex 92.2279 -67.0075 50
    endloop
  endfacet
  facet normal 0 0 1
    outer loop
      vertex 99.4747 -80.553 50
      vertex 88.5946 -71.7425 50
      vertex 95.1225 -85.6487 50
    endloop
  endfacet
  facet normal -0 0 1
    outer loop
      vertex 84.7185 -76.2809 50
      vertex 95.1225 -85.6487 50
      vertex 88.5946 -71.7425 50
    endloop
  endfacet
  facet normal 0 0 1
    outer loop
      vertex 95.1225 -85.6487 50
      vertex 84.7185 -76.2809 50
      vertex 90.5097 -90.5097 50
    endloop
  endfacet
  facet normal -0 0 1
    outer loop
      vertex 80.6102 -80.6102 50
      vertex 90.5097 -90.5097 50
      vertex 84.7185 -76.2809 50
    endloop
  endfacet
  facet normal 0 0 1
    outer loop
      vertex 78.4398 -101.096 50
      vertex 88.618 -97.7927 50
      vertex 86.571 -94.2473 50
    endloop
  endfacet
  facet normal 0 0 1
    outer loop
      vertex 88.618 -97.7927 50
      vertex 81.5108 -104.415 50
      vertex 89.6987 -99.6881 50
    endloop
  endfacet
  facet normal 0 0 1
    outer loop
      vertex 90.5097 -90.5097 50
      vertex 80.6102 -80.6102 50
      vertex 86.571 -94.2473 50
    endloop
  endfacet
  facet normal -0 0 1
    outer loop
      vertex 76.2809 -84.7185 50
      vertex 86.571 -94.2473 50
      vertex 80.6102 -80.6102 50
    endloop
  endfacet
  facet normal 0 0 1
    outer loop
      vertex 88.618 -97.7927 50
      vertex 78.4398 -101.096 50
      vertex 79.8013 -103.202 50
    endloop
  endfacet
  facet normal 0 0 1
    outer loop
      vertex 88.618 -97.7927 50
      vertex 79.8013 -103.202 50
      vertex 81.5108 -104.415 50
    endloop
  endfacet
  facet normal 0 0 1
    outer loop
      vertex 79.8013 -103.202 50
      vertex 78.4398 -101.096 50
      vertex 79.5539 -103.026 50
    endloop
  endfacet
  facet normal -0 0 1
    outer loop
      vertex 71.7425 -88.5946 50
      vertex 86.571 -94.2473 50
      vertex 76.2809 -84.7185 50
    endloop
  endfacet
  facet normal 0 0 1
    outer loop
      vertex 86.571 -94.2473 50
      vertex 71.7425 -88.5946 50
      vertex 78.4398 -101.096 50
    endloop
  endfacet
  facet normal -0 0 1
    outer loop
      vertex 67.0075 -92.2279 50
      vertex 78.4398 -101.096 50
      vertex 71.7425 -88.5946 50
    endloop
  endfacet
  facet normal 0 0 1
    outer loop
      vertex 78.4398 -101.096 50
      vertex 67.0075 -92.2279 50
      vertex 75.2365 -103.554 50
    endloop
  endfacet
  facet normal 0 0 1
    outer loop
      vertex 75.2365 -103.554 50
      vertex 67.0075 -92.2279 50
      vertex 69.7138 -107.35 50
    endloop
  endfacet
  facet normal -0 0 1
    outer loop
      vertex 62.0888 -95.6084 50
      vertex 69.7138 -107.35 50
      vertex 67.0075 -92.2279 50
    endloop
  endfacet
  facet normal 0 0 1
    outer loop
      vertex 63.2074 -107.711 50
      vertex 69.7138 -107.35 50
      vertex 63.25 -107.387 50
    endloop
  endfacet
  facet normal 0 0 1
    outer loop
      vertex 69.7138 -107.35 50
      vertex 63.2074 -107.064 50
      vertex 63.25 -107.387 50
    endloop
  endfacet
  facet normal 0 0 1
    outer loop
      vertex 69.7138 -107.35 50
      vertex 63.0825 -106.762 50
      vertex 63.2074 -107.064 50
    endloop
  endfacet
  facet normal 0 0 1
    outer loop
      vertex 69.7138 -107.35 50
      vertex 62.8839 -106.503 50
      vertex 63.0825 -106.762 50
    endloop
  endfacet
  facet normal 0 0 1
    outer loop
      vertex 69.7138 -107.35 50
      vertex 62.0888 -95.6084 50
      vertex 62.8839 -106.503 50
    endloop
  endfacet
  facet normal 0 0 1
    outer loop
      vertex 62.8839 -106.503 50
      vertex 62.0888 -95.6084 50
      vertex 62.625 -106.305 50
    endloop
  endfacet
  facet normal 0 0 1
    outer loop
      vertex 62.625 -106.305 50
      vertex 62.0888 -95.6084 50
      vertex 62.3235 -106.18 50
    endloop
  endfacet
  facet normal 0 0 1
    outer loop
      vertex 62.0888 -95.6084 50
      vertex 62 -106.137 50
      vertex 62.3235 -106.18 50
    endloop
  endfacet
  facet normal -0 0 1
    outer loop
      vertex 57 -98.7269 50
      vertex 62 -106.137 50
      vertex 62.0888 -95.6084 50
    endloop
  endfacet
  facet normal 0 0 1
    outer loop
      vertex 62 -106.137 50
      vertex 57 -98.7269 50
      vertex 61.6765 -106.18 50
    endloop
  endfacet
  facet normal 0 0 1
    outer loop
      vertex 61.6765 -106.18 50
      vertex 57 -98.7269 50
      vertex 61.375 -106.305 50
    endloop
  endfacet
  facet normal 0 0 1
    outer loop
      vertex 61.375 -106.305 50
      vertex 57 -98.7269 50
      vertex 61.1161 -106.503 50
    endloop
  endfacet
  facet normal 0 0 1
    outer loop
      vertex 61.1161 -106.503 50
      vertex 57 -98.7269 50
      vertex 60.9175 -106.762 50
    endloop
  endfacet
  facet normal -0 0 1
    outer loop
      vertex 51.7549 -101.575 50
      vertex 60.9175 -106.762 50
      vertex 57 -98.7269 50
    endloop
  endfacet
  facet normal 0 0 1
    outer loop
      vertex 60.9175 -106.762 50
      vertex 51.7549 -101.575 50
      vertex 60.7926 -107.064 50
    endloop
  endfacet
  facet normal 0 0 1
    outer loop
      vertex 60.7926 -107.064 50
      vertex 51.7549 -101.575 50
      vertex 60.75 -107.387 50
    endloop
  endfacet
  facet normal 0 0 1
    outer loop
      vertex 60.75 -107.387 50
      vertex 51.7549 -101.575 50
      vertex 58.1108 -114.049 50
    endloop
  endfacet
  facet normal 0 0 1
    outer loop
      vertex 58.1108 -114.049 50
      vertex 51.7549 -101.575 50
      vertex 52.0623 -116.934 50
    endloop
  endfacet
  facet normal -0 0 1
    outer loop
      vertex 46.368 -104.144 50
      vertex 52.0623 -116.934 50
      vertex 51.7549 -101.575 50
    endloop
  endfacet
  facet normal 0 0 1
    outer loop
      vertex 46.368 -104.144 50
      vertex 45.8711 -119.498 50
      vertex 52.0623 -116.934 50
    endloop
  endfacet
  facet normal -0 0 1
    outer loop
      vertex 40.8539 -106.428 50
      vertex 45.8711 -119.498 50
      vertex 46.368 -104.144 50
    endloop
  endfacet
  facet normal 0 0 1
    outer loop
      vertex 40.8539 -106.428 50
      vertex 39.5542 -121.735 50
      vertex 45.8711 -119.498 50
    endloop
  endfacet
  facet normal -0 0 1
    outer loop
      vertex 35.2279 -108.42 50
      vertex 39.5542 -121.735 50
      vertex 40.8539 -106.428 50
    endloop
  endfacet
  facet normal 0 0 1
    outer loop
      vertex 35.2279 -108.42 50
      vertex 33.1288 -123.639 50
      vertex 39.5542 -121.735 50
    endloop
  endfacet
  facet normal -0 0 1
    outer loop
      vertex 29.5054 -110.116 50
      vertex 33.1288 -123.639 50
      vertex 35.2279 -108.42 50
    endloop
  endfacet
  facet normal 0 0 1
    outer loop
      vertex 29.5054 -110.116 50
      vertex 27.8491 -124.906 50
      vertex 33.1288 -123.639 50
    endloop
  endfacet
  facet normal -0 0 1
    outer loop
      vertex 17.3828 -126.772 50
      vertex 27.8491 -129 50
      vertex 27.8491 -124.906 50
    endloop
  endfacet
  facet normal -0 0 1
    outer loop
      vertex 23.7019 -111.509 50
      vertex 27.8491 -124.906 50
      vertex 29.5054 -110.116 50
    endloop
  endfacet
  facet normal -0 0 1
    outer loop
      vertex 17.8335 -112.596 50
      vertex 27.8491 -124.906 50
      vertex 23.7019 -111.509 50
    endloop
  endfacet
  facet normal 0 0 1
    outer loop
      vertex 27.8491 -129 50
      vertex 17.3828 -126.772 50
      vertex 18.3828 -131.182 50
    endloop
  endfacet
  facet normal 0 0 1
    outer loop
      vertex 27.8491 -124.906 50
      vertex 17.8335 -112.596 50
      vertex 17.3828 -126.772 50
    endloop
  endfacet
  facet normal 0 0 1
    outer loop
      vertex 27.8491 -129 50
      vertex 18.3828 -131.182 50
      vertex 27.8373 -131.182 50
    endloop
  endfacet
  facet normal 0 0 1
    outer loop
      vertex 18.3828 -131.182 50
      vertex 17.3828 -126.772 50
      vertex 17.3828 -129 50
    endloop
  endfacet
  facet normal 0 0 1
    outer loop
      vertex -125.083 0.625 50
      vertex -128 0 50
      vertex -125.207 0.323524 50
    endloop
  endfacet
  facet normal 0 0 1
    outer loop
      vertex -125.25 0 50
      vertex -127.299 -13.3796 50
      vertex -126.772 -17.3828 50
    endloop
  endfacet
  facet normal 0 0 1
    outer loop
      vertex -125.207 0.323524 50
      vertex -128 0 50
      vertex -125.25 0 50
    endloop
  endfacet
  facet normal 0 0 1
    outer loop
      vertex -125.25 0 50
      vertex -127.825 -6.699 50
      vertex -127.299 -13.3796 50
    endloop
  endfacet
  facet normal 0 0 1
    outer loop
      vertex -125.25 0 50
      vertex -128 0 50
      vertex -127.825 -6.699 50
    endloop
  endfacet
  facet normal 0 0 1
    outer loop
      vertex -114 0 50
      vertex -122.793 0.323524 50
      vertex -122.75 0 50
    endloop
  endfacet
  facet normal 0 0 1
    outer loop
      vertex -111.509 23.7019 50
      vertex -125.203 26.6127 50
      vertex -112.596 17.8335 50
    endloop
  endfacet
  facet normal -0 0 1
    outer loop
      vertex -126.424 20.0236 50
      vertex -112.596 17.8335 50
      vertex -125.203 26.6127 50
    endloop
  endfacet
  facet normal 0 0 1
    outer loop
      vertex -112.596 17.8335 50
      vertex -122.917 0.625 50
      vertex -122.793 0.323524 50
    endloop
  endfacet
  facet normal 0 0 1
    outer loop
      vertex -127.299 13.3796 50
      vertex -112.596 17.8335 50
      vertex -126.424 20.0236 50
    endloop
  endfacet
  facet normal 0 0 1
    outer loop
      vertex -112.596 17.8335 50
      vertex -123.116 0.883883 50
      vertex -122.917 0.625 50
    endloop
  endfacet
  facet normal 0 0 1
    outer loop
      vertex -112.596 17.8335 50
      vertex -123.375 1.08253 50
      vertex -123.116 0.883883 50
    endloop
  endfacet
  facet normal -0 0 1
    outer loop
      vertex -127.299 13.3796 50
      vertex -123.375 1.08253 50
      vertex -112.596 17.8335 50
    endloop
  endfacet
  facet normal -0 0 1
    outer loop
      vertex -127.825 6.699 50
      vertex -123.375 1.08253 50
      vertex -127.299 13.3796 50
    endloop
  endfacet
  facet normal 0 0 1
    outer loop
      vertex -123.375 1.08253 50
      vertex -127.825 6.699 50
      vertex -123.676 1.20741 50
    endloop
  endfacet
  facet normal 0 0 1
    outer loop
      vertex -123.676 1.20741 50
      vertex -127.825 6.699 50
      vertex -124 1.25 50
    endloop
  endfacet
  facet normal 0 0 1
    outer loop
      vertex -124 1.25 50
      vertex -127.825 6.699 50
      vertex -124.324 1.20741 50
    endloop
  endfacet
  facet normal 0 0 1
    outer loop
      vertex -124.324 1.20741 50
      vertex -127.825 6.699 50
      vertex -124.625 1.08253 50
    endloop
  endfacet
  facet normal 0 0 1
    outer loop
      vertex -124.625 1.08253 50
      vertex -127.825 6.699 50
      vertex -124.884 0.883883 50
    endloop
  endfacet
  facet normal 0 0 1
    outer loop
      vertex -128 0 50
      vertex -124.884 0.883883 50
      vertex -127.825 6.699 50
    endloop
  endfacet
  facet normal -0 0 1
    outer loop
      vertex -123.116 -0.883883 50
      vertex -113.844 -5.9663 50
      vertex -122.917 -0.625 50
    endloop
  endfacet
  facet normal -0 0 1
    outer loop
      vertex -123.375 -1.08253 50
      vertex -113.844 -5.9663 50
      vertex -123.116 -0.883883 50
    endloop
  endfacet
  facet normal -0 0 1
    outer loop
      vertex -123.676 -1.20741 50
      vertex -113.844 -5.9663 50
      vertex -123.375 -1.08253 50
    endloop
  endfacet
  facet normal 0 0 1
    outer loop
      vertex -113.844 -5.9663 50
      vertex -123.676 -1.20741 50
      vertex -113.375 -11.9162 50
    endloop
  endfacet
  facet normal 0 0 1
    outer loop
      vertex -113.375 -11.9162 50
      vertex -126.772 -17.3828 50
      vertex -112.596 -17.8335 50
    endloop
  endfacet
  facet normal 0 0 1
    outer loop
      vertex -112.596 -17.8335 50
      vertex -123.639 -33.1288 50
      vertex -121.735 -39.5542 50
    endloop
  endfacet
  facet normal 0 0 1
    outer loop
      vertex -113.375 -11.9162 50
      vertex -123.676 -1.20741 50
      vertex -126.772 -17.3828 50
    endloop
  endfacet
  facet normal 0 0 1
    outer loop
      vertex -126.772 -17.3828 50
      vertex -123.676 -1.20741 50
      vertex -124 -1.25 50
    endloop
  endfacet
  facet normal 0 0 1
    outer loop
      vertex -126.772 -17.3828 50
      vertex -124 -1.25 50
      vertex -124.324 -1.20741 50
    endloop
  endfacet
  facet normal 0 0 1
    outer loop
      vertex -126.772 -17.3828 50
      vertex -124.324 -1.20741 50
      vertex -124.625 -1.08253 50
    endloop
  endfacet
  facet normal 0 0 1
    outer loop
      vertex -126.772 -17.3828 50
      vertex -124.625 -1.08253 50
      vertex -124.884 -0.883883 50
    endloop
  endfacet
  facet normal 0 0 1
    outer loop
      vertex -112.596 -17.8335 50
      vertex -124.906 -27.8491 50
      vertex -123.639 -33.1288 50
    endloop
  endfacet
  facet normal 0 0 1
    outer loop
      vertex -126.772 -17.3828 50
      vertex -124.884 -0.883883 50
      vertex -125.083 -0.625 50
    endloop
  endfacet
  facet normal 0 0 1
    outer loop
      vertex -126.772 -17.3828 50
      vertex -125.083 -0.625 50
      vertex -125.207 -0.323524 50
    endloop
  endfacet
  facet normal 0 0 1
    outer loop
      vertex -126.772 -17.3828 50
      vertex -125.207 -0.323524 50
      vertex -125.25 0 50
    endloop
  endfacet
  facet normal 0 0 1
    outer loop
      vertex -124.884 0.883883 50
      vertex -128 0 50
      vertex -125.083 0.625 50
    endloop
  endfacet
  facet normal 0 0 1
    outer loop
      vertex -112.596 -17.8335 50
      vertex -126.772 -17.3828 50
      vertex -124.906 -27.8491 50
    endloop
  endfacet
  facet normal 0 0 1
    outer loop
      vertex -129 -27.8491 50
      vertex -126.772 -17.3828 50
      vertex -129 -17.3828 50
    endloop
  endfacet
  facet normal 0 0 1
    outer loop
      vertex -126.772 -17.3828 50
      vertex -129 -27.8491 50
      vertex -124.906 -27.8491 50
    endloop
  endfacet
  facet normal -0 0 1
    outer loop
      vertex -131.182 -18.3828 50
      vertex -129 -27.8491 50
      vertex -129 -17.3828 50
    endloop
  endfacet
  facet normal 0 0 1
    outer loop
      vertex -129 -27.8491 50
      vertex -131.182 -18.3828 50
      vertex -131.182 -27.8373 50
    endloop
  endfacet
  facet normal 0 0 1
    outer loop
      vertex -80.6102 80.6102 50
      vertex -90.5097 90.5097 50
      vertex -84.7185 76.2809 50
    endloop
  endfacet
  facet normal -0 0 1
    outer loop
      vertex -95.1225 85.6487 50
      vertex -84.7185 76.2809 50
      vertex -90.5097 90.5097 50
    endloop
  endfacet
  facet normal 0 0 1
    outer loop
      vertex -84.7185 76.2809 50
      vertex -95.1225 85.6487 50
      vertex -88.5946 71.7425 50
    endloop
  endfacet
  facet normal -0 0 1
    outer loop
      vertex -99.4747 80.553 50
      vertex -88.5946 71.7425 50
      vertex -95.1225 85.6487 50
    endloop
  endfacet
  facet normal 0 0 1
    outer loop
      vertex -88.5946 71.7425 50
      vertex -99.4747 80.553 50
      vertex -92.2279 67.0075 50
    endloop
  endfacet
  facet normal -0 0 1
    outer loop
      vertex -103.554 75.2365 50
      vertex -92.2279 67.0075 50
      vertex -99.4747 80.553 50
    endloop
  endfacet
  facet normal 0 0 1
    outer loop
      vertex -92.2279 67.0075 50
      vertex -103.554 75.2365 50
      vertex -95.6084 62.0888 50
    endloop
  endfacet
  facet normal -0 0 1
    outer loop
      vertex -107.35 69.7138 50
      vertex -95.6084 62.0888 50
      vertex -103.554 75.2365 50
    endloop
  endfacet
  facet normal 0 0 1
    outer loop
      vertex -95.6084 62.0888 50
      vertex -107.35 69.7138 50
      vertex -98.7269 57 50
    endloop
  endfacet
  facet normal -0 0 1
    outer loop
      vertex -110.851 64 50
      vertex -98.7269 57 50
      vertex -107.35 69.7138 50
    endloop
  endfacet
  facet normal 0 0 1
    outer loop
      vertex -98.7269 57 50
      vertex -110.851 64 50
      vertex -101.575 51.7549 50
    endloop
  endfacet
  facet normal -0 0 1
    outer loop
      vertex -114.049 58.1108 50
      vertex -101.575 51.7549 50
      vertex -110.851 64 50
    endloop
  endfacet
  facet normal 0 0 1
    outer loop
      vertex -101.575 51.7549 50
      vertex -114.049 58.1108 50
      vertex -104.144 46.368 50
    endloop
  endfacet
  facet normal -0 0 1
    outer loop
      vertex -116.934 52.0623 50
      vertex -104.144 46.368 50
      vertex -114.049 58.1108 50
    endloop
  endfacet
  facet normal -0 0 1
    outer loop
      vertex -118.479 48.332 50
      vertex -104.144 46.368 50
      vertex -116.934 52.0623 50
    endloop
  endfacet
  facet normal 0 0 1
    outer loop
      vertex -104.144 46.368 50
      vertex -118.479 48.332 50
      vertex -106.428 40.8539 50
    endloop
  endfacet
  facet normal 0 0 1
    outer loop
      vertex -122.096 38.335 50
      vertex -106.428 40.8539 50
      vertex -118.479 48.332 50
    endloop
  endfacet
  facet normal 0 0 1
    outer loop
      vertex -106.428 40.8539 50
      vertex -122.096 38.335 50
      vertex -108.42 35.2279 50
    endloop
  endfacet
  facet normal 0 0 1
    outer loop
      vertex -108.42 35.2279 50
      vertex -122.096 38.335 50
      vertex -110.116 29.5054 50
    endloop
  endfacet
  facet normal 0 0 1
    outer loop
      vertex -110.116 29.5054 50
      vertex -123.639 33.1288 50
      vertex -111.509 23.7019 50
    endloop
  endfacet
  facet normal -0 0 1
    outer loop
      vertex -123.639 33.1288 50
      vertex -110.116 29.5054 50
      vertex -122.096 38.335 50
    endloop
  endfacet
  facet normal 0 0 1
    outer loop
      vertex -101.096 -78.4398 50
      vertex -103.202 -79.8013 50
      vertex -97.7927 -88.618 50
    endloop
  endfacet
  facet normal -0 0 1
    outer loop
      vertex -104.415 -81.5108 50
      vertex -97.7927 -88.618 50
      vertex -103.202 -79.8013 50
    endloop
  endfacet
  facet normal 0 0 1
    outer loop
      vertex -97.7927 -88.618 50
      vertex -104.415 -81.5108 50
      vertex -99.6881 -89.6987 50
    endloop
  endfacet
  facet normal 0 0 1
    outer loop
      vertex -58.1108 114.049 50
      vertex -60.7926 107.711 50
      vertex -60.75 107.387 50
    endloop
  endfacet
  facet normal 0 0 1
    outer loop
      vertex -58.1108 114.049 50
      vertex -60.9175 108.012 50
      vertex -60.7926 107.711 50
    endloop
  endfacet
  facet normal 0 0 1
    outer loop
      vertex -58.1108 114.049 50
      vertex -61.1161 108.271 50
      vertex -60.9175 108.012 50
    endloop
  endfacet
  facet normal 0 0 1
    outer loop
      vertex -58.1108 114.049 50
      vertex -61.375 108.47 50
      vertex -61.1161 108.271 50
    endloop
  endfacet
  facet normal 0 0 1
    outer loop
      vertex -58.1108 114.049 50
      vertex -61.6765 108.595 50
      vertex -61.375 108.47 50
    endloop
  endfacet
  facet normal -0 0 1
    outer loop
      vertex -64 110.851 50
      vertex -61.6765 108.595 50
      vertex -58.1108 114.049 50
    endloop
  endfacet
  facet normal 0 0 1
    outer loop
      vertex -61.6765 108.595 50
      vertex -64 110.851 50
      vertex -62 108.637 50
    endloop
  endfacet
  facet normal 0 0 1
    outer loop
      vertex -62 108.637 50
      vertex -64 110.851 50
      vertex -62.3235 108.595 50
    endloop
  endfacet
  facet normal 0 0 1
    outer loop
      vertex -62.3235 108.595 50
      vertex -64 110.851 50
      vertex -62.625 108.47 50
    endloop
  endfacet
  facet normal 0 0 1
    outer loop
      vertex -69.7138 107.35 50
      vertex -63.2074 107.711 50
      vertex -64 110.851 50
    endloop
  endfacet
  facet normal 0 0 1
    outer loop
      vertex -63.0825 108.012 50
      vertex -64 110.851 50
      vertex -63.2074 107.711 50
    endloop
  endfacet
  facet normal 0 0 1
    outer loop
      vertex -62.8839 108.271 50
      vertex -64 110.851 50
      vertex -63.0825 108.012 50
    endloop
  endfacet
  facet normal 0 0 1
    outer loop
      vertex -62.625 108.47 50
      vertex -64 110.851 50
      vertex -62.8839 108.271 50
    endloop
  endfacet
  facet normal 0 0 1
    outer loop
      vertex -52.0623 -116.934 50
      vertex -46.368 -104.144 50
      vertex -51.7549 -101.575 50
    endloop
  endfacet
  facet normal 0 0 1
    outer loop
      vertex -46.368 -104.144 50
      vertex -52.0623 -116.934 50
      vertex -48.332 -118.479 50
    endloop
  endfacet
  facet normal 0 0 1
    outer loop
      vertex -60.9175 -106.762 50
      vertex -51.7549 -101.575 50
      vertex -57 -98.7269 50
    endloop
  endfacet
  facet normal 0 -0 1
    outer loop
      vertex -58.1108 -114.049 50
      vertex -51.7549 -101.575 50
      vertex -60.75 -107.387 50
    endloop
  endfacet
  facet normal 0 0 1
    outer loop
      vertex -51.7549 -101.575 50
      vertex -58.1108 -114.049 50
      vertex -52.0623 -116.934 50
    endloop
  endfacet
  facet normal 0 0 1
    outer loop
      vertex -51.7549 -101.575 50
      vertex -60.7926 -107.064 50
      vertex -60.75 -107.387 50
    endloop
  endfacet
  facet normal 0 0 1
    outer loop
      vertex -51.7549 -101.575 50
      vertex -60.9175 -106.762 50
      vertex -60.7926 -107.064 50
    endloop
  endfacet
  facet normal 0 0 1
    outer loop
      vertex -57 -98.7269 50
      vertex -61.1161 -106.503 50
      vertex -60.9175 -106.762 50
    endloop
  endfacet
  facet normal 0 0 1
    outer loop
      vertex -57 -98.7269 50
      vertex -61.375 -106.305 50
      vertex -61.1161 -106.503 50
    endloop
  endfacet
  facet normal 0 0 1
    outer loop
      vertex -57 -98.7269 50
      vertex -61.6765 -106.18 50
      vertex -61.375 -106.305 50
    endloop
  endfacet
  facet normal 0 0 1
    outer loop
      vertex -57 -98.7269 50
      vertex -62 -106.137 50
      vertex -61.6765 -106.18 50
    endloop
  endfacet
  facet normal 0 0 1
    outer loop
      vertex -62.0888 -95.6084 50
      vertex -62 -106.137 50
      vertex -57 -98.7269 50
    endloop
  endfacet
  facet normal 0 0 1
    outer loop
      vertex -62.0888 -95.6084 50
      vertex -62.3235 -106.18 50
      vertex -62 -106.137 50
    endloop
  endfacet
  facet normal 0 0 1
    outer loop
      vertex -62.0888 -95.6084 50
      vertex -62.625 -106.305 50
      vertex -62.3235 -106.18 50
    endloop
  endfacet
  facet normal 0 0 1
    outer loop
      vertex -62.0888 -95.6084 50
      vertex -62.8839 -106.503 50
      vertex -62.625 -106.305 50
    endloop
  endfacet
  facet normal 0 0 1
    outer loop
      vertex -69.7138 -107.35 50
      vertex -62.8839 -106.503 50
      vertex -62.0888 -95.6084 50
    endloop
  endfacet
  facet normal 0 0 1
    outer loop
      vertex -62.8839 -106.503 50
      vertex -69.7138 -107.35 50
      vertex -63.0825 -106.762 50
    endloop
  endfacet
  facet normal 0 0 1
    outer loop
      vertex -63.0825 -106.762 50
      vertex -69.7138 -107.35 50
      vertex -63.2074 -107.064 50
    endloop
  endfacet
  facet normal 0 0 1
    outer loop
      vertex -63.2074 -107.064 50
      vertex -69.7138 -107.35 50
      vertex -63.25 -107.387 50
    endloop
  endfacet
  facet normal 0 0 1
    outer loop
      vertex -69.7138 -107.35 50
      vertex -62.0888 -95.6084 50
      vertex -67.0075 -92.2279 50
    endloop
  endfacet
  facet normal 0 0 1
    outer loop
      vertex -63.25 -107.387 50
      vertex -69.7138 -107.35 50
      vertex -64 -110.851 50
    endloop
  endfacet
  facet normal 0 0 1
    outer loop
      vertex -75.2365 -103.554 50
      vertex -67.0075 -92.2279 50
      vertex -71.7425 -88.5946 50
    endloop
  endfacet
  facet normal 0 0 1
    outer loop
      vertex -67.0075 -92.2279 50
      vertex -75.2365 -103.554 50
      vertex -69.7138 -107.35 50
    endloop
  endfacet
  facet normal 0 0 1
    outer loop
      vertex -80.553 -99.4747 50
      vertex -71.7425 -88.5946 50
      vertex -76.2809 -84.7185 50
    endloop
  endfacet
  facet normal 0 0 1
    outer loop
      vertex -71.7425 -88.5946 50
      vertex -80.553 -99.4747 50
      vertex -75.2365 -103.554 50
    endloop
  endfacet
  facet normal 0 0 1
    outer loop
      vertex -85.6487 -95.1225 50
      vertex -76.2809 -84.7185 50
      vertex -80.6102 -80.6102 50
    endloop
  endfacet
  facet normal 0 0 1
    outer loop
      vertex -94.2473 -86.571 50
      vertex -80.6102 -80.6102 50
      vertex -84.7185 -76.2809 50
    endloop
  endfacet
  facet normal 0 0 1
    outer loop
      vertex -76.2809 -84.7185 50
      vertex -85.6487 -95.1225 50
      vertex -80.553 -99.4747 50
    endloop
  endfacet
  facet normal 0 0 1
    outer loop
      vertex -94.2473 -86.571 50
      vertex -84.7185 -76.2809 50
      vertex -88.5946 -71.7425 50
    endloop
  endfacet
  facet normal 0 0 1
    outer loop
      vertex -80.6102 -80.6102 50
      vertex -90.5097 -90.5097 50
      vertex -85.6487 -95.1225 50
    endloop
  endfacet
  facet normal 0 0 1
    outer loop
      vertex -101.096 -78.4398 50
      vertex -88.5946 -71.7425 50
      vertex -92.2279 -67.0075 50
    endloop
  endfacet
  facet normal 0 0 1
    outer loop
      vertex -80.6102 -80.6102 50
      vertex -94.2473 -86.571 50
      vertex -90.5097 -90.5097 50
    endloop
  endfacet
  facet normal 0 0 1
    outer loop
      vertex -103.554 -75.2365 50
      vertex -92.2279 -67.0075 50
      vertex -95.6084 -62.0888 50
    endloop
  endfacet
  facet normal 0 0 1
    outer loop
      vertex -88.5946 -71.7425 50
      vertex -101.096 -78.4398 50
      vertex -94.2473 -86.571 50
    endloop
  endfacet
  facet normal 0 0 1
    outer loop
      vertex -107.35 -69.7138 50
      vertex -95.6084 -62.0888 50
      vertex -98.7269 -57 50
    endloop
  endfacet
  facet normal 0 0 1
    outer loop
      vertex -94.2473 -86.571 50
      vertex -101.096 -78.4398 50
      vertex -97.7927 -88.618 50
    endloop
  endfacet
  facet normal 0 0 1
    outer loop
      vertex -103.202 -79.8013 50
      vertex -101.096 -78.4398 50
      vertex -103.026 -79.5539 50
    endloop
  endfacet
  facet normal 0 0 1
    outer loop
      vertex -110.851 -64 50
      vertex -98.7269 -57 50
      vertex -101.575 -51.7549 50
    endloop
  endfacet
  facet normal 0 0 1
    outer loop
      vertex -92.2279 -67.0075 50
      vertex -103.554 -75.2365 50
      vertex -101.096 -78.4398 50
    endloop
  endfacet
  facet normal 0 0 1
    outer loop
      vertex -114.049 -58.1108 50
      vertex -101.575 -51.7549 50
      vertex -104.144 -46.368 50
    endloop
  endfacet
  facet normal 0 0 1
    outer loop
      vertex -116.934 -52.0623 50
      vertex -104.144 -46.368 50
      vertex -106.428 -40.8539 50
    endloop
  endfacet
  facet normal 0 0 1
    outer loop
      vertex -95.6084 -62.0888 50
      vertex -107.35 -69.7138 50
      vertex -103.554 -75.2365 50
    endloop
  endfacet
  facet normal 0 0 1
    outer loop
      vertex -119.498 -45.8711 50
      vertex -106.428 -40.8539 50
      vertex -108.42 -35.2279 50
    endloop
  endfacet
  facet normal 0 0 1
    outer loop
      vertex -121.735 -39.5542 50
      vertex -108.42 -35.2279 50
      vertex -110.116 -29.5054 50
    endloop
  endfacet
  facet normal 0 0 1
    outer loop
      vertex -98.7269 -57 50
      vertex -110.851 -64 50
      vertex -107.35 -69.7138 50
    endloop
  endfacet
  facet normal 0 0 1
    outer loop
      vertex -121.735 -39.5542 50
      vertex -110.116 -29.5054 50
      vertex -111.509 -23.7019 50
    endloop
  endfacet
  facet normal 0 0 1
    outer loop
      vertex -121.735 -39.5542 50
      vertex -111.509 -23.7019 50
      vertex -112.596 -17.8335 50
    endloop
  endfacet
  facet normal 0 0 1
    outer loop
      vertex -114 0 50
      vertex -122.917 -0.625 50
      vertex -113.844 -5.9663 50
    endloop
  endfacet
  facet normal 0 0 1
    outer loop
      vertex -122.917 -0.625 50
      vertex -114 0 50
      vertex -122.793 -0.323524 50
    endloop
  endfacet
  facet normal 0 0 1
    outer loop
      vertex -101.575 -51.7549 50
      vertex -114.049 -58.1108 50
      vertex -110.851 -64 50
    endloop
  endfacet
  facet normal 0 0 1
    outer loop
      vertex -122.793 -0.323524 50
      vertex -114 0 50
      vertex -122.75 0 50
    endloop
  endfacet
  facet normal -0 0 1
    outer loop
      vertex -125.203 26.6127 50
      vertex -111.509 23.7019 50
      vertex -123.639 33.1288 50
    endloop
  endfacet
  facet normal 0 0 1
    outer loop
      vertex -122.793 0.323524 50
      vertex -113.375 11.9162 50
      vertex -112.596 17.8335 50
    endloop
  endfacet
  facet normal 0 0 1
    outer loop
      vertex -122.793 0.323524 50
      vertex -113.844 5.9663 50
      vertex -113.375 11.9162 50
    endloop
  endfacet
  facet normal 0 0 1
    outer loop
      vertex -104.144 -46.368 50
      vertex -116.934 -52.0623 50
      vertex -114.049 -58.1108 50
    endloop
  endfacet
  facet normal 0 0 1
    outer loop
      vertex -106.428 -40.8539 50
      vertex -119.498 -45.8711 50
      vertex -116.934 -52.0623 50
    endloop
  endfacet
  facet normal 0 0 1
    outer loop
      vertex -120.711 49.4745 50
      vertex -118.479 48.332 50
      vertex -120.409 49.4461 50
    endloop
  endfacet
  facet normal 0 0 1
    outer loop
      vertex -125.642 40.382 50
      vertex -118.479 48.332 50
      vertex -120.711 49.4745 50
    endloop
  endfacet
  facet normal -0 0 1
    outer loop
      vertex -122.793 0.323524 50
      vertex -114 0 50
      vertex -113.844 5.9663 50
    endloop
  endfacet
  facet normal 0 0 1
    outer loop
      vertex -108.42 -35.2279 50
      vertex -121.735 -39.5542 50
      vertex -119.498 -45.8711 50
    endloop
  endfacet
  facet normal 0 0 1
    outer loop
      vertex -125.642 40.382 50
      vertex -120.711 49.4745 50
      vertex -122.798 49.671 50
    endloop
  endfacet
  facet normal 0 0 1
    outer loop
      vertex -118.479 48.332 50
      vertex -125.642 40.382 50
      vertex -122.096 38.335 50
    endloop
  endfacet
  facet normal 0 -0 1
    outer loop
      vertex -125.642 40.382 50
      vertex -122.798 49.671 50
      vertex -127.525 41.4831 50
    endloop
  endfacet
  facet normal -0 0 1
    outer loop
      vertex -27.8491 129 50
      vertex -17.3828 126.772 50
      vertex -17.3828 129 50
    endloop
  endfacet
  facet normal 0 0 1
    outer loop
      vertex -27.8491 129 50
      vertex -17.3828 129 50
      vertex -18.3828 131.182 50
    endloop
  endfacet
  facet normal 0 0 1
    outer loop
      vertex -17.3828 126.772 50
      vertex -27.8491 124.906 50
      vertex -17.8335 112.596 50
    endloop
  endfacet
  facet normal 0 0 1
    outer loop
      vertex -27.8491 129 50
      vertex -18.3828 131.182 50
      vertex -27.8373 131.182 50
    endloop
  endfacet
  facet normal 0 0 1
    outer loop
      vertex -17.3828 126.772 50
      vertex -27.8491 129 50
      vertex -27.8491 124.906 50
    endloop
  endfacet
  facet normal 0 0 1
    outer loop
      vertex -17.8335 112.596 50
      vertex -27.8491 124.906 50
      vertex -23.7019 111.509 50
    endloop
  endfacet
  facet normal 0 0 1
    outer loop
      vertex -27.8491 124.906 50
      vertex -29.5054 110.116 50
      vertex -23.7019 111.509 50
    endloop
  endfacet
  facet normal -0 0 1
    outer loop
      vertex -33.1288 123.639 50
      vertex -29.5054 110.116 50
      vertex -27.8491 124.906 50
    endloop
  endfacet
  facet normal 0 0 1
    outer loop
      vertex -33.1288 123.639 50
      vertex -35.2279 108.42 50
      vertex -29.5054 110.116 50
    endloop
  endfacet
  facet normal -0 0 1
    outer loop
      vertex -39.5542 121.735 50
      vertex -35.2279 108.42 50
      vertex -33.1288 123.639 50
    endloop
  endfacet
  facet normal 0 0 1
    outer loop
      vertex -39.5542 121.735 50
      vertex -40.8539 106.428 50
      vertex -35.2279 108.42 50
    endloop
  endfacet
  facet normal -0 0 1
    outer loop
      vertex -45.8711 119.498 50
      vertex -40.8539 106.428 50
      vertex -39.5542 121.735 50
    endloop
  endfacet
  facet normal 0 0 1
    outer loop
      vertex -45.8711 119.498 50
      vertex -46.368 104.144 50
      vertex -40.8539 106.428 50
    endloop
  endfacet
  facet normal -0 0 1
    outer loop
      vertex -52.0623 116.934 50
      vertex -46.368 104.144 50
      vertex -45.8711 119.498 50
    endloop
  endfacet
  facet normal 0 0 1
    outer loop
      vertex -46.368 104.144 50
      vertex -52.0623 116.934 50
      vertex -51.7549 101.575 50
    endloop
  endfacet
  facet normal -0 0 1
    outer loop
      vertex -58.1108 114.049 50
      vertex -51.7549 101.575 50
      vertex -52.0623 116.934 50
    endloop
  endfacet
  facet normal 0 0 1
    outer loop
      vertex -51.7549 101.575 50
      vertex -58.1108 114.049 50
      vertex -60.75 107.387 50
    endloop
  endfacet
  facet normal -0 0 1
    outer loop
      vertex -60.7926 107.064 50
      vertex -51.7549 101.575 50
      vertex -60.75 107.387 50
    endloop
  endfacet
  facet normal -0 0 1
    outer loop
      vertex -60.9175 106.762 50
      vertex -51.7549 101.575 50
      vertex -60.7926 107.064 50
    endloop
  endfacet
  facet normal 0 0 1
    outer loop
      vertex -51.7549 101.575 50
      vertex -60.9175 106.762 50
      vertex -57 98.7269 50
    endloop
  endfacet
  facet normal -0 0 1
    outer loop
      vertex -61.1161 106.503 50
      vertex -57 98.7269 50
      vertex -60.9175 106.762 50
    endloop
  endfacet
  facet normal -0 0 1
    outer loop
      vertex -61.375 106.305 50
      vertex -57 98.7269 50
      vertex -61.1161 106.503 50
    endloop
  endfacet
  facet normal -0 0 1
    outer loop
      vertex -61.6765 106.18 50
      vertex -57 98.7269 50
      vertex -61.375 106.305 50
    endloop
  endfacet
  facet normal -0 0 1
    outer loop
      vertex -62 106.137 50
      vertex -57 98.7269 50
      vertex -61.6765 106.18 50
    endloop
  endfacet
  facet normal 0 0 1
    outer loop
      vertex -62 106.137 50
      vertex -62.0888 95.6084 50
      vertex -57 98.7269 50
    endloop
  endfacet
  facet normal 0 0 1
    outer loop
      vertex -62.3235 106.18 50
      vertex -62.0888 95.6084 50
      vertex -62 106.137 50
    endloop
  endfacet
  facet normal 0 0 1
    outer loop
      vertex -62.625 106.305 50
      vertex -62.0888 95.6084 50
      vertex -62.3235 106.18 50
    endloop
  endfacet
  facet normal 0 0 1
    outer loop
      vertex -62.8839 106.503 50
      vertex -62.0888 95.6084 50
      vertex -62.625 106.305 50
    endloop
  endfacet
  facet normal 0 0 1
    outer loop
      vertex -69.7138 107.35 50
      vertex -62.8839 106.503 50
      vertex -63.0825 106.762 50
    endloop
  endfacet
  facet normal 0 0 1
    outer loop
      vertex -69.7138 107.35 50
      vertex -63.0825 106.762 50
      vertex -63.2074 107.064 50
    endloop
  endfacet
  facet normal -0 0 1
    outer loop
      vertex -69.7138 107.35 50
      vertex -63.2074 107.064 50
      vertex -63.25 107.387 50
    endloop
  endfacet
  facet normal 0 0 1
    outer loop
      vertex -63.2074 107.711 50
      vertex -69.7138 107.35 50
      vertex -63.25 107.387 50
    endloop
  endfacet
  facet normal 0 0 1
    outer loop
      vertex -62.8839 106.503 50
      vertex -69.7138 107.35 50
      vertex -62.0888 95.6084 50
    endloop
  endfacet
  facet normal 0 0 1
    outer loop
      vertex -62.0888 95.6084 50
      vertex -69.7138 107.35 50
      vertex -67.0075 92.2279 50
    endloop
  endfacet
  facet normal -0 0 1
    outer loop
      vertex -75.2365 103.554 50
      vertex -67.0075 92.2279 50
      vertex -69.7138 107.35 50
    endloop
  endfacet
  facet normal -0 0 1
    outer loop
      vertex -78.4398 101.096 50
      vertex -67.0075 92.2279 50
      vertex -75.2365 103.554 50
    endloop
  endfacet
  facet normal 0 0 1
    outer loop
      vertex -67.0075 92.2279 50
      vertex -78.4398 101.096 50
      vertex -71.7425 88.5946 50
    endloop
  endfacet
  facet normal -0 0 1
    outer loop
      vertex -86.571 94.2473 50
      vertex -71.7425 88.5946 50
      vertex -78.4398 101.096 50
    endloop
  endfacet
  facet normal 0 0 1
    outer loop
      vertex -79.8013 103.202 50
      vertex -78.4398 101.096 50
      vertex -79.5539 103.026 50
    endloop
  endfacet
  facet normal 0 0 1
    outer loop
      vertex -88.618 97.7927 50
      vertex -78.4398 101.096 50
      vertex -79.8013 103.202 50
    endloop
  endfacet
  facet normal 0 0 1
    outer loop
      vertex -71.7425 88.5946 50
      vertex -86.571 94.2473 50
      vertex -76.2809 84.7185 50
    endloop
  endfacet
  facet normal 0 0 1
    outer loop
      vertex -88.618 97.7927 50
      vertex -79.8013 103.202 50
      vertex -81.5108 104.415 50
    endloop
  endfacet
  facet normal 0 0 1
    outer loop
      vertex -76.2809 84.7185 50
      vertex -86.571 94.2473 50
      vertex -80.6102 80.6102 50
    endloop
  endfacet
  facet normal -0 0 1
    outer loop
      vertex -90.5097 90.5097 50
      vertex -80.6102 80.6102 50
      vertex -86.571 94.2473 50
    endloop
  endfacet
  facet normal 0 0 1
    outer loop
      vertex -78.4398 101.096 50
      vertex -88.618 97.7927 50
      vertex -86.571 94.2473 50
    endloop
  endfacet
  facet normal 0 -0 1
    outer loop
      vertex -88.618 97.7927 50
      vertex -81.5108 104.415 50
      vertex -89.6987 99.6881 50
    endloop
  endfacet
  facet normal -0 0 1
    outer loop
      vertex 11.9162 -113.375 50
      vertex 17.3828 -126.772 50
      vertex 17.8335 -112.596 50
    endloop
  endfacet
  facet normal 0 0 1
    outer loop
      vertex 17.3828 -126.772 50
      vertex 11.9162 -113.375 50
      vertex 13.3796 -127.299 50
    endloop
  endfacet
  facet normal 0 0 1
    outer loop
      vertex 11.9162 -113.375 50
      vertex 6.699 -127.825 50
      vertex 13.3796 -127.299 50
    endloop
  endfacet
  facet normal -0 0 1
    outer loop
      vertex 5.9663 -113.844 50
      vertex 6.699 -127.825 50
      vertex 11.9162 -113.375 50
    endloop
  endfacet
  facet normal -0 0 1
    outer loop
      vertex 0 -114 50
      vertex 6.699 -127.825 50
      vertex 5.9663 -113.844 50
    endloop
  endfacet
  facet normal 0 0 1
    outer loop
      vertex 0 -114 50
      vertex 0 -128 50
      vertex 6.699 -127.825 50
    endloop
  endfacet
  facet normal 0 0 1
    outer loop
      vertex -5.9663 -113.844 50
      vertex 0 -128 50
      vertex 0 -114 50
    endloop
  endfacet
  facet normal 0 0 1
    outer loop
      vertex -5.9663 -113.844 50
      vertex -6.699 -127.825 50
      vertex 0 -128 50
    endloop
  endfacet
  facet normal 0 0 1
    outer loop
      vertex -11.9162 -113.375 50
      vertex -6.699 -127.825 50
      vertex -5.9663 -113.844 50
    endloop
  endfacet
  facet normal 0 0 1
    outer loop
      vertex -11.9162 -113.375 50
      vertex -13.3796 -127.299 50
      vertex -6.699 -127.825 50
    endloop
  endfacet
  facet normal 0 0 1
    outer loop
      vertex -17.8335 -112.596 50
      vertex -13.3796 -127.299 50
      vertex -11.9162 -113.375 50
    endloop
  endfacet
  facet normal 0 0 1
    outer loop
      vertex -17.8335 -112.596 50
      vertex -20.0236 -126.424 50
      vertex -13.3796 -127.299 50
    endloop
  endfacet
  facet normal 0 0 1
    outer loop
      vertex -23.7019 -111.509 50
      vertex -20.0236 -126.424 50
      vertex -17.8335 -112.596 50
    endloop
  endfacet
  facet normal 0 0 1
    outer loop
      vertex -23.7019 -111.509 50
      vertex -26.6127 -125.203 50
      vertex -20.0236 -126.424 50
    endloop
  endfacet
  facet normal 0 0 1
    outer loop
      vertex -29.5054 -110.116 50
      vertex -26.6127 -125.203 50
      vertex -23.7019 -111.509 50
    endloop
  endfacet
  facet normal 0 0 1
    outer loop
      vertex -29.5054 -110.116 50
      vertex -33.1288 -123.639 50
      vertex -26.6127 -125.203 50
    endloop
  endfacet
  facet normal 0 0 1
    outer loop
      vertex -38.335 -122.096 50
      vertex -29.5054 -110.116 50
      vertex -35.2279 -108.42 50
    endloop
  endfacet
  facet normal 0 0 1
    outer loop
      vertex -29.5054 -110.116 50
      vertex -38.335 -122.096 50
      vertex -33.1288 -123.639 50
    endloop
  endfacet
  facet normal 0 0 1
    outer loop
      vertex -40.8539 -106.428 50
      vertex -38.335 -122.096 50
      vertex -35.2279 -108.42 50
    endloop
  endfacet
  facet normal 0 0 1
    outer loop
      vertex -38.335 -122.096 50
      vertex -40.8539 -106.428 50
      vertex -48.332 -118.479 50
    endloop
  endfacet
  facet normal 0 0 1
    outer loop
      vertex -38.335 -122.096 50
      vertex -48.332 -118.479 50
      vertex -40.382 -125.642 50
    endloop
  endfacet
  facet normal 0 0 1
    outer loop
      vertex -48.332 -118.479 50
      vertex -40.8539 -106.428 50
      vertex -46.368 -104.144 50
    endloop
  endfacet
  facet normal -0 0 1
    outer loop
      vertex -49.4745 -120.711 50
      vertex -40.382 -125.642 50
      vertex -48.332 -118.479 50
    endloop
  endfacet
  facet normal 0 0 1
    outer loop
      vertex -49.4745 -120.711 50
      vertex -48.332 -118.479 50
      vertex -49.4461 -120.409 50
    endloop
  endfacet
  facet normal -0 0 1
    outer loop
      vertex -49.671 -122.798 50
      vertex -40.382 -125.642 50
      vertex -49.4745 -120.711 50
    endloop
  endfacet
  facet normal 0 0 1
    outer loop
      vertex -40.382 -125.642 50
      vertex -49.671 -122.798 50
      vertex -41.4831 -127.525 50
    endloop
  endfacet
  facet normal 0 0 1
    outer loop
      vertex 49.4745 120.711 50
      vertex 48.332 118.479 50
      vertex 49.4461 120.409 50
    endloop
  endfacet
  facet normal 0 0 1
    outer loop
      vertex 40.382 125.642 50
      vertex 49.4745 120.711 50
      vertex 49.671 122.798 50
    endloop
  endfacet
  facet normal -0 0 1
    outer loop
      vertex 40.382 125.642 50
      vertex 49.671 122.798 50
      vertex 41.4831 127.525 50
    endloop
  endfacet
  facet normal 0 0 1
    outer loop
      vertex 49.4745 120.711 50
      vertex 40.382 125.642 50
      vertex 48.332 118.479 50
    endloop
  endfacet
  facet normal -0 0 1
    outer loop
      vertex 38.335 122.096 50
      vertex 48.332 118.479 50
      vertex 40.382 125.642 50
    endloop
  endfacet
  facet normal 0 -0 1
    outer loop
      vertex 40.8539 106.428 50
      vertex 48.332 118.479 50
      vertex 38.335 122.096 50
    endloop
  endfacet
  facet normal 0 0 1
    outer loop
      vertex 48.332 118.479 50
      vertex 40.8539 106.428 50
      vertex 46.368 104.144 50
    endloop
  endfacet
  facet normal 0 0 1
    outer loop
      vertex 38.335 122.096 50
      vertex 35.2279 108.42 50
      vertex 40.8539 106.428 50
    endloop
  endfacet
  facet normal 0 0 1
    outer loop
      vertex 29.5054 110.116 50
      vertex 38.335 122.096 50
      vertex 33.1288 123.639 50
    endloop
  endfacet
  facet normal 0 0 1
    outer loop
      vertex 38.335 122.096 50
      vertex 29.5054 110.116 50
      vertex 35.2279 108.42 50
    endloop
  endfacet
  facet normal 0 0 1
    outer loop
      vertex 26.6127 125.203 50
      vertex 29.5054 110.116 50
      vertex 33.1288 123.639 50
    endloop
  endfacet
  facet normal 0 0 1
    outer loop
      vertex 26.6127 125.203 50
      vertex 23.7019 111.509 50
      vertex 29.5054 110.116 50
    endloop
  endfacet
  facet normal 0 0 1
    outer loop
      vertex 20.0236 126.424 50
      vertex 23.7019 111.509 50
      vertex 26.6127 125.203 50
    endloop
  endfacet
  facet normal 0 0 1
    outer loop
      vertex 20.0236 126.424 50
      vertex 17.8335 112.596 50
      vertex 23.7019 111.509 50
    endloop
  endfacet
  facet normal 0 0 1
    outer loop
      vertex 13.3796 127.299 50
      vertex 17.8335 112.596 50
      vertex 20.0236 126.424 50
    endloop
  endfacet
  facet normal 0 0 1
    outer loop
      vertex 13.3796 127.299 50
      vertex 11.9162 113.375 50
      vertex 17.8335 112.596 50
    endloop
  endfacet
  facet normal 0 0 1
    outer loop
      vertex 6.699 127.825 50
      vertex 11.9162 113.375 50
      vertex 13.3796 127.299 50
    endloop
  endfacet
  facet normal 0 0 1
    outer loop
      vertex 6.699 127.825 50
      vertex 5.9663 113.844 50
      vertex 11.9162 113.375 50
    endloop
  endfacet
  facet normal 0 0 1
    outer loop
      vertex 0 128 50
      vertex 5.9663 113.844 50
      vertex 6.699 127.825 50
    endloop
  endfacet
  facet normal 0 0 1
    outer loop
      vertex 0 128 50
      vertex 0 114 50
      vertex 5.9663 113.844 50
    endloop
  endfacet
  facet normal 0 0 1
    outer loop
      vertex 0 128 50
      vertex -5.9663 113.844 50
      vertex 0 114 50
    endloop
  endfacet
  facet normal -0 0 1
    outer loop
      vertex -6.699 127.825 50
      vertex -5.9663 113.844 50
      vertex 0 128 50
    endloop
  endfacet
  facet normal 0 0 1
    outer loop
      vertex -6.699 127.825 50
      vertex -11.9162 113.375 50
      vertex -5.9663 113.844 50
    endloop
  endfacet
  facet normal -0 0 1
    outer loop
      vertex -13.3796 127.299 50
      vertex -11.9162 113.375 50
      vertex -6.699 127.825 50
    endloop
  endfacet
  facet normal -0 0 1
    outer loop
      vertex -17.3828 126.772 50
      vertex -11.9162 113.375 50
      vertex -13.3796 127.299 50
    endloop
  endfacet
  facet normal 0 0 1
    outer loop
      vertex -11.9162 113.375 50
      vertex -17.3828 126.772 50
      vertex -17.8335 112.596 50
    endloop
  endfacet
  facet normal -0 0 1
    outer loop
      vertex -60.7926 -107.711 50
      vertex -58.1108 -114.049 50
      vertex -60.75 -107.387 50
    endloop
  endfacet
  facet normal -0 0 1
    outer loop
      vertex -60.9175 -108.012 50
      vertex -58.1108 -114.049 50
      vertex -60.7926 -107.711 50
    endloop
  endfacet
  facet normal -0 0 1
    outer loop
      vertex -61.1161 -108.271 50
      vertex -58.1108 -114.049 50
      vertex -60.9175 -108.012 50
    endloop
  endfacet
  facet normal -0 0 1
    outer loop
      vertex -61.375 -108.47 50
      vertex -58.1108 -114.049 50
      vertex -61.1161 -108.271 50
    endloop
  endfacet
  facet normal -0 0 1
    outer loop
      vertex -61.6765 -108.595 50
      vertex -58.1108 -114.049 50
      vertex -61.375 -108.47 50
    endloop
  endfacet
  facet normal 0 0 1
    outer loop
      vertex -64 -110.851 50
      vertex -61.6765 -108.595 50
      vertex -62 -108.637 50
    endloop
  endfacet
  facet normal 0 0 1
    outer loop
      vertex -64 -110.851 50
      vertex -62 -108.637 50
      vertex -62.3235 -108.595 50
    endloop
  endfacet
  facet normal 0 0 1
    outer loop
      vertex -64 -110.851 50
      vertex -62.3235 -108.595 50
      vertex -62.625 -108.47 50
    endloop
  endfacet
  facet normal 0 0 1
    outer loop
      vertex -64 -110.851 50
      vertex -62.625 -108.47 50
      vertex -62.8839 -108.271 50
    endloop
  endfacet
  facet normal 0 0 1
    outer loop
      vertex -61.6765 -108.595 50
      vertex -64 -110.851 50
      vertex -58.1108 -114.049 50
    endloop
  endfacet
  facet normal 0 0 1
    outer loop
      vertex -63.0825 -108.012 50
      vertex -64 -110.851 50
      vertex -62.8839 -108.271 50
    endloop
  endfacet
  facet normal 0 0 1
    outer loop
      vertex -63.2074 -107.711 50
      vertex -64 -110.851 50
      vertex -63.0825 -108.012 50
    endloop
  endfacet
  facet normal 0 0 1
    outer loop
      vertex -64 -110.851 50
      vertex -63.2074 -107.711 50
      vertex -63.25 -107.387 50
    endloop
  endfacet
  facet normal 0 0 1
    outer loop
      vertex 69.7138 107.35 50
      vertex 63.2074 107.711 50
      vertex 63.25 107.387 50
    endloop
  endfacet
  facet normal 0 0 1
    outer loop
      vertex 64 110.851 50
      vertex 63.0825 108.012 50
      vertex 63.2074 107.711 50
    endloop
  endfacet
  facet normal 0 0 1
    outer loop
      vertex 64 110.851 50
      vertex 62.8839 108.271 50
      vertex 63.0825 108.012 50
    endloop
  endfacet
  facet normal 0 0 1
    outer loop
      vertex 64 110.851 50
      vertex 62.625 108.47 50
      vertex 62.8839 108.271 50
    endloop
  endfacet
  facet normal 0 0 1
    outer loop
      vertex 64 110.851 50
      vertex 62.3235 108.595 50
      vertex 62.625 108.47 50
    endloop
  endfacet
  facet normal 0 0 1
    outer loop
      vertex 64 110.851 50
      vertex 62 108.637 50
      vertex 62.3235 108.595 50
    endloop
  endfacet
  facet normal 0 0 1
    outer loop
      vertex 64 110.851 50
      vertex 61.6765 108.595 50
      vertex 62 108.637 50
    endloop
  endfacet
  facet normal 0 0 1
    outer loop
      vertex 58.1108 114.049 50
      vertex 61.6765 108.595 50
      vertex 64 110.851 50
    endloop
  endfacet
  facet normal 0 0 1
    outer loop
      vertex 61.6765 108.595 50
      vertex 58.1108 114.049 50
      vertex 61.375 108.47 50
    endloop
  endfacet
  facet normal 0 0 1
    outer loop
      vertex 60.7926 107.711 50
      vertex 58.1108 114.049 50
      vertex 60.75 107.387 50
    endloop
  endfacet
  facet normal 0 0 1
    outer loop
      vertex 60.9175 108.012 50
      vertex 58.1108 114.049 50
      vertex 60.7926 107.711 50
    endloop
  endfacet
  facet normal 0 0 1
    outer loop
      vertex 61.1161 108.271 50
      vertex 58.1108 114.049 50
      vertex 60.9175 108.012 50
    endloop
  endfacet
  facet normal 0 0 1
    outer loop
      vertex 61.375 108.47 50
      vertex 58.1108 114.049 50
      vertex 61.1161 108.271 50
    endloop
  endfacet
  facet normal 0 0 1
    outer loop
      vertex 69.7138 -107.35 50
      vertex 63.2074 -107.711 50
      vertex 64 -110.851 50
    endloop
  endfacet
  facet normal -0 0 1
    outer loop
      vertex 63.0825 -108.012 50
      vertex 64 -110.851 50
      vertex 63.2074 -107.711 50
    endloop
  endfacet
  facet normal -0 0 1
    outer loop
      vertex 62.8839 -108.271 50
      vertex 64 -110.851 50
      vertex 63.0825 -108.012 50
    endloop
  endfacet
  facet normal -0 0 1
    outer loop
      vertex 62.625 -108.47 50
      vertex 64 -110.851 50
      vertex 62.8839 -108.271 50
    endloop
  endfacet
  facet normal -0 0 1
    outer loop
      vertex 62.3235 -108.595 50
      vertex 64 -110.851 50
      vertex 62.625 -108.47 50
    endloop
  endfacet
  facet normal -0 0 1
    outer loop
      vertex 62 -108.637 50
      vertex 64 -110.851 50
      vertex 62.3235 -108.595 50
    endloop
  endfacet
  facet normal 0 0 1
    outer loop
      vertex 61.6765 -108.595 50
      vertex 64 -110.851 50
      vertex 62 -108.637 50
    endloop
  endfacet
  facet normal 0 0 1
    outer loop
      vertex 58.1108 -114.049 50
      vertex 61.6765 -108.595 50
      vertex 61.375 -108.47 50
    endloop
  endfacet
  facet normal 0 0 1
    outer loop
      vertex 58.1108 -114.049 50
      vertex 61.375 -108.47 50
      vertex 61.1161 -108.271 50
    endloop
  endfacet
  facet normal 0 0 1
    outer loop
      vertex 61.6765 -108.595 50
      vertex 58.1108 -114.049 50
      vertex 64 -110.851 50
    endloop
  endfacet
  facet normal 0 0 1
    outer loop
      vertex 60.9175 -108.012 50
      vertex 58.1108 -114.049 50
      vertex 61.1161 -108.271 50
    endloop
  endfacet
  facet normal 0 0 1
    outer loop
      vertex 60.7926 -107.711 50
      vertex 58.1108 -114.049 50
      vertex 60.9175 -108.012 50
    endloop
  endfacet
  facet normal 0 0 1
    outer loop
      vertex 58.1108 -114.049 50
      vertex 60.7926 -107.711 50
      vertex 60.75 -107.387 50
    endloop
  endfacet
  facet normal -0.793367 0.608743 0
    outer loop
      vertex -103.554 75.2365 -15.9702
      vertex -99.4747 80.553 50
      vertex -99.4747 80.553 -30.2182
    endloop
  endfacet
  facet normal -0.793367 0.608743 0
    outer loop
      vertex -99.4747 80.553 50
      vertex -103.554 75.2365 -15.9702
      vertex -103.554 75.2365 50
    endloop
  endfacet
  facet normal -0.79334 0.608779 -0.000282373
    outer loop
      vertex -103.554 75.2365 -50
      vertex -102.142 77.0772 -48.6444
      vertex -101.375 78.0761 -50
    endloop
  endfacet
  facet normal -0.793441 0.608648 0
    outer loop
      vertex -102.142 77.0772 -48.6444
      vertex -103.554 75.2365 -50
      vertex -103.554 75.2365 -43.8274
    endloop
  endfacet
  facet normal 0.688346 -0.725382 0
    outer loop
      vertex 86.571 -94.2473 47
      vertex 90.5097 -90.5097 50
      vertex 86.571 -94.2473 50
    endloop
  endfacet
  facet normal 0.68833 -0.725398 4.00111e-05
    outer loop
      vertex 86.5576 -94.2601 45.4638
      vertex 90.5097 -90.5097 50
      vertex 86.571 -94.2473 47
    endloop
  endfacet
  facet normal 0.688384 -0.725347 -4.88474e-05
    outer loop
      vertex 85.6487 -95.1225 42.7391
      vertex 90.5097 -90.5097 50
      vertex 86.5576 -94.2601 45.4638
    endloop
  endfacet
  facet normal 0.688345 -0.725383 0
    outer loop
      vertex 90.5097 -90.5097 -50
      vertex 85.6487 -95.1225 42.7391
      vertex 85.6487 -95.1225 -50
    endloop
  endfacet
  facet normal 0.688345 -0.725383 0
    outer loop
      vertex 85.6487 -95.1225 42.7391
      vertex 90.5097 -90.5097 -50
      vertex 90.5097 -90.5097 50
    endloop
  endfacet
  facet normal -0.87879 0.477208 0
    outer loop
      vertex -114.049 58.1108 27.0886
      vertex -110.851 64 50
      vertex -110.851 64 12.7225
    endloop
  endfacet
  facet normal -0.87879 0.477208 0
    outer loop
      vertex -110.851 64 50
      vertex -114.049 58.1108 27.0886
      vertex -114.049 58.1108 50
    endloop
  endfacet
  facet normal -0.87879 0.477208 0
    outer loop
      vertex -114.049 58.1108 -50
      vertex -110.851 64 -15.4032
      vertex -110.851 64 -50
    endloop
  endfacet
  facet normal -0.87879 0.477208 0
    outer loop
      vertex -110.851 64 -15.4032
      vertex -114.049 58.1108 -50
      vertex -114.049 58.1108 -0.969935
    endloop
  endfacet
  facet normal -0.477208 -0.87879 0
    outer loop
      vertex -64 -110.851 50
      vertex -58.1108 -114.049 27.0886
      vertex -58.1108 -114.049 50
    endloop
  endfacet
  facet normal -0.477208 -0.87879 0
    outer loop
      vertex -58.1108 -114.049 27.0886
      vertex -64 -110.851 50
      vertex -64 -110.851 12.7225
    endloop
  endfacet
  facet normal -0.477208 -0.87879 0
    outer loop
      vertex -58.1108 -114.049 -50
      vertex -64 -110.851 -15.4032
      vertex -64 -110.851 -50
    endloop
  endfacet
  facet normal -0.477208 -0.87879 0
    outer loop
      vertex -64 -110.851 -15.4032
      vertex -58.1108 -114.049 -50
      vertex -58.1108 -114.049 -0.969935
    endloop
  endfacet
  facet normal -0 0 -1
    outer loop
      vertex 105.143 -80.2512 -50
      vertex 100.415 -88.4391 -50
      vertex 101.375 -78.0761 -50
    endloop
  endfacet
  facet normal 0 0 -1
    outer loop
      vertex 126.832 -16.9282 -50
      vertex 131.182 -26.3828 -50
      vertex 129 -27.8491 -50
    endloop
  endfacet
  facet normal 0 0 -1
    outer loop
      vertex 131.182 -26.3828 -50
      vertex 126.832 -16.9282 -50
      vertex 131.182 -16.9282 -50
    endloop
  endfacet
  facet normal 0 0 -1
    outer loop
      vertex 124.884 0.883883 -50
      vertex 128 0 -50
      vertex 125.083 0.625 -50
    endloop
  endfacet
  facet normal 0 0 -1
    outer loop
      vertex 127.299 -13.3796 -50
      vertex 125.207 -0.323524 -50
      vertex 125.25 0 -50
    endloop
  endfacet
  facet normal 0 0 -1
    outer loop
      vertex 127.299 -13.3796 -50
      vertex 125.083 -0.625 -50
      vertex 125.207 -0.323524 -50
    endloop
  endfacet
  facet normal 0 0 -1
    outer loop
      vertex 124.906 -27.8491 -50
      vertex 126.832 -16.9282 -50
      vertex 129 -27.8491 -50
    endloop
  endfacet
  facet normal 0 0 -1
    outer loop
      vertex 112.596 -17.8335 -50
      vertex 126.832 -16.9282 -50
      vertex 124.906 -27.8491 -50
    endloop
  endfacet
  facet normal 0 0 -1
    outer loop
      vertex 127.299 -13.3796 -50
      vertex 124.884 -0.883883 -50
      vertex 125.083 -0.625 -50
    endloop
  endfacet
  facet normal 0 0 -1
    outer loop
      vertex 127.299 -13.3796 -50
      vertex 124.625 -1.08253 -50
      vertex 124.884 -0.883883 -50
    endloop
  endfacet
  facet normal 0 0 -1
    outer loop
      vertex 127.299 -13.3796 -50
      vertex 124.324 -1.20741 -50
      vertex 124.625 -1.08253 -50
    endloop
  endfacet
  facet normal 0 -0 -1
    outer loop
      vertex 113.844 -5.9663 -50
      vertex 127.299 -13.3796 -50
      vertex 113.375 -11.9162 -50
    endloop
  endfacet
  facet normal 0 0 -1
    outer loop
      vertex 127.299 -13.3796 -50
      vertex 124 -1.25 -50
      vertex 124.324 -1.20741 -50
    endloop
  endfacet
  facet normal 0 0 -1
    outer loop
      vertex 110.116 -29.5054 -50
      vertex 124.906 -27.8491 -50
      vertex 123.639 -33.1288 -50
    endloop
  endfacet
  facet normal 0 0 -1
    outer loop
      vertex 127.299 -13.3796 -50
      vertex 123.676 -1.20741 -50
      vertex 124 -1.25 -50
    endloop
  endfacet
  facet normal 0 0 -1
    outer loop
      vertex 127.299 -13.3796 -50
      vertex 113.844 -5.9663 -50
      vertex 123.676 -1.20741 -50
    endloop
  endfacet
  facet normal -0 0 -1
    outer loop
      vertex 123.676 -1.20741 -50
      vertex 113.844 -5.9663 -50
      vertex 123.375 -1.08253 -50
    endloop
  endfacet
  facet normal -0 0 -1
    outer loop
      vertex 123.375 -1.08253 -50
      vertex 113.844 -5.9663 -50
      vertex 123.116 -0.883883 -50
    endloop
  endfacet
  facet normal -0 0 -1
    outer loop
      vertex 123.116 -0.883883 -50
      vertex 113.844 -5.9663 -50
      vertex 122.917 -0.625 -50
    endloop
  endfacet
  facet normal 0 0 -1
    outer loop
      vertex 110.116 -29.5054 -50
      vertex 123.639 -33.1288 -50
      vertex 121.735 -39.5542 -50
    endloop
  endfacet
  facet normal -0 0 -1
    outer loop
      vertex 126.832 -16.9282 -50
      vertex 112.596 -17.8335 -50
      vertex 113.375 -11.9162 -50
    endloop
  endfacet
  facet normal 0 0 -1
    outer loop
      vertex 113.844 5.9663 -50
      vertex 122.75 0 -50
      vertex 114 0 -50
    endloop
  endfacet
  facet normal 0 0 -1
    outer loop
      vertex 108.42 -35.2279 -50
      vertex 121.735 -39.5542 -50
      vertex 119.498 -45.8711 -50
    endloop
  endfacet
  facet normal 0 0 -1
    outer loop
      vertex 113.375 11.9162 -50
      vertex 122.75 0 -50
      vertex 113.844 5.9663 -50
    endloop
  endfacet
  facet normal 0 0 -1
    outer loop
      vertex 106.428 -40.8539 -50
      vertex 119.498 -45.8711 -50
      vertex 116.934 -52.0623 -50
    endloop
  endfacet
  facet normal 0 0 -1
    outer loop
      vertex 112.596 17.8335 -50
      vertex 122.75 0 -50
      vertex 113.375 11.9162 -50
    endloop
  endfacet
  facet normal 0 0 -1
    outer loop
      vertex 104.144 -46.368 -50
      vertex 116.934 -52.0623 -50
      vertex 114.049 -58.1108 -50
    endloop
  endfacet
  facet normal 0 0 -1
    outer loop
      vertex 122.75 0 -50
      vertex 112.596 17.8335 -50
      vertex 122.096 38.335 -50
    endloop
  endfacet
  facet normal 0 0 -1
    outer loop
      vertex 111.509 23.7019 -50
      vertex 122.096 38.335 -50
      vertex 112.596 17.8335 -50
    endloop
  endfacet
  facet normal 0 0 -1
    outer loop
      vertex 122.793 -0.323524 -50
      vertex 114 0 -50
      vertex 122.75 0 -50
    endloop
  endfacet
  facet normal 0 0 -1
    outer loop
      vertex 122.917 -0.625 -50
      vertex 114 0 -50
      vertex 122.793 -0.323524 -50
    endloop
  endfacet
  facet normal 0 -0 -1
    outer loop
      vertex 114 0 -50
      vertex 122.917 -0.625 -50
      vertex 113.844 -5.9663 -50
    endloop
  endfacet
  facet normal 0 0 -1
    outer loop
      vertex 124.906 -27.8491 -50
      vertex 111.509 -23.7019 -50
      vertex 112.596 -17.8335 -50
    endloop
  endfacet
  facet normal 0 0 -1
    outer loop
      vertex 101.575 -51.7549 -50
      vertex 114.049 -58.1108 -50
      vertex 110.851 -64 -50
    endloop
  endfacet
  facet normal -0 0 -1
    outer loop
      vertex 124.906 -27.8491 -50
      vertex 110.116 -29.5054 -50
      vertex 111.509 -23.7019 -50
    endloop
  endfacet
  facet normal 0 0 -1
    outer loop
      vertex 121.735 -39.5542 -50
      vertex 108.42 -35.2279 -50
      vertex 110.116 -29.5054 -50
    endloop
  endfacet
  facet normal 0 0 -1
    outer loop
      vertex 98.7269 -57 -50
      vertex 110.851 -64 -50
      vertex 107.35 -69.7138 -50
    endloop
  endfacet
  facet normal 0 0 -1
    outer loop
      vertex 119.498 -45.8711 -50
      vertex 106.428 -40.8539 -50
      vertex 108.42 -35.2279 -50
    endloop
  endfacet
  facet normal 0 0 -1
    outer loop
      vertex 116.934 -52.0623 -50
      vertex 104.144 -46.368 -50
      vertex 106.428 -40.8539 -50
    endloop
  endfacet
  facet normal 0 0 -1
    outer loop
      vertex 95.6084 -62.0888 -50
      vertex 107.35 -69.7138 -50
      vertex 103.554 -75.2365 -50
    endloop
  endfacet
  facet normal 0 0 -1
    outer loop
      vertex 114.049 -58.1108 -50
      vertex 101.575 -51.7549 -50
      vertex 104.144 -46.368 -50
    endloop
  endfacet
  facet normal 0 0 -1
    outer loop
      vertex 92.2279 -67.0075 -50
      vertex 103.554 -75.2365 -50
      vertex 101.375 -78.0761 -50
    endloop
  endfacet
  facet normal 0 0 -1
    outer loop
      vertex 97.7927 -88.618 -50
      vertex 101.375 -78.0761 -50
      vertex 100.415 -88.4391 -50
    endloop
  endfacet
  facet normal 0 0 -1
    outer loop
      vertex 110.851 -64 -50
      vertex 98.7269 -57 -50
      vertex 101.575 -51.7549 -50
    endloop
  endfacet
  facet normal 0 0 -1
    outer loop
      vertex 101.375 -78.0761 -50
      vertex 97.7927 -88.618 -50
      vertex 94.2473 -86.571 -50
    endloop
  endfacet
  facet normal 0 0 -1
    outer loop
      vertex 107.35 -69.7138 -50
      vertex 95.6084 -62.0888 -50
      vertex 98.7269 -57 -50
    endloop
  endfacet
  facet normal 0 0 -1
    outer loop
      vertex 88.5946 -71.7425 -50
      vertex 101.375 -78.0761 -50
      vertex 94.2473 -86.571 -50
    endloop
  endfacet
  facet normal 0 0 -1
    outer loop
      vertex 103.554 -75.2365 -50
      vertex 92.2279 -67.0075 -50
      vertex 95.6084 -62.0888 -50
    endloop
  endfacet
  facet normal 0 0 -1
    outer loop
      vertex 80.6102 -80.6102 -50
      vertex 94.2473 -86.571 -50
      vertex 90.5097 -90.5097 -50
    endloop
  endfacet
  facet normal 0 0 -1
    outer loop
      vertex 101.375 -78.0761 -50
      vertex 88.5946 -71.7425 -50
      vertex 92.2279 -67.0075 -50
    endloop
  endfacet
  facet normal 0 0 -1
    outer loop
      vertex 80.6102 -80.6102 -50
      vertex 90.5097 -90.5097 -50
      vertex 85.6487 -95.1225 -50
    endloop
  endfacet
  facet normal 0 0 -1
    outer loop
      vertex 94.2473 -86.571 -50
      vertex 84.7185 -76.2809 -50
      vertex 88.5946 -71.7425 -50
    endloop
  endfacet
  facet normal 0 0 -1
    outer loop
      vertex 94.2473 -86.571 -50
      vertex 80.6102 -80.6102 -50
      vertex 84.7185 -76.2809 -50
    endloop
  endfacet
  facet normal 0 0 -1
    outer loop
      vertex 76.2809 -84.7185 -50
      vertex 85.6487 -95.1225 -50
      vertex 80.553 -99.4747 -50
    endloop
  endfacet
  facet normal 0 0 -1
    outer loop
      vertex 85.6487 -95.1225 -50
      vertex 76.2809 -84.7185 -50
      vertex 80.6102 -80.6102 -50
    endloop
  endfacet
  facet normal 0 0 -1
    outer loop
      vertex 71.7425 -88.5946 -50
      vertex 80.553 -99.4747 -50
      vertex 75.2365 -103.554 -50
    endloop
  endfacet
  facet normal 0 0 -1
    outer loop
      vertex 80.553 -99.4747 -50
      vertex 71.7425 -88.5946 -50
      vertex 76.2809 -84.7185 -50
    endloop
  endfacet
  facet normal 0 0 -1
    outer loop
      vertex 67.0075 -92.2279 -50
      vertex 75.2365 -103.554 -50
      vertex 69.7138 -107.35 -50
    endloop
  endfacet
  facet normal 0 0 -1
    outer loop
      vertex 75.2365 -103.554 -50
      vertex 67.0075 -92.2279 -50
      vertex 71.7425 -88.5946 -50
    endloop
  endfacet
  facet normal 0 0 -1
    outer loop
      vertex 63.2074 -107.711 -50
      vertex 69.7138 -107.35 -50
      vertex 64 -110.851 -50
    endloop
  endfacet
  facet normal 0 0 -1
    outer loop
      vertex 63.2074 -107.064 -50
      vertex 69.7138 -107.35 -50
      vertex 63.25 -107.387 -50
    endloop
  endfacet
  facet normal 0 0 -1
    outer loop
      vertex 63.0825 -106.762 -50
      vertex 69.7138 -107.35 -50
      vertex 63.2074 -107.064 -50
    endloop
  endfacet
  facet normal 0 0 -1
    outer loop
      vertex 62.8839 -106.503 -50
      vertex 69.7138 -107.35 -50
      vertex 63.0825 -106.762 -50
    endloop
  endfacet
  facet normal 0 0 -1
    outer loop
      vertex 62.0888 -95.6084 -50
      vertex 69.7138 -107.35 -50
      vertex 62.8839 -106.503 -50
    endloop
  endfacet
  facet normal 0 0 -1
    outer loop
      vertex 62.0888 -95.6084 -50
      vertex 62.8839 -106.503 -50
      vertex 62.625 -106.305 -50
    endloop
  endfacet
  facet normal 0 0 -1
    outer loop
      vertex 62.0888 -95.6084 -50
      vertex 62.625 -106.305 -50
      vertex 62.3235 -106.18 -50
    endloop
  endfacet
  facet normal 0 0 -1
    outer loop
      vertex 69.7138 -107.35 -50
      vertex 62.0888 -95.6084 -50
      vertex 67.0075 -92.2279 -50
    endloop
  endfacet
  facet normal 0 0 -1
    outer loop
      vertex 62 -106.137 -50
      vertex 62.0888 -95.6084 -50
      vertex 62.3235 -106.18 -50
    endloop
  endfacet
  facet normal 0 0 -1
    outer loop
      vertex 57 -98.7269 -50
      vertex 62 -106.137 -50
      vertex 61.6765 -106.18 -50
    endloop
  endfacet
  facet normal 0 0 -1
    outer loop
      vertex 57 -98.7269 -50
      vertex 61.6765 -106.18 -50
      vertex 61.375 -106.305 -50
    endloop
  endfacet
  facet normal 0 0 -1
    outer loop
      vertex 57 -98.7269 -50
      vertex 61.375 -106.305 -50
      vertex 61.1161 -106.503 -50
    endloop
  endfacet
  facet normal 0 0 -1
    outer loop
      vertex 57 -98.7269 -50
      vertex 61.1161 -106.503 -50
      vertex 60.9175 -106.762 -50
    endloop
  endfacet
  facet normal 0 0 -1
    outer loop
      vertex 51.7549 -101.575 -50
      vertex 60.9175 -106.762 -50
      vertex 60.7926 -107.064 -50
    endloop
  endfacet
  facet normal 0 0 -1
    outer loop
      vertex 51.7549 -101.575 -50
      vertex 60.7926 -107.064 -50
      vertex 60.75 -107.387 -50
    endloop
  endfacet
  facet normal 0 0 -1
    outer loop
      vertex 51.7549 -101.575 -50
      vertex 60.75 -107.387 -50
      vertex 58.1108 -114.049 -50
    endloop
  endfacet
  facet normal 0 0 -1
    outer loop
      vertex 62 -106.137 -50
      vertex 57 -98.7269 -50
      vertex 62.0888 -95.6084 -50
    endloop
  endfacet
  facet normal 0 0 -1
    outer loop
      vertex 51.7549 -101.575 -50
      vertex 58.1108 -114.049 -50
      vertex 52.0623 -116.934 -50
    endloop
  endfacet
  facet normal 0 0 -1
    outer loop
      vertex 60.9175 -106.762 -50
      vertex 51.7549 -101.575 -50
      vertex 57 -98.7269 -50
    endloop
  endfacet
  facet normal 0 0 -1
    outer loop
      vertex 46.368 -104.144 -50
      vertex 52.0623 -116.934 -50
      vertex 48.7555 -118.304 -50
    endloop
  endfacet
  facet normal 0 0 -1
    outer loop
      vertex 52.0623 -116.934 -50
      vertex 46.368 -104.144 -50
      vertex 51.7549 -101.575 -50
    endloop
  endfacet
  facet normal 0 0 -1
    outer loop
      vertex 125.25 0 -50
      vertex 128 0 -50
      vertex 127.825 -6.699 -50
    endloop
  endfacet
  facet normal 0 0 -1
    outer loop
      vertex 113.375 -11.9162 -50
      vertex 127.299 -13.3796 -50
      vertex 126.832 -16.9282 -50
    endloop
  endfacet
  facet normal 0 0 -1
    outer loop
      vertex 127.299 -13.3796 -50
      vertex 125.25 0 -50
      vertex 127.825 -6.699 -50
    endloop
  endfacet
  facet normal 0 0 -1
    outer loop
      vertex 125.207 0.323524 -50
      vertex 128 0 -50
      vertex 125.25 0 -50
    endloop
  endfacet
  facet normal 0 0 -1
    outer loop
      vertex 125.083 0.625 -50
      vertex 128 0 -50
      vertex 125.207 0.323524 -50
    endloop
  endfacet
  facet normal 0 0 -1
    outer loop
      vertex 128 0 -50
      vertex 124.884 0.883883 -50
      vertex 127.825 6.699 -50
    endloop
  endfacet
  facet normal 0 0 -1
    outer loop
      vertex 124.625 1.08253 -50
      vertex 127.825 6.699 -50
      vertex 124.884 0.883883 -50
    endloop
  endfacet
  facet normal 0 0 -1
    outer loop
      vertex 124.324 1.20741 -50
      vertex 127.825 6.699 -50
      vertex 124.625 1.08253 -50
    endloop
  endfacet
  facet normal 0 0 -1
    outer loop
      vertex 124 1.25 -50
      vertex 127.825 6.699 -50
      vertex 124.324 1.20741 -50
    endloop
  endfacet
  facet normal 0 0 -1
    outer loop
      vertex 123.676 1.20741 -50
      vertex 127.825 6.699 -50
      vertex 124 1.25 -50
    endloop
  endfacet
  facet normal 0 0 -1
    outer loop
      vertex 123.375 1.08253 -50
      vertex 127.825 6.699 -50
      vertex 123.676 1.20741 -50
    endloop
  endfacet
  facet normal -0 0 -1
    outer loop
      vertex 127.825 6.699 -50
      vertex 123.375 1.08253 -50
      vertex 127.299 13.3796 -50
    endloop
  endfacet
  facet normal 0 0 -1
    outer loop
      vertex 123.116 0.883883 -50
      vertex 127.299 13.3796 -50
      vertex 123.375 1.08253 -50
    endloop
  endfacet
  facet normal 0 0 -1
    outer loop
      vertex 122.917 0.625 -50
      vertex 127.299 13.3796 -50
      vertex 123.116 0.883883 -50
    endloop
  endfacet
  facet normal -0 0 -1
    outer loop
      vertex 127.299 13.3796 -50
      vertex 122.917 0.625 -50
      vertex 126.424 20.0236 -50
    endloop
  endfacet
  facet normal -0 0 -1
    outer loop
      vertex 126.424 20.0236 -50
      vertex 122.917 0.625 -50
      vertex 125.203 26.6127 -50
    endloop
  endfacet
  facet normal 0 0 -1
    outer loop
      vertex 122.793 0.323524 -50
      vertex 125.203 26.6127 -50
      vertex 122.917 0.625 -50
    endloop
  endfacet
  facet normal -0 0 -1
    outer loop
      vertex 125.203 26.6127 -50
      vertex 122.793 0.323524 -50
      vertex 123.639 33.1288 -50
    endloop
  endfacet
  facet normal 0 0 -1
    outer loop
      vertex 122.096 38.335 -50
      vertex 122.793 0.323524 -50
      vertex 122.75 0 -50
    endloop
  endfacet
  facet normal 0 0 -1
    outer loop
      vertex 122.793 0.323524 -50
      vertex 122.096 38.335 -50
      vertex 123.639 33.1288 -50
    endloop
  endfacet
  facet normal 0 0 -1
    outer loop
      vertex 122.096 38.335 -50
      vertex 126.798 42.7428 -50
      vertex 125.642 40.382 -50
    endloop
  endfacet
  facet normal -0 0 -1
    outer loop
      vertex 126.798 42.7428 -50
      vertex 122.096 38.335 -50
      vertex 122.071 50.9306 -50
    endloop
  endfacet
  facet normal 0 0 -1
    outer loop
      vertex 110.116 29.5054 -50
      vertex 122.096 38.335 -50
      vertex 111.509 23.7019 -50
    endloop
  endfacet
  facet normal 0 0 -1
    outer loop
      vertex 108.42 35.2279 -50
      vertex 122.096 38.335 -50
      vertex 110.116 29.5054 -50
    endloop
  endfacet
  facet normal 0 0 -1
    outer loop
      vertex 122.096 38.335 -50
      vertex 118.304 48.7555 -50
      vertex 122.071 50.9306 -50
    endloop
  endfacet
  facet normal 0 0 -1
    outer loop
      vertex 106.428 40.8539 -50
      vertex 122.096 38.335 -50
      vertex 108.42 35.2279 -50
    endloop
  endfacet
  facet normal 0 0 -1
    outer loop
      vertex 122.096 38.335 -50
      vertex 106.428 40.8539 -50
      vertex 118.304 48.7555 -50
    endloop
  endfacet
  facet normal 0 0 -1
    outer loop
      vertex 104.144 46.368 -50
      vertex 118.304 48.7555 -50
      vertex 106.428 40.8539 -50
    endloop
  endfacet
  facet normal -0 0 -1
    outer loop
      vertex 118.304 48.7555 -50
      vertex 104.144 46.368 -50
      vertex 116.934 52.0623 -50
    endloop
  endfacet
  facet normal -0 0 -1
    outer loop
      vertex 116.934 52.0623 -50
      vertex 104.144 46.368 -50
      vertex 114.049 58.1108 -50
    endloop
  endfacet
  facet normal 0 0 -1
    outer loop
      vertex 101.575 51.7549 -50
      vertex 114.049 58.1108 -50
      vertex 104.144 46.368 -50
    endloop
  endfacet
  facet normal -0 0 -1
    outer loop
      vertex 114.049 58.1108 -50
      vertex 101.575 51.7549 -50
      vertex 110.851 64 -50
    endloop
  endfacet
  facet normal 0 0 -1
    outer loop
      vertex 98.7269 57 -50
      vertex 110.851 64 -50
      vertex 101.575 51.7549 -50
    endloop
  endfacet
  facet normal -0 0 -1
    outer loop
      vertex 110.851 64 -50
      vertex 98.7269 57 -50
      vertex 107.35 69.7138 -50
    endloop
  endfacet
  facet normal 0 0 -1
    outer loop
      vertex 95.6084 62.0888 -50
      vertex 107.35 69.7138 -50
      vertex 98.7269 57 -50
    endloop
  endfacet
  facet normal -0 0 -1
    outer loop
      vertex 107.35 69.7138 -50
      vertex 95.6084 62.0888 -50
      vertex 103.554 75.2365 -50
    endloop
  endfacet
  facet normal 0 0 -1
    outer loop
      vertex 92.2279 67.0075 -50
      vertex 103.554 75.2365 -50
      vertex 95.6084 62.0888 -50
    endloop
  endfacet
  facet normal -0 0 -1
    outer loop
      vertex 103.554 75.2365 -50
      vertex 92.2279 67.0075 -50
      vertex 99.4747 80.553 -50
    endloop
  endfacet
  facet normal 0 0 -1
    outer loop
      vertex 88.5946 71.7425 -50
      vertex 99.4747 80.553 -50
      vertex 92.2279 67.0075 -50
    endloop
  endfacet
  facet normal -0 0 -1
    outer loop
      vertex 99.4747 80.553 -50
      vertex 88.5946 71.7425 -50
      vertex 95.1225 85.6487 -50
    endloop
  endfacet
  facet normal 0 0 -1
    outer loop
      vertex 84.7185 76.2809 -50
      vertex 95.1225 85.6487 -50
      vertex 88.5946 71.7425 -50
    endloop
  endfacet
  facet normal -0 0 -1
    outer loop
      vertex 95.1225 85.6487 -50
      vertex 84.7185 76.2809 -50
      vertex 90.5097 90.5097 -50
    endloop
  endfacet
  facet normal 0 0 -1
    outer loop
      vertex 80.6102 80.6102 -50
      vertex 90.5097 90.5097 -50
      vertex 84.7185 76.2809 -50
    endloop
  endfacet
  facet normal 0 0 -1
    outer loop
      vertex 78.0761 101.375 -50
      vertex 88.618 97.7927 -50
      vertex 86.571 94.2473 -50
    endloop
  endfacet
  facet normal -0 0 -1
    outer loop
      vertex 90.5097 90.5097 -50
      vertex 80.6102 80.6102 -50
      vertex 86.571 94.2473 -50
    endloop
  endfacet
  facet normal 0 0 -1
    outer loop
      vertex 76.2809 84.7185 -50
      vertex 86.571 94.2473 -50
      vertex 80.6102 80.6102 -50
    endloop
  endfacet
  facet normal 0 0 -1
    outer loop
      vertex 71.7425 88.5946 -50
      vertex 86.571 94.2473 -50
      vertex 76.2809 84.7185 -50
    endloop
  endfacet
  facet normal 0 0 -1
    outer loop
      vertex 88.4391 100.415 -50
      vertex 78.0761 101.375 -50
      vertex 80.2512 105.143 -50
    endloop
  endfacet
  facet normal 0 0 -1
    outer loop
      vertex 88.618 97.7927 -50
      vertex 78.0761 101.375 -50
      vertex 88.4391 100.415 -50
    endloop
  endfacet
  facet normal -0 0 -1
    outer loop
      vertex 86.571 94.2473 -50
      vertex 71.7425 88.5946 -50
      vertex 78.0761 101.375 -50
    endloop
  endfacet
  facet normal 0 0 -1
    outer loop
      vertex 67.0075 92.2279 -50
      vertex 78.0761 101.375 -50
      vertex 71.7425 88.5946 -50
    endloop
  endfacet
  facet normal -0 0 -1
    outer loop
      vertex 78.0761 101.375 -50
      vertex 67.0075 92.2279 -50
      vertex 75.2365 103.554 -50
    endloop
  endfacet
  facet normal -0 0 -1
    outer loop
      vertex 75.2365 103.554 -50
      vertex 67.0075 92.2279 -50
      vertex 69.7138 107.35 -50
    endloop
  endfacet
  facet normal 0 0 -1
    outer loop
      vertex 62.0888 95.6084 -50
      vertex 69.7138 107.35 -50
      vertex 67.0075 92.2279 -50
    endloop
  endfacet
  facet normal 0 0 -1
    outer loop
      vertex 63.2074 107.711 -50
      vertex 69.7138 107.35 -50
      vertex 63.25 107.387 -50
    endloop
  endfacet
  facet normal -0 0 -1
    outer loop
      vertex 69.7138 107.35 -50
      vertex 63.2074 107.064 -50
      vertex 63.25 107.387 -50
    endloop
  endfacet
  facet normal 0 0 -1
    outer loop
      vertex 69.7138 107.35 -50
      vertex 63.0825 106.762 -50
      vertex 63.2074 107.064 -50
    endloop
  endfacet
  facet normal 0 0 -1
    outer loop
      vertex 69.7138 107.35 -50
      vertex 62.8839 106.503 -50
      vertex 63.0825 106.762 -50
    endloop
  endfacet
  facet normal 0 0 -1
    outer loop
      vertex 69.7138 107.35 -50
      vertex 62.0888 95.6084 -50
      vertex 62.8839 106.503 -50
    endloop
  endfacet
  facet normal 0 0 -1
    outer loop
      vertex 62.8839 106.503 -50
      vertex 62.0888 95.6084 -50
      vertex 62.625 106.305 -50
    endloop
  endfacet
  facet normal 0 0 -1
    outer loop
      vertex 62.625 106.305 -50
      vertex 62.0888 95.6084 -50
      vertex 62.3235 106.18 -50
    endloop
  endfacet
  facet normal 0 0 -1
    outer loop
      vertex 62.0888 95.6084 -50
      vertex 62 106.137 -50
      vertex 62.3235 106.18 -50
    endloop
  endfacet
  facet normal 0 0 -1
    outer loop
      vertex 57 98.7269 -50
      vertex 62 106.137 -50
      vertex 62.0888 95.6084 -50
    endloop
  endfacet
  facet normal -0 0 -1
    outer loop
      vertex 62 106.137 -50
      vertex 57 98.7269 -50
      vertex 61.6765 106.18 -50
    endloop
  endfacet
  facet normal -0 0 -1
    outer loop
      vertex 61.6765 106.18 -50
      vertex 57 98.7269 -50
      vertex 61.375 106.305 -50
    endloop
  endfacet
  facet normal -0 0 -1
    outer loop
      vertex 61.375 106.305 -50
      vertex 57 98.7269 -50
      vertex 61.1161 106.503 -50
    endloop
  endfacet
  facet normal -0 0 -1
    outer loop
      vertex 61.1161 106.503 -50
      vertex 57 98.7269 -50
      vertex 60.9175 106.762 -50
    endloop
  endfacet
  facet normal 0 0 -1
    outer loop
      vertex 51.7549 101.575 -50
      vertex 60.9175 106.762 -50
      vertex 57 98.7269 -50
    endloop
  endfacet
  facet normal -0 0 -1
    outer loop
      vertex 60.9175 106.762 -50
      vertex 51.7549 101.575 -50
      vertex 60.7926 107.064 -50
    endloop
  endfacet
  facet normal -0 0 -1
    outer loop
      vertex 60.7926 107.064 -50
      vertex 51.7549 101.575 -50
      vertex 60.75 107.387 -50
    endloop
  endfacet
  facet normal -0 0 -1
    outer loop
      vertex 60.75 107.387 -50
      vertex 51.7549 101.575 -50
      vertex 58.1108 114.049 -50
    endloop
  endfacet
  facet normal -0 0 -1
    outer loop
      vertex 58.1108 114.049 -50
      vertex 51.7549 101.575 -50
      vertex 52.0623 116.934 -50
    endloop
  endfacet
  facet normal 0 0 -1
    outer loop
      vertex 46.368 104.144 -50
      vertex 52.0623 116.934 -50
      vertex 51.7549 101.575 -50
    endloop
  endfacet
  facet normal 0 0 -1
    outer loop
      vertex 46.368 104.144 -50
      vertex 45.8711 119.498 -50
      vertex 52.0623 116.934 -50
    endloop
  endfacet
  facet normal 0 0 -1
    outer loop
      vertex 40.8539 106.428 -50
      vertex 45.8711 119.498 -50
      vertex 46.368 104.144 -50
    endloop
  endfacet
  facet normal 0 0 -1
    outer loop
      vertex 40.8539 106.428 -50
      vertex 39.5542 121.735 -50
      vertex 45.8711 119.498 -50
    endloop
  endfacet
  facet normal 0 0 -1
    outer loop
      vertex 35.2279 108.42 -50
      vertex 39.5542 121.735 -50
      vertex 40.8539 106.428 -50
    endloop
  endfacet
  facet normal 0 0 -1
    outer loop
      vertex 35.2279 108.42 -50
      vertex 33.1288 123.639 -50
      vertex 39.5542 121.735 -50
    endloop
  endfacet
  facet normal 0 0 -1
    outer loop
      vertex 29.5054 110.116 -50
      vertex 33.1288 123.639 -50
      vertex 35.2279 108.42 -50
    endloop
  endfacet
  facet normal 0 0 -1
    outer loop
      vertex 29.5054 110.116 -50
      vertex 27.8491 124.906 -50
      vertex 33.1288 123.639 -50
    endloop
  endfacet
  facet normal 0 0 -1
    outer loop
      vertex 16.9282 126.832 -50
      vertex 27.8491 129 -50
      vertex 27.8491 124.906 -50
    endloop
  endfacet
  facet normal 0 0 -1
    outer loop
      vertex 23.7019 111.509 -50
      vertex 27.8491 124.906 -50
      vertex 29.5054 110.116 -50
    endloop
  endfacet
  facet normal 0 0 -1
    outer loop
      vertex 17.8335 112.596 -50
      vertex 27.8491 124.906 -50
      vertex 23.7019 111.509 -50
    endloop
  endfacet
  facet normal -0 0 -1
    outer loop
      vertex 27.8491 124.906 -50
      vertex 17.8335 112.596 -50
      vertex 16.9282 126.832 -50
    endloop
  endfacet
  facet normal -0 0 -1
    outer loop
      vertex 27.8491 129 -50
      vertex 16.9282 126.832 -50
      vertex 26.3828 131.182 -50
    endloop
  endfacet
  facet normal -0 0 -1
    outer loop
      vertex 26.3828 131.182 -50
      vertex 16.9282 126.832 -50
      vertex 16.9282 131.182 -50
    endloop
  endfacet
  facet normal 0 0 -1
    outer loop
      vertex -125.083 -0.625 -50
      vertex -128 0 -50
      vertex -125.207 -0.323524 -50
    endloop
  endfacet
  facet normal 0 0 -1
    outer loop
      vertex -125.207 -0.323524 -50
      vertex -128 0 -50
      vertex -125.25 0 -50
    endloop
  endfacet
  facet normal 0 -0 -1
    outer loop
      vertex -127.299 13.3796 -50
      vertex -125.25 0 -50
      vertex -127.825 6.699 -50
    endloop
  endfacet
  facet normal 0 0 -1
    outer loop
      vertex -125.25 0 -50
      vertex -127.299 13.3796 -50
      vertex -126.832 16.9282 -50
    endloop
  endfacet
  facet normal 0 0 -1
    outer loop
      vertex -125.25 0 -50
      vertex -128 0 -50
      vertex -127.825 6.699 -50
    endloop
  endfacet
  facet normal -0 0 -1
    outer loop
      vertex -114 0 -50
      vertex -122.793 -0.323524 -50
      vertex -122.75 0 -50
    endloop
  endfacet
  facet normal -0 0 -1
    outer loop
      vertex -111.509 -23.7019 -50
      vertex -125.203 -26.6127 -50
      vertex -112.596 -17.8335 -50
    endloop
  endfacet
  facet normal 0 0 -1
    outer loop
      vertex -126.424 -20.0236 -50
      vertex -112.596 -17.8335 -50
      vertex -125.203 -26.6127 -50
    endloop
  endfacet
  facet normal 0 0 -1
    outer loop
      vertex -112.596 -17.8335 -50
      vertex -122.917 -0.625 -50
      vertex -122.793 -0.323524 -50
    endloop
  endfacet
  facet normal 0 0 -1
    outer loop
      vertex -127.299 -13.3796 -50
      vertex -112.596 -17.8335 -50
      vertex -126.424 -20.0236 -50
    endloop
  endfacet
  facet normal 0 0 -1
    outer loop
      vertex -112.596 -17.8335 -50
      vertex -123.116 -0.883883 -50
      vertex -122.917 -0.625 -50
    endloop
  endfacet
  facet normal 0 0 -1
    outer loop
      vertex -112.596 -17.8335 -50
      vertex -123.375 -1.08253 -50
      vertex -123.116 -0.883883 -50
    endloop
  endfacet
  facet normal 0 0 -1
    outer loop
      vertex -127.299 -13.3796 -50
      vertex -123.375 -1.08253 -50
      vertex -112.596 -17.8335 -50
    endloop
  endfacet
  facet normal 0 0 -1
    outer loop
      vertex -127.825 -6.699 -50
      vertex -123.375 -1.08253 -50
      vertex -127.299 -13.3796 -50
    endloop
  endfacet
  facet normal 0 0 -1
    outer loop
      vertex -123.375 -1.08253 -50
      vertex -127.825 -6.699 -50
      vertex -123.676 -1.20741 -50
    endloop
  endfacet
  facet normal 0 0 -1
    outer loop
      vertex -123.676 -1.20741 -50
      vertex -127.825 -6.699 -50
      vertex -124 -1.25 -50
    endloop
  endfacet
  facet normal -0 0 -1
    outer loop
      vertex -124 -1.25 -50
      vertex -127.825 -6.699 -50
      vertex -124.324 -1.20741 -50
    endloop
  endfacet
  facet normal -0 0 -1
    outer loop
      vertex -124.324 -1.20741 -50
      vertex -127.825 -6.699 -50
      vertex -124.625 -1.08253 -50
    endloop
  endfacet
  facet normal -0 0 -1
    outer loop
      vertex -124.625 -1.08253 -50
      vertex -127.825 -6.699 -50
      vertex -124.884 -0.883883 -50
    endloop
  endfacet
  facet normal 0 0 -1
    outer loop
      vertex -128 0 -50
      vertex -124.884 -0.883883 -50
      vertex -127.825 -6.699 -50
    endloop
  endfacet
  facet normal 0 0 -1
    outer loop
      vertex -118.304 -48.7555 -50
      vertex -125.642 -40.382 -50
      vertex -122.096 -38.335 -50
    endloop
  endfacet
  facet normal 0 0 -1
    outer loop
      vertex -118.304 -48.7555 -50
      vertex -126.798 -42.7428 -50
      vertex -125.642 -40.382 -50
    endloop
  endfacet
  facet normal -0 0 -1
    outer loop
      vertex -80.6102 -80.6102 -50
      vertex -90.5097 -90.5097 -50
      vertex -84.7185 -76.2809 -50
    endloop
  endfacet
  facet normal 0 0 -1
    outer loop
      vertex -95.1225 -85.6487 -50
      vertex -84.7185 -76.2809 -50
      vertex -90.5097 -90.5097 -50
    endloop
  endfacet
  facet normal -0 0 -1
    outer loop
      vertex -84.7185 -76.2809 -50
      vertex -95.1225 -85.6487 -50
      vertex -88.5946 -71.7425 -50
    endloop
  endfacet
  facet normal 0 0 -1
    outer loop
      vertex -99.4747 -80.553 -50
      vertex -88.5946 -71.7425 -50
      vertex -95.1225 -85.6487 -50
    endloop
  endfacet
  facet normal -0 0 -1
    outer loop
      vertex -88.5946 -71.7425 -50
      vertex -99.4747 -80.553 -50
      vertex -92.2279 -67.0075 -50
    endloop
  endfacet
  facet normal 0 0 -1
    outer loop
      vertex -103.554 -75.2365 -50
      vertex -92.2279 -67.0075 -50
      vertex -99.4747 -80.553 -50
    endloop
  endfacet
  facet normal -0 0 -1
    outer loop
      vertex -92.2279 -67.0075 -50
      vertex -103.554 -75.2365 -50
      vertex -95.6084 -62.0888 -50
    endloop
  endfacet
  facet normal 0 0 -1
    outer loop
      vertex -107.35 -69.7138 -50
      vertex -95.6084 -62.0888 -50
      vertex -103.554 -75.2365 -50
    endloop
  endfacet
  facet normal -0 0 -1
    outer loop
      vertex -95.6084 -62.0888 -50
      vertex -107.35 -69.7138 -50
      vertex -98.7269 -57 -50
    endloop
  endfacet
  facet normal 0 0 -1
    outer loop
      vertex -110.851 -64 -50
      vertex -98.7269 -57 -50
      vertex -107.35 -69.7138 -50
    endloop
  endfacet
  facet normal -0 0 -1
    outer loop
      vertex -98.7269 -57 -50
      vertex -110.851 -64 -50
      vertex -101.575 -51.7549 -50
    endloop
  endfacet
  facet normal 0 0 -1
    outer loop
      vertex -114.049 -58.1108 -50
      vertex -101.575 -51.7549 -50
      vertex -110.851 -64 -50
    endloop
  endfacet
  facet normal -0 0 -1
    outer loop
      vertex -101.575 -51.7549 -50
      vertex -114.049 -58.1108 -50
      vertex -104.144 -46.368 -50
    endloop
  endfacet
  facet normal 0 0 -1
    outer loop
      vertex -116.934 -52.0623 -50
      vertex -104.144 -46.368 -50
      vertex -114.049 -58.1108 -50
    endloop
  endfacet
  facet normal 0 0 -1
    outer loop
      vertex -118.304 -48.7555 -50
      vertex -104.144 -46.368 -50
      vertex -116.934 -52.0623 -50
    endloop
  endfacet
  facet normal -0 0 -1
    outer loop
      vertex -104.144 -46.368 -50
      vertex -118.304 -48.7555 -50
      vertex -106.428 -40.8539 -50
    endloop
  endfacet
  facet normal 0 0 -1
    outer loop
      vertex -122.096 -38.335 -50
      vertex -106.428 -40.8539 -50
      vertex -118.304 -48.7555 -50
    endloop
  endfacet
  facet normal 0 0 -1
    outer loop
      vertex -106.428 -40.8539 -50
      vertex -122.096 -38.335 -50
      vertex -108.42 -35.2279 -50
    endloop
  endfacet
  facet normal -0 0 -1
    outer loop
      vertex -108.42 -35.2279 -50
      vertex -122.096 -38.335 -50
      vertex -110.116 -29.5054 -50
    endloop
  endfacet
  facet normal -0 0 -1
    outer loop
      vertex -110.116 -29.5054 -50
      vertex -123.639 -33.1288 -50
      vertex -111.509 -23.7019 -50
    endloop
  endfacet
  facet normal 0 0 -1
    outer loop
      vertex -123.639 -33.1288 -50
      vertex -110.116 -29.5054 -50
      vertex -122.096 -38.335 -50
    endloop
  endfacet
  facet normal 0 0 -1
    outer loop
      vertex -100.415 88.4391 -50
      vertex -101.375 78.0761 -50
      vertex -105.143 80.2512 -50
    endloop
  endfacet
  facet normal 0 0 -1
    outer loop
      vertex -58.1108 -114.049 -50
      vertex -60.7926 -107.711 -50
      vertex -60.75 -107.387 -50
    endloop
  endfacet
  facet normal 0 0 -1
    outer loop
      vertex -58.1108 -114.049 -50
      vertex -60.9175 -108.012 -50
      vertex -60.7926 -107.711 -50
    endloop
  endfacet
  facet normal 0 0 -1
    outer loop
      vertex -58.1108 -114.049 -50
      vertex -61.1161 -108.271 -50
      vertex -60.9175 -108.012 -50
    endloop
  endfacet
  facet normal 0 0 -1
    outer loop
      vertex -58.1108 -114.049 -50
      vertex -61.375 -108.47 -50
      vertex -61.1161 -108.271 -50
    endloop
  endfacet
  facet normal 0 0 -1
    outer loop
      vertex -58.1108 -114.049 -50
      vertex -61.6765 -108.595 -50
      vertex -61.375 -108.47 -50
    endloop
  endfacet
  facet normal 0 0 -1
    outer loop
      vertex -64 -110.851 -50
      vertex -61.6765 -108.595 -50
      vertex -58.1108 -114.049 -50
    endloop
  endfacet
  facet normal 0 0 -1
    outer loop
      vertex -61.6765 -108.595 -50
      vertex -64 -110.851 -50
      vertex -62 -108.637 -50
    endloop
  endfacet
  facet normal -0 0 -1
    outer loop
      vertex -62 -108.637 -50
      vertex -64 -110.851 -50
      vertex -62.3235 -108.595 -50
    endloop
  endfacet
  facet normal -0 0 -1
    outer loop
      vertex -62.3235 -108.595 -50
      vertex -64 -110.851 -50
      vertex -62.625 -108.47 -50
    endloop
  endfacet
  facet normal 0 0 -1
    outer loop
      vertex -69.7138 -107.35 -50
      vertex -63.2074 -107.711 -50
      vertex -64 -110.851 -50
    endloop
  endfacet
  facet normal -0 0 -1
    outer loop
      vertex -63.0825 -108.012 -50
      vertex -64 -110.851 -50
      vertex -63.2074 -107.711 -50
    endloop
  endfacet
  facet normal -0 0 -1
    outer loop
      vertex -62.8839 -108.271 -50
      vertex -64 -110.851 -50
      vertex -63.0825 -108.012 -50
    endloop
  endfacet
  facet normal -0 0 -1
    outer loop
      vertex -62.625 -108.47 -50
      vertex -64 -110.851 -50
      vertex -62.8839 -108.271 -50
    endloop
  endfacet
  facet normal 0 0 -1
    outer loop
      vertex -52.0623 116.934 -50
      vertex -46.368 104.144 -50
      vertex -51.7549 101.575 -50
    endloop
  endfacet
  facet normal 0 0 -1
    outer loop
      vertex -46.368 104.144 -50
      vertex -52.0623 116.934 -50
      vertex -48.7555 118.304 -50
    endloop
  endfacet
  facet normal 0 0 -1
    outer loop
      vertex -60.9175 106.762 -50
      vertex -51.7549 101.575 -50
      vertex -57 98.7269 -50
    endloop
  endfacet
  facet normal 0 -0 -1
    outer loop
      vertex -58.1108 114.049 -50
      vertex -51.7549 101.575 -50
      vertex -60.75 107.387 -50
    endloop
  endfacet
  facet normal 0 0 -1
    outer loop
      vertex -51.7549 101.575 -50
      vertex -58.1108 114.049 -50
      vertex -52.0623 116.934 -50
    endloop
  endfacet
  facet normal 0 0 -1
    outer loop
      vertex -51.7549 101.575 -50
      vertex -60.7926 107.064 -50
      vertex -60.75 107.387 -50
    endloop
  endfacet
  facet normal 0 0 -1
    outer loop
      vertex -51.7549 101.575 -50
      vertex -60.9175 106.762 -50
      vertex -60.7926 107.064 -50
    endloop
  endfacet
  facet normal 0 0 -1
    outer loop
      vertex -57 98.7269 -50
      vertex -61.1161 106.503 -50
      vertex -60.9175 106.762 -50
    endloop
  endfacet
  facet normal 0 0 -1
    outer loop
      vertex -57 98.7269 -50
      vertex -61.375 106.305 -50
      vertex -61.1161 106.503 -50
    endloop
  endfacet
  facet normal 0 0 -1
    outer loop
      vertex -57 98.7269 -50
      vertex -61.6765 106.18 -50
      vertex -61.375 106.305 -50
    endloop
  endfacet
  facet normal 0 0 -1
    outer loop
      vertex -57 98.7269 -50
      vertex -62 106.137 -50
      vertex -61.6765 106.18 -50
    endloop
  endfacet
  facet normal 0 0 -1
    outer loop
      vertex -62.0888 95.6084 -50
      vertex -62 106.137 -50
      vertex -57 98.7269 -50
    endloop
  endfacet
  facet normal 0 0 -1
    outer loop
      vertex -62.0888 95.6084 -50
      vertex -62.3235 106.18 -50
      vertex -62 106.137 -50
    endloop
  endfacet
  facet normal 0 0 -1
    outer loop
      vertex -62.0888 95.6084 -50
      vertex -62.625 106.305 -50
      vertex -62.3235 106.18 -50
    endloop
  endfacet
  facet normal 0 0 -1
    outer loop
      vertex -62.0888 95.6084 -50
      vertex -62.8839 106.503 -50
      vertex -62.625 106.305 -50
    endloop
  endfacet
  facet normal 0 0 -1
    outer loop
      vertex -69.7138 107.35 -50
      vertex -62.8839 106.503 -50
      vertex -62.0888 95.6084 -50
    endloop
  endfacet
  facet normal 0 0 -1
    outer loop
      vertex -62.8839 106.503 -50
      vertex -69.7138 107.35 -50
      vertex -63.0825 106.762 -50
    endloop
  endfacet
  facet normal 0 0 -1
    outer loop
      vertex -63.0825 106.762 -50
      vertex -69.7138 107.35 -50
      vertex -63.2074 107.064 -50
    endloop
  endfacet
  facet normal 0 0 -1
    outer loop
      vertex -63.2074 107.064 -50
      vertex -69.7138 107.35 -50
      vertex -63.25 107.387 -50
    endloop
  endfacet
  facet normal 0 0 -1
    outer loop
      vertex -69.7138 107.35 -50
      vertex -62.0888 95.6084 -50
      vertex -67.0075 92.2279 -50
    endloop
  endfacet
  facet normal -0 0 -1
    outer loop
      vertex -63.25 107.387 -50
      vertex -69.7138 107.35 -50
      vertex -64 110.851 -50
    endloop
  endfacet
  facet normal 0 0 -1
    outer loop
      vertex -75.2365 103.554 -50
      vertex -67.0075 92.2279 -50
      vertex -71.7425 88.5946 -50
    endloop
  endfacet
  facet normal 0 0 -1
    outer loop
      vertex -67.0075 92.2279 -50
      vertex -75.2365 103.554 -50
      vertex -69.7138 107.35 -50
    endloop
  endfacet
  facet normal 0 0 -1
    outer loop
      vertex -80.553 99.4747 -50
      vertex -71.7425 88.5946 -50
      vertex -76.2809 84.7185 -50
    endloop
  endfacet
  facet normal 0 0 -1
    outer loop
      vertex -71.7425 88.5946 -50
      vertex -80.553 99.4747 -50
      vertex -75.2365 103.554 -50
    endloop
  endfacet
  facet normal 0 0 -1
    outer loop
      vertex -85.6487 95.1225 -50
      vertex -76.2809 84.7185 -50
      vertex -80.6102 80.6102 -50
    endloop
  endfacet
  facet normal 0 0 -1
    outer loop
      vertex -94.2473 86.571 -50
      vertex -80.6102 80.6102 -50
      vertex -84.7185 76.2809 -50
    endloop
  endfacet
  facet normal 0 0 -1
    outer loop
      vertex -76.2809 84.7185 -50
      vertex -85.6487 95.1225 -50
      vertex -80.553 99.4747 -50
    endloop
  endfacet
  facet normal 0 0 -1
    outer loop
      vertex -94.2473 86.571 -50
      vertex -84.7185 76.2809 -50
      vertex -88.5946 71.7425 -50
    endloop
  endfacet
  facet normal 0 0 -1
    outer loop
      vertex -80.6102 80.6102 -50
      vertex -90.5097 90.5097 -50
      vertex -85.6487 95.1225 -50
    endloop
  endfacet
  facet normal 0 0 -1
    outer loop
      vertex -101.375 78.0761 -50
      vertex -88.5946 71.7425 -50
      vertex -92.2279 67.0075 -50
    endloop
  endfacet
  facet normal 0 0 -1
    outer loop
      vertex -80.6102 80.6102 -50
      vertex -94.2473 86.571 -50
      vertex -90.5097 90.5097 -50
    endloop
  endfacet
  facet normal 0 0 -1
    outer loop
      vertex -103.554 75.2365 -50
      vertex -92.2279 67.0075 -50
      vertex -95.6084 62.0888 -50
    endloop
  endfacet
  facet normal 0 0 -1
    outer loop
      vertex -88.5946 71.7425 -50
      vertex -101.375 78.0761 -50
      vertex -94.2473 86.571 -50
    endloop
  endfacet
  facet normal 0 0 -1
    outer loop
      vertex -107.35 69.7138 -50
      vertex -95.6084 62.0888 -50
      vertex -98.7269 57 -50
    endloop
  endfacet
  facet normal -0 0 -1
    outer loop
      vertex -94.2473 86.571 -50
      vertex -101.375 78.0761 -50
      vertex -97.7927 88.618 -50
    endloop
  endfacet
  facet normal 0 0 -1
    outer loop
      vertex -97.7927 88.618 -50
      vertex -101.375 78.0761 -50
      vertex -100.415 88.4391 -50
    endloop
  endfacet
  facet normal 0 0 -1
    outer loop
      vertex -110.851 64 -50
      vertex -98.7269 57 -50
      vertex -101.575 51.7549 -50
    endloop
  endfacet
  facet normal 0 0 -1
    outer loop
      vertex -92.2279 67.0075 -50
      vertex -103.554 75.2365 -50
      vertex -101.375 78.0761 -50
    endloop
  endfacet
  facet normal 0 0 -1
    outer loop
      vertex -114.049 58.1108 -50
      vertex -101.575 51.7549 -50
      vertex -104.144 46.368 -50
    endloop
  endfacet
  facet normal 0 0 -1
    outer loop
      vertex -116.934 52.0623 -50
      vertex -104.144 46.368 -50
      vertex -106.428 40.8539 -50
    endloop
  endfacet
  facet normal 0 0 -1
    outer loop
      vertex -95.6084 62.0888 -50
      vertex -107.35 69.7138 -50
      vertex -103.554 75.2365 -50
    endloop
  endfacet
  facet normal 0 0 -1
    outer loop
      vertex -119.498 45.8711 -50
      vertex -106.428 40.8539 -50
      vertex -108.42 35.2279 -50
    endloop
  endfacet
  facet normal 0 0 -1
    outer loop
      vertex -121.735 39.5542 -50
      vertex -108.42 35.2279 -50
      vertex -110.116 29.5054 -50
    endloop
  endfacet
  facet normal 0 0 -1
    outer loop
      vertex -98.7269 57 -50
      vertex -110.851 64 -50
      vertex -107.35 69.7138 -50
    endloop
  endfacet
  facet normal 0 0 -1
    outer loop
      vertex -124.906 27.8491 -50
      vertex -110.116 29.5054 -50
      vertex -111.509 23.7019 -50
    endloop
  endfacet
  facet normal 0 0 -1
    outer loop
      vertex -124.906 27.8491 -50
      vertex -111.509 23.7019 -50
      vertex -112.596 17.8335 -50
    endloop
  endfacet
  facet normal 0 0 -1
    outer loop
      vertex -126.832 16.9282 -50
      vertex -112.596 17.8335 -50
      vertex -113.375 11.9162 -50
    endloop
  endfacet
  facet normal 0 0 -1
    outer loop
      vertex -123.676 1.20741 -50
      vertex -113.375 11.9162 -50
      vertex -113.844 5.9663 -50
    endloop
  endfacet
  facet normal 0 0 -1
    outer loop
      vertex -101.575 51.7549 -50
      vertex -114.049 58.1108 -50
      vertex -110.851 64 -50
    endloop
  endfacet
  facet normal 0 0 -1
    outer loop
      vertex -122.917 0.625 -50
      vertex -113.844 5.9663 -50
      vertex -114 0 -50
    endloop
  endfacet
  facet normal 0 0 -1
    outer loop
      vertex -125.203 -26.6127 -50
      vertex -111.509 -23.7019 -50
      vertex -123.639 -33.1288 -50
    endloop
  endfacet
  facet normal 0 0 -1
    outer loop
      vertex -122.793 -0.323524 -50
      vertex -113.375 -11.9162 -50
      vertex -112.596 -17.8335 -50
    endloop
  endfacet
  facet normal 0 0 -1
    outer loop
      vertex -122.793 0.323524 -50
      vertex -114 0 -50
      vertex -122.75 0 -50
    endloop
  endfacet
  facet normal 0 0 -1
    outer loop
      vertex -122.793 -0.323524 -50
      vertex -113.844 -5.9663 -50
      vertex -113.375 -11.9162 -50
    endloop
  endfacet
  facet normal 0 0 -1
    outer loop
      vertex -122.917 0.625 -50
      vertex -114 0 -50
      vertex -122.793 0.323524 -50
    endloop
  endfacet
  facet normal 0 0 -1
    outer loop
      vertex -104.144 46.368 -50
      vertex -116.934 52.0623 -50
      vertex -114.049 58.1108 -50
    endloop
  endfacet
  facet normal 0 0 -1
    outer loop
      vertex -126.798 -42.7428 -50
      vertex -118.304 -48.7555 -50
      vertex -122.071 -50.9306 -50
    endloop
  endfacet
  facet normal 0 0 -1
    outer loop
      vertex -122.793 -0.323524 -50
      vertex -114 0 -50
      vertex -113.844 -5.9663 -50
    endloop
  endfacet
  facet normal 0 0 -1
    outer loop
      vertex -106.428 40.8539 -50
      vertex -119.498 45.8711 -50
      vertex -116.934 52.0623 -50
    endloop
  endfacet
  facet normal 0 0 -1
    outer loop
      vertex -108.42 35.2279 -50
      vertex -121.735 39.5542 -50
      vertex -119.498 45.8711 -50
    endloop
  endfacet
  facet normal 0 0 -1
    outer loop
      vertex -113.844 5.9663 -50
      vertex -122.917 0.625 -50
      vertex -123.116 0.883883 -50
    endloop
  endfacet
  facet normal 0 0 -1
    outer loop
      vertex -113.844 5.9663 -50
      vertex -123.116 0.883883 -50
      vertex -123.375 1.08253 -50
    endloop
  endfacet
  facet normal 0 0 -1
    outer loop
      vertex -123.676 1.20741 -50
      vertex -113.844 5.9663 -50
      vertex -123.375 1.08253 -50
    endloop
  endfacet
  facet normal 0 0 -1
    outer loop
      vertex -110.116 29.5054 -50
      vertex -123.639 33.1288 -50
      vertex -121.735 39.5542 -50
    endloop
  endfacet
  facet normal -0 0 -1
    outer loop
      vertex -113.375 11.9162 -50
      vertex -123.676 1.20741 -50
      vertex -126.832 16.9282 -50
    endloop
  endfacet
  facet normal 0 0 -1
    outer loop
      vertex -126.832 16.9282 -50
      vertex -123.676 1.20741 -50
      vertex -124 1.25 -50
    endloop
  endfacet
  facet normal 0 0 -1
    outer loop
      vertex -126.832 16.9282 -50
      vertex -124 1.25 -50
      vertex -124.324 1.20741 -50
    endloop
  endfacet
  facet normal 0 0 -1
    outer loop
      vertex -126.832 16.9282 -50
      vertex -124.324 1.20741 -50
      vertex -124.625 1.08253 -50
    endloop
  endfacet
  facet normal 0 0 -1
    outer loop
      vertex -126.832 16.9282 -50
      vertex -124.625 1.08253 -50
      vertex -124.884 0.883883 -50
    endloop
  endfacet
  facet normal -0 0 -1
    outer loop
      vertex -110.116 29.5054 -50
      vertex -124.906 27.8491 -50
      vertex -123.639 33.1288 -50
    endloop
  endfacet
  facet normal 0 0 -1
    outer loop
      vertex -126.832 16.9282 -50
      vertex -124.884 0.883883 -50
      vertex -125.083 0.625 -50
    endloop
  endfacet
  facet normal 0 0 -1
    outer loop
      vertex -126.832 16.9282 -50
      vertex -125.083 0.625 -50
      vertex -125.207 0.323524 -50
    endloop
  endfacet
  facet normal 0 0 -1
    outer loop
      vertex -126.832 16.9282 -50
      vertex -125.207 0.323524 -50
      vertex -125.25 0 -50
    endloop
  endfacet
  facet normal 0 0 -1
    outer loop
      vertex -124.884 -0.883883 -50
      vertex -128 0 -50
      vertex -125.083 -0.625 -50
    endloop
  endfacet
  facet normal -0 0 -1
    outer loop
      vertex -112.596 17.8335 -50
      vertex -126.832 16.9282 -50
      vertex -124.906 27.8491 -50
    endloop
  endfacet
  facet normal 0 0 -1
    outer loop
      vertex -126.832 16.9282 -50
      vertex -129 27.8491 -50
      vertex -124.906 27.8491 -50
    endloop
  endfacet
  facet normal 0 0 -1
    outer loop
      vertex -131.182 26.3828 -50
      vertex -126.832 16.9282 -50
      vertex -131.182 16.9282 -50
    endloop
  endfacet
  facet normal 0 0 -1
    outer loop
      vertex -126.832 16.9282 -50
      vertex -131.182 26.3828 -50
      vertex -129 27.8491 -50
    endloop
  endfacet
  facet normal 0 0 -1
    outer loop
      vertex -26.3828 -131.182 -50
      vertex -16.9282 -126.832 -50
      vertex -16.9282 -131.182 -50
    endloop
  endfacet
  facet normal 0 0 -1
    outer loop
      vertex -16.9282 -126.832 -50
      vertex -27.8491 -124.906 -50
      vertex -17.8335 -112.596 -50
    endloop
  endfacet
  facet normal 0 0 -1
    outer loop
      vertex -27.8491 -129 -50
      vertex -16.9282 -126.832 -50
      vertex -26.3828 -131.182 -50
    endloop
  endfacet
  facet normal -0 0 -1
    outer loop
      vertex -16.9282 -126.832 -50
      vertex -27.8491 -129 -50
      vertex -27.8491 -124.906 -50
    endloop
  endfacet
  facet normal -0 0 -1
    outer loop
      vertex -17.8335 -112.596 -50
      vertex -27.8491 -124.906 -50
      vertex -23.7019 -111.509 -50
    endloop
  endfacet
  facet normal 0 0 -1
    outer loop
      vertex -27.8491 -124.906 -50
      vertex -29.5054 -110.116 -50
      vertex -23.7019 -111.509 -50
    endloop
  endfacet
  facet normal 0 0 -1
    outer loop
      vertex -33.1288 -123.639 -50
      vertex -29.5054 -110.116 -50
      vertex -27.8491 -124.906 -50
    endloop
  endfacet
  facet normal 0 0 -1
    outer loop
      vertex -33.1288 -123.639 -50
      vertex -35.2279 -108.42 -50
      vertex -29.5054 -110.116 -50
    endloop
  endfacet
  facet normal 0 0 -1
    outer loop
      vertex -39.5542 -121.735 -50
      vertex -35.2279 -108.42 -50
      vertex -33.1288 -123.639 -50
    endloop
  endfacet
  facet normal 0 0 -1
    outer loop
      vertex -39.5542 -121.735 -50
      vertex -40.8539 -106.428 -50
      vertex -35.2279 -108.42 -50
    endloop
  endfacet
  facet normal 0 0 -1
    outer loop
      vertex -45.8711 -119.498 -50
      vertex -40.8539 -106.428 -50
      vertex -39.5542 -121.735 -50
    endloop
  endfacet
  facet normal 0 0 -1
    outer loop
      vertex -45.8711 -119.498 -50
      vertex -46.368 -104.144 -50
      vertex -40.8539 -106.428 -50
    endloop
  endfacet
  facet normal 0 0 -1
    outer loop
      vertex -52.0623 -116.934 -50
      vertex -46.368 -104.144 -50
      vertex -45.8711 -119.498 -50
    endloop
  endfacet
  facet normal -0 0 -1
    outer loop
      vertex -46.368 -104.144 -50
      vertex -52.0623 -116.934 -50
      vertex -51.7549 -101.575 -50
    endloop
  endfacet
  facet normal 0 0 -1
    outer loop
      vertex -58.1108 -114.049 -50
      vertex -51.7549 -101.575 -50
      vertex -52.0623 -116.934 -50
    endloop
  endfacet
  facet normal 0 0 -1
    outer loop
      vertex -51.7549 -101.575 -50
      vertex -58.1108 -114.049 -50
      vertex -60.75 -107.387 -50
    endloop
  endfacet
  facet normal 0 0 -1
    outer loop
      vertex -60.7926 -107.064 -50
      vertex -51.7549 -101.575 -50
      vertex -60.75 -107.387 -50
    endloop
  endfacet
  facet normal 0 0 -1
    outer loop
      vertex -60.9175 -106.762 -50
      vertex -51.7549 -101.575 -50
      vertex -60.7926 -107.064 -50
    endloop
  endfacet
  facet normal -0 0 -1
    outer loop
      vertex -51.7549 -101.575 -50
      vertex -60.9175 -106.762 -50
      vertex -57 -98.7269 -50
    endloop
  endfacet
  facet normal 0 0 -1
    outer loop
      vertex -61.1161 -106.503 -50
      vertex -57 -98.7269 -50
      vertex -60.9175 -106.762 -50
    endloop
  endfacet
  facet normal 0 0 -1
    outer loop
      vertex -61.375 -106.305 -50
      vertex -57 -98.7269 -50
      vertex -61.1161 -106.503 -50
    endloop
  endfacet
  facet normal 0 0 -1
    outer loop
      vertex -61.6765 -106.18 -50
      vertex -57 -98.7269 -50
      vertex -61.375 -106.305 -50
    endloop
  endfacet
  facet normal 0 0 -1
    outer loop
      vertex -62 -106.137 -50
      vertex -57 -98.7269 -50
      vertex -61.6765 -106.18 -50
    endloop
  endfacet
  facet normal 0 0 -1
    outer loop
      vertex -62 -106.137 -50
      vertex -62.0888 -95.6084 -50
      vertex -57 -98.7269 -50
    endloop
  endfacet
  facet normal 0 0 -1
    outer loop
      vertex -62.3235 -106.18 -50
      vertex -62.0888 -95.6084 -50
      vertex -62 -106.137 -50
    endloop
  endfacet
  facet normal 0 0 -1
    outer loop
      vertex -62.625 -106.305 -50
      vertex -62.0888 -95.6084 -50
      vertex -62.3235 -106.18 -50
    endloop
  endfacet
  facet normal 0 0 -1
    outer loop
      vertex -62.8839 -106.503 -50
      vertex -62.0888 -95.6084 -50
      vertex -62.625 -106.305 -50
    endloop
  endfacet
  facet normal 0 0 -1
    outer loop
      vertex -69.7138 -107.35 -50
      vertex -62.8839 -106.503 -50
      vertex -63.0825 -106.762 -50
    endloop
  endfacet
  facet normal 0 0 -1
    outer loop
      vertex -69.7138 -107.35 -50
      vertex -63.0825 -106.762 -50
      vertex -63.2074 -107.064 -50
    endloop
  endfacet
  facet normal 0 0 -1
    outer loop
      vertex -69.7138 -107.35 -50
      vertex -63.2074 -107.064 -50
      vertex -63.25 -107.387 -50
    endloop
  endfacet
  facet normal 0 0 -1
    outer loop
      vertex -63.2074 -107.711 -50
      vertex -69.7138 -107.35 -50
      vertex -63.25 -107.387 -50
    endloop
  endfacet
  facet normal -0 0 -1
    outer loop
      vertex -62.8839 -106.503 -50
      vertex -69.7138 -107.35 -50
      vertex -62.0888 -95.6084 -50
    endloop
  endfacet
  facet normal -0 0 -1
    outer loop
      vertex -62.0888 -95.6084 -50
      vertex -69.7138 -107.35 -50
      vertex -67.0075 -92.2279 -50
    endloop
  endfacet
  facet normal 0 0 -1
    outer loop
      vertex -75.2365 -103.554 -50
      vertex -67.0075 -92.2279 -50
      vertex -69.7138 -107.35 -50
    endloop
  endfacet
  facet normal 0 0 -1
    outer loop
      vertex -78.0761 -101.375 -50
      vertex -67.0075 -92.2279 -50
      vertex -75.2365 -103.554 -50
    endloop
  endfacet
  facet normal -0 0 -1
    outer loop
      vertex -67.0075 -92.2279 -50
      vertex -78.0761 -101.375 -50
      vertex -71.7425 -88.5946 -50
    endloop
  endfacet
  facet normal 0 0 -1
    outer loop
      vertex -86.571 -94.2473 -50
      vertex -71.7425 -88.5946 -50
      vertex -78.0761 -101.375 -50
    endloop
  endfacet
  facet normal 0 0 -1
    outer loop
      vertex -88.4391 -100.415 -50
      vertex -78.0761 -101.375 -50
      vertex -80.2512 -105.143 -50
    endloop
  endfacet
  facet normal -0 0 -1
    outer loop
      vertex -71.7425 -88.5946 -50
      vertex -86.571 -94.2473 -50
      vertex -76.2809 -84.7185 -50
    endloop
  endfacet
  facet normal -0 0 -1
    outer loop
      vertex -76.2809 -84.7185 -50
      vertex -86.571 -94.2473 -50
      vertex -80.6102 -80.6102 -50
    endloop
  endfacet
  facet normal 0 0 -1
    outer loop
      vertex -90.5097 -90.5097 -50
      vertex -80.6102 -80.6102 -50
      vertex -86.571 -94.2473 -50
    endloop
  endfacet
  facet normal 0 0 -1
    outer loop
      vertex -88.618 -97.7927 -50
      vertex -78.0761 -101.375 -50
      vertex -88.4391 -100.415 -50
    endloop
  endfacet
  facet normal 0 0 -1
    outer loop
      vertex -78.0761 -101.375 -50
      vertex -88.618 -97.7927 -50
      vertex -86.571 -94.2473 -50
    endloop
  endfacet
  facet normal 0 0 -1
    outer loop
      vertex 11.9162 113.375 -50
      vertex 16.9282 126.832 -50
      vertex 17.8335 112.596 -50
    endloop
  endfacet
  facet normal -0 0 -1
    outer loop
      vertex 16.9282 126.832 -50
      vertex 11.9162 113.375 -50
      vertex 13.3796 127.299 -50
    endloop
  endfacet
  facet normal 0 0 -1
    outer loop
      vertex 11.9162 113.375 -50
      vertex 6.699 127.825 -50
      vertex 13.3796 127.299 -50
    endloop
  endfacet
  facet normal 0 0 -1
    outer loop
      vertex 5.9663 113.844 -50
      vertex 6.699 127.825 -50
      vertex 11.9162 113.375 -50
    endloop
  endfacet
  facet normal 0 0 -1
    outer loop
      vertex 0 114 -50
      vertex 6.699 127.825 -50
      vertex 5.9663 113.844 -50
    endloop
  endfacet
  facet normal 0 0 -1
    outer loop
      vertex 0 114 -50
      vertex 0 128 -50
      vertex 6.699 127.825 -50
    endloop
  endfacet
  facet normal 0 0 -1
    outer loop
      vertex -5.9663 113.844 -50
      vertex 0 128 -50
      vertex 0 114 -50
    endloop
  endfacet
  facet normal 0 0 -1
    outer loop
      vertex -5.9663 113.844 -50
      vertex -6.699 127.825 -50
      vertex 0 128 -50
    endloop
  endfacet
  facet normal 0 0 -1
    outer loop
      vertex -11.9162 113.375 -50
      vertex -6.699 127.825 -50
      vertex -5.9663 113.844 -50
    endloop
  endfacet
  facet normal 0 0 -1
    outer loop
      vertex -11.9162 113.375 -50
      vertex -13.3796 127.299 -50
      vertex -6.699 127.825 -50
    endloop
  endfacet
  facet normal 0 0 -1
    outer loop
      vertex -17.8335 112.596 -50
      vertex -13.3796 127.299 -50
      vertex -11.9162 113.375 -50
    endloop
  endfacet
  facet normal 0 0 -1
    outer loop
      vertex -17.8335 112.596 -50
      vertex -20.0236 126.424 -50
      vertex -13.3796 127.299 -50
    endloop
  endfacet
  facet normal 0 0 -1
    outer loop
      vertex -23.7019 111.509 -50
      vertex -20.0236 126.424 -50
      vertex -17.8335 112.596 -50
    endloop
  endfacet
  facet normal 0 0 -1
    outer loop
      vertex -23.7019 111.509 -50
      vertex -26.6127 125.203 -50
      vertex -20.0236 126.424 -50
    endloop
  endfacet
  facet normal 0 0 -1
    outer loop
      vertex -29.5054 110.116 -50
      vertex -26.6127 125.203 -50
      vertex -23.7019 111.509 -50
    endloop
  endfacet
  facet normal 0 0 -1
    outer loop
      vertex -29.5054 110.116 -50
      vertex -33.1288 123.639 -50
      vertex -26.6127 125.203 -50
    endloop
  endfacet
  facet normal 0 0 -1
    outer loop
      vertex -38.335 122.096 -50
      vertex -29.5054 110.116 -50
      vertex -35.2279 108.42 -50
    endloop
  endfacet
  facet normal 0 0 -1
    outer loop
      vertex -29.5054 110.116 -50
      vertex -38.335 122.096 -50
      vertex -33.1288 123.639 -50
    endloop
  endfacet
  facet normal 0 0 -1
    outer loop
      vertex -40.8539 106.428 -50
      vertex -38.335 122.096 -50
      vertex -35.2279 108.42 -50
    endloop
  endfacet
  facet normal 0 0 -1
    outer loop
      vertex -38.335 122.096 -50
      vertex -40.8539 106.428 -50
      vertex -48.7555 118.304 -50
    endloop
  endfacet
  facet normal -0 0 -1
    outer loop
      vertex -38.335 122.096 -50
      vertex -48.7555 118.304 -50
      vertex -40.382 125.642 -50
    endloop
  endfacet
  facet normal 0 0 -1
    outer loop
      vertex -48.7555 118.304 -50
      vertex -40.8539 106.428 -50
      vertex -46.368 104.144 -50
    endloop
  endfacet
  facet normal -0 0 -1
    outer loop
      vertex -40.382 125.642 -50
      vertex -48.7555 118.304 -50
      vertex -42.7428 126.798 -50
    endloop
  endfacet
  facet normal 0 0 -1
    outer loop
      vertex -42.7428 126.798 -50
      vertex -48.7555 118.304 -50
      vertex -50.9306 122.071 -50
    endloop
  endfacet
  facet normal 0 0 -1
    outer loop
      vertex 42.7428 -126.798 -50
      vertex 48.7555 -118.304 -50
      vertex 50.9306 -122.071 -50
    endloop
  endfacet
  facet normal 0 0 -1
    outer loop
      vertex 40.382 -125.642 -50
      vertex 48.7555 -118.304 -50
      vertex 42.7428 -126.798 -50
    endloop
  endfacet
  facet normal 0 -0 -1
    outer loop
      vertex 40.8539 -106.428 -50
      vertex 48.7555 -118.304 -50
      vertex 38.335 -122.096 -50
    endloop
  endfacet
  facet normal 0 0 -1
    outer loop
      vertex 48.7555 -118.304 -50
      vertex 40.382 -125.642 -50
      vertex 38.335 -122.096 -50
    endloop
  endfacet
  facet normal 0 0 -1
    outer loop
      vertex 48.7555 -118.304 -50
      vertex 40.8539 -106.428 -50
      vertex 46.368 -104.144 -50
    endloop
  endfacet
  facet normal 0 0 -1
    outer loop
      vertex 38.335 -122.096 -50
      vertex 35.2279 -108.42 -50
      vertex 40.8539 -106.428 -50
    endloop
  endfacet
  facet normal 0 0 -1
    outer loop
      vertex 29.5054 -110.116 -50
      vertex 38.335 -122.096 -50
      vertex 33.1288 -123.639 -50
    endloop
  endfacet
  facet normal 0 0 -1
    outer loop
      vertex 38.335 -122.096 -50
      vertex 29.5054 -110.116 -50
      vertex 35.2279 -108.42 -50
    endloop
  endfacet
  facet normal 0 0 -1
    outer loop
      vertex 26.6127 -125.203 -50
      vertex 29.5054 -110.116 -50
      vertex 33.1288 -123.639 -50
    endloop
  endfacet
  facet normal 0 0 -1
    outer loop
      vertex 26.6127 -125.203 -50
      vertex 23.7019 -111.509 -50
      vertex 29.5054 -110.116 -50
    endloop
  endfacet
  facet normal 0 0 -1
    outer loop
      vertex 20.0236 -126.424 -50
      vertex 23.7019 -111.509 -50
      vertex 26.6127 -125.203 -50
    endloop
  endfacet
  facet normal 0 0 -1
    outer loop
      vertex 20.0236 -126.424 -50
      vertex 17.8335 -112.596 -50
      vertex 23.7019 -111.509 -50
    endloop
  endfacet
  facet normal 0 0 -1
    outer loop
      vertex 13.3796 -127.299 -50
      vertex 17.8335 -112.596 -50
      vertex 20.0236 -126.424 -50
    endloop
  endfacet
  facet normal 0 0 -1
    outer loop
      vertex 13.3796 -127.299 -50
      vertex 11.9162 -113.375 -50
      vertex 17.8335 -112.596 -50
    endloop
  endfacet
  facet normal 0 0 -1
    outer loop
      vertex 6.699 -127.825 -50
      vertex 11.9162 -113.375 -50
      vertex 13.3796 -127.299 -50
    endloop
  endfacet
  facet normal 0 0 -1
    outer loop
      vertex 6.699 -127.825 -50
      vertex 5.9663 -113.844 -50
      vertex 11.9162 -113.375 -50
    endloop
  endfacet
  facet normal 0 0 -1
    outer loop
      vertex 0 -128 -50
      vertex 5.9663 -113.844 -50
      vertex 6.699 -127.825 -50
    endloop
  endfacet
  facet normal 0 0 -1
    outer loop
      vertex 0 -128 -50
      vertex 0 -114 -50
      vertex 5.9663 -113.844 -50
    endloop
  endfacet
  facet normal 0 0 -1
    outer loop
      vertex 0 -128 -50
      vertex -5.9663 -113.844 -50
      vertex 0 -114 -50
    endloop
  endfacet
  facet normal 0 0 -1
    outer loop
      vertex -6.699 -127.825 -50
      vertex -5.9663 -113.844 -50
      vertex 0 -128 -50
    endloop
  endfacet
  facet normal 0 0 -1
    outer loop
      vertex -6.699 -127.825 -50
      vertex -11.9162 -113.375 -50
      vertex -5.9663 -113.844 -50
    endloop
  endfacet
  facet normal 0 0 -1
    outer loop
      vertex -13.3796 -127.299 -50
      vertex -11.9162 -113.375 -50
      vertex -6.699 -127.825 -50
    endloop
  endfacet
  facet normal 0 0 -1
    outer loop
      vertex -16.9282 -126.832 -50
      vertex -11.9162 -113.375 -50
      vertex -13.3796 -127.299 -50
    endloop
  endfacet
  facet normal -0 0 -1
    outer loop
      vertex -11.9162 -113.375 -50
      vertex -16.9282 -126.832 -50
      vertex -17.8335 -112.596 -50
    endloop
  endfacet
  facet normal 0 0 -1
    outer loop
      vertex -60.7926 107.711 -50
      vertex -58.1108 114.049 -50
      vertex -60.75 107.387 -50
    endloop
  endfacet
  facet normal 0 0 -1
    outer loop
      vertex -60.9175 108.012 -50
      vertex -58.1108 114.049 -50
      vertex -60.7926 107.711 -50
    endloop
  endfacet
  facet normal 0 0 -1
    outer loop
      vertex -61.1161 108.271 -50
      vertex -58.1108 114.049 -50
      vertex -60.9175 108.012 -50
    endloop
  endfacet
  facet normal 0 0 -1
    outer loop
      vertex -61.375 108.47 -50
      vertex -58.1108 114.049 -50
      vertex -61.1161 108.271 -50
    endloop
  endfacet
  facet normal 0 0 -1
    outer loop
      vertex -61.6765 108.595 -50
      vertex -58.1108 114.049 -50
      vertex -61.375 108.47 -50
    endloop
  endfacet
  facet normal 0 0 -1
    outer loop
      vertex -64 110.851 -50
      vertex -61.6765 108.595 -50
      vertex -62 108.637 -50
    endloop
  endfacet
  facet normal 0 0 -1
    outer loop
      vertex -64 110.851 -50
      vertex -62 108.637 -50
      vertex -62.3235 108.595 -50
    endloop
  endfacet
  facet normal 0 0 -1
    outer loop
      vertex -64 110.851 -50
      vertex -62.3235 108.595 -50
      vertex -62.625 108.47 -50
    endloop
  endfacet
  facet normal 0 0 -1
    outer loop
      vertex -64 110.851 -50
      vertex -62.625 108.47 -50
      vertex -62.8839 108.271 -50
    endloop
  endfacet
  facet normal 0 0 -1
    outer loop
      vertex -61.6765 108.595 -50
      vertex -64 110.851 -50
      vertex -58.1108 114.049 -50
    endloop
  endfacet
  facet normal 0 0 -1
    outer loop
      vertex -63.0825 108.012 -50
      vertex -64 110.851 -50
      vertex -62.8839 108.271 -50
    endloop
  endfacet
  facet normal 0 0 -1
    outer loop
      vertex -63.2074 107.711 -50
      vertex -64 110.851 -50
      vertex -63.0825 108.012 -50
    endloop
  endfacet
  facet normal 0 0 -1
    outer loop
      vertex -64 110.851 -50
      vertex -63.2074 107.711 -50
      vertex -63.25 107.387 -50
    endloop
  endfacet
  facet normal 0 0 -1
    outer loop
      vertex 69.7138 -107.35 -50
      vertex 63.2074 -107.711 -50
      vertex 63.25 -107.387 -50
    endloop
  endfacet
  facet normal 0 0 -1
    outer loop
      vertex 64 -110.851 -50
      vertex 63.0825 -108.012 -50
      vertex 63.2074 -107.711 -50
    endloop
  endfacet
  facet normal 0 0 -1
    outer loop
      vertex 64 -110.851 -50
      vertex 62.8839 -108.271 -50
      vertex 63.0825 -108.012 -50
    endloop
  endfacet
  facet normal 0 0 -1
    outer loop
      vertex 64 -110.851 -50
      vertex 62.625 -108.47 -50
      vertex 62.8839 -108.271 -50
    endloop
  endfacet
  facet normal 0 0 -1
    outer loop
      vertex 64 -110.851 -50
      vertex 62.3235 -108.595 -50
      vertex 62.625 -108.47 -50
    endloop
  endfacet
  facet normal 0 0 -1
    outer loop
      vertex 64 -110.851 -50
      vertex 62 -108.637 -50
      vertex 62.3235 -108.595 -50
    endloop
  endfacet
  facet normal 0 0 -1
    outer loop
      vertex 64 -110.851 -50
      vertex 61.6765 -108.595 -50
      vertex 62 -108.637 -50
    endloop
  endfacet
  facet normal 0 0 -1
    outer loop
      vertex 58.1108 -114.049 -50
      vertex 61.6765 -108.595 -50
      vertex 64 -110.851 -50
    endloop
  endfacet
  facet normal -0 0 -1
    outer loop
      vertex 61.6765 -108.595 -50
      vertex 58.1108 -114.049 -50
      vertex 61.375 -108.47 -50
    endloop
  endfacet
  facet normal -0 0 -1
    outer loop
      vertex 60.7926 -107.711 -50
      vertex 58.1108 -114.049 -50
      vertex 60.75 -107.387 -50
    endloop
  endfacet
  facet normal -0 0 -1
    outer loop
      vertex 60.9175 -108.012 -50
      vertex 58.1108 -114.049 -50
      vertex 60.7926 -107.711 -50
    endloop
  endfacet
  facet normal -0 0 -1
    outer loop
      vertex 61.1161 -108.271 -50
      vertex 58.1108 -114.049 -50
      vertex 60.9175 -108.012 -50
    endloop
  endfacet
  facet normal -0 0 -1
    outer loop
      vertex 61.375 -108.47 -50
      vertex 58.1108 -114.049 -50
      vertex 61.1161 -108.271 -50
    endloop
  endfacet
  facet normal 0 0 -1
    outer loop
      vertex 69.7138 107.35 -50
      vertex 63.2074 107.711 -50
      vertex 64 110.851 -50
    endloop
  endfacet
  facet normal 0 0 -1
    outer loop
      vertex 63.0825 108.012 -50
      vertex 64 110.851 -50
      vertex 63.2074 107.711 -50
    endloop
  endfacet
  facet normal 0 0 -1
    outer loop
      vertex 62.8839 108.271 -50
      vertex 64 110.851 -50
      vertex 63.0825 108.012 -50
    endloop
  endfacet
  facet normal 0 0 -1
    outer loop
      vertex 62.625 108.47 -50
      vertex 64 110.851 -50
      vertex 62.8839 108.271 -50
    endloop
  endfacet
  facet normal 0 0 -1
    outer loop
      vertex 62.3235 108.595 -50
      vertex 64 110.851 -50
      vertex 62.625 108.47 -50
    endloop
  endfacet
  facet normal 0 0 -1
    outer loop
      vertex 62 108.637 -50
      vertex 64 110.851 -50
      vertex 62.3235 108.595 -50
    endloop
  endfacet
  facet normal 0 0 -1
    outer loop
      vertex 61.6765 108.595 -50
      vertex 64 110.851 -50
      vertex 62 108.637 -50
    endloop
  endfacet
  facet normal 0 0 -1
    outer loop
      vertex 58.1108 114.049 -50
      vertex 61.6765 108.595 -50
      vertex 61.375 108.47 -50
    endloop
  endfacet
  facet normal 0 0 -1
    outer loop
      vertex 58.1108 114.049 -50
      vertex 61.375 108.47 -50
      vertex 61.1161 108.271 -50
    endloop
  endfacet
  facet normal 0 0 -1
    outer loop
      vertex 61.6765 108.595 -50
      vertex 58.1108 114.049 -50
      vertex 64 110.851 -50
    endloop
  endfacet
  facet normal 0 0 -1
    outer loop
      vertex 60.9175 108.012 -50
      vertex 58.1108 114.049 -50
      vertex 61.1161 108.271 -50
    endloop
  endfacet
  facet normal 0 0 -1
    outer loop
      vertex 60.7926 107.711 -50
      vertex 58.1108 114.049 -50
      vertex 60.9175 108.012 -50
    endloop
  endfacet
  facet normal 0 0 -1
    outer loop
      vertex 58.1108 114.049 -50
      vertex 60.7926 107.711 -50
      vertex 60.75 107.387 -50
    endloop
  endfacet
  facet normal -0.566442 -0.824102 0
    outer loop
      vertex -75.2365 -103.554 50
      vertex -69.7138 -107.35 -1.64352
      vertex -69.7138 -107.35 50
    endloop
  endfacet
  facet normal -0.566442 -0.824102 0
    outer loop
      vertex -69.7138 -107.35 -1.64352
      vertex -75.2365 -103.554 50
      vertex -75.2365 -103.554 -15.9702
    endloop
  endfacet
  facet normal -0.566442 -0.824102 0
    outer loop
      vertex -69.7138 -107.35 -50
      vertex -75.2365 -103.554 -43.8274
      vertex -75.2365 -103.554 -50
    endloop
  endfacet
  facet normal -0.56645 -0.824096 -1.02211e-05
    outer loop
      vertex -75.2365 -103.554 -43.8274
      vertex -69.7138 -107.35 -50
      vertex -69.7549 -107.322 -29.8072
    endloop
  endfacet
  facet normal -0.563025 -0.82644 0
    outer loop
      vertex -69.7549 -107.322 -29.8072
      vertex -69.7138 -107.35 -50
      vertex -69.7138 -107.35 -29.702
    endloop
  endfacet
  facet normal -0.430513 -0.902585 0
    outer loop
      vertex -58.1108 -114.049 50
      vertex -52.0623 -116.934 41.4153
      vertex -52.0623 -116.934 50
    endloop
  endfacet
  facet normal -0.430513 -0.902585 0
    outer loop
      vertex -52.0623 -116.934 41.4153
      vertex -58.1108 -114.049 50
      vertex -58.1108 -114.049 27.0886
    endloop
  endfacet
  facet normal -0.430513 -0.902585 0
    outer loop
      vertex -52.0623 -116.934 -50
      vertex -58.1108 -114.049 -0.969935
      vertex -58.1108 -114.049 -50
    endloop
  endfacet
  facet normal -0.430513 -0.902585 0
    outer loop
      vertex -58.1108 -114.049 -0.969935
      vertex -52.0623 -116.934 -50
      vertex -52.0623 -116.934 13.5581
    endloop
  endfacet
  facet normal -0.902585 -0.430513 0
    outer loop
      vertex -114.049 -58.1108 -1.64352
      vertex -116.934 -52.0623 50
      vertex -116.934 -52.0623 -15.9702
    endloop
  endfacet
  facet normal -0.902585 -0.430513 0
    outer loop
      vertex -116.934 -52.0623 50
      vertex -114.049 -58.1108 -1.64352
      vertex -114.049 -58.1108 50
    endloop
  endfacet
  facet normal -0.902585 -0.430513 0
    outer loop
      vertex -114.049 -58.1108 -50
      vertex -116.934 -52.0623 -43.8274
      vertex -116.934 -52.0623 -50
    endloop
  endfacet
  facet normal -0.902576 -0.43053 2.07871e-05
    outer loop
      vertex -116.934 -52.0623 -43.8274
      vertex -114.049 -58.1108 -50
      vertex -114.07 -58.0658 -29.8072
    endloop
  endfacet
  facet normal -0.906183 -0.422885 0
    outer loop
      vertex -114.07 -58.0658 -29.8072
      vertex -114.049 -58.1108 -50
      vertex -114.049 -58.1108 -29.702
    endloop
  endfacet
  facet normal 0.333784 -0.94265 0
    outer loop
      vertex -43.0042 112.03 -38
      vertex -37.082 114.127 38
      vertex -43.0042 112.03 38
    endloop
  endfacet
  facet normal 0.333784 -0.94265 0
    outer loop
      vertex -37.082 114.127 38
      vertex -43.0042 112.03 -38
      vertex -37.082 114.127 -38
    endloop
  endfacet
  facet normal -0.996912 -0.0785263 0
    outer loop
      vertex 119.836 6.28031 -38
      vertex 119.37 12.1963 -34.6616
      vertex 119.37 12.1963 -38
    endloop
  endfacet
  facet normal -0.996912 -0.0785263 0
    outer loop
      vertex 119.37 12.1963 -34.6616
      vertex 119.836 6.28031 -38
      vertex 119.37 12.1963 34.6616
    endloop
  endfacet
  facet normal -0.996912 -0.0785263 -0
    outer loop
      vertex 119.836 6.28031 38
      vertex 119.37 12.1963 34.6616
      vertex 119.836 6.28031 -38
    endloop
  endfacet
  facet normal -0.996912 -0.0785263 0
    outer loop
      vertex 119.37 12.1963 34.6616
      vertex 119.836 6.28031 38
      vertex 119.37 12.1963 38
    endloop
  endfacet
  facet normal -0.996988 -0.0775531 0
    outer loop
      vertex 119.37 12.1963 -34.6616
      vertex 119.343 12.5434 34.6565
      vertex 119.343 12.5434 -34.6565
    endloop
  endfacet
  facet normal -0.996988 -0.0775531 0
    outer loop
      vertex 119.343 12.5434 34.6565
      vertex 119.37 12.1963 -34.6616
      vertex 119.37 12.1963 34.6616
    endloop
  endfacet
  facet normal -0.999659 -0.0261045 0
    outer loop
      vertex 120 0 -38
      vertex 119.836 6.28031 38
      vertex 119.836 6.28031 -38
    endloop
  endfacet
  facet normal -0.999659 -0.0261045 0
    outer loop
      vertex 119.836 6.28031 38
      vertex 120 0 -38
      vertex 120 0 38
    endloop
  endfacet
  facet normal -0.991457 -0.130435 0
    outer loop
      vertex 119.202 13.6109 -34.6299
      vertex 118.523 18.7721 34.6729
      vertex 118.523 18.7721 -34.6729
    endloop
  endfacet
  facet normal -0.991457 -0.130435 0
    outer loop
      vertex 119.202 13.6109 -34.6299
      vertex 119.202 13.6109 34.6299
      vertex 118.523 18.7721 34.6729
    endloop
  endfacet
  facet normal -0.991389 -0.130947 0
    outer loop
      vertex 119.343 12.5434 -34.6565
      vertex 119.202 13.6109 34.6299
      vertex 119.202 13.6109 -34.6299
    endloop
  endfacet
  facet normal -0.991389 -0.130947 0
    outer loop
      vertex 119.202 13.6109 34.6299
      vertex 119.343 12.5434 -34.6565
      vertex 119.343 12.5434 34.6565
    endloop
  endfacet
  facet normal 0.522546 -0.852611 0
    outer loop
      vertex -65.3567 100.64 -38
      vertex -60 103.923 38
      vertex -65.3567 100.64 38
    endloop
  endfacet
  facet normal 0.522546 -0.852611 0
    outer loop
      vertex -60 103.923 38
      vertex -65.3567 100.64 -38
      vertex -60 103.923 -38
    endloop
  endfacet
  facet normal 0.760414 -0.649439 0
    outer loop
      vertex -93.2575 75.5184 38
      vertex -89.1774 80.2957 -38
      vertex -89.1774 80.2957 38
    endloop
  endfacet
  facet normal 0.760414 -0.649439 0
    outer loop
      vertex -89.1774 80.2957 -38
      vertex -93.2575 75.5184 38
      vertex -93.2575 75.5184 -38
    endloop
  endfacet
  facet normal -0.430422 0.902628 0
    outer loop
      vertex 54.4789 -106.921 -38
      vertex 48.8084 -109.625 38
      vertex 54.4789 -106.921 38
    endloop
  endfacet
  facet normal -0.430422 0.902628 0
    outer loop
      vertex 48.8084 -109.625 38
      vertex 54.4789 -106.921 -38
      vertex 48.8084 -109.625 -38
    endloop
  endfacet
  facet normal -0.60876 -0.793354 0
    outer loop
      vertex 70.5342 97.082 -38
      vertex 75.5184 93.2575 38
      vertex 70.5342 97.082 38
    endloop
  endfacet
  facet normal -0.60876 -0.793354 -0
    outer loop
      vertex 75.5184 93.2575 38
      vertex 70.5342 97.082 -38
      vertex 75.5184 93.2575 -38
    endloop
  endfacet
  facet normal 0.688352 -0.725376 0
    outer loop
      vertex -84.8528 84.8528 38
      vertex -83.066 86.5484 36
      vertex -83.066 86.5484 38
    endloop
  endfacet
  facet normal 0.688317 -0.72541 -5.98294e-05
    outer loop
      vertex -84.8528 84.8528 38
      vertex -82.7336 86.8639 34.8275
      vertex -83.066 86.5484 36
    endloop
  endfacet
  facet normal 0.688269 -0.725455 0
    outer loop
      vertex -82.7336 86.8639 34.8275
      vertex -82.5151 87.0712 -34.6272
      vertex -82.5151 87.0712 34.6272
    endloop
  endfacet
  facet normal 0.688364 -0.725365 0
    outer loop
      vertex -82.7336 86.8639 -34.8275
      vertex -82.7336 86.8639 34.8275
      vertex -84.8528 84.8528 38
    endloop
  endfacet
  facet normal 0.688269 -0.725455 0
    outer loop
      vertex -82.7336 86.8639 34.8275
      vertex -82.7336 86.8639 -34.8275
      vertex -82.5151 87.0712 -34.6272
    endloop
  endfacet
  facet normal 0.688364 -0.725365 0
    outer loop
      vertex -84.8528 84.8528 -38
      vertex -82.7336 86.8639 -34.8275
      vertex -84.8528 84.8528 38
    endloop
  endfacet
  facet normal 0.688317 -0.72541 5.98294e-05
    outer loop
      vertex -82.7336 86.8639 -34.8275
      vertex -84.8528 84.8528 -38
      vertex -83.066 86.5484 -36
    endloop
  endfacet
  facet normal 0.688352 -0.725376 0
    outer loop
      vertex -83.066 86.5484 -36
      vertex -84.8528 84.8528 -38
      vertex -83.066 86.5484 -38
    endloop
  endfacet
  facet normal 0.688366 -0.725363 0
    outer loop
      vertex -82.5151 87.0712 -34.6272
      vertex -80.2957 89.1774 34.6625
      vertex -82.5151 87.0712 34.6272
    endloop
  endfacet
  facet normal 0.688366 -0.725363 0
    outer loop
      vertex -80.2957 89.1774 34.6625
      vertex -82.5151 87.0712 -34.6272
      vertex -80.2957 89.1774 -34.6625
    endloop
  endfacet
  facet normal 0.0261045 0.999659 -0
    outer loop
      vertex 0 -120 -38
      vertex -6.28031 -119.836 38
      vertex 0 -120 38
    endloop
  endfacet
  facet normal 0.0261045 0.999659 0
    outer loop
      vertex -6.28031 -119.836 38
      vertex 0 -120 -38
      vertex -6.28031 -119.836 -38
    endloop
  endfacet
  facet normal -0.0785263 0.996912 0
    outer loop
      vertex 12.1963 -119.37 34.6616
      vertex 6.28031 -119.836 38
      vertex 12.1963 -119.37 38
    endloop
  endfacet
  facet normal -0.0775531 0.996988 0
    outer loop
      vertex 12.5434 -119.343 -34.6565
      vertex 12.1963 -119.37 34.6616
      vertex 12.5434 -119.343 34.6565
    endloop
  endfacet
  facet normal -0.0775531 0.996988 0
    outer loop
      vertex 12.1963 -119.37 -34.6616
      vertex 12.1963 -119.37 34.6616
      vertex 12.5434 -119.343 -34.6565
    endloop
  endfacet
  facet normal -0.0785263 0.996912 0
    outer loop
      vertex 12.1963 -119.37 34.6616
      vertex 12.1963 -119.37 -34.6616
      vertex 6.28031 -119.836 38
    endloop
  endfacet
  facet normal -0.0785263 0.996912 0
    outer loop
      vertex 6.28031 -119.836 -38
      vertex 12.1963 -119.37 -34.6616
      vertex 12.1963 -119.37 -38
    endloop
  endfacet
  facet normal -0.0785263 0.996912 0
    outer loop
      vertex 12.1963 -119.37 -34.6616
      vertex 6.28031 -119.836 -38
      vertex 6.28031 -119.836 38
    endloop
  endfacet
  facet normal -0.958833 -0.283971 0
    outer loop
      vertex 115.911 31.0583 -38
      vertex 114.127 37.082 38
      vertex 114.127 37.082 -38
    endloop
  endfacet
  facet normal -0.958833 -0.283971 0
    outer loop
      vertex 114.127 37.082 38
      vertex 115.911 31.0583 -38
      vertex 115.911 31.0583 38
    endloop
  endfacet
  facet normal -0.760414 0.649439 0
    outer loop
      vertex 89.1774 -80.2957 -38
      vertex 93.2575 -75.5184 38
      vertex 93.2575 -75.5184 -38
    endloop
  endfacet
  facet normal -0.760414 0.649439 0
    outer loop
      vertex 93.2575 -75.5184 38
      vertex 89.1774 -80.2957 -38
      vertex 89.1774 -80.2957 38
    endloop
  endfacet
  facet normal -0.902628 -0.430422 0
    outer loop
      vertex 109.625 48.8084 -38
      vertex 106.921 54.4789 38
      vertex 106.921 54.4789 -38
    endloop
  endfacet
  facet normal -0.902628 -0.430422 0
    outer loop
      vertex 106.921 54.4789 38
      vertex 109.625 48.8084 -38
      vertex 109.625 48.8084 38
    endloop
  endfacet
  facet normal -0.923822 0.382821 0
    outer loop
      vertex 110.037 -47.8137 -34.6299
      vertex 112.03 -43.0042 34.6729
      vertex 112.03 -43.0042 -34.6729
    endloop
  endfacet
  facet normal -0.923822 0.382821 0
    outer loop
      vertex 110.037 -47.8137 -34.6299
      vertex 110.037 -47.8137 34.6299
      vertex 112.03 -43.0042 34.6729
    endloop
  endfacet
  facet normal -0.923886 0.382669 0
    outer loop
      vertex 109.625 -48.8084 -34.6565
      vertex 110.037 -47.8137 34.6299
      vertex 110.037 -47.8137 -34.6299
    endloop
  endfacet
  facet normal -0.923886 0.382669 0
    outer loop
      vertex 110.037 -47.8137 34.6299
      vertex 109.625 -48.8084 -34.6565
      vertex 109.625 -48.8084 34.6565
    endloop
  endfacet
  facet normal 0.996916 -0.0784724 0
    outer loop
      vertex -119.836 6.28031 38
      vertex -119.343 12.5434 -38
      vertex -119.343 12.5434 38
    endloop
  endfacet
  facet normal 0.996916 -0.0784724 0
    outer loop
      vertex -119.343 12.5434 -38
      vertex -119.836 6.28031 38
      vertex -119.836 6.28031 -38
    endloop
  endfacet
  facet normal 0.649439 0.760414 -0
    outer loop
      vertex -75.5184 -93.2575 -38
      vertex -80.2957 -89.1774 38
      vertex -75.5184 -93.2575 38
    endloop
  endfacet
  facet normal 0.649439 0.760414 0
    outer loop
      vertex -80.2957 -89.1774 38
      vertex -75.5184 -93.2575 -38
      vertex -80.2957 -89.1774 -38
    endloop
  endfacet
  facet normal -0.972356 0.233503 0
    outer loop
      vertex 115.911 -31.0583 -38
      vertex 117.378 -24.9494 38
      vertex 117.378 -24.9494 -38
    endloop
  endfacet
  facet normal -0.972356 0.233503 0
    outer loop
      vertex 117.378 -24.9494 38
      vertex 115.911 -31.0583 -38
      vertex 115.911 -31.0583 38
    endloop
  endfacet
  facet normal -0.522546 0.852611 0
    outer loop
      vertex 65.3567 -100.64 -38
      vertex 60 -103.923 38
      vertex 65.3567 -100.64 38
    endloop
  endfacet
  facet normal -0.522546 0.852611 0
    outer loop
      vertex 60 -103.923 38
      vertex 65.3567 -100.64 -38
      vertex 60 -103.923 -38
    endloop
  endfacet
  facet normal -0.0261045 0.999659 0
    outer loop
      vertex 6.28031 -119.836 -38
      vertex 0 -120 38
      vertex 6.28031 -119.836 38
    endloop
  endfacet
  facet normal -0.0261045 0.999659 0
    outer loop
      vertex 0 -120 38
      vertex 6.28031 -119.836 -38
      vertex 0 -120 -38
    endloop
  endfacet
  facet normal -0.878798 0.477194 0
    outer loop
      vertex 103.923 -60 -38
      vertex 106.921 -54.4789 38
      vertex 106.921 -54.4789 -38
    endloop
  endfacet
  facet normal -0.878798 0.477194 0
    outer loop
      vertex 106.921 -54.4789 38
      vertex 103.923 -60 -38
      vertex 103.923 -60 38
    endloop
  endfacet
  facet normal 0.0785263 -0.996912 0
    outer loop
      vertex -12.1963 119.37 34.6616
      vertex -6.28031 119.836 38
      vertex -12.1963 119.37 38
    endloop
  endfacet
  facet normal 0.0775531 -0.996988 0
    outer loop
      vertex -12.5434 119.343 -34.6565
      vertex -12.1963 119.37 34.6616
      vertex -12.5434 119.343 34.6565
    endloop
  endfacet
  facet normal 0.0775531 -0.996988 0
    outer loop
      vertex -12.1963 119.37 -34.6616
      vertex -12.1963 119.37 34.6616
      vertex -12.5434 119.343 -34.6565
    endloop
  endfacet
  facet normal 0.0785263 -0.996912 0
    outer loop
      vertex -12.1963 119.37 34.6616
      vertex -12.1963 119.37 -34.6616
      vertex -6.28031 119.836 38
    endloop
  endfacet
  facet normal 0.0785263 -0.996912 0
    outer loop
      vertex -6.28031 119.836 -38
      vertex -12.1963 119.37 -34.6616
      vertex -12.1963 119.37 -38
    endloop
  endfacet
  facet normal 0.0785263 -0.996912 0
    outer loop
      vertex -12.1963 119.37 -34.6616
      vertex -6.28031 119.836 -38
      vertex -6.28031 119.836 38
    endloop
  endfacet
  facet normal -0.852611 -0.522546 0
    outer loop
      vertex 103.923 60 -38
      vertex 100.64 65.3567 38
      vertex 100.64 65.3567 -38
    endloop
  endfacet
  facet normal -0.852611 -0.522546 0
    outer loop
      vertex 100.64 65.3567 38
      vertex 103.923 60 -38
      vertex 103.923 60 38
    endloop
  endfacet
  facet normal 0.923833 0.382795 0
    outer loop
      vertex -109.625 -48.8084 38
      vertex -112.03 -43.0042 -38
      vertex -112.03 -43.0042 38
    endloop
  endfacet
  facet normal 0.923833 0.382795 0
    outer loop
      vertex -112.03 -43.0042 -38
      vertex -109.625 -48.8084 38
      vertex -109.625 -48.8084 -38
    endloop
  endfacet
  facet normal -0.983252 -0.182252 0
    outer loop
      vertex 118.523 18.7721 -34.6729
      vertex 117.378 24.9494 34.6625
      vertex 117.378 24.9494 -34.6625
    endloop
  endfacet
  facet normal -0.983252 -0.182252 0
    outer loop
      vertex 117.378 24.9494 34.6625
      vertex 118.523 18.7721 -34.6729
      vertex 118.523 18.7721 34.6729
    endloop
  endfacet
  facet normal -0.130522 -0.991445 0
    outer loop
      vertex 12.5434 119.343 -38
      vertex 18.7721 118.523 38
      vertex 12.5434 119.343 38
    endloop
  endfacet
  facet normal -0.130522 -0.991445 -0
    outer loop
      vertex 18.7721 118.523 38
      vertex 12.5434 119.343 -38
      vertex 18.7721 118.523 -38
    endloop
  endfacet
  facet normal 0.182252 -0.983252 0
    outer loop
      vertex -24.9494 117.378 -34.6625
      vertex -18.7721 118.523 34.6729
      vertex -24.9494 117.378 34.6625
    endloop
  endfacet
  facet normal 0.182252 -0.983252 0
    outer loop
      vertex -18.7721 118.523 34.6729
      vertex -24.9494 117.378 -34.6625
      vertex -18.7721 118.523 -34.6729
    endloop
  endfacet
  facet normal 0.130435 -0.991457 0
    outer loop
      vertex -18.7721 118.523 34.6729
      vertex -13.6109 119.202 -34.6299
      vertex -13.6109 119.202 34.6299
    endloop
  endfacet
  facet normal 0.130435 -0.991457 0
    outer loop
      vertex -13.6109 119.202 -34.6299
      vertex -18.7721 118.523 34.6729
      vertex -18.7721 118.523 -34.6729
    endloop
  endfacet
  facet normal 0.130947 -0.991389 0
    outer loop
      vertex -13.6109 119.202 -34.6299
      vertex -12.5434 119.343 34.6565
      vertex -13.6109 119.202 34.6299
    endloop
  endfacet
  facet normal 0.130947 -0.991389 0
    outer loop
      vertex -12.5434 119.343 34.6565
      vertex -13.6109 119.202 -34.6299
      vertex -12.5434 119.343 -34.6565
    endloop
  endfacet
  facet normal 0.233503 0.972356 -0
    outer loop
      vertex -24.9494 -117.378 -38
      vertex -31.0583 -115.911 38
      vertex -24.9494 -117.378 38
    endloop
  endfacet
  facet normal 0.233503 0.972356 0
    outer loop
      vertex -31.0583 -115.911 38
      vertex -24.9494 -117.378 -38
      vertex -31.0583 -115.911 -38
    endloop
  endfacet
  facet normal -0.983252 0.182252 0
    outer loop
      vertex 117.378 -24.9494 -38
      vertex 118.523 -18.7721 38
      vertex 118.523 -18.7721 -38
    endloop
  endfacet
  facet normal -0.983252 0.182252 0
    outer loop
      vertex 118.523 -18.7721 38
      vertex 117.378 -24.9494 -38
      vertex 117.378 -24.9494 38
    endloop
  endfacet
  facet normal -0.725369 0.688361 0
    outer loop
      vertex 84.8528 -84.8528 -38
      vertex 89.1774 -80.2957 38
      vertex 89.1774 -80.2957 -38
    endloop
  endfacet
  facet normal -0.725369 0.688361 0
    outer loop
      vertex 89.1774 -80.2957 38
      vertex 84.8528 -84.8528 -38
      vertex 84.8528 -84.8528 38
    endloop
  endfacet
  facet normal -0.996916 0.0784724 0
    outer loop
      vertex 119.343 -12.5434 -38
      vertex 119.836 -6.28031 38
      vertex 119.836 -6.28031 -38
    endloop
  endfacet
  facet normal -0.996916 0.0784724 0
    outer loop
      vertex 119.836 -6.28031 38
      vertex 119.343 -12.5434 -38
      vertex 119.343 -12.5434 38
    endloop
  endfacet
  facet normal 0.94265 0.333784 0
    outer loop
      vertex -112.03 -43.0042 38
      vertex -114.127 -37.082 -38
      vertex -114.127 -37.082 38
    endloop
  endfacet
  facet normal 0.94265 0.333784 0
    outer loop
      vertex -114.127 -37.082 -38
      vertex -112.03 -43.0042 38
      vertex -112.03 -43.0042 -38
    endloop
  endfacet
  facet normal -0.688361 -0.725369 0
    outer loop
      vertex 80.2957 89.1774 -38
      vertex 84.8528 84.8528 38
      vertex 80.2957 89.1774 38
    endloop
  endfacet
  facet normal -0.688361 -0.725369 -0
    outer loop
      vertex 84.8528 84.8528 38
      vertex 80.2957 89.1774 -38
      vertex 84.8528 84.8528 -38
    endloop
  endfacet
  facet normal 0.983252 0.182252 0
    outer loop
      vertex -117.378 -24.9494 34.6625
      vertex -118.523 -18.7721 -34.6729
      vertex -118.523 -18.7721 34.6729
    endloop
  endfacet
  facet normal 0.983252 0.182252 0
    outer loop
      vertex -118.523 -18.7721 -34.6729
      vertex -117.378 -24.9494 34.6625
      vertex -117.378 -24.9494 -34.6625
    endloop
  endfacet
  facet normal -0.649439 -0.760414 0
    outer loop
      vertex 75.5184 93.2575 -38
      vertex 80.2957 89.1774 38
      vertex 75.5184 93.2575 38
    endloop
  endfacet
  facet normal -0.649439 -0.760414 -0
    outer loop
      vertex 80.2957 89.1774 38
      vertex 75.5184 93.2575 -38
      vertex 80.2957 89.1774 -38
    endloop
  endfacet
  facet normal 0.852611 0.522546 0
    outer loop
      vertex -100.64 -65.3567 38
      vertex -103.923 -60 -38
      vertex -103.923 -60 38
    endloop
  endfacet
  facet normal 0.852611 0.522546 0
    outer loop
      vertex -103.923 -60 -38
      vertex -100.64 -65.3567 38
      vertex -100.64 -65.3567 -38
    endloop
  endfacet
  facet normal -0.793354 0.60876 0
    outer loop
      vertex 93.2575 -75.5184 -38
      vertex 97.082 -70.5342 38
      vertex 97.082 -70.5342 -38
    endloop
  endfacet
  facet normal -0.793354 0.60876 0
    outer loop
      vertex 97.082 -70.5342 38
      vertex 93.2575 -75.5184 -38
      vertex 93.2575 -75.5184 38
    endloop
  endfacet
  facet normal -0.878798 -0.477194 0
    outer loop
      vertex 106.921 54.4789 -38
      vertex 103.923 60 38
      vertex 103.923 60 -38
    endloop
  endfacet
  facet normal -0.878798 -0.477194 0
    outer loop
      vertex 103.923 60 38
      vertex 106.921 54.4789 -38
      vertex 106.921 54.4789 38
    endloop
  endfacet
  facet normal 0.649439 -0.760414 0
    outer loop
      vertex -80.2957 89.1774 -34.6625
      vertex -75.5184 93.2575 34.6729
      vertex -80.2957 89.1774 34.6625
    endloop
  endfacet
  facet normal 0.649439 -0.760414 0
    outer loop
      vertex -75.5184 93.2575 34.6729
      vertex -80.2957 89.1774 -34.6625
      vertex -75.5184 93.2575 -34.6729
    endloop
  endfacet
  facet normal 0.823966 0.566639 0
    outer loop
      vertex -97.082 -70.5342 34.6565
      vertex -97.2793 -70.2473 -34.6616
      vertex -97.2793 -70.2473 34.6616
    endloop
  endfacet
  facet normal 0.823966 0.566639 0
    outer loop
      vertex -97.2793 -70.2473 -34.6616
      vertex -97.082 -70.5342 34.6565
      vertex -97.082 -70.5342 -34.6565
    endloop
  endfacet
  facet normal 0.824167 0.566347 -0
    outer loop
      vertex -97.2793 -70.2473 34.6616
      vertex -100.64 -65.3567 38
      vertex -97.2793 -70.2473 38
    endloop
  endfacet
  facet normal 0.824167 0.566347 0
    outer loop
      vertex -100.64 -65.3567 38
      vertex -97.2793 -70.2473 34.6616
      vertex -100.64 -65.3567 -38
    endloop
  endfacet
  facet normal 0.824167 0.566347 -0
    outer loop
      vertex -97.2793 -70.2473 -34.6616
      vertex -100.64 -65.3567 -38
      vertex -97.2793 -70.2473 34.6616
    endloop
  endfacet
  facet normal 0.824167 0.566347 0
    outer loop
      vertex -100.64 -65.3567 -38
      vertex -97.2793 -70.2473 -34.6616
      vertex -97.2793 -70.2473 -38
    endloop
  endfacet
  facet normal -0.233431 0.972373 0
    outer loop
      vertex 31.0583 -115.911 38
      vertex 28.6631 -116.486 36
      vertex 28.6631 -116.486 38
    endloop
  endfacet
  facet normal -0.233428 0.972374 -4.51448e-06
    outer loop
      vertex 31.0583 -115.911 38
      vertex 28.2174 -116.593 34.8275
      vertex 28.6631 -116.486 36
    endloop
  endfacet
  facet normal -0.232519 0.972592 0
    outer loop
      vertex 28.2174 -116.593 34.8275
      vertex 27.9246 -116.663 -34.6272
      vertex 27.9246 -116.663 34.6272
    endloop
  endfacet
  facet normal -0.233433 0.972373 0
    outer loop
      vertex 28.2174 -116.593 -34.8275
      vertex 28.2174 -116.593 34.8275
      vertex 31.0583 -115.911 38
    endloop
  endfacet
  facet normal -0.232519 0.972592 0
    outer loop
      vertex 28.2174 -116.593 34.8275
      vertex 28.2174 -116.593 -34.8275
      vertex 27.9246 -116.663 -34.6272
    endloop
  endfacet
  facet normal -0.233433 0.972373 0
    outer loop
      vertex 31.0583 -115.911 -38
      vertex 28.2174 -116.593 -34.8275
      vertex 31.0583 -115.911 38
    endloop
  endfacet
  facet normal -0.233428 0.972374 4.51448e-06
    outer loop
      vertex 28.2174 -116.593 -34.8275
      vertex 31.0583 -115.911 -38
      vertex 28.6631 -116.486 -36
    endloop
  endfacet
  facet normal -0.233431 0.972373 0
    outer loop
      vertex 28.6631 -116.486 -36
      vertex 31.0583 -115.911 -38
      vertex 28.6631 -116.486 -38
    endloop
  endfacet
  facet normal -0.233667 0.972317 0
    outer loop
      vertex 27.9246 -116.663 -34.6272
      vertex 24.9494 -117.378 34.6625
      vertex 27.9246 -116.663 34.6272
    endloop
  endfacet
  facet normal -0.233667 0.972317 0
    outer loop
      vertex 24.9494 -117.378 34.6625
      vertex 27.9246 -116.663 -34.6272
      vertex 24.9494 -117.378 -34.6625
    endloop
  endfacet
  facet normal -0.79335 -0.608766 0
    outer loop
      vertex 96.4266 71.3884 -34.6299
      vertex 93.2575 75.5184 34.6729
      vertex 93.2575 75.5184 -34.6729
    endloop
  endfacet
  facet normal -0.79335 -0.608766 0
    outer loop
      vertex 96.4266 71.3884 -34.6299
      vertex 96.4266 71.3884 34.6299
      vertex 93.2575 75.5184 34.6729
    endloop
  endfacet
  facet normal -0.793376 -0.608732 0
    outer loop
      vertex 97.082 70.5342 -34.6565
      vertex 96.4266 71.3884 34.6299
      vertex 96.4266 71.3884 -34.6299
    endloop
  endfacet
  facet normal -0.793376 -0.608732 0
    outer loop
      vertex 96.4266 71.3884 34.6299
      vertex 97.082 70.5342 -34.6565
      vertex 97.082 70.5342 34.6565
    endloop
  endfacet
  facet normal 0.0784724 0.996916 -0
    outer loop
      vertex -6.28031 -119.836 -38
      vertex -12.5434 -119.343 38
      vertex -6.28031 -119.836 38
    endloop
  endfacet
  facet normal 0.0784724 0.996916 0
    outer loop
      vertex -12.5434 -119.343 38
      vertex -6.28031 -119.836 -38
      vertex -12.5434 -119.343 -38
    endloop
  endfacet
  facet normal -0.991445 0.130522 0
    outer loop
      vertex 118.523 -18.7721 -38
      vertex 119.343 -12.5434 38
      vertex 119.343 -12.5434 -38
    endloop
  endfacet
  facet normal -0.991445 0.130522 0
    outer loop
      vertex 119.343 -12.5434 38
      vertex 118.523 -18.7721 -38
      vertex 118.523 -18.7721 38
    endloop
  endfacet
  facet normal 0.760414 0.649439 0
    outer loop
      vertex -89.1774 -80.2957 34.6625
      vertex -93.2575 -75.5184 -34.6729
      vertex -93.2575 -75.5184 34.6729
    endloop
  endfacet
  facet normal 0.760414 0.649439 0
    outer loop
      vertex -93.2575 -75.5184 -34.6729
      vertex -89.1774 -80.2957 34.6625
      vertex -89.1774 -80.2957 -34.6625
    endloop
  endfacet
  facet normal 0.999659 0.0261045 0
    outer loop
      vertex -119.836 -6.28031 38
      vertex -120 0 -38
      vertex -120 0 38
    endloop
  endfacet
  facet normal 0.999659 0.0261045 0
    outer loop
      vertex -120 0 -38
      vertex -119.836 -6.28031 38
      vertex -119.836 -6.28031 -38
    endloop
  endfacet
  facet normal 0.958775 -0.284166 0
    outer loop
      vertex -115.911 31.0583 38
      vertex -115.211 33.4201 36
      vertex -115.211 33.4201 38
    endloop
  endfacet
  facet normal 0.958775 -0.284166 0
    outer loop
      vertex -115.211 33.4201 36
      vertex -115.911 31.0583 38
      vertex -115.211 33.4201 -36
    endloop
  endfacet
  facet normal 0.958775 -0.284166 0
    outer loop
      vertex -115.911 31.0583 -38
      vertex -115.211 33.4201 -36
      vertex -115.911 31.0583 38
    endloop
  endfacet
  facet normal 0.958775 -0.284166 0
    outer loop
      vertex -115.211 33.4201 -36
      vertex -115.911 31.0583 -38
      vertex -115.211 33.4201 -38
    endloop
  endfacet
  facet normal 0.95882 -0.284015 0
    outer loop
      vertex -114.996 34.1483 34.6272
      vertex -114.127 37.082 -34.6625
      vertex -114.127 37.082 34.6625
    endloop
  endfacet
  facet normal 0.95882 -0.284015 0
    outer loop
      vertex -114.996 34.1483 34.6272
      vertex -114.996 34.1483 -34.6272
      vertex -114.127 37.082 -34.6625
    endloop
  endfacet
  facet normal 0.959313 -0.282346 0
    outer loop
      vertex -115.081 33.8595 34.8275
      vertex -114.996 34.1483 -34.6272
      vertex -114.996 34.1483 34.6272
    endloop
  endfacet
  facet normal 0.959313 -0.282346 0
    outer loop
      vertex -115.081 33.8595 34.8275
      vertex -115.081 33.8595 -34.8275
      vertex -114.996 34.1483 -34.6272
    endloop
  endfacet
  facet normal 0.958913 -0.283702 0
    outer loop
      vertex -115.211 33.4201 36
      vertex -115.081 33.8595 -34.8275
      vertex -115.081 33.8595 34.8275
    endloop
  endfacet
  facet normal 0.958913 -0.283702 0
    outer loop
      vertex -115.081 33.8595 -34.8275
      vertex -115.211 33.4201 36
      vertex -115.211 33.4201 -36
    endloop
  endfacet
  facet normal 0.608766 -0.79335 0
    outer loop
      vertex -75.5184 93.2575 34.6729
      vertex -71.3884 96.4266 -34.6299
      vertex -71.3884 96.4266 34.6299
    endloop
  endfacet
  facet normal 0.608766 -0.79335 0
    outer loop
      vertex -71.3884 96.4266 -34.6299
      vertex -75.5184 93.2575 34.6729
      vertex -75.5184 93.2575 -34.6729
    endloop
  endfacet
  facet normal 0.608732 -0.793376 0
    outer loop
      vertex -71.3884 96.4266 -34.6299
      vertex -70.5342 97.082 34.6565
      vertex -71.3884 96.4266 34.6299
    endloop
  endfacet
  facet normal 0.608732 -0.793376 0
    outer loop
      vertex -70.5342 97.082 34.6565
      vertex -71.3884 96.4266 -34.6299
      vertex -70.5342 97.082 -34.6565
    endloop
  endfacet
  facet normal -0.824156 0.566363 0
    outer loop
      vertex 97.082 -70.5342 -38
      vertex 100.64 -65.3567 38
      vertex 100.64 -65.3567 -38
    endloop
  endfacet
  facet normal -0.824156 0.566363 0
    outer loop
      vertex 100.64 -65.3567 38
      vertex 97.082 -70.5342 -38
      vertex 97.082 -70.5342 38
    endloop
  endfacet
  facet normal 0.333784 0.94265 -0
    outer loop
      vertex -37.082 -114.127 -34.6625
      vertex -43.0042 -112.03 34.6729
      vertex -37.082 -114.127 34.6625
    endloop
  endfacet
  facet normal 0.333784 0.94265 0
    outer loop
      vertex -43.0042 -112.03 34.6729
      vertex -37.082 -114.127 -34.6625
      vertex -43.0042 -112.03 -34.6729
    endloop
  endfacet
  facet normal -0.958797 0.284093 0
    outer loop
      vertex 115.081 -33.8595 34.8275
      vertex 115.911 -31.0583 38
      vertex 115.081 -33.8595 -34.8275
    endloop
  endfacet
  facet normal -0.958711 0.284381 -0.000276901
    outer loop
      vertex 115.911 -31.0583 38
      vertex 115.081 -33.8595 34.8275
      vertex 115.211 -33.4201 36
    endloop
  endfacet
  facet normal -0.959313 0.282346 0
    outer loop
      vertex 114.996 -34.1483 -34.6272
      vertex 115.081 -33.8595 34.8275
      vertex 115.081 -33.8595 -34.8275
    endloop
  endfacet
  facet normal -0.959313 0.282346 0
    outer loop
      vertex 114.996 -34.1483 -34.6272
      vertex 114.996 -34.1483 34.6272
      vertex 115.081 -33.8595 34.8275
    endloop
  endfacet
  facet normal -0.95882 0.284015 0
    outer loop
      vertex 114.127 -37.082 -34.6625
      vertex 114.996 -34.1483 34.6272
      vertex 114.996 -34.1483 -34.6272
    endloop
  endfacet
  facet normal -0.95882 0.284015 0
    outer loop
      vertex 114.996 -34.1483 34.6272
      vertex 114.127 -37.082 -34.6625
      vertex 114.127 -37.082 34.6625
    endloop
  endfacet
  facet normal -0.958775 0.284166 0
    outer loop
      vertex 115.211 -33.4201 -36
      vertex 115.911 -31.0583 -38
      vertex 115.211 -33.4201 -38
    endloop
  endfacet
  facet normal -0.958711 0.284381 0.000276901
    outer loop
      vertex 115.081 -33.8595 -34.8275
      vertex 115.911 -31.0583 -38
      vertex 115.211 -33.4201 -36
    endloop
  endfacet
  facet normal -0.958797 0.284093 0
    outer loop
      vertex 115.911 -31.0583 -38
      vertex 115.081 -33.8595 -34.8275
      vertex 115.911 -31.0583 38
    endloop
  endfacet
  facet normal -0.958775 0.284166 0
    outer loop
      vertex 115.911 -31.0583 38
      vertex 115.211 -33.4201 36
      vertex 115.211 -33.4201 38
    endloop
  endfacet
  facet normal -0.94265 0.333784 0
    outer loop
      vertex 112.03 -43.0042 -34.6729
      vertex 114.127 -37.082 34.6625
      vertex 114.127 -37.082 -34.6625
    endloop
  endfacet
  facet normal -0.94265 0.333784 0
    outer loop
      vertex 114.127 -37.082 34.6625
      vertex 112.03 -43.0042 -34.6729
      vertex 112.03 -43.0042 34.6729
    endloop
  endfacet
  facet normal 0.793354 -0.60876 0
    outer loop
      vertex -97.082 70.5342 38
      vertex -93.2575 75.5184 -38
      vertex -93.2575 75.5184 38
    endloop
  endfacet
  facet normal 0.793354 -0.60876 0
    outer loop
      vertex -93.2575 75.5184 -38
      vertex -97.082 70.5342 38
      vertex -97.082 70.5342 -38
    endloop
  endfacet
  facet normal 0.793376 0.608732 0
    outer loop
      vertex -96.4266 -71.3884 34.6299
      vertex -97.082 -70.5342 -34.6565
      vertex -97.082 -70.5342 34.6565
    endloop
  endfacet
  facet normal 0.793376 0.608732 0
    outer loop
      vertex -96.4266 -71.3884 34.6299
      vertex -96.4266 -71.3884 -34.6299
      vertex -97.082 -70.5342 -34.6565
    endloop
  endfacet
  facet normal 0.79335 0.608766 0
    outer loop
      vertex -93.2575 -75.5184 34.6729
      vertex -96.4266 -71.3884 -34.6299
      vertex -96.4266 -71.3884 34.6299
    endloop
  endfacet
  facet normal 0.79335 0.608766 0
    outer loop
      vertex -96.4266 -71.3884 -34.6299
      vertex -93.2575 -75.5184 34.6729
      vertex -93.2575 -75.5184 -34.6729
    endloop
  endfacet
  facet normal -0.649439 0.760414 0
    outer loop
      vertex 80.2957 -89.1774 -34.6625
      vertex 75.5184 -93.2575 34.6729
      vertex 80.2957 -89.1774 34.6625
    endloop
  endfacet
  facet normal -0.649439 0.760414 0
    outer loop
      vertex 75.5184 -93.2575 34.6729
      vertex 80.2957 -89.1774 -34.6625
      vertex 75.5184 -93.2575 -34.6729
    endloop
  endfacet
  facet normal 0.983252 -0.182252 0
    outer loop
      vertex -118.523 18.7721 38
      vertex -117.378 24.9494 -38
      vertex -117.378 24.9494 38
    endloop
  endfacet
  facet normal 0.983252 -0.182252 0
    outer loop
      vertex -117.378 24.9494 -38
      vertex -118.523 18.7721 38
      vertex -118.523 18.7721 -38
    endloop
  endfacet
  facet normal 0.923886 -0.382669 0
    outer loop
      vertex -110.037 47.8137 34.6299
      vertex -109.625 48.8084 -34.6565
      vertex -109.625 48.8084 34.6565
    endloop
  endfacet
  facet normal 0.923886 -0.382669 0
    outer loop
      vertex -110.037 47.8137 34.6299
      vertex -110.037 47.8137 -34.6299
      vertex -109.625 48.8084 -34.6565
    endloop
  endfacet
  facet normal 0.923822 -0.382821 0
    outer loop
      vertex -112.03 43.0042 34.6729
      vertex -110.037 47.8137 -34.6299
      vertex -110.037 47.8137 34.6299
    endloop
  endfacet
  facet normal 0.923822 -0.382821 0
    outer loop
      vertex -110.037 47.8137 -34.6299
      vertex -112.03 43.0042 34.6729
      vertex -112.03 43.0042 -34.6729
    endloop
  endfacet
  facet normal 0.382795 -0.923833 0
    outer loop
      vertex -48.8084 109.625 -38
      vertex -43.0042 112.03 38
      vertex -48.8084 109.625 38
    endloop
  endfacet
  facet normal 0.382795 -0.923833 0
    outer loop
      vertex -43.0042 112.03 38
      vertex -48.8084 109.625 -38
      vertex -43.0042 112.03 -38
    endloop
  endfacet
  facet normal -0.999659 0.0261045 0
    outer loop
      vertex 119.836 -6.28031 -38
      vertex 120 0 38
      vertex 120 0 -38
    endloop
  endfacet
  facet normal -0.999659 0.0261045 0
    outer loop
      vertex 120 0 38
      vertex 119.836 -6.28031 -38
      vertex 119.836 -6.28031 38
    endloop
  endfacet
  facet normal 0.0261045 -0.999659 0
    outer loop
      vertex -6.28031 119.836 -38
      vertex 0 120 38
      vertex -6.28031 119.836 38
    endloop
  endfacet
  facet normal 0.0261045 -0.999659 0
    outer loop
      vertex 0 120 38
      vertex -6.28031 119.836 -38
      vertex 0 120 -38
    endloop
  endfacet
  facet normal 0.996988 0.0775531 0
    outer loop
      vertex -119.343 -12.5434 34.6565
      vertex -119.37 -12.1963 -34.6616
      vertex -119.37 -12.1963 34.6616
    endloop
  endfacet
  facet normal 0.996988 0.0775531 0
    outer loop
      vertex -119.37 -12.1963 -34.6616
      vertex -119.343 -12.5434 34.6565
      vertex -119.343 -12.5434 -34.6565
    endloop
  endfacet
  facet normal 0.996912 0.0785263 -0
    outer loop
      vertex -119.37 -12.1963 34.6616
      vertex -119.836 -6.28031 38
      vertex -119.37 -12.1963 38
    endloop
  endfacet
  facet normal 0.996912 0.0785263 0
    outer loop
      vertex -119.836 -6.28031 38
      vertex -119.37 -12.1963 34.6616
      vertex -119.836 -6.28031 -38
    endloop
  endfacet
  facet normal 0.996912 0.0785263 -0
    outer loop
      vertex -119.37 -12.1963 -34.6616
      vertex -119.836 -6.28031 -38
      vertex -119.37 -12.1963 34.6616
    endloop
  endfacet
  facet normal 0.996912 0.0785263 0
    outer loop
      vertex -119.836 -6.28031 -38
      vertex -119.37 -12.1963 -34.6616
      vertex -119.37 -12.1963 -38
    endloop
  endfacet
  facet normal 0.284166 0.958775 0
    outer loop
      vertex -31.0583 -115.911 38
      vertex -33.4201 -115.211 36
      vertex -33.4201 -115.211 38
    endloop
  endfacet
  facet normal 0.284381 0.958711 -0.000276901
    outer loop
      vertex -31.0583 -115.911 38
      vertex -33.8595 -115.081 34.8275
      vertex -33.4201 -115.211 36
    endloop
  endfacet
  facet normal 0.282346 0.959313 0
    outer loop
      vertex -33.8595 -115.081 34.8275
      vertex -34.1483 -114.996 -34.6272
      vertex -34.1483 -114.996 34.6272
    endloop
  endfacet
  facet normal 0.284093 0.958797 -0
    outer loop
      vertex -33.8595 -115.081 -34.8275
      vertex -33.8595 -115.081 34.8275
      vertex -31.0583 -115.911 38
    endloop
  endfacet
  facet normal 0.282346 0.959313 0
    outer loop
      vertex -33.8595 -115.081 34.8275
      vertex -33.8595 -115.081 -34.8275
      vertex -34.1483 -114.996 -34.6272
    endloop
  endfacet
  facet normal 0.284093 0.958797 -0
    outer loop
      vertex -31.0583 -115.911 -38
      vertex -33.8595 -115.081 -34.8275
      vertex -31.0583 -115.911 38
    endloop
  endfacet
  facet normal 0.284381 0.958711 0.000276901
    outer loop
      vertex -33.8595 -115.081 -34.8275
      vertex -31.0583 -115.911 -38
      vertex -33.4201 -115.211 -36
    endloop
  endfacet
  facet normal 0.284166 0.958775 0
    outer loop
      vertex -33.4201 -115.211 -36
      vertex -31.0583 -115.911 -38
      vertex -33.4201 -115.211 -38
    endloop
  endfacet
  facet normal 0.284015 0.95882 -0
    outer loop
      vertex -34.1483 -114.996 -34.6272
      vertex -37.082 -114.127 34.6625
      vertex -34.1483 -114.996 34.6272
    endloop
  endfacet
  facet normal 0.284015 0.95882 0
    outer loop
      vertex -37.082 -114.127 34.6625
      vertex -34.1483 -114.996 -34.6272
      vertex -37.082 -114.127 -34.6625
    endloop
  endfacet
  facet normal -0.283971 0.958833 0
    outer loop
      vertex 37.082 -114.127 -38
      vertex 31.0583 -115.911 38
      vertex 37.082 -114.127 38
    endloop
  endfacet
  facet normal -0.283971 0.958833 0
    outer loop
      vertex 31.0583 -115.911 38
      vertex 37.082 -114.127 -38
      vertex 31.0583 -115.911 -38
    endloop
  endfacet
  facet normal -0.725365 -0.688364 -0
    outer loop
      vertex 86.8639 82.7336 34.8275
      vertex 84.8528 84.8528 38
      vertex 86.8639 82.7336 -34.8275
    endloop
  endfacet
  facet normal -0.72541 -0.688317 -5.98294e-05
    outer loop
      vertex 84.8528 84.8528 38
      vertex 86.8639 82.7336 34.8275
      vertex 86.5484 83.066 36
    endloop
  endfacet
  facet normal -0.725455 -0.688269 0
    outer loop
      vertex 87.0712 82.5151 -34.6272
      vertex 86.8639 82.7336 34.8275
      vertex 86.8639 82.7336 -34.8275
    endloop
  endfacet
  facet normal -0.725455 -0.688269 0
    outer loop
      vertex 87.0712 82.5151 -34.6272
      vertex 87.0712 82.5151 34.6272
      vertex 86.8639 82.7336 34.8275
    endloop
  endfacet
  facet normal -0.725363 -0.688366 0
    outer loop
      vertex 89.1774 80.2957 -34.6625
      vertex 87.0712 82.5151 34.6272
      vertex 87.0712 82.5151 -34.6272
    endloop
  endfacet
  facet normal -0.725363 -0.688366 0
    outer loop
      vertex 87.0712 82.5151 34.6272
      vertex 89.1774 80.2957 -34.6625
      vertex 89.1774 80.2957 34.6625
    endloop
  endfacet
  facet normal -0.725376 -0.688352 -0
    outer loop
      vertex 86.5484 83.066 -36
      vertex 84.8528 84.8528 -38
      vertex 86.5484 83.066 -38
    endloop
  endfacet
  facet normal -0.72541 -0.688317 5.98294e-05
    outer loop
      vertex 86.8639 82.7336 -34.8275
      vertex 84.8528 84.8528 -38
      vertex 86.5484 83.066 -36
    endloop
  endfacet
  facet normal -0.725365 -0.688364 0
    outer loop
      vertex 84.8528 84.8528 -38
      vertex 86.8639 82.7336 -34.8275
      vertex 84.8528 84.8528 38
    endloop
  endfacet
  facet normal -0.725376 -0.688352 0
    outer loop
      vertex 84.8528 84.8528 38
      vertex 86.5484 83.066 36
      vertex 86.5484 83.066 38
    endloop
  endfacet
  facet normal -0.182252 0.983252 0
    outer loop
      vertex 24.9494 -117.378 -34.6625
      vertex 18.7721 -118.523 34.6729
      vertex 24.9494 -117.378 34.6625
    endloop
  endfacet
  facet normal -0.182252 0.983252 0
    outer loop
      vertex 18.7721 -118.523 34.6729
      vertex 24.9494 -117.378 -34.6625
      vertex 18.7721 -118.523 -34.6729
    endloop
  endfacet
  facet normal -0.566347 0.824167 0
    outer loop
      vertex 70.2473 -97.2793 34.6616
      vertex 65.3567 -100.64 38
      vertex 70.2473 -97.2793 38
    endloop
  endfacet
  facet normal -0.566639 0.823966 0
    outer loop
      vertex 70.5342 -97.082 -34.6565
      vertex 70.2473 -97.2793 34.6616
      vertex 70.5342 -97.082 34.6565
    endloop
  endfacet
  facet normal -0.566639 0.823966 0
    outer loop
      vertex 70.2473 -97.2793 -34.6616
      vertex 70.2473 -97.2793 34.6616
      vertex 70.5342 -97.082 -34.6565
    endloop
  endfacet
  facet normal -0.566347 0.824167 0
    outer loop
      vertex 70.2473 -97.2793 34.6616
      vertex 70.2473 -97.2793 -34.6616
      vertex 65.3567 -100.64 38
    endloop
  endfacet
  facet normal -0.566347 0.824167 0
    outer loop
      vertex 65.3567 -100.64 -38
      vertex 70.2473 -97.2793 -34.6616
      vertex 70.2473 -97.2793 -38
    endloop
  endfacet
  facet normal -0.566347 0.824167 0
    outer loop
      vertex 70.2473 -97.2793 -34.6616
      vertex 65.3567 -100.64 -38
      vertex 65.3567 -100.64 38
    endloop
  endfacet
  facet normal -0.852611 0.522546 0
    outer loop
      vertex 100.64 -65.3567 -38
      vertex 103.923 -60 38
      vertex 103.923 -60 -38
    endloop
  endfacet
  facet normal -0.852611 0.522546 0
    outer loop
      vertex 103.923 -60 38
      vertex 100.64 -65.3567 -38
      vertex 100.64 -65.3567 38
    endloop
  endfacet
  facet normal -0.430542 -0.902571 0
    outer loop
      vertex 49.1227 109.476 34.6616
      vertex 54.4789 106.921 38
      vertex 49.1227 109.476 38
    endloop
  endfacet
  facet normal -0.428371 -0.903603 0
    outer loop
      vertex 48.8084 109.625 -34.6565
      vertex 49.1227 109.476 34.6616
      vertex 48.8084 109.625 34.6565
    endloop
  endfacet
  facet normal -0.428371 -0.903603 0
    outer loop
      vertex 49.1227 109.476 -34.6616
      vertex 49.1227 109.476 34.6616
      vertex 48.8084 109.625 -34.6565
    endloop
  endfacet
  facet normal -0.430542 -0.902571 -0
    outer loop
      vertex 49.1227 109.476 34.6616
      vertex 49.1227 109.476 -34.6616
      vertex 54.4789 106.921 38
    endloop
  endfacet
  facet normal -0.430542 -0.902571 0
    outer loop
      vertex 54.4789 106.921 -38
      vertex 49.1227 109.476 -34.6616
      vertex 49.1227 109.476 -38
    endloop
  endfacet
  facet normal -0.430542 -0.902571 0
    outer loop
      vertex 49.1227 109.476 -34.6616
      vertex 54.4789 106.921 -38
      vertex 54.4789 106.921 38
    endloop
  endfacet
  facet normal -0.923833 -0.382795 0
    outer loop
      vertex 112.03 43.0042 -38
      vertex 109.625 48.8084 38
      vertex 109.625 48.8084 -38
    endloop
  endfacet
  facet normal -0.923833 -0.382795 0
    outer loop
      vertex 109.625 48.8084 38
      vertex 112.03 43.0042 -38
      vertex 112.03 43.0042 38
    endloop
  endfacet
  facet normal 0.991389 0.130947 0
    outer loop
      vertex -119.202 -13.6109 34.6299
      vertex -119.343 -12.5434 -34.6565
      vertex -119.343 -12.5434 34.6565
    endloop
  endfacet
  facet normal 0.991389 0.130947 0
    outer loop
      vertex -119.202 -13.6109 34.6299
      vertex -119.202 -13.6109 -34.6299
      vertex -119.343 -12.5434 -34.6565
    endloop
  endfacet
  facet normal 0.991457 0.130435 0
    outer loop
      vertex -118.523 -18.7721 34.6729
      vertex -119.202 -13.6109 -34.6299
      vertex -119.202 -13.6109 34.6299
    endloop
  endfacet
  facet normal 0.991457 0.130435 0
    outer loop
      vertex -119.202 -13.6109 -34.6299
      vertex -118.523 -18.7721 34.6729
      vertex -118.523 -18.7721 -34.6729
    endloop
  endfacet
  facet normal -0.566363 -0.824156 0
    outer loop
      vertex 65.3567 100.64 -38
      vertex 70.5342 97.082 38
      vertex 65.3567 100.64 38
    endloop
  endfacet
  facet normal -0.566363 -0.824156 -0
    outer loop
      vertex 70.5342 97.082 38
      vertex 65.3567 100.64 -38
      vertex 70.5342 97.082 -38
    endloop
  endfacet
  facet normal -0.182252 -0.983252 0
    outer loop
      vertex 18.7721 118.523 -38
      vertex 24.9494 117.378 38
      vertex 18.7721 118.523 38
    endloop
  endfacet
  facet normal -0.182252 -0.983252 -0
    outer loop
      vertex 24.9494 117.378 38
      vertex 18.7721 118.523 -38
      vertex 24.9494 117.378 -38
    endloop
  endfacet
  facet normal -0.522546 -0.852611 0
    outer loop
      vertex 60 103.923 -38
      vertex 65.3567 100.64 38
      vertex 60 103.923 38
    endloop
  endfacet
  facet normal -0.522546 -0.852611 -0
    outer loop
      vertex 65.3567 100.64 38
      vertex 60 103.923 -38
      vertex 65.3567 100.64 -38
    endloop
  endfacet
  facet normal -0.972373 -0.233433 -0
    outer loop
      vertex 116.593 28.2174 34.8275
      vertex 115.911 31.0583 38
      vertex 116.593 28.2174 -34.8275
    endloop
  endfacet
  facet normal -0.972374 -0.233428 -4.51448e-06
    outer loop
      vertex 115.911 31.0583 38
      vertex 116.593 28.2174 34.8275
      vertex 116.486 28.6631 36
    endloop
  endfacet
  facet normal -0.972592 -0.232519 0
    outer loop
      vertex 116.663 27.9246 -34.6272
      vertex 116.593 28.2174 34.8275
      vertex 116.593 28.2174 -34.8275
    endloop
  endfacet
  facet normal -0.972592 -0.232519 0
    outer loop
      vertex 116.663 27.9246 -34.6272
      vertex 116.663 27.9246 34.6272
      vertex 116.593 28.2174 34.8275
    endloop
  endfacet
  facet normal -0.972317 -0.233667 0
    outer loop
      vertex 117.378 24.9494 -34.6625
      vertex 116.663 27.9246 34.6272
      vertex 116.663 27.9246 -34.6272
    endloop
  endfacet
  facet normal -0.972317 -0.233667 0
    outer loop
      vertex 116.663 27.9246 34.6272
      vertex 117.378 24.9494 -34.6625
      vertex 117.378 24.9494 34.6625
    endloop
  endfacet
  facet normal -0.972373 -0.233431 -0
    outer loop
      vertex 116.486 28.6631 -36
      vertex 115.911 31.0583 -38
      vertex 116.486 28.6631 -38
    endloop
  endfacet
  facet normal -0.972374 -0.233428 4.51448e-06
    outer loop
      vertex 116.593 28.2174 -34.8275
      vertex 115.911 31.0583 -38
      vertex 116.486 28.6631 -36
    endloop
  endfacet
  facet normal -0.972373 -0.233433 0
    outer loop
      vertex 115.911 31.0583 -38
      vertex 116.593 28.2174 -34.8275
      vertex 115.911 31.0583 38
    endloop
  endfacet
  facet normal -0.972373 -0.233431 0
    outer loop
      vertex 115.911 31.0583 38
      vertex 116.486 28.6631 36
      vertex 116.486 28.6631 38
    endloop
  endfacet
  facet normal 0.94265 -0.333784 0
    outer loop
      vertex -114.127 37.082 34.6625
      vertex -112.03 43.0042 -34.6729
      vertex -112.03 43.0042 34.6729
    endloop
  endfacet
  facet normal 0.94265 -0.333784 0
    outer loop
      vertex -112.03 43.0042 -34.6729
      vertex -114.127 37.082 34.6625
      vertex -114.127 37.082 -34.6625
    endloop
  endfacet
  facet normal -0.333784 -0.94265 0
    outer loop
      vertex 37.082 114.127 -34.6625
      vertex 43.0042 112.03 34.6729
      vertex 37.082 114.127 34.6625
    endloop
  endfacet
  facet normal -0.333784 -0.94265 -0
    outer loop
      vertex 43.0042 112.03 34.6729
      vertex 37.082 114.127 -34.6625
      vertex 43.0042 112.03 -34.6729
    endloop
  endfacet
  facet normal 0.903603 -0.428371 0
    outer loop
      vertex -109.625 48.8084 34.6565
      vertex -109.476 49.1227 -34.6616
      vertex -109.476 49.1227 34.6616
    endloop
  endfacet
  facet normal 0.903603 -0.428371 0
    outer loop
      vertex -109.476 49.1227 -34.6616
      vertex -109.625 48.8084 34.6565
      vertex -109.625 48.8084 -34.6565
    endloop
  endfacet
  facet normal 0.902571 -0.430542 0
    outer loop
      vertex -109.476 49.1227 34.6616
      vertex -106.921 54.4789 38
      vertex -109.476 49.1227 38
    endloop
  endfacet
  facet normal 0.902571 -0.430542 0
    outer loop
      vertex -106.921 54.4789 38
      vertex -109.476 49.1227 34.6616
      vertex -106.921 54.4789 -38
    endloop
  endfacet
  facet normal 0.902571 -0.430542 0
    outer loop
      vertex -109.476 49.1227 -34.6616
      vertex -106.921 54.4789 -38
      vertex -109.476 49.1227 34.6616
    endloop
  endfacet
  facet normal 0.902571 -0.430542 0
    outer loop
      vertex -106.921 54.4789 -38
      vertex -109.476 49.1227 -34.6616
      vertex -109.476 49.1227 -38
    endloop
  endfacet
  facet normal -0.477194 -0.878798 0
    outer loop
      vertex 54.4789 106.921 -38
      vertex 60 103.923 38
      vertex 54.4789 106.921 38
    endloop
  endfacet
  facet normal -0.477194 -0.878798 -0
    outer loop
      vertex 60 103.923 38
      vertex 54.4789 106.921 -38
      vertex 60 103.923 -38
    endloop
  endfacet
  facet normal 0.972373 0.233431 0
    outer loop
      vertex -115.911 -31.0583 38
      vertex -116.486 -28.6631 36
      vertex -116.486 -28.6631 38
    endloop
  endfacet
  facet normal 0.972373 0.233431 0
    outer loop
      vertex -116.486 -28.6631 36
      vertex -115.911 -31.0583 38
      vertex -116.486 -28.6631 -36
    endloop
  endfacet
  facet normal 0.972373 0.233431 -0
    outer loop
      vertex -115.911 -31.0583 -38
      vertex -116.486 -28.6631 -36
      vertex -115.911 -31.0583 38
    endloop
  endfacet
  facet normal 0.972373 0.233431 0
    outer loop
      vertex -116.486 -28.6631 -36
      vertex -115.911 -31.0583 -38
      vertex -116.486 -28.6631 -38
    endloop
  endfacet
  facet normal 0.972317 0.233667 0
    outer loop
      vertex -116.663 -27.9246 34.6272
      vertex -117.378 -24.9494 -34.6625
      vertex -117.378 -24.9494 34.6625
    endloop
  endfacet
  facet normal 0.972317 0.233667 0
    outer loop
      vertex -116.663 -27.9246 34.6272
      vertex -116.663 -27.9246 -34.6272
      vertex -117.378 -24.9494 -34.6625
    endloop
  endfacet
  facet normal 0.972592 0.232519 0
    outer loop
      vertex -116.593 -28.2174 34.8275
      vertex -116.663 -27.9246 -34.6272
      vertex -116.663 -27.9246 34.6272
    endloop
  endfacet
  facet normal 0.972592 0.232519 0
    outer loop
      vertex -116.593 -28.2174 34.8275
      vertex -116.593 -28.2174 -34.8275
      vertex -116.663 -27.9246 -34.6272
    endloop
  endfacet
  facet normal 0.972371 0.233439 0
    outer loop
      vertex -116.486 -28.6631 36
      vertex -116.593 -28.2174 -34.8275
      vertex -116.593 -28.2174 34.8275
    endloop
  endfacet
  facet normal 0.972371 0.233439 0
    outer loop
      vertex -116.593 -28.2174 -34.8275
      vertex -116.486 -28.6631 36
      vertex -116.486 -28.6631 -36
    endloop
  endfacet
  facet normal 0.878798 0.477194 0
    outer loop
      vertex -103.923 -60 38
      vertex -106.921 -54.4789 -38
      vertex -106.921 -54.4789 38
    endloop
  endfacet
  facet normal 0.878798 0.477194 0
    outer loop
      vertex -106.921 -54.4789 -38
      vertex -103.923 -60 38
      vertex -103.923 -60 -38
    endloop
  endfacet
  facet normal -0.0261045 -0.999659 0
    outer loop
      vertex 0 120 -38
      vertex 6.28031 119.836 38
      vertex 0 120 38
    endloop
  endfacet
  facet normal -0.0261045 -0.999659 -0
    outer loop
      vertex 6.28031 119.836 38
      vertex 0 120 -38
      vertex 6.28031 119.836 -38
    endloop
  endfacet
  facet normal -0.94265 -0.333784 0
    outer loop
      vertex 114.127 37.082 -38
      vertex 112.03 43.0042 38
      vertex 112.03 43.0042 -38
    endloop
  endfacet
  facet normal -0.94265 -0.333784 0
    outer loop
      vertex 112.03 43.0042 38
      vertex 114.127 37.082 -38
      vertex 114.127 37.082 38
    endloop
  endfacet
  facet normal -0.824167 -0.566347 0
    outer loop
      vertex 100.64 65.3567 -38
      vertex 97.2793 70.2473 -34.6616
      vertex 97.2793 70.2473 -38
    endloop
  endfacet
  facet normal -0.824167 -0.566347 0
    outer loop
      vertex 97.2793 70.2473 -34.6616
      vertex 100.64 65.3567 -38
      vertex 97.2793 70.2473 34.6616
    endloop
  endfacet
  facet normal -0.824167 -0.566347 -0
    outer loop
      vertex 100.64 65.3567 38
      vertex 97.2793 70.2473 34.6616
      vertex 100.64 65.3567 -38
    endloop
  endfacet
  facet normal -0.824167 -0.566347 0
    outer loop
      vertex 97.2793 70.2473 34.6616
      vertex 100.64 65.3567 38
      vertex 97.2793 70.2473 38
    endloop
  endfacet
  facet normal -0.823966 -0.566639 0
    outer loop
      vertex 97.2793 70.2473 -34.6616
      vertex 97.082 70.5342 34.6565
      vertex 97.082 70.5342 -34.6565
    endloop
  endfacet
  facet normal -0.823966 -0.566639 0
    outer loop
      vertex 97.082 70.5342 34.6565
      vertex 97.2793 70.2473 -34.6616
      vertex 97.2793 70.2473 34.6616
    endloop
  endfacet
  facet normal 0.999659 -0.0261045 0
    outer loop
      vertex -120 0 38
      vertex -119.836 6.28031 -38
      vertex -119.836 6.28031 38
    endloop
  endfacet
  facet normal 0.999659 -0.0261045 0
    outer loop
      vertex -119.836 6.28031 -38
      vertex -120 0 38
      vertex -120 0 -38
    endloop
  endfacet
  facet normal 0.182252 0.983252 -0
    outer loop
      vertex -18.7721 -118.523 -38
      vertex -24.9494 -117.378 38
      vertex -18.7721 -118.523 38
    endloop
  endfacet
  facet normal 0.182252 0.983252 0
    outer loop
      vertex -24.9494 -117.378 38
      vertex -18.7721 -118.523 -38
      vertex -24.9494 -117.378 -38
    endloop
  endfacet
  facet normal 0.902628 0.430422 0
    outer loop
      vertex -106.921 -54.4789 38
      vertex -109.625 -48.8084 -38
      vertex -109.625 -48.8084 38
    endloop
  endfacet
  facet normal 0.902628 0.430422 0
    outer loop
      vertex -109.625 -48.8084 -38
      vertex -106.921 -54.4789 38
      vertex -106.921 -54.4789 -38
    endloop
  endfacet
  facet normal 0.958833 0.283971 0
    outer loop
      vertex -114.127 -37.082 38
      vertex -115.911 -31.0583 -38
      vertex -115.911 -31.0583 38
    endloop
  endfacet
  facet normal 0.958833 0.283971 0
    outer loop
      vertex -115.911 -31.0583 -38
      vertex -114.127 -37.082 38
      vertex -114.127 -37.082 -38
    endloop
  endfacet
  facet normal 0.878798 -0.477194 0
    outer loop
      vertex -106.921 54.4789 38
      vertex -103.923 60 -38
      vertex -103.923 60 38
    endloop
  endfacet
  facet normal 0.878798 -0.477194 0
    outer loop
      vertex -103.923 60 -38
      vertex -106.921 54.4789 38
      vertex -106.921 54.4789 -38
    endloop
  endfacet
  facet normal 0.382821 0.923822 0
    outer loop
      vertex -43.0042 -112.03 34.6729
      vertex -47.8137 -110.037 -34.6299
      vertex -47.8137 -110.037 34.6299
    endloop
  endfacet
  facet normal 0.382821 0.923822 0
    outer loop
      vertex -47.8137 -110.037 -34.6299
      vertex -43.0042 -112.03 34.6729
      vertex -43.0042 -112.03 -34.6729
    endloop
  endfacet
  facet normal 0.382669 0.923886 -0
    outer loop
      vertex -47.8137 -110.037 -34.6299
      vertex -48.8084 -109.625 34.6565
      vertex -47.8137 -110.037 34.6299
    endloop
  endfacet
  facet normal 0.382669 0.923886 0
    outer loop
      vertex -48.8084 -109.625 34.6565
      vertex -47.8137 -110.037 -34.6299
      vertex -48.8084 -109.625 -34.6565
    endloop
  endfacet
  facet normal 0.725376 0.688352 0
    outer loop
      vertex -84.8528 -84.8528 38
      vertex -86.5484 -83.066 36
      vertex -86.5484 -83.066 38
    endloop
  endfacet
  facet normal 0.725376 0.688352 0
    outer loop
      vertex -86.5484 -83.066 36
      vertex -84.8528 -84.8528 38
      vertex -86.5484 -83.066 -36
    endloop
  endfacet
  facet normal 0.725376 0.688352 -0
    outer loop
      vertex -84.8528 -84.8528 -38
      vertex -86.5484 -83.066 -36
      vertex -84.8528 -84.8528 38
    endloop
  endfacet
  facet normal 0.725376 0.688352 0
    outer loop
      vertex -86.5484 -83.066 -36
      vertex -84.8528 -84.8528 -38
      vertex -86.5484 -83.066 -38
    endloop
  endfacet
  facet normal 0.725363 0.688366 0
    outer loop
      vertex -87.0712 -82.5151 34.6272
      vertex -89.1774 -80.2957 -34.6625
      vertex -89.1774 -80.2957 34.6625
    endloop
  endfacet
  facet normal 0.725363 0.688366 0
    outer loop
      vertex -87.0712 -82.5151 34.6272
      vertex -87.0712 -82.5151 -34.6272
      vertex -89.1774 -80.2957 -34.6625
    endloop
  endfacet
  facet normal 0.725455 0.688269 0
    outer loop
      vertex -86.8639 -82.7336 34.8275
      vertex -87.0712 -82.5151 -34.6272
      vertex -87.0712 -82.5151 34.6272
    endloop
  endfacet
  facet normal 0.725455 0.688269 0
    outer loop
      vertex -86.8639 -82.7336 34.8275
      vertex -86.8639 -82.7336 -34.8275
      vertex -87.0712 -82.5151 -34.6272
    endloop
  endfacet
  facet normal 0.725304 0.688428 0
    outer loop
      vertex -86.5484 -83.066 36
      vertex -86.8639 -82.7336 -34.8275
      vertex -86.8639 -82.7336 34.8275
    endloop
  endfacet
  facet normal 0.725304 0.688428 0
    outer loop
      vertex -86.8639 -82.7336 -34.8275
      vertex -86.5484 -83.066 36
      vertex -86.5484 -83.066 -36
    endloop
  endfacet
  facet normal 0.430542 0.902571 -0
    outer loop
      vertex -49.1227 -109.476 34.6616
      vertex -54.4789 -106.921 38
      vertex -49.1227 -109.476 38
    endloop
  endfacet
  facet normal 0.428371 0.903603 -0
    outer loop
      vertex -48.8084 -109.625 -34.6565
      vertex -49.1227 -109.476 34.6616
      vertex -48.8084 -109.625 34.6565
    endloop
  endfacet
  facet normal 0.428371 0.903603 -0
    outer loop
      vertex -49.1227 -109.476 -34.6616
      vertex -49.1227 -109.476 34.6616
      vertex -48.8084 -109.625 -34.6565
    endloop
  endfacet
  facet normal 0.430542 0.902571 0
    outer loop
      vertex -49.1227 -109.476 34.6616
      vertex -49.1227 -109.476 -34.6616
      vertex -54.4789 -106.921 38
    endloop
  endfacet
  facet normal 0.430542 0.902571 0
    outer loop
      vertex -54.4789 -106.921 -38
      vertex -49.1227 -109.476 -34.6616
      vertex -49.1227 -109.476 -38
    endloop
  endfacet
  facet normal 0.430542 0.902571 0
    outer loop
      vertex -49.1227 -109.476 -34.6616
      vertex -54.4789 -106.921 -38
      vertex -54.4789 -106.921 38
    endloop
  endfacet
  facet normal 0.430422 -0.902628 0
    outer loop
      vertex -54.4789 106.921 -38
      vertex -48.8084 109.625 38
      vertex -54.4789 106.921 38
    endloop
  endfacet
  facet normal 0.430422 -0.902628 0
    outer loop
      vertex -48.8084 109.625 38
      vertex -54.4789 106.921 -38
      vertex -48.8084 109.625 -38
    endloop
  endfacet
  facet normal -0.902571 0.430542 0
    outer loop
      vertex 106.921 -54.4789 -38
      vertex 109.476 -49.1227 -34.6616
      vertex 109.476 -49.1227 -38
    endloop
  endfacet
  facet normal -0.902571 0.430542 0
    outer loop
      vertex 109.476 -49.1227 -34.6616
      vertex 106.921 -54.4789 -38
      vertex 109.476 -49.1227 34.6616
    endloop
  endfacet
  facet normal -0.902571 0.430542 0
    outer loop
      vertex 106.921 -54.4789 38
      vertex 109.476 -49.1227 34.6616
      vertex 106.921 -54.4789 -38
    endloop
  endfacet
  facet normal -0.902571 0.430542 0
    outer loop
      vertex 109.476 -49.1227 34.6616
      vertex 106.921 -54.4789 38
      vertex 109.476 -49.1227 38
    endloop
  endfacet
  facet normal -0.903603 0.428371 0
    outer loop
      vertex 109.476 -49.1227 -34.6616
      vertex 109.625 -48.8084 34.6565
      vertex 109.625 -48.8084 -34.6565
    endloop
  endfacet
  facet normal -0.903603 0.428371 0
    outer loop
      vertex 109.625 -48.8084 34.6565
      vertex 109.476 -49.1227 -34.6616
      vertex 109.476 -49.1227 34.6616
    endloop
  endfacet
  facet normal -0.608766 0.79335 0
    outer loop
      vertex 75.5184 -93.2575 34.6729
      vertex 71.3884 -96.4266 -34.6299
      vertex 71.3884 -96.4266 34.6299
    endloop
  endfacet
  facet normal -0.608766 0.79335 0
    outer loop
      vertex 71.3884 -96.4266 -34.6299
      vertex 75.5184 -93.2575 34.6729
      vertex 75.5184 -93.2575 -34.6729
    endloop
  endfacet
  facet normal -0.608732 0.793376 0
    outer loop
      vertex 71.3884 -96.4266 -34.6299
      vertex 70.5342 -97.082 34.6565
      vertex 71.3884 -96.4266 34.6299
    endloop
  endfacet
  facet normal -0.608732 0.793376 0
    outer loop
      vertex 70.5342 -97.082 34.6565
      vertex 71.3884 -96.4266 -34.6299
      vertex 70.5342 -97.082 -34.6565
    endloop
  endfacet
  facet normal -0.130435 0.991457 0
    outer loop
      vertex 18.7721 -118.523 34.6729
      vertex 13.6109 -119.202 -34.6299
      vertex 13.6109 -119.202 34.6299
    endloop
  endfacet
  facet normal -0.130435 0.991457 0
    outer loop
      vertex 13.6109 -119.202 -34.6299
      vertex 18.7721 -118.523 34.6729
      vertex 18.7721 -118.523 -34.6729
    endloop
  endfacet
  facet normal -0.130947 0.991389 0
    outer loop
      vertex 13.6109 -119.202 -34.6299
      vertex 12.5434 -119.343 34.6565
      vertex 13.6109 -119.202 34.6299
    endloop
  endfacet
  facet normal -0.130947 0.991389 0
    outer loop
      vertex 12.5434 -119.343 34.6565
      vertex 13.6109 -119.202 -34.6299
      vertex 12.5434 -119.343 -34.6565
    endloop
  endfacet
  facet normal 0.233431 -0.972373 0
    outer loop
      vertex -31.0583 115.911 38
      vertex -28.6631 116.486 36
      vertex -28.6631 116.486 38
    endloop
  endfacet
  facet normal 0.233428 -0.972374 -4.51448e-06
    outer loop
      vertex -31.0583 115.911 38
      vertex -28.2174 116.593 34.8275
      vertex -28.6631 116.486 36
    endloop
  endfacet
  facet normal 0.232519 -0.972592 0
    outer loop
      vertex -28.2174 116.593 34.8275
      vertex -27.9246 116.663 -34.6272
      vertex -27.9246 116.663 34.6272
    endloop
  endfacet
  facet normal 0.233433 -0.972373 0
    outer loop
      vertex -28.2174 116.593 -34.8275
      vertex -28.2174 116.593 34.8275
      vertex -31.0583 115.911 38
    endloop
  endfacet
  facet normal 0.232519 -0.972592 0
    outer loop
      vertex -28.2174 116.593 34.8275
      vertex -28.2174 116.593 -34.8275
      vertex -27.9246 116.663 -34.6272
    endloop
  endfacet
  facet normal 0.233433 -0.972373 0
    outer loop
      vertex -31.0583 115.911 -38
      vertex -28.2174 116.593 -34.8275
      vertex -31.0583 115.911 38
    endloop
  endfacet
  facet normal 0.233428 -0.972374 4.51448e-06
    outer loop
      vertex -28.2174 116.593 -34.8275
      vertex -31.0583 115.911 -38
      vertex -28.6631 116.486 -36
    endloop
  endfacet
  facet normal 0.233431 -0.972373 0
    outer loop
      vertex -28.6631 116.486 -36
      vertex -31.0583 115.911 -38
      vertex -28.6631 116.486 -38
    endloop
  endfacet
  facet normal 0.233667 -0.972317 0
    outer loop
      vertex -27.9246 116.663 -34.6272
      vertex -24.9494 117.378 34.6625
      vertex -27.9246 116.663 34.6272
    endloop
  endfacet
  facet normal 0.233667 -0.972317 0
    outer loop
      vertex -24.9494 117.378 34.6625
      vertex -27.9246 116.663 -34.6272
      vertex -24.9494 117.378 -34.6625
    endloop
  endfacet
  facet normal 0.972356 -0.233503 0
    outer loop
      vertex -117.378 24.9494 38
      vertex -115.911 31.0583 -38
      vertex -115.911 31.0583 38
    endloop
  endfacet
  facet normal 0.972356 -0.233503 0
    outer loop
      vertex -115.911 31.0583 -38
      vertex -117.378 24.9494 38
      vertex -117.378 24.9494 -38
    endloop
  endfacet
  facet normal -0.477194 0.878798 0
    outer loop
      vertex 60 -103.923 -38
      vertex 54.4789 -106.921 38
      vertex 60 -103.923 38
    endloop
  endfacet
  facet normal -0.477194 0.878798 0
    outer loop
      vertex 54.4789 -106.921 38
      vertex 60 -103.923 -38
      vertex 54.4789 -106.921 -38
    endloop
  endfacet
  facet normal 0.477194 0.878798 -0
    outer loop
      vertex -54.4789 -106.921 -38
      vertex -60 -103.923 38
      vertex -54.4789 -106.921 38
    endloop
  endfacet
  facet normal 0.477194 0.878798 0
    outer loop
      vertex -60 -103.923 38
      vertex -54.4789 -106.921 -38
      vertex -60 -103.923 -38
    endloop
  endfacet
  facet normal -0.382821 -0.923822 0
    outer loop
      vertex 43.0042 112.03 34.6729
      vertex 47.8137 110.037 -34.6299
      vertex 47.8137 110.037 34.6299
    endloop
  endfacet
  facet normal -0.382821 -0.923822 0
    outer loop
      vertex 47.8137 110.037 -34.6299
      vertex 43.0042 112.03 34.6729
      vertex 43.0042 112.03 -34.6729
    endloop
  endfacet
  facet normal -0.382669 -0.923886 0
    outer loop
      vertex 47.8137 110.037 -34.6299
      vertex 48.8084 109.625 34.6565
      vertex 47.8137 110.037 34.6299
    endloop
  endfacet
  facet normal -0.382669 -0.923886 -0
    outer loop
      vertex 48.8084 109.625 34.6565
      vertex 47.8137 110.037 -34.6299
      vertex 48.8084 109.625 -34.6565
    endloop
  endfacet
  facet normal 0.60876 0.793354 -0
    outer loop
      vertex -70.5342 -97.082 -38
      vertex -75.5184 -93.2575 38
      vertex -70.5342 -97.082 38
    endloop
  endfacet
  facet normal 0.60876 0.793354 0
    outer loop
      vertex -75.5184 -93.2575 38
      vertex -70.5342 -97.082 -38
      vertex -75.5184 -93.2575 -38
    endloop
  endfacet
  facet normal -0.760414 -0.649439 0
    outer loop
      vertex 93.2575 75.5184 -34.6729
      vertex 89.1774 80.2957 34.6625
      vertex 89.1774 80.2957 -34.6625
    endloop
  endfacet
  facet normal -0.760414 -0.649439 0
    outer loop
      vertex 89.1774 80.2957 34.6625
      vertex 93.2575 75.5184 -34.6729
      vertex 93.2575 75.5184 34.6729
    endloop
  endfacet
  facet normal 0.566347 -0.824167 0
    outer loop
      vertex -70.2473 97.2793 34.6616
      vertex -65.3567 100.64 38
      vertex -70.2473 97.2793 38
    endloop
  endfacet
  facet normal 0.566639 -0.823966 0
    outer loop
      vertex -70.5342 97.082 -34.6565
      vertex -70.2473 97.2793 34.6616
      vertex -70.5342 97.082 34.6565
    endloop
  endfacet
  facet normal 0.566639 -0.823966 0
    outer loop
      vertex -70.2473 97.2793 -34.6616
      vertex -70.2473 97.2793 34.6616
      vertex -70.5342 97.082 -34.6565
    endloop
  endfacet
  facet normal 0.566347 -0.824167 0
    outer loop
      vertex -70.2473 97.2793 34.6616
      vertex -70.2473 97.2793 -34.6616
      vertex -65.3567 100.64 38
    endloop
  endfacet
  facet normal 0.566347 -0.824167 0
    outer loop
      vertex -65.3567 100.64 -38
      vertex -70.2473 97.2793 -34.6616
      vertex -70.2473 97.2793 -38
    endloop
  endfacet
  facet normal 0.566347 -0.824167 0
    outer loop
      vertex -70.2473 97.2793 -34.6616
      vertex -65.3567 100.64 -38
      vertex -65.3567 100.64 38
    endloop
  endfacet
  facet normal 0.130522 0.991445 -0
    outer loop
      vertex -12.5434 -119.343 -38
      vertex -18.7721 -118.523 38
      vertex -12.5434 -119.343 38
    endloop
  endfacet
  facet normal 0.130522 0.991445 0
    outer loop
      vertex -18.7721 -118.523 38
      vertex -12.5434 -119.343 -38
      vertex -18.7721 -118.523 -38
    endloop
  endfacet
  facet normal 0.852611 -0.522546 0
    outer loop
      vertex -103.923 60 38
      vertex -100.64 65.3567 -38
      vertex -100.64 65.3567 38
    endloop
  endfacet
  facet normal 0.852611 -0.522546 0
    outer loop
      vertex -100.64 65.3567 -38
      vertex -103.923 60 38
      vertex -103.923 60 -38
    endloop
  endfacet
  facet normal 0.725369 -0.688361 0
    outer loop
      vertex -89.1774 80.2957 38
      vertex -84.8528 84.8528 -38
      vertex -84.8528 84.8528 38
    endloop
  endfacet
  facet normal 0.725369 -0.688361 0
    outer loop
      vertex -84.8528 84.8528 -38
      vertex -89.1774 80.2957 38
      vertex -89.1774 80.2957 -38
    endloop
  endfacet
  facet normal 0.566363 0.824156 -0
    outer loop
      vertex -65.3567 -100.64 -38
      vertex -70.5342 -97.082 38
      vertex -65.3567 -100.64 38
    endloop
  endfacet
  facet normal 0.566363 0.824156 0
    outer loop
      vertex -70.5342 -97.082 38
      vertex -65.3567 -100.64 -38
      vertex -70.5342 -97.082 -38
    endloop
  endfacet
  facet normal -0.0784724 -0.996916 0
    outer loop
      vertex 6.28031 119.836 -38
      vertex 12.5434 119.343 38
      vertex 6.28031 119.836 38
    endloop
  endfacet
  facet normal -0.0784724 -0.996916 -0
    outer loop
      vertex 12.5434 119.343 38
      vertex 6.28031 119.836 -38
      vertex 12.5434 119.343 -38
    endloop
  endfacet
  facet normal 0.824156 -0.566363 0
    outer loop
      vertex -100.64 65.3567 38
      vertex -97.082 70.5342 -38
      vertex -97.082 70.5342 38
    endloop
  endfacet
  facet normal 0.824156 -0.566363 0
    outer loop
      vertex -97.082 70.5342 -38
      vertex -100.64 65.3567 38
      vertex -100.64 65.3567 -38
    endloop
  endfacet
  facet normal 0.283971 -0.958833 0
    outer loop
      vertex -37.082 114.127 -38
      vertex -31.0583 115.911 38
      vertex -37.082 114.127 38
    endloop
  endfacet
  facet normal 0.283971 -0.958833 0
    outer loop
      vertex -31.0583 115.911 38
      vertex -37.082 114.127 -38
      vertex -31.0583 115.911 -38
    endloop
  endfacet
  facet normal 0.688361 0.725369 -0
    outer loop
      vertex -80.2957 -89.1774 -38
      vertex -84.8528 -84.8528 38
      vertex -80.2957 -89.1774 38
    endloop
  endfacet
  facet normal 0.688361 0.725369 0
    outer loop
      vertex -84.8528 -84.8528 38
      vertex -80.2957 -89.1774 -38
      vertex -84.8528 -84.8528 -38
    endloop
  endfacet
  facet normal 0.991445 -0.130522 0
    outer loop
      vertex -119.343 12.5434 38
      vertex -118.523 18.7721 -38
      vertex -118.523 18.7721 38
    endloop
  endfacet
  facet normal 0.991445 -0.130522 0
    outer loop
      vertex -118.523 18.7721 -38
      vertex -119.343 12.5434 38
      vertex -119.343 12.5434 -38
    endloop
  endfacet
  facet normal -0.233503 -0.972356 0
    outer loop
      vertex 24.9494 117.378 -38
      vertex 31.0583 115.911 38
      vertex 24.9494 117.378 38
    endloop
  endfacet
  facet normal -0.233503 -0.972356 -0
    outer loop
      vertex 31.0583 115.911 38
      vertex 24.9494 117.378 -38
      vertex 31.0583 115.911 -38
    endloop
  endfacet
  facet normal -0.333784 0.94265 0
    outer loop
      vertex 43.0042 -112.03 -38
      vertex 37.082 -114.127 38
      vertex 43.0042 -112.03 38
    endloop
  endfacet
  facet normal -0.333784 0.94265 0
    outer loop
      vertex 37.082 -114.127 38
      vertex 43.0042 -112.03 -38
      vertex 37.082 -114.127 -38
    endloop
  endfacet
  facet normal 0.522546 0.852611 -0
    outer loop
      vertex -60 -103.923 -38
      vertex -65.3567 -100.64 38
      vertex -60 -103.923 38
    endloop
  endfacet
  facet normal 0.522546 0.852611 0
    outer loop
      vertex -65.3567 -100.64 38
      vertex -60 -103.923 -38
      vertex -65.3567 -100.64 -38
    endloop
  endfacet
  facet normal -0.382795 0.923833 0
    outer loop
      vertex 48.8084 -109.625 -38
      vertex 43.0042 -112.03 38
      vertex 48.8084 -109.625 38
    endloop
  endfacet
  facet normal -0.382795 0.923833 0
    outer loop
      vertex 43.0042 -112.03 38
      vertex 48.8084 -109.625 -38
      vertex 43.0042 -112.03 -38
    endloop
  endfacet
  facet normal -0.688352 0.725376 0
    outer loop
      vertex 84.8528 -84.8528 38
      vertex 83.066 -86.5484 36
      vertex 83.066 -86.5484 38
    endloop
  endfacet
  facet normal -0.688317 0.72541 -5.98294e-05
    outer loop
      vertex 84.8528 -84.8528 38
      vertex 82.7336 -86.8639 34.8275
      vertex 83.066 -86.5484 36
    endloop
  endfacet
  facet normal -0.688269 0.725455 0
    outer loop
      vertex 82.7336 -86.8639 34.8275
      vertex 82.5151 -87.0712 -34.6272
      vertex 82.5151 -87.0712 34.6272
    endloop
  endfacet
  facet normal -0.688364 0.725365 0
    outer loop
      vertex 82.7336 -86.8639 -34.8275
      vertex 82.7336 -86.8639 34.8275
      vertex 84.8528 -84.8528 38
    endloop
  endfacet
  facet normal -0.688269 0.725455 0
    outer loop
      vertex 82.7336 -86.8639 34.8275
      vertex 82.7336 -86.8639 -34.8275
      vertex 82.5151 -87.0712 -34.6272
    endloop
  endfacet
  facet normal -0.688364 0.725365 0
    outer loop
      vertex 84.8528 -84.8528 -38
      vertex 82.7336 -86.8639 -34.8275
      vertex 84.8528 -84.8528 38
    endloop
  endfacet
  facet normal -0.688317 0.72541 5.98294e-05
    outer loop
      vertex 82.7336 -86.8639 -34.8275
      vertex 84.8528 -84.8528 -38
      vertex 83.066 -86.5484 -36
    endloop
  endfacet
  facet normal -0.688352 0.725376 0
    outer loop
      vertex 83.066 -86.5484 -36
      vertex 84.8528 -84.8528 -38
      vertex 83.066 -86.5484 -38
    endloop
  endfacet
  facet normal -0.688366 0.725363 0
    outer loop
      vertex 82.5151 -87.0712 -34.6272
      vertex 80.2957 -89.1774 34.6625
      vertex 82.5151 -87.0712 34.6272
    endloop
  endfacet
  facet normal -0.688366 0.725363 0
    outer loop
      vertex 80.2957 -89.1774 34.6625
      vertex 82.5151 -87.0712 -34.6272
      vertex 80.2957 -89.1774 -34.6625
    endloop
  endfacet
  facet normal -0.284166 -0.958775 0
    outer loop
      vertex 31.0583 115.911 38
      vertex 33.4201 115.211 36
      vertex 33.4201 115.211 38
    endloop
  endfacet
  facet normal -0.284381 -0.958711 -0.000276901
    outer loop
      vertex 31.0583 115.911 38
      vertex 33.8595 115.081 34.8275
      vertex 33.4201 115.211 36
    endloop
  endfacet
  facet normal -0.282346 -0.959313 0
    outer loop
      vertex 33.8595 115.081 34.8275
      vertex 34.1483 114.996 -34.6272
      vertex 34.1483 114.996 34.6272
    endloop
  endfacet
  facet normal -0.284093 -0.958797 0
    outer loop
      vertex 33.8595 115.081 -34.8275
      vertex 33.8595 115.081 34.8275
      vertex 31.0583 115.911 38
    endloop
  endfacet
  facet normal -0.282346 -0.959313 -0
    outer loop
      vertex 33.8595 115.081 34.8275
      vertex 33.8595 115.081 -34.8275
      vertex 34.1483 114.996 -34.6272
    endloop
  endfacet
  facet normal -0.284093 -0.958797 0
    outer loop
      vertex 31.0583 115.911 -38
      vertex 33.8595 115.081 -34.8275
      vertex 31.0583 115.911 38
    endloop
  endfacet
  facet normal -0.284381 -0.958711 0.000276901
    outer loop
      vertex 33.8595 115.081 -34.8275
      vertex 31.0583 115.911 -38
      vertex 33.4201 115.211 -36
    endloop
  endfacet
  facet normal -0.284166 -0.958775 -0
    outer loop
      vertex 33.4201 115.211 -36
      vertex 31.0583 115.911 -38
      vertex 33.4201 115.211 -38
    endloop
  endfacet
  facet normal -0.284015 -0.95882 0
    outer loop
      vertex 34.1483 114.996 -34.6272
      vertex 37.082 114.127 34.6625
      vertex 34.1483 114.996 34.6272
    endloop
  endfacet
  facet normal -0.284015 -0.95882 -0
    outer loop
      vertex 37.082 114.127 34.6625
      vertex 34.1483 114.996 -34.6272
      vertex 37.082 114.127 -34.6625
    endloop
  endfacet
  facet normal 0.477194 -0.878798 0
    outer loop
      vertex -60 103.923 -38
      vertex -54.4789 106.921 38
      vertex -60 103.923 38
    endloop
  endfacet
  facet normal 0.477194 -0.878798 0
    outer loop
      vertex -54.4789 106.921 38
      vertex -60 103.923 -38
      vertex -54.4789 106.921 -38
    endloop
  endfacet
  facet normal -0 0 1
    outer loop
      vertex -118.523 18.7721 -38
      vertex -112.596 17.8335 -38
      vertex -117.378 24.9494 -38
    endloop
  endfacet
  facet normal 0 0 1
    outer loop
      vertex -111.509 23.7019 -38
      vertex -117.378 24.9494 -38
      vertex -112.596 17.8335 -38
    endloop
  endfacet
  facet normal -0 0 1
    outer loop
      vertex -117.378 24.9494 -38
      vertex -111.509 23.7019 -38
      vertex -115.911 31.0583 -38
    endloop
  endfacet
  facet normal 0 0 1
    outer loop
      vertex -110.116 29.5054 -38
      vertex -115.911 31.0583 -38
      vertex -111.509 23.7019 -38
    endloop
  endfacet
  facet normal 0 0 1
    outer loop
      vertex -109.565 31.3649 -38
      vertex -115.911 31.0583 -38
      vertex -110.116 29.5054 -38
    endloop
  endfacet
  facet normal 0 0 1
    outer loop
      vertex -115.911 31.0583 -38
      vertex -109.565 31.3649 -38
      vertex -115.211 33.4201 -38
    endloop
  endfacet
  facet normal 0 0 1
    outer loop
      vertex -112.596 17.8335 -38
      vertex -118.523 18.7721 -38
      vertex -113.375 11.9162 -38
    endloop
  endfacet
  facet normal -0 0 1
    outer loop
      vertex -119.343 12.5434 -38
      vertex -113.375 11.9162 -38
      vertex -118.523 18.7721 -38
    endloop
  endfacet
  facet normal 0 0 1
    outer loop
      vertex -113.375 11.9162 -38
      vertex -119.343 12.5434 -38
      vertex -113.844 5.9663 -38
    endloop
  endfacet
  facet normal -0 0 1
    outer loop
      vertex -119.836 6.28031 -38
      vertex -113.844 5.9663 -38
      vertex -119.343 12.5434 -38
    endloop
  endfacet
  facet normal 0 0 1
    outer loop
      vertex -113.844 5.9663 -38
      vertex -119.836 6.28031 -38
      vertex -114 0 -38
    endloop
  endfacet
  facet normal 0 0 1
    outer loop
      vertex -120 0 -38
      vertex -114 0 -38
      vertex -119.836 6.28031 -38
    endloop
  endfacet
  facet normal 0 0 1
    outer loop
      vertex -114 0 -38
      vertex -120 0 -38
      vertex -113.844 -5.9663 -38
    endloop
  endfacet
  facet normal 0 -0 1
    outer loop
      vertex -119.836 -6.28031 -38
      vertex -113.844 -5.9663 -38
      vertex -120 0 -38
    endloop
  endfacet
  facet normal 0 0 1
    outer loop
      vertex -113.483 -10.5534 -38
      vertex -119.836 -6.28031 -38
      vertex -119.37 -12.1963 -38
    endloop
  endfacet
  facet normal 0 0 1
    outer loop
      vertex -113.844 -5.9663 -38
      vertex -119.836 -6.28031 -38
      vertex -113.483 -10.5534 -38
    endloop
  endfacet
  facet normal -0 0 1
    outer loop
      vertex -100.64 -65.3567 -38
      vertex -93.0023 -65.8809 -38
      vertex -95.6084 -62.0888 -38
    endloop
  endfacet
  facet normal 0 0 1
    outer loop
      vertex -100.64 -65.3567 -38
      vertex -95.6084 -62.0888 -38
      vertex -98.7269 -57 -38
    endloop
  endfacet
  facet normal 0 0 1
    outer loop
      vertex -93.0023 -65.8809 -38
      vertex -100.64 -65.3567 -38
      vertex -97.2793 -70.2473 -38
    endloop
  endfacet
  facet normal 0 0 1
    outer loop
      vertex -103.923 -60 -38
      vertex -98.7269 -57 -38
      vertex -101.575 -51.7549 -38
    endloop
  endfacet
  facet normal 0 0 1
    outer loop
      vertex -98.7269 -57 -38
      vertex -103.923 -60 -38
      vertex -100.64 -65.3567 -38
    endloop
  endfacet
  facet normal 0 0 1
    outer loop
      vertex -106.921 -54.4789 -38
      vertex -101.575 -51.7549 -38
      vertex -104.144 -46.368 -38
    endloop
  endfacet
  facet normal 0 0 1
    outer loop
      vertex -109.625 -48.8084 -38
      vertex -104.144 -46.368 -38
      vertex -106.428 -40.8539 -38
    endloop
  endfacet
  facet normal 0 0 1
    outer loop
      vertex -101.575 -51.7549 -38
      vertex -106.921 -54.4789 -38
      vertex -103.923 -60 -38
    endloop
  endfacet
  facet normal 0 0 1
    outer loop
      vertex -112.03 -43.0042 -38
      vertex -106.428 -40.8539 -38
      vertex -108.42 -35.2279 -38
    endloop
  endfacet
  facet normal 0 0 1
    outer loop
      vertex -104.144 -46.368 -38
      vertex -109.625 -48.8084 -38
      vertex -106.921 -54.4789 -38
    endloop
  endfacet
  facet normal 0 0 1
    outer loop
      vertex -114.127 -37.082 -38
      vertex -108.42 -35.2279 -38
      vertex -110.116 -29.5054 -38
    endloop
  endfacet
  facet normal 0 0 1
    outer loop
      vertex -115.911 -31.0583 -38
      vertex -110.116 -29.5054 -38
      vertex -110.568 -27.6196 -38
    endloop
  endfacet
  facet normal 0 0 1
    outer loop
      vertex -106.428 -40.8539 -38
      vertex -112.03 -43.0042 -38
      vertex -109.625 -48.8084 -38
    endloop
  endfacet
  facet normal 0 0 1
    outer loop
      vertex -108.42 -35.2279 -38
      vertex -114.127 -37.082 -38
      vertex -112.03 -43.0042 -38
    endloop
  endfacet
  facet normal 0 0 1
    outer loop
      vertex -110.116 -29.5054 -38
      vertex -115.911 -31.0583 -38
      vertex -114.127 -37.082 -38
    endloop
  endfacet
  facet normal 0 -0 1
    outer loop
      vertex -115.911 -31.0583 -38
      vertex -110.568 -27.6196 -38
      vertex -116.486 -28.6631 -38
    endloop
  endfacet
  facet normal -0 0 1
    outer loop
      vertex -84.8528 84.8528 -38
      vertex -79.2034 81.9451 -38
      vertex -83.066 86.5484 -38
    endloop
  endfacet
  facet normal 0 0 1
    outer loop
      vertex -79.2034 81.9451 -38
      vertex -84.8528 84.8528 -38
      vertex -80.6102 80.6102 -38
    endloop
  endfacet
  facet normal 0 0 1
    outer loop
      vertex -80.6102 80.6102 -38
      vertex -84.8528 84.8528 -38
      vertex -84.7185 76.2809 -38
    endloop
  endfacet
  facet normal -0 0 1
    outer loop
      vertex -89.1774 80.2957 -38
      vertex -84.7185 76.2809 -38
      vertex -84.8528 84.8528 -38
    endloop
  endfacet
  facet normal 0 0 1
    outer loop
      vertex -84.7185 76.2809 -38
      vertex -89.1774 80.2957 -38
      vertex -88.5946 71.7425 -38
    endloop
  endfacet
  facet normal -0 0 1
    outer loop
      vertex -93.2575 75.5184 -38
      vertex -88.5946 71.7425 -38
      vertex -89.1774 80.2957 -38
    endloop
  endfacet
  facet normal 0 0 1
    outer loop
      vertex -88.5946 71.7425 -38
      vertex -93.2575 75.5184 -38
      vertex -92.2279 67.0075 -38
    endloop
  endfacet
  facet normal -0 0 1
    outer loop
      vertex -97.082 70.5342 -38
      vertex -92.2279 67.0075 -38
      vertex -93.2575 75.5184 -38
    endloop
  endfacet
  facet normal 0 0 1
    outer loop
      vertex -92.2279 67.0075 -38
      vertex -97.082 70.5342 -38
      vertex -95.6084 62.0888 -38
    endloop
  endfacet
  facet normal -0 0 1
    outer loop
      vertex -100.64 65.3567 -38
      vertex -95.6084 62.0888 -38
      vertex -97.082 70.5342 -38
    endloop
  endfacet
  facet normal 0 0 1
    outer loop
      vertex -95.6084 62.0888 -38
      vertex -100.64 65.3567 -38
      vertex -98.7269 57 -38
    endloop
  endfacet
  facet normal -0 0 1
    outer loop
      vertex -103.923 60 -38
      vertex -98.7269 57 -38
      vertex -100.64 65.3567 -38
    endloop
  endfacet
  facet normal 0 0 1
    outer loop
      vertex -98.7269 57 -38
      vertex -103.923 60 -38
      vertex -101.575 51.7549 -38
    endloop
  endfacet
  facet normal -0 0 1
    outer loop
      vertex -106.921 54.4789 -38
      vertex -101.575 51.7549 -38
      vertex -103.923 60 -38
    endloop
  endfacet
  facet normal 0 0 1
    outer loop
      vertex -101.575 51.7549 -38
      vertex -106.921 54.4789 -38
      vertex -103.556 47.6019 -38
    endloop
  endfacet
  facet normal 0 0 1
    outer loop
      vertex -103.556 47.6019 -38
      vertex -106.921 54.4789 -38
      vertex -109.476 49.1227 -38
    endloop
  endfacet
  facet normal 0 0 1
    outer loop
      vertex -54.4789 -106.921 -38
      vertex -47.6019 -103.556 -38
      vertex -51.7549 -101.575 -38
    endloop
  endfacet
  facet normal 0 0 1
    outer loop
      vertex -47.6019 -103.556 -38
      vertex -54.4789 -106.921 -38
      vertex -49.1227 -109.476 -38
    endloop
  endfacet
  facet normal 0 0 1
    outer loop
      vertex -57 -98.7269 -38
      vertex -54.4789 -106.921 -38
      vertex -51.7549 -101.575 -38
    endloop
  endfacet
  facet normal 0 0 1
    outer loop
      vertex -57 -98.7269 -38
      vertex -60 -103.923 -38
      vertex -54.4789 -106.921 -38
    endloop
  endfacet
  facet normal 0 0 1
    outer loop
      vertex -62.0888 -95.6084 -38
      vertex -60 -103.923 -38
      vertex -57 -98.7269 -38
    endloop
  endfacet
  facet normal 0 0 1
    outer loop
      vertex -62.0888 -95.6084 -38
      vertex -65.3567 -100.64 -38
      vertex -60 -103.923 -38
    endloop
  endfacet
  facet normal 0 0 1
    outer loop
      vertex -67.0075 -92.2279 -38
      vertex -65.3567 -100.64 -38
      vertex -62.0888 -95.6084 -38
    endloop
  endfacet
  facet normal 0 0 1
    outer loop
      vertex -67.0075 -92.2279 -38
      vertex -70.5342 -97.082 -38
      vertex -65.3567 -100.64 -38
    endloop
  endfacet
  facet normal 0 0 1
    outer loop
      vertex -71.7425 -88.5946 -38
      vertex -70.5342 -97.082 -38
      vertex -67.0075 -92.2279 -38
    endloop
  endfacet
  facet normal 0 0 1
    outer loop
      vertex -71.7425 -88.5946 -38
      vertex -75.5184 -93.2575 -38
      vertex -70.5342 -97.082 -38
    endloop
  endfacet
  facet normal 0 0 1
    outer loop
      vertex -76.2809 -84.7185 -38
      vertex -75.5184 -93.2575 -38
      vertex -71.7425 -88.5946 -38
    endloop
  endfacet
  facet normal 0 0 1
    outer loop
      vertex -76.2809 -84.7185 -38
      vertex -80.2957 -89.1774 -38
      vertex -75.5184 -93.2575 -38
    endloop
  endfacet
  facet normal 0 0 1
    outer loop
      vertex -80.6102 -80.6102 -38
      vertex -80.2957 -89.1774 -38
      vertex -76.2809 -84.7185 -38
    endloop
  endfacet
  facet normal 0 0 1
    outer loop
      vertex -84.8528 -84.8528 -38
      vertex -80.6102 -80.6102 -38
      vertex -81.9451 -79.2034 -38
    endloop
  endfacet
  facet normal 0 0 1
    outer loop
      vertex -80.6102 -80.6102 -38
      vertex -84.8528 -84.8528 -38
      vertex -80.2957 -89.1774 -38
    endloop
  endfacet
  facet normal 0 -0 1
    outer loop
      vertex -84.8528 -84.8528 -38
      vertex -81.9451 -79.2034 -38
      vertex -86.5484 -83.066 -38
    endloop
  endfacet
  facet normal -0 0 1
    outer loop
      vertex -31.0583 115.911 -38
      vertex -27.6196 110.568 -38
      vertex -28.6631 116.486 -38
    endloop
  endfacet
  facet normal 0 0 1
    outer loop
      vertex -27.6196 110.568 -38
      vertex -31.0583 115.911 -38
      vertex -29.5054 110.116 -38
    endloop
  endfacet
  facet normal 0 0 1
    outer loop
      vertex -31.0583 115.911 -38
      vertex -35.2279 108.42 -38
      vertex -29.5054 110.116 -38
    endloop
  endfacet
  facet normal -0 0 1
    outer loop
      vertex -37.082 114.127 -38
      vertex -35.2279 108.42 -38
      vertex -31.0583 115.911 -38
    endloop
  endfacet
  facet normal 0 0 1
    outer loop
      vertex -37.082 114.127 -38
      vertex -40.8539 106.428 -38
      vertex -35.2279 108.42 -38
    endloop
  endfacet
  facet normal -0 0 1
    outer loop
      vertex -43.0042 112.03 -38
      vertex -40.8539 106.428 -38
      vertex -37.082 114.127 -38
    endloop
  endfacet
  facet normal 0 0 1
    outer loop
      vertex -43.0042 112.03 -38
      vertex -46.368 104.144 -38
      vertex -40.8539 106.428 -38
    endloop
  endfacet
  facet normal -0 0 1
    outer loop
      vertex -48.8084 109.625 -38
      vertex -46.368 104.144 -38
      vertex -43.0042 112.03 -38
    endloop
  endfacet
  facet normal 0 0 1
    outer loop
      vertex -48.8084 109.625 -38
      vertex -51.7549 101.575 -38
      vertex -46.368 104.144 -38
    endloop
  endfacet
  facet normal -0 0 1
    outer loop
      vertex -54.4789 106.921 -38
      vertex -51.7549 101.575 -38
      vertex -48.8084 109.625 -38
    endloop
  endfacet
  facet normal 0 0 1
    outer loop
      vertex -54.4789 106.921 -38
      vertex -57 98.7269 -38
      vertex -51.7549 101.575 -38
    endloop
  endfacet
  facet normal -0 0 1
    outer loop
      vertex -60 103.923 -38
      vertex -57 98.7269 -38
      vertex -54.4789 106.921 -38
    endloop
  endfacet
  facet normal 0 0 1
    outer loop
      vertex -60 103.923 -38
      vertex -62.0888 95.6084 -38
      vertex -57 98.7269 -38
    endloop
  endfacet
  facet normal -0 0 1
    outer loop
      vertex -65.3567 100.64 -38
      vertex -62.0888 95.6084 -38
      vertex -60 103.923 -38
    endloop
  endfacet
  facet normal 0 0 1
    outer loop
      vertex -65.3567 100.64 -38
      vertex -65.8809 93.0023 -38
      vertex -62.0888 95.6084 -38
    endloop
  endfacet
  facet normal 0 -0 1
    outer loop
      vertex -65.8809 93.0023 -38
      vertex -65.3567 100.64 -38
      vertex -70.2473 97.2793 -38
    endloop
  endfacet
  facet normal 0 0 1
    outer loop
      vertex 10.5534 -113.483 -38
      vertex 6.28031 -119.836 -38
      vertex 12.1963 -119.37 -38
    endloop
  endfacet
  facet normal -0 0 1
    outer loop
      vertex 5.9663 -113.844 -38
      vertex 6.28031 -119.836 -38
      vertex 10.5534 -113.483 -38
    endloop
  endfacet
  facet normal -0 0 1
    outer loop
      vertex 0 -114 -38
      vertex 6.28031 -119.836 -38
      vertex 5.9663 -113.844 -38
    endloop
  endfacet
  facet normal 0 0 1
    outer loop
      vertex 0 -114 -38
      vertex 0 -120 -38
      vertex 6.28031 -119.836 -38
    endloop
  endfacet
  facet normal 0 0 1
    outer loop
      vertex -5.9663 -113.844 -38
      vertex 0 -120 -38
      vertex 0 -114 -38
    endloop
  endfacet
  facet normal 0 0 1
    outer loop
      vertex -5.9663 -113.844 -38
      vertex -6.28031 -119.836 -38
      vertex 0 -120 -38
    endloop
  endfacet
  facet normal 0 0 1
    outer loop
      vertex -11.9162 -113.375 -38
      vertex -6.28031 -119.836 -38
      vertex -5.9663 -113.844 -38
    endloop
  endfacet
  facet normal 0 0 1
    outer loop
      vertex -11.9162 -113.375 -38
      vertex -12.5434 -119.343 -38
      vertex -6.28031 -119.836 -38
    endloop
  endfacet
  facet normal 0 0 1
    outer loop
      vertex -17.8335 -112.596 -38
      vertex -12.5434 -119.343 -38
      vertex -11.9162 -113.375 -38
    endloop
  endfacet
  facet normal 0 0 1
    outer loop
      vertex -17.8335 -112.596 -38
      vertex -18.7721 -118.523 -38
      vertex -12.5434 -119.343 -38
    endloop
  endfacet
  facet normal 0 0 1
    outer loop
      vertex -23.7019 -111.509 -38
      vertex -18.7721 -118.523 -38
      vertex -17.8335 -112.596 -38
    endloop
  endfacet
  facet normal 0 0 1
    outer loop
      vertex -23.7019 -111.509 -38
      vertex -24.9494 -117.378 -38
      vertex -18.7721 -118.523 -38
    endloop
  endfacet
  facet normal 0 0 1
    outer loop
      vertex -29.5054 -110.116 -38
      vertex -24.9494 -117.378 -38
      vertex -23.7019 -111.509 -38
    endloop
  endfacet
  facet normal 0 0 1
    outer loop
      vertex -29.5054 -110.116 -38
      vertex -31.0583 -115.911 -38
      vertex -24.9494 -117.378 -38
    endloop
  endfacet
  facet normal 0 0 1
    outer loop
      vertex -31.3649 -109.565 -38
      vertex -31.0583 -115.911 -38
      vertex -29.5054 -110.116 -38
    endloop
  endfacet
  facet normal 0 0 1
    outer loop
      vertex -31.0583 -115.911 -38
      vertex -31.3649 -109.565 -38
      vertex -33.4201 -115.211 -38
    endloop
  endfacet
  facet normal 0 0 1
    outer loop
      vertex 31.0583 115.911 -38
      vertex 31.3649 109.565 -38
      vertex 33.4201 115.211 -38
    endloop
  endfacet
  facet normal 0 0 1
    outer loop
      vertex 31.0583 115.911 -38
      vertex 29.5054 110.116 -38
      vertex 31.3649 109.565 -38
    endloop
  endfacet
  facet normal 0 0 1
    outer loop
      vertex 24.9494 117.378 -38
      vertex 29.5054 110.116 -38
      vertex 31.0583 115.911 -38
    endloop
  endfacet
  facet normal 0 0 1
    outer loop
      vertex 24.9494 117.378 -38
      vertex 23.7019 111.509 -38
      vertex 29.5054 110.116 -38
    endloop
  endfacet
  facet normal 0 0 1
    outer loop
      vertex 18.7721 118.523 -38
      vertex 23.7019 111.509 -38
      vertex 24.9494 117.378 -38
    endloop
  endfacet
  facet normal 0 0 1
    outer loop
      vertex 18.7721 118.523 -38
      vertex 17.8335 112.596 -38
      vertex 23.7019 111.509 -38
    endloop
  endfacet
  facet normal 0 0 1
    outer loop
      vertex 12.5434 119.343 -38
      vertex 17.8335 112.596 -38
      vertex 18.7721 118.523 -38
    endloop
  endfacet
  facet normal 0 0 1
    outer loop
      vertex 12.5434 119.343 -38
      vertex 11.9162 113.375 -38
      vertex 17.8335 112.596 -38
    endloop
  endfacet
  facet normal 0 0 1
    outer loop
      vertex 6.28031 119.836 -38
      vertex 11.9162 113.375 -38
      vertex 12.5434 119.343 -38
    endloop
  endfacet
  facet normal 0 0 1
    outer loop
      vertex 6.28031 119.836 -38
      vertex 5.9663 113.844 -38
      vertex 11.9162 113.375 -38
    endloop
  endfacet
  facet normal 0 0 1
    outer loop
      vertex 0 120 -38
      vertex 5.9663 113.844 -38
      vertex 6.28031 119.836 -38
    endloop
  endfacet
  facet normal 0 0 1
    outer loop
      vertex 0 120 -38
      vertex 0 114 -38
      vertex 5.9663 113.844 -38
    endloop
  endfacet
  facet normal 0 0 1
    outer loop
      vertex 0 120 -38
      vertex -5.9663 113.844 -38
      vertex 0 114 -38
    endloop
  endfacet
  facet normal -0 0 1
    outer loop
      vertex -6.28031 119.836 -38
      vertex -5.9663 113.844 -38
      vertex 0 120 -38
    endloop
  endfacet
  facet normal 0 0 1
    outer loop
      vertex -6.28031 119.836 -38
      vertex -10.5534 113.483 -38
      vertex -5.9663 113.844 -38
    endloop
  endfacet
  facet normal 0 -0 1
    outer loop
      vertex -10.5534 113.483 -38
      vertex -6.28031 119.836 -38
      vertex -12.1963 119.37 -38
    endloop
  endfacet
  facet normal 0 0 1
    outer loop
      vertex 65.8809 -93.0023 -38
      vertex 65.3567 -100.64 -38
      vertex 70.2473 -97.2793 -38
    endloop
  endfacet
  facet normal -0 0 1
    outer loop
      vertex 62.0888 -95.6084 -38
      vertex 65.3567 -100.64 -38
      vertex 65.8809 -93.0023 -38
    endloop
  endfacet
  facet normal 0 0 1
    outer loop
      vertex 62.0888 -95.6084 -38
      vertex 60 -103.923 -38
      vertex 65.3567 -100.64 -38
    endloop
  endfacet
  facet normal -0 0 1
    outer loop
      vertex 57 -98.7269 -38
      vertex 60 -103.923 -38
      vertex 62.0888 -95.6084 -38
    endloop
  endfacet
  facet normal 0 0 1
    outer loop
      vertex 57 -98.7269 -38
      vertex 54.4789 -106.921 -38
      vertex 60 -103.923 -38
    endloop
  endfacet
  facet normal -0 0 1
    outer loop
      vertex 51.7549 -101.575 -38
      vertex 54.4789 -106.921 -38
      vertex 57 -98.7269 -38
    endloop
  endfacet
  facet normal 0 0 1
    outer loop
      vertex 51.7549 -101.575 -38
      vertex 48.8084 -109.625 -38
      vertex 54.4789 -106.921 -38
    endloop
  endfacet
  facet normal -0 0 1
    outer loop
      vertex 46.368 -104.144 -38
      vertex 48.8084 -109.625 -38
      vertex 51.7549 -101.575 -38
    endloop
  endfacet
  facet normal 0 0 1
    outer loop
      vertex 46.368 -104.144 -38
      vertex 43.0042 -112.03 -38
      vertex 48.8084 -109.625 -38
    endloop
  endfacet
  facet normal -0 0 1
    outer loop
      vertex 40.8539 -106.428 -38
      vertex 43.0042 -112.03 -38
      vertex 46.368 -104.144 -38
    endloop
  endfacet
  facet normal 0 0 1
    outer loop
      vertex 40.8539 -106.428 -38
      vertex 37.082 -114.127 -38
      vertex 43.0042 -112.03 -38
    endloop
  endfacet
  facet normal -0 0 1
    outer loop
      vertex 35.2279 -108.42 -38
      vertex 37.082 -114.127 -38
      vertex 40.8539 -106.428 -38
    endloop
  endfacet
  facet normal 0 0 1
    outer loop
      vertex 35.2279 -108.42 -38
      vertex 31.0583 -115.911 -38
      vertex 37.082 -114.127 -38
    endloop
  endfacet
  facet normal -0 0 1
    outer loop
      vertex 29.5054 -110.116 -38
      vertex 31.0583 -115.911 -38
      vertex 35.2279 -108.42 -38
    endloop
  endfacet
  facet normal -0 0 1
    outer loop
      vertex 27.6196 -110.568 -38
      vertex 31.0583 -115.911 -38
      vertex 29.5054 -110.116 -38
    endloop
  endfacet
  facet normal 0 0 1
    outer loop
      vertex 31.0583 -115.911 -38
      vertex 27.6196 -110.568 -38
      vertex 28.6631 -116.486 -38
    endloop
  endfacet
  facet normal 0 0 1
    outer loop
      vertex 84.8528 84.8528 -38
      vertex 81.9451 79.2034 -38
      vertex 86.5484 83.066 -38
    endloop
  endfacet
  facet normal 0 0 1
    outer loop
      vertex 84.8528 84.8528 -38
      vertex 80.6102 80.6102 -38
      vertex 81.9451 79.2034 -38
    endloop
  endfacet
  facet normal 0 0 1
    outer loop
      vertex 80.2957 89.1774 -38
      vertex 80.6102 80.6102 -38
      vertex 84.8528 84.8528 -38
    endloop
  endfacet
  facet normal 0 0 1
    outer loop
      vertex 80.2957 89.1774 -38
      vertex 76.2809 84.7185 -38
      vertex 80.6102 80.6102 -38
    endloop
  endfacet
  facet normal 0 0 1
    outer loop
      vertex 75.5184 93.2575 -38
      vertex 76.2809 84.7185 -38
      vertex 80.2957 89.1774 -38
    endloop
  endfacet
  facet normal 0 0 1
    outer loop
      vertex 75.5184 93.2575 -38
      vertex 71.7425 88.5946 -38
      vertex 76.2809 84.7185 -38
    endloop
  endfacet
  facet normal 0 0 1
    outer loop
      vertex 70.5342 97.082 -38
      vertex 71.7425 88.5946 -38
      vertex 75.5184 93.2575 -38
    endloop
  endfacet
  facet normal 0 0 1
    outer loop
      vertex 70.5342 97.082 -38
      vertex 67.0075 92.2279 -38
      vertex 71.7425 88.5946 -38
    endloop
  endfacet
  facet normal 0 0 1
    outer loop
      vertex 65.3567 100.64 -38
      vertex 67.0075 92.2279 -38
      vertex 70.5342 97.082 -38
    endloop
  endfacet
  facet normal 0 0 1
    outer loop
      vertex 65.3567 100.64 -38
      vertex 62.0888 95.6084 -38
      vertex 67.0075 92.2279 -38
    endloop
  endfacet
  facet normal 0 0 1
    outer loop
      vertex 60 103.923 -38
      vertex 62.0888 95.6084 -38
      vertex 65.3567 100.64 -38
    endloop
  endfacet
  facet normal 0 0 1
    outer loop
      vertex 60 103.923 -38
      vertex 57 98.7269 -38
      vertex 62.0888 95.6084 -38
    endloop
  endfacet
  facet normal 0 0 1
    outer loop
      vertex 54.4789 106.921 -38
      vertex 57 98.7269 -38
      vertex 60 103.923 -38
    endloop
  endfacet
  facet normal 0 0 1
    outer loop
      vertex 54.4789 106.921 -38
      vertex 51.7549 101.575 -38
      vertex 57 98.7269 -38
    endloop
  endfacet
  facet normal 0 0 1
    outer loop
      vertex 47.6019 103.556 -38
      vertex 54.4789 106.921 -38
      vertex 49.1227 109.476 -38
    endloop
  endfacet
  facet normal 0 0 1
    outer loop
      vertex 54.4789 106.921 -38
      vertex 47.6019 103.556 -38
      vertex 51.7549 101.575 -38
    endloop
  endfacet
  facet normal 0 0 1
    outer loop
      vertex 103.556 -47.6019 -38
      vertex 106.921 -54.4789 -38
      vertex 109.476 -49.1227 -38
    endloop
  endfacet
  facet normal 0 0 1
    outer loop
      vertex 106.921 -54.4789 -38
      vertex 103.556 -47.6019 -38
      vertex 101.575 -51.7549 -38
    endloop
  endfacet
  facet normal 0 0 1
    outer loop
      vertex 106.921 -54.4789 -38
      vertex 101.575 -51.7549 -38
      vertex 103.923 -60 -38
    endloop
  endfacet
  facet normal -0 0 1
    outer loop
      vertex 98.7269 -57 -38
      vertex 103.923 -60 -38
      vertex 101.575 -51.7549 -38
    endloop
  endfacet
  facet normal 0 0 1
    outer loop
      vertex 103.923 -60 -38
      vertex 98.7269 -57 -38
      vertex 100.64 -65.3567 -38
    endloop
  endfacet
  facet normal -0 0 1
    outer loop
      vertex 95.6084 -62.0888 -38
      vertex 100.64 -65.3567 -38
      vertex 98.7269 -57 -38
    endloop
  endfacet
  facet normal 0 0 1
    outer loop
      vertex 100.64 -65.3567 -38
      vertex 95.6084 -62.0888 -38
      vertex 97.082 -70.5342 -38
    endloop
  endfacet
  facet normal -0 0 1
    outer loop
      vertex 92.2279 -67.0075 -38
      vertex 97.082 -70.5342 -38
      vertex 95.6084 -62.0888 -38
    endloop
  endfacet
  facet normal 0 0 1
    outer loop
      vertex 97.082 -70.5342 -38
      vertex 92.2279 -67.0075 -38
      vertex 93.2575 -75.5184 -38
    endloop
  endfacet
  facet normal -0 0 1
    outer loop
      vertex 88.5946 -71.7425 -38
      vertex 93.2575 -75.5184 -38
      vertex 92.2279 -67.0075 -38
    endloop
  endfacet
  facet normal 0 0 1
    outer loop
      vertex 93.2575 -75.5184 -38
      vertex 88.5946 -71.7425 -38
      vertex 89.1774 -80.2957 -38
    endloop
  endfacet
  facet normal -0 0 1
    outer loop
      vertex 84.7185 -76.2809 -38
      vertex 89.1774 -80.2957 -38
      vertex 88.5946 -71.7425 -38
    endloop
  endfacet
  facet normal 0 0 1
    outer loop
      vertex 89.1774 -80.2957 -38
      vertex 84.7185 -76.2809 -38
      vertex 84.8528 -84.8528 -38
    endloop
  endfacet
  facet normal -0 0 1
    outer loop
      vertex 80.6102 -80.6102 -38
      vertex 84.8528 -84.8528 -38
      vertex 84.7185 -76.2809 -38
    endloop
  endfacet
  facet normal -0 0 1
    outer loop
      vertex 79.2034 -81.9451 -38
      vertex 84.8528 -84.8528 -38
      vertex 80.6102 -80.6102 -38
    endloop
  endfacet
  facet normal 0 0 1
    outer loop
      vertex 84.8528 -84.8528 -38
      vertex 79.2034 -81.9451 -38
      vertex 83.066 -86.5484 -38
    endloop
  endfacet
  facet normal 0 0 1
    outer loop
      vertex 110.116 29.5054 -38
      vertex 115.911 31.0583 -38
      vertex 114.127 37.082 -38
    endloop
  endfacet
  facet normal 0 0 1
    outer loop
      vertex 108.42 35.2279 -38
      vertex 114.127 37.082 -38
      vertex 112.03 43.0042 -38
    endloop
  endfacet
  facet normal 0 -0 1
    outer loop
      vertex 110.116 29.5054 -38
      vertex 114.127 37.082 -38
      vertex 108.42 35.2279 -38
    endloop
  endfacet
  facet normal 0 0 1
    outer loop
      vertex 115.911 31.0583 -38
      vertex 110.568 27.6196 -38
      vertex 116.486 28.6631 -38
    endloop
  endfacet
  facet normal 0 0 1
    outer loop
      vertex 106.428 40.8539 -38
      vertex 112.03 43.0042 -38
      vertex 109.625 48.8084 -38
    endloop
  endfacet
  facet normal 0 -0 1
    outer loop
      vertex 110.568 27.6196 -38
      vertex 115.911 31.0583 -38
      vertex 110.116 29.5054 -38
    endloop
  endfacet
  facet normal 0 0 1
    outer loop
      vertex 104.144 46.368 -38
      vertex 109.625 48.8084 -38
      vertex 106.921 54.4789 -38
    endloop
  endfacet
  facet normal 0 0 1
    outer loop
      vertex 112.03 43.0042 -38
      vertex 106.428 40.8539 -38
      vertex 108.42 35.2279 -38
    endloop
  endfacet
  facet normal 0 0 1
    outer loop
      vertex 109.625 48.8084 -38
      vertex 104.144 46.368 -38
      vertex 106.428 40.8539 -38
    endloop
  endfacet
  facet normal 0 0 1
    outer loop
      vertex 101.575 51.7549 -38
      vertex 106.921 54.4789 -38
      vertex 103.923 60 -38
    endloop
  endfacet
  facet normal 0 0 1
    outer loop
      vertex 106.921 54.4789 -38
      vertex 101.575 51.7549 -38
      vertex 104.144 46.368 -38
    endloop
  endfacet
  facet normal 0 0 1
    outer loop
      vertex 98.7269 57 -38
      vertex 103.923 60 -38
      vertex 100.64 65.3567 -38
    endloop
  endfacet
  facet normal 0 0 1
    outer loop
      vertex 103.923 60 -38
      vertex 98.7269 57 -38
      vertex 101.575 51.7549 -38
    endloop
  endfacet
  facet normal -0 0 1
    outer loop
      vertex 93.0023 65.8809 -38
      vertex 100.64 65.3567 -38
      vertex 97.2793 70.2473 -38
    endloop
  endfacet
  facet normal 0 0 1
    outer loop
      vertex 100.64 65.3567 -38
      vertex 95.6084 62.0888 -38
      vertex 98.7269 57 -38
    endloop
  endfacet
  facet normal 0 0 1
    outer loop
      vertex 100.64 65.3567 -38
      vertex 93.0023 65.8809 -38
      vertex 95.6084 62.0888 -38
    endloop
  endfacet
  facet normal 0 0 1
    outer loop
      vertex 114 0 -38
      vertex 120 0 -38
      vertex 119.836 6.28031 -38
    endloop
  endfacet
  facet normal -0 0 1
    outer loop
      vertex 113.483 10.5534 -38
      vertex 119.836 6.28031 -38
      vertex 119.37 12.1963 -38
    endloop
  endfacet
  facet normal 0 0 1
    outer loop
      vertex 120 0 -38
      vertex 114 0 -38
      vertex 119.836 -6.28031 -38
    endloop
  endfacet
  facet normal -0 0 1
    outer loop
      vertex 113.844 -5.9663 -38
      vertex 119.836 -6.28031 -38
      vertex 114 0 -38
    endloop
  endfacet
  facet normal -0 0 1
    outer loop
      vertex 113.375 -11.9162 -38
      vertex 119.343 -12.5434 -38
      vertex 113.844 -5.9663 -38
    endloop
  endfacet
  facet normal 0 0 1
    outer loop
      vertex 119.343 -12.5434 -38
      vertex 113.375 -11.9162 -38
      vertex 118.523 -18.7721 -38
    endloop
  endfacet
  facet normal 0 0 1
    outer loop
      vertex 118.523 -18.7721 -38
      vertex 112.596 -17.8335 -38
      vertex 117.378 -24.9494 -38
    endloop
  endfacet
  facet normal 0 0 1
    outer loop
      vertex 119.836 -6.28031 -38
      vertex 113.844 -5.9663 -38
      vertex 119.343 -12.5434 -38
    endloop
  endfacet
  facet normal 0 0 1
    outer loop
      vertex 119.836 6.28031 -38
      vertex 113.844 5.9663 -38
      vertex 114 0 -38
    endloop
  endfacet
  facet normal 0 0 1
    outer loop
      vertex 119.836 6.28031 -38
      vertex 113.483 10.5534 -38
      vertex 113.844 5.9663 -38
    endloop
  endfacet
  facet normal -0 0 1
    outer loop
      vertex 112.596 -17.8335 -38
      vertex 118.523 -18.7721 -38
      vertex 113.375 -11.9162 -38
    endloop
  endfacet
  facet normal -0 0 1
    outer loop
      vertex 111.509 -23.7019 -38
      vertex 117.378 -24.9494 -38
      vertex 112.596 -17.8335 -38
    endloop
  endfacet
  facet normal 0 0 1
    outer loop
      vertex 117.378 -24.9494 -38
      vertex 111.509 -23.7019 -38
      vertex 115.911 -31.0583 -38
    endloop
  endfacet
  facet normal -0 0 1
    outer loop
      vertex 110.116 -29.5054 -38
      vertex 115.911 -31.0583 -38
      vertex 111.509 -23.7019 -38
    endloop
  endfacet
  facet normal 0 0 1
    outer loop
      vertex 109.565 -31.3649 -38
      vertex 115.911 -31.0583 -38
      vertex 110.116 -29.5054 -38
    endloop
  endfacet
  facet normal 0 0 1
    outer loop
      vertex 115.911 -31.0583 -38
      vertex 109.565 -31.3649 -38
      vertex 115.211 -33.4201 -38
    endloop
  endfacet
  facet normal -0.725401 -0.688327 0
    outer loop
      vertex 80.6102 80.6102 -50
      vertex 81.9451 79.2034 -48
      vertex 80.6102 80.6102 -38
    endloop
  endfacet
  facet normal -0.725379 -0.68835 -3.13212e-05
    outer loop
      vertex 84.7185 76.2809 -50
      vertex 81.9451 79.2034 -48
      vertex 80.6102 80.6102 -50
    endloop
  endfacet
  facet normal -0.725368 -0.688361 0
    outer loop
      vertex 81.9451 79.2034 -48
      vertex 84.7185 76.2809 -50
      vertex 84.7185 76.2809 -48
    endloop
  endfacet
  facet normal -0.725401 -0.688327 0
    outer loop
      vertex 80.6102 80.6102 -38
      vertex 81.9451 79.2034 -48
      vertex 81.9451 79.2034 -38
    endloop
  endfacet
  facet normal -0.996517 -0.0833905 0
    outer loop
      vertex 113.375 11.9162 -50
      vertex 113.379 11.8684 -48
      vertex 113.375 11.9162 -48
    endloop
  endfacet
  facet normal -0.996908 -0.0785811 0.000115727
    outer loop
      vertex 113.844 5.9663 -50
      vertex 113.379 11.8684 -48
      vertex 113.375 11.9162 -50
    endloop
  endfacet
  facet normal -0.996907 -0.0785882 0.00013671
    outer loop
      vertex 113.379 11.8684 -48
      vertex 113.844 5.9663 -50
      vertex 113.483 10.5534 -45.5503
    endloop
  endfacet
  facet normal -0.996918 -0.0784564 -0
    outer loop
      vertex 113.844 5.9663 -38
      vertex 113.483 10.5534 -45.5503
      vertex 113.844 5.9663 -50
    endloop
  endfacet
  facet normal -0.996918 -0.0784564 0
    outer loop
      vertex 113.483 10.5534 -45.5503
      vertex 113.844 5.9663 -38
      vertex 113.483 10.5534 -38
    endloop
  endfacet
  facet normal -0.999658 -0.0261379 0
    outer loop
      vertex 114 0 -50
      vertex 113.844 5.9663 -38
      vertex 113.844 5.9663 -50
    endloop
  endfacet
  facet normal -0.999658 -0.0261379 0
    outer loop
      vertex 113.844 5.9663 -38
      vertex 114 0 -50
      vertex 114 0 -38
    endloop
  endfacet
  facet normal -0.991445 -0.130522 0
    outer loop
      vertex 113.375 11.9162 -50
      vertex 112.596 17.8335 -48
      vertex 112.596 17.8335 -50
    endloop
  endfacet
  facet normal -0.991445 -0.130522 0
    outer loop
      vertex 112.596 17.8335 -48
      vertex 113.375 11.9162 -50
      vertex 113.375 11.9162 -48
    endloop
  endfacet
  facet normal 0.983274 0.182131 0
    outer loop
      vertex -111.509 -23.7019 -48
      vertex -112.596 -17.8335 -50
      vertex -112.596 -17.8335 -48
    endloop
  endfacet
  facet normal 0.983274 0.182131 0
    outer loop
      vertex -112.596 -17.8335 -50
      vertex -111.509 -23.7019 -48
      vertex -111.509 -23.7019 -50
    endloop
  endfacet
  facet normal -0.958793 0.284106 0
    outer loop
      vertex 110.116 -29.5054 -50
      vertex 109.565 -31.3649 -48
      vertex 110.116 -29.5054 -38
    endloop
  endfacet
  facet normal -0.958778 0.284157 5.14783e-05
    outer loop
      vertex 108.42 -35.2279 -50
      vertex 109.565 -31.3649 -48
      vertex 110.116 -29.5054 -50
    endloop
  endfacet
  facet normal -0.958771 0.284181 0
    outer loop
      vertex 109.565 -31.3649 -48
      vertex 108.42 -35.2279 -50
      vertex 108.42 -35.2279 -48
    endloop
  endfacet
  facet normal -0.958793 0.284106 0
    outer loop
      vertex 110.116 -29.5054 -38
      vertex 109.565 -31.3649 -48
      vertex 109.565 -31.3649 -38
    endloop
  endfacet
  facet normal -0.0833905 0.996517 0
    outer loop
      vertex 11.9162 -113.375 -48
      vertex 11.9162 -113.375 -50
      vertex 11.8684 -113.379 -48
    endloop
  endfacet
  facet normal -0.0784564 0.996918 0
    outer loop
      vertex 10.5534 -113.483 -45.5503
      vertex 5.9663 -113.844 -38
      vertex 10.5534 -113.483 -38
    endloop
  endfacet
  facet normal -0.0785882 0.996907 0.00013671
    outer loop
      vertex 5.9663 -113.844 -50
      vertex 10.5534 -113.483 -45.5503
      vertex 11.8684 -113.379 -48
    endloop
  endfacet
  facet normal -0.0785811 0.996908 0.000115727
    outer loop
      vertex 5.9663 -113.844 -50
      vertex 11.8684 -113.379 -48
      vertex 11.9162 -113.375 -50
    endloop
  endfacet
  facet normal -0.0784564 0.996918 0
    outer loop
      vertex 10.5534 -113.483 -45.5503
      vertex 5.9663 -113.844 -50
      vertex 5.9663 -113.844 -38
    endloop
  endfacet
  facet normal -0.8788 0.47719 0
    outer loop
      vertex 98.7269 -57 -50
      vertex 101.575 -51.7549 -38
      vertex 101.575 -51.7549 -50
    endloop
  endfacet
  facet normal -0.8788 0.47719 0
    outer loop
      vertex 101.575 -51.7549 -38
      vertex 98.7269 -57 -50
      vertex 98.7269 -57 -38
    endloop
  endfacet
  facet normal -0.566403 -0.824128 0
    outer loop
      vertex 62.0888 95.6084 -50
      vertex 67.0075 92.2279 -38
      vertex 62.0888 95.6084 -38
    endloop
  endfacet
  facet normal -0.566403 -0.824128 -0
    outer loop
      vertex 67.0075 92.2279 -38
      vertex 62.0888 95.6084 -50
      vertex 67.0075 92.2279 -50
    endloop
  endfacet
  facet normal 0.92388 -0.382681 0
    outer loop
      vertex -106.428 40.8539 -48
      vertex -104.144 46.368 -50
      vertex -104.144 46.368 -48
    endloop
  endfacet
  facet normal 0.92388 -0.382681 0
    outer loop
      vertex -104.144 46.368 -50
      vertex -106.428 40.8539 -48
      vertex -106.428 40.8539 -50
    endloop
  endfacet
  facet normal 0.688327 -0.725401 0
    outer loop
      vertex -80.6102 80.6102 -38
      vertex -79.2034 81.9451 -48
      vertex -79.2034 81.9451 -38
    endloop
  endfacet
  facet normal 0.688327 -0.725401 0
    outer loop
      vertex -80.6102 80.6102 -50
      vertex -79.2034 81.9451 -48
      vertex -80.6102 80.6102 -38
    endloop
  endfacet
  facet normal 0.68835 -0.725379 -3.13212e-05
    outer loop
      vertex -76.2809 84.7185 -50
      vertex -79.2034 81.9451 -48
      vertex -80.6102 80.6102 -50
    endloop
  endfacet
  facet normal 0.688361 -0.725368 0
    outer loop
      vertex -79.2034 81.9451 -48
      vertex -76.2809 84.7185 -50
      vertex -76.2809 84.7185 -48
    endloop
  endfacet
  facet normal -0.942656 -0.333766 0
    outer loop
      vertex 108.42 35.2279 -50
      vertex 106.428 40.8539 -38
      vertex 106.428 40.8539 -50
    endloop
  endfacet
  facet normal -0.942656 -0.333766 0
    outer loop
      vertex 106.428 40.8539 -38
      vertex 108.42 35.2279 -50
      vertex 108.42 35.2279 -38
    endloop
  endfacet
  facet normal 0.522508 -0.852634 0
    outer loop
      vertex -62.0888 95.6084 -50
      vertex -57 98.7269 -38
      vertex -62.0888 95.6084 -38
    endloop
  endfacet
  facet normal 0.522508 -0.852634 0
    outer loop
      vertex -57 98.7269 -38
      vertex -62.0888 95.6084 -50
      vertex -57 98.7269 -50
    endloop
  endfacet
  facet normal -0.649442 -0.760411 0
    outer loop
      vertex 71.7425 88.5946 -50
      vertex 76.2809 84.7185 -38
      vertex 71.7425 88.5946 -38
    endloop
  endfacet
  facet normal -0.649442 -0.760411 -0
    outer loop
      vertex 76.2809 84.7185 -38
      vertex 71.7425 88.5946 -50
      vertex 76.2809 84.7185 -50
    endloop
  endfacet
  facet normal -0.852634 -0.522508 0
    outer loop
      vertex 98.7269 57 -50
      vertex 95.6084 62.0888 -38
      vertex 95.6084 62.0888 -50
    endloop
  endfacet
  facet normal -0.852634 -0.522508 0
    outer loop
      vertex 95.6084 62.0888 -38
      vertex 98.7269 57 -50
      vertex 98.7269 57 -38
    endloop
  endfacet
  facet normal -0.47719 -0.8788 0
    outer loop
      vertex 51.7549 101.575 -50
      vertex 57 98.7269 -38
      vertex 51.7549 101.575 -38
    endloop
  endfacet
  facet normal -0.47719 -0.8788 -0
    outer loop
      vertex 57 98.7269 -38
      vertex 51.7549 101.575 -50
      vertex 57 98.7269 -50
    endloop
  endfacet
  facet normal 0.182131 0.983274 -0
    outer loop
      vertex -17.8335 -112.596 -50
      vertex -23.7019 -111.509 -38
      vertex -17.8335 -112.596 -38
    endloop
  endfacet
  facet normal 0.182131 0.983274 0
    outer loop
      vertex -23.7019 -111.509 -38
      vertex -17.8335 -112.596 -50
      vertex -23.7019 -111.509 -50
    endloop
  endfacet
  facet normal -0.972381 0.233398 0
    outer loop
      vertex 110.116 -29.5054 -50
      vertex 111.509 -23.7019 -38
      vertex 111.509 -23.7019 -50
    endloop
  endfacet
  facet normal -0.972381 0.233398 0
    outer loop
      vertex 111.509 -23.7019 -38
      vertex 110.116 -29.5054 -50
      vertex 110.116 -29.5054 -38
    endloop
  endfacet
  facet normal -0.793353 0.608762 0
    outer loop
      vertex 88.5946 -71.7425 -50
      vertex 92.2279 -67.0075 -38
      vertex 92.2279 -67.0075 -50
    endloop
  endfacet
  facet normal -0.793353 0.608762 0
    outer loop
      vertex 92.2279 -67.0075 -38
      vertex 88.5946 -71.7425 -50
      vertex 88.5946 -71.7425 -38
    endloop
  endfacet
  facet normal -0.284106 -0.958793 0
    outer loop
      vertex 29.5054 110.116 -38
      vertex 31.3649 109.565 -48
      vertex 31.3649 109.565 -38
    endloop
  endfacet
  facet normal -0.284106 -0.958793 0
    outer loop
      vertex 29.5054 110.116 -50
      vertex 31.3649 109.565 -48
      vertex 29.5054 110.116 -38
    endloop
  endfacet
  facet normal -0.284157 -0.958778 5.14783e-05
    outer loop
      vertex 35.2279 108.42 -50
      vertex 31.3649 109.565 -48
      vertex 29.5054 110.116 -50
    endloop
  endfacet
  facet normal -0.284181 -0.958771 0
    outer loop
      vertex 31.3649 109.565 -48
      vertex 35.2279 108.42 -50
      vertex 35.2279 108.42 -48
    endloop
  endfacet
  facet normal -0.823616 -0.567148 0
    outer loop
      vertex 92.2279 67.0075 -50
      vertex 92.2551 66.968 -48
      vertex 92.2279 67.0075 -48
    endloop
  endfacet
  facet normal -0.824128 -0.566403 2.16885e-05
    outer loop
      vertex 95.6084 62.0888 -50
      vertex 92.2551 66.968 -48
      vertex 92.2279 67.0075 -50
    endloop
  endfacet
  facet normal -0.824129 -0.566403 2.13406e-05
    outer loop
      vertex 92.2551 66.968 -48
      vertex 95.6084 62.0888 -50
      vertex 93.0023 65.8809 -45.5503
    endloop
  endfacet
  facet normal -0.82414 -0.566386 -0
    outer loop
      vertex 95.6084 62.0888 -38
      vertex 93.0023 65.8809 -45.5503
      vertex 95.6084 62.0888 -50
    endloop
  endfacet
  facet normal -0.82414 -0.566386 0
    outer loop
      vertex 93.0023 65.8809 -45.5503
      vertex 95.6084 62.0888 -38
      vertex 93.0023 65.8809 -38
    endloop
  endfacet
  facet normal 0.284106 0.958793 0
    outer loop
      vertex -29.5054 -110.116 -38
      vertex -31.3649 -109.565 -48
      vertex -31.3649 -109.565 -38
    endloop
  endfacet
  facet normal 0.284106 0.958793 -0
    outer loop
      vertex -29.5054 -110.116 -50
      vertex -31.3649 -109.565 -48
      vertex -29.5054 -110.116 -38
    endloop
  endfacet
  facet normal 0.284157 0.958778 5.14783e-05
    outer loop
      vertex -35.2279 -108.42 -50
      vertex -31.3649 -109.565 -48
      vertex -29.5054 -110.116 -50
    endloop
  endfacet
  facet normal 0.284181 0.958771 0
    outer loop
      vertex -31.3649 -109.565 -48
      vertex -35.2279 -108.42 -50
      vertex -35.2279 -108.42 -48
    endloop
  endfacet
  facet normal -0.8788 -0.47719 0
    outer loop
      vertex 101.575 51.7549 -50
      vertex 98.7269 57 -38
      vertex 98.7269 57 -50
    endloop
  endfacet
  facet normal -0.8788 -0.47719 0
    outer loop
      vertex 98.7269 57 -38
      vertex 101.575 51.7549 -50
      vertex 101.575 51.7549 -38
    endloop
  endfacet
  facet normal -0.522508 -0.852634 0
    outer loop
      vertex 57 98.7269 -50
      vertex 62.0888 95.6084 -38
      vertex 57 98.7269 -38
    endloop
  endfacet
  facet normal -0.522508 -0.852634 -0
    outer loop
      vertex 62.0888 95.6084 -38
      vertex 57 98.7269 -50
      vertex 62.0888 95.6084 -50
    endloop
  endfacet
  facet normal -0.983274 -0.182131 0
    outer loop
      vertex 112.596 17.8335 -50
      vertex 111.509 23.7019 -48
      vertex 111.509 23.7019 -50
    endloop
  endfacet
  facet normal -0.983274 -0.182131 0
    outer loop
      vertex 111.509 23.7019 -48
      vertex 112.596 17.8335 -50
      vertex 112.596 17.8335 -48
    endloop
  endfacet
  facet normal -0.284157 0.958778 0
    outer loop
      vertex 35.2279 -108.42 -50
      vertex 29.5054 -110.116 -38
      vertex 35.2279 -108.42 -38
    endloop
  endfacet
  facet normal -0.284157 0.958778 0
    outer loop
      vertex 29.5054 -110.116 -38
      vertex 35.2279 -108.42 -50
      vertex 29.5054 -110.116 -50
    endloop
  endfacet
  facet normal -0.522508 0.852634 0
    outer loop
      vertex 62.0888 -95.6084 -50
      vertex 57 -98.7269 -38
      vertex 62.0888 -95.6084 -38
    endloop
  endfacet
  facet normal -0.522508 0.852634 0
    outer loop
      vertex 57 -98.7269 -38
      vertex 62.0888 -95.6084 -50
      vertex 57 -98.7269 -50
    endloop
  endfacet
  facet normal 0.942656 -0.333766 0
    outer loop
      vertex -108.42 35.2279 -48
      vertex -106.428 40.8539 -50
      vertex -106.428 40.8539 -48
    endloop
  endfacet
  facet normal 0.942656 -0.333766 0
    outer loop
      vertex -106.428 40.8539 -50
      vertex -108.42 35.2279 -48
      vertex -108.42 35.2279 -50
    endloop
  endfacet
  facet normal 0.972457 0.233084 0
    outer loop
      vertex -110.568 -27.6196 -38
      vertex -110.116 -29.5054 -38
      vertex -110.568 -27.6196 -48
    endloop
  endfacet
  facet normal 0.972345 0.233549 0
    outer loop
      vertex -110.568 -27.6196 -48
      vertex -111.509 -23.7019 -50
      vertex -111.509 -23.7019 -48
    endloop
  endfacet
  facet normal 0.972381 0.233398 -0.000313102
    outer loop
      vertex -110.568 -27.6196 -48
      vertex -110.116 -29.5054 -50
      vertex -111.509 -23.7019 -50
    endloop
  endfacet
  facet normal 0.972457 0.233084 -0
    outer loop
      vertex -110.116 -29.5054 -50
      vertex -110.568 -27.6196 -48
      vertex -110.116 -29.5054 -38
    endloop
  endfacet
  facet normal 0.996918 0.0784564 -0
    outer loop
      vertex -113.483 -10.5534 -45.5503
      vertex -113.844 -5.9663 -38
      vertex -113.483 -10.5534 -38
    endloop
  endfacet
  facet normal 0.996918 0.0784564 0
    outer loop
      vertex -113.844 -5.9663 -38
      vertex -113.483 -10.5534 -45.5503
      vertex -113.844 -5.9663 -50
    endloop
  endfacet
  facet normal 0.996907 0.0785882 0.00013671
    outer loop
      vertex -113.379 -11.8684 -48
      vertex -113.844 -5.9663 -50
      vertex -113.483 -10.5534 -45.5503
    endloop
  endfacet
  facet normal 0.996517 0.0833905 -0
    outer loop
      vertex -113.375 -11.9162 -50
      vertex -113.379 -11.8684 -48
      vertex -113.375 -11.9162 -48
    endloop
  endfacet
  facet normal 0.996908 0.0785811 0.000115727
    outer loop
      vertex -113.379 -11.8684 -48
      vertex -113.375 -11.9162 -50
      vertex -113.844 -5.9663 -50
    endloop
  endfacet
  facet normal -0.991445 0.130522 0
    outer loop
      vertex 112.596 -17.8335 -50
      vertex 113.375 -11.9162 -38
      vertex 113.375 -11.9162 -50
    endloop
  endfacet
  facet normal -0.991445 0.130522 0
    outer loop
      vertex 113.375 -11.9162 -38
      vertex 112.596 -17.8335 -50
      vertex 112.596 -17.8335 -38
    endloop
  endfacet
  facet normal 0.333766 -0.942656 0
    outer loop
      vertex -40.8539 106.428 -50
      vertex -35.2279 108.42 -38
      vertex -40.8539 106.428 -38
    endloop
  endfacet
  facet normal 0.333766 -0.942656 0
    outer loop
      vertex -35.2279 108.42 -38
      vertex -40.8539 106.428 -50
      vertex -35.2279 108.42 -50
    endloop
  endfacet
  facet normal -0.0785811 -0.996908 0
    outer loop
      vertex 5.9663 113.844 -50
      vertex 11.9162 113.375 -38
      vertex 5.9663 113.844 -38
    endloop
  endfacet
  facet normal -0.0785811 -0.996908 -0
    outer loop
      vertex 11.9162 113.375 -38
      vertex 5.9663 113.844 -50
      vertex 11.9162 113.375 -50
    endloop
  endfacet
  facet normal 0.382681 0.92388 -0
    outer loop
      vertex -40.8539 -106.428 -50
      vertex -46.368 -104.144 -48
      vertex -40.8539 -106.428 -48
    endloop
  endfacet
  facet normal 0.382681 0.92388 0
    outer loop
      vertex -46.368 -104.144 -48
      vertex -40.8539 -106.428 -50
      vertex -46.368 -104.144 -50
    endloop
  endfacet
  facet normal 0.0261379 -0.999658 0
    outer loop
      vertex -5.9663 113.844 -50
      vertex 0 114 -38
      vertex -5.9663 113.844 -38
    endloop
  endfacet
  facet normal 0.0261379 -0.999658 0
    outer loop
      vertex 0 114 -38
      vertex -5.9663 113.844 -50
      vertex 0 114 -50
    endloop
  endfacet
  facet normal -0.649442 0.760411 0
    outer loop
      vertex 76.2809 -84.7185 -50
      vertex 71.7425 -88.5946 -48
      vertex 76.2809 -84.7185 -48
    endloop
  endfacet
  facet normal -0.649442 0.760411 0
    outer loop
      vertex 71.7425 -88.5946 -48
      vertex 76.2809 -84.7185 -50
      vertex 71.7425 -88.5946 -50
    endloop
  endfacet
  facet normal 0.47719 -0.8788 0
    outer loop
      vertex -57 98.7269 -50
      vertex -51.7549 101.575 -38
      vertex -57 98.7269 -38
    endloop
  endfacet
  facet normal 0.47719 -0.8788 0
    outer loop
      vertex -51.7549 101.575 -38
      vertex -57 98.7269 -50
      vertex -51.7549 101.575 -50
    endloop
  endfacet
  facet normal 0.8788 -0.47719 0
    outer loop
      vertex -101.575 51.7549 -38
      vertex -98.7269 57 -50
      vertex -98.7269 57 -38
    endloop
  endfacet
  facet normal 0.8788 -0.47719 0
    outer loop
      vertex -98.7269 57 -50
      vertex -101.575 51.7549 -38
      vertex -101.575 51.7549 -50
    endloop
  endfacet
  facet normal -0.907837 0.419324 0
    outer loop
      vertex 104.144 -46.368 -50
      vertex 104.124 -46.4113 -48
      vertex 104.144 -46.368 -48
    endloop
  endfacet
  facet normal -0.902613 0.430454 0.0002932
    outer loop
      vertex 101.575 -51.7549 -50
      vertex 104.124 -46.4113 -48
      vertex 104.144 -46.368 -50
    endloop
  endfacet
  facet normal -0.902567 0.430549 -1.89831e-05
    outer loop
      vertex 104.124 -46.4113 -48
      vertex 101.575 -51.7549 -50
      vertex 103.556 -47.6019 -45.5503
    endloop
  endfacet
  facet normal -0.902575 0.430532 0
    outer loop
      vertex 101.575 -51.7549 -38
      vertex 103.556 -47.6019 -45.5503
      vertex 101.575 -51.7549 -50
    endloop
  endfacet
  facet normal -0.902575 0.430532 0
    outer loop
      vertex 103.556 -47.6019 -45.5503
      vertex 101.575 -51.7549 -38
      vertex 103.556 -47.6019 -38
    endloop
  endfacet
  facet normal -0.608762 -0.793353 0
    outer loop
      vertex 67.0075 92.2279 -50
      vertex 71.7425 88.5946 -38
      vertex 67.0075 92.2279 -38
    endloop
  endfacet
  facet normal -0.608762 -0.793353 -0
    outer loop
      vertex 71.7425 88.5946 -38
      vertex 67.0075 92.2279 -50
      vertex 71.7425 88.5946 -50
    endloop
  endfacet
  facet normal 0.130522 0.991445 -0
    outer loop
      vertex -11.9162 -113.375 -50
      vertex -17.8335 -112.596 -38
      vertex -11.9162 -113.375 -38
    endloop
  endfacet
  facet normal 0.130522 0.991445 0
    outer loop
      vertex -17.8335 -112.596 -38
      vertex -11.9162 -113.375 -50
      vertex -17.8335 -112.596 -50
    endloop
  endfacet
  facet normal -0.760411 -0.649442 0
    outer loop
      vertex 88.5946 71.7425 -50
      vertex 84.7185 76.2809 -48
      vertex 84.7185 76.2809 -50
    endloop
  endfacet
  facet normal -0.760411 -0.649442 0
    outer loop
      vertex 84.7185 76.2809 -48
      vertex 88.5946 71.7425 -50
      vertex 88.5946 71.7425 -48
    endloop
  endfacet
  facet normal -0.760411 0.649442 0
    outer loop
      vertex 84.7185 -76.2809 -50
      vertex 88.5946 -71.7425 -38
      vertex 88.5946 -71.7425 -50
    endloop
  endfacet
  facet normal -0.760411 0.649442 0
    outer loop
      vertex 88.5946 -71.7425 -38
      vertex 84.7185 -76.2809 -50
      vertex 84.7185 -76.2809 -38
    endloop
  endfacet
  facet normal 0.725401 0.688327 0
    outer loop
      vertex -81.9451 -79.2034 -38
      vertex -80.6102 -80.6102 -38
      vertex -81.9451 -79.2034 -48
    endloop
  endfacet
  facet normal 0.725368 0.688361 0
    outer loop
      vertex -81.9451 -79.2034 -48
      vertex -84.7185 -76.2809 -50
      vertex -84.7185 -76.2809 -48
    endloop
  endfacet
  facet normal 0.725379 0.68835 -3.13212e-05
    outer loop
      vertex -81.9451 -79.2034 -48
      vertex -80.6102 -80.6102 -50
      vertex -84.7185 -76.2809 -50
    endloop
  endfacet
  facet normal 0.725401 0.688327 -0
    outer loop
      vertex -80.6102 -80.6102 -50
      vertex -81.9451 -79.2034 -48
      vertex -80.6102 -80.6102 -38
    endloop
  endfacet
  facet normal -0.688327 0.725401 0
    outer loop
      vertex 80.6102 -80.6102 -38
      vertex 79.2034 -81.9451 -48
      vertex 79.2034 -81.9451 -38
    endloop
  endfacet
  facet normal -0.688327 0.725401 0
    outer loop
      vertex 80.6102 -80.6102 -50
      vertex 79.2034 -81.9451 -48
      vertex 80.6102 -80.6102 -38
    endloop
  endfacet
  facet normal -0.68835 0.725379 -3.13212e-05
    outer loop
      vertex 76.2809 -84.7185 -50
      vertex 79.2034 -81.9451 -48
      vertex 80.6102 -80.6102 -50
    endloop
  endfacet
  facet normal -0.688361 0.725368 0
    outer loop
      vertex 79.2034 -81.9451 -48
      vertex 76.2809 -84.7185 -50
      vertex 76.2809 -84.7185 -48
    endloop
  endfacet
  facet normal 0.68835 0.725379 -0
    outer loop
      vertex -76.2809 -84.7185 -50
      vertex -80.6102 -80.6102 -38
      vertex -76.2809 -84.7185 -38
    endloop
  endfacet
  facet normal 0.68835 0.725379 0
    outer loop
      vertex -80.6102 -80.6102 -38
      vertex -76.2809 -84.7185 -50
      vertex -80.6102 -80.6102 -50
    endloop
  endfacet
  facet normal -0.983274 0.182131 0
    outer loop
      vertex 111.509 -23.7019 -50
      vertex 112.596 -17.8335 -38
      vertex 112.596 -17.8335 -50
    endloop
  endfacet
  facet normal -0.983274 0.182131 0
    outer loop
      vertex 112.596 -17.8335 -38
      vertex 111.509 -23.7019 -50
      vertex 111.509 -23.7019 -38
    endloop
  endfacet
  facet normal -0.382681 -0.92388 0
    outer loop
      vertex 40.8539 106.428 -50
      vertex 46.368 104.144 -48
      vertex 40.8539 106.428 -48
    endloop
  endfacet
  facet normal -0.382681 -0.92388 -0
    outer loop
      vertex 46.368 104.144 -48
      vertex 40.8539 106.428 -50
      vertex 46.368 104.144 -50
    endloop
  endfacet
  facet normal -0.824128 0.566403 0
    outer loop
      vertex 92.2279 -67.0075 -50
      vertex 95.6084 -62.0888 -38
      vertex 95.6084 -62.0888 -50
    endloop
  endfacet
  facet normal -0.824128 0.566403 0
    outer loop
      vertex 95.6084 -62.0888 -38
      vertex 92.2279 -67.0075 -50
      vertex 92.2279 -67.0075 -38
    endloop
  endfacet
  facet normal 0.999658 0.0261379 0
    outer loop
      vertex -113.844 -5.9663 -38
      vertex -114 0 -50
      vertex -114 0 -38
    endloop
  endfacet
  facet normal 0.999658 0.0261379 0
    outer loop
      vertex -114 0 -50
      vertex -113.844 -5.9663 -38
      vertex -113.844 -5.9663 -50
    endloop
  endfacet
  facet normal -0.0261379 0.999658 0
    outer loop
      vertex 5.9663 -113.844 -50
      vertex 0 -114 -38
      vertex 5.9663 -113.844 -38
    endloop
  endfacet
  facet normal -0.0261379 0.999658 0
    outer loop
      vertex 0 -114 -38
      vertex 5.9663 -113.844 -50
      vertex 0 -114 -50
    endloop
  endfacet
  facet normal -0.996908 0.0785811 0
    outer loop
      vertex 113.375 -11.9162 -50
      vertex 113.844 -5.9663 -38
      vertex 113.844 -5.9663 -50
    endloop
  endfacet
  facet normal -0.996908 0.0785811 0
    outer loop
      vertex 113.844 -5.9663 -38
      vertex 113.375 -11.9162 -50
      vertex 113.375 -11.9162 -38
    endloop
  endfacet
  facet normal 0.0833905 -0.996517 0
    outer loop
      vertex -11.9162 113.375 -48
      vertex -11.9162 113.375 -50
      vertex -11.8684 113.379 -48
    endloop
  endfacet
  facet normal 0.0784564 -0.996918 0
    outer loop
      vertex -10.5534 113.483 -45.5503
      vertex -5.9663 113.844 -38
      vertex -10.5534 113.483 -38
    endloop
  endfacet
  facet normal 0.0785882 -0.996907 0.00013671
    outer loop
      vertex -5.9663 113.844 -50
      vertex -10.5534 113.483 -45.5503
      vertex -11.8684 113.379 -48
    endloop
  endfacet
  facet normal 0.0785811 -0.996908 0.000115727
    outer loop
      vertex -5.9663 113.844 -50
      vertex -11.8684 113.379 -48
      vertex -11.9162 113.375 -50
    endloop
  endfacet
  facet normal 0.0784564 -0.996918 0
    outer loop
      vertex -10.5534 113.483 -45.5503
      vertex -5.9663 113.844 -50
      vertex -5.9663 113.844 -38
    endloop
  endfacet
  facet normal -0.47719 0.8788 0
    outer loop
      vertex 57 -98.7269 -50
      vertex 51.7549 -101.575 -38
      vertex 57 -98.7269 -38
    endloop
  endfacet
  facet normal -0.47719 0.8788 0
    outer loop
      vertex 51.7549 -101.575 -38
      vertex 57 -98.7269 -50
      vertex 51.7549 -101.575 -50
    endloop
  endfacet
  facet normal -0.999658 0.0261379 0
    outer loop
      vertex 113.844 -5.9663 -50
      vertex 114 0 -38
      vertex 114 0 -50
    endloop
  endfacet
  facet normal -0.999658 0.0261379 0
    outer loop
      vertex 114 0 -38
      vertex 113.844 -5.9663 -50
      vertex 113.844 -5.9663 -38
    endloop
  endfacet
  facet normal 0.430454 -0.902613 0
    outer loop
      vertex -51.7549 101.575 -50
      vertex -46.368 104.144 -38
      vertex -51.7549 101.575 -38
    endloop
  endfacet
  facet normal 0.430454 -0.902613 0
    outer loop
      vertex -46.368 104.144 -38
      vertex -51.7549 101.575 -50
      vertex -46.368 104.144 -50
    endloop
  endfacet
  facet normal 0.725379 -0.68835 0
    outer loop
      vertex -84.7185 76.2809 -38
      vertex -80.6102 80.6102 -50
      vertex -80.6102 80.6102 -38
    endloop
  endfacet
  facet normal 0.725379 -0.68835 0
    outer loop
      vertex -80.6102 80.6102 -50
      vertex -84.7185 76.2809 -38
      vertex -84.7185 76.2809 -50
    endloop
  endfacet
  facet normal -0.567148 0.823616 0
    outer loop
      vertex 67.0075 -92.2279 -48
      vertex 67.0075 -92.2279 -50
      vertex 66.968 -92.2551 -48
    endloop
  endfacet
  facet normal -0.566386 0.82414 0
    outer loop
      vertex 65.8809 -93.0023 -45.5503
      vertex 62.0888 -95.6084 -38
      vertex 65.8809 -93.0023 -38
    endloop
  endfacet
  facet normal -0.566403 0.824129 2.13406e-05
    outer loop
      vertex 62.0888 -95.6084 -50
      vertex 65.8809 -93.0023 -45.5503
      vertex 66.968 -92.2551 -48
    endloop
  endfacet
  facet normal -0.566403 0.824128 2.16885e-05
    outer loop
      vertex 62.0888 -95.6084 -50
      vertex 66.968 -92.2551 -48
      vertex 67.0075 -92.2279 -50
    endloop
  endfacet
  facet normal -0.566386 0.82414 0
    outer loop
      vertex 65.8809 -93.0023 -45.5503
      vertex 62.0888 -95.6084 -50
      vertex 62.0888 -95.6084 -38
    endloop
  endfacet
  facet normal -0.793353 -0.608762 0
    outer loop
      vertex 92.2279 67.0075 -50
      vertex 88.5946 71.7425 -48
      vertex 88.5946 71.7425 -50
    endloop
  endfacet
  facet normal -0.793353 -0.608762 0
    outer loop
      vertex 88.5946 71.7425 -48
      vertex 92.2279 67.0075 -50
      vertex 92.2279 67.0075 -48
    endloop
  endfacet
  facet normal 0.942656 0.333766 0
    outer loop
      vertex -106.428 -40.8539 -38
      vertex -108.42 -35.2279 -50
      vertex -108.42 -35.2279 -38
    endloop
  endfacet
  facet normal 0.942656 0.333766 0
    outer loop
      vertex -108.42 -35.2279 -50
      vertex -106.428 -40.8539 -38
      vertex -106.428 -40.8539 -50
    endloop
  endfacet
  facet normal 0.760411 -0.649442 0
    outer loop
      vertex -88.5946 71.7425 -38
      vertex -84.7185 76.2809 -50
      vertex -84.7185 76.2809 -38
    endloop
  endfacet
  facet normal 0.760411 -0.649442 0
    outer loop
      vertex -84.7185 76.2809 -50
      vertex -88.5946 71.7425 -38
      vertex -88.5946 71.7425 -50
    endloop
  endfacet
  facet normal 0.958793 -0.284106 0
    outer loop
      vertex -109.565 31.3649 -38
      vertex -110.116 29.5054 -38
      vertex -109.565 31.3649 -48
    endloop
  endfacet
  facet normal 0.958771 -0.284181 0
    outer loop
      vertex -109.565 31.3649 -48
      vertex -108.42 35.2279 -50
      vertex -108.42 35.2279 -48
    endloop
  endfacet
  facet normal 0.958778 -0.284157 5.14783e-05
    outer loop
      vertex -109.565 31.3649 -48
      vertex -110.116 29.5054 -50
      vertex -108.42 35.2279 -50
    endloop
  endfacet
  facet normal 0.958793 -0.284106 0
    outer loop
      vertex -110.116 29.5054 -50
      vertex -109.565 31.3649 -48
      vertex -110.116 29.5054 -38
    endloop
  endfacet
  facet normal -0.419324 -0.907837 -0
    outer loop
      vertex 46.368 104.144 -48
      vertex 46.368 104.144 -50
      vertex 46.4113 104.124 -48
    endloop
  endfacet
  facet normal -0.430532 -0.902575 0
    outer loop
      vertex 47.6019 103.556 -45.5503
      vertex 51.7549 101.575 -38
      vertex 47.6019 103.556 -38
    endloop
  endfacet
  facet normal -0.430549 -0.902567 -1.89831e-05
    outer loop
      vertex 51.7549 101.575 -50
      vertex 47.6019 103.556 -45.5503
      vertex 46.4113 104.124 -48
    endloop
  endfacet
  facet normal -0.430454 -0.902613 0.0002932
    outer loop
      vertex 51.7549 101.575 -50
      vertex 46.4113 104.124 -48
      vertex 46.368 104.144 -50
    endloop
  endfacet
  facet normal -0.430532 -0.902575 0
    outer loop
      vertex 47.6019 103.556 -45.5503
      vertex 51.7549 101.575 -50
      vertex 51.7549 101.575 -38
    endloop
  endfacet
  facet normal -0.942656 0.333766 0
    outer loop
      vertex 106.428 -40.8539 -50
      vertex 108.42 -35.2279 -48
      vertex 108.42 -35.2279 -50
    endloop
  endfacet
  facet normal -0.942656 0.333766 0
    outer loop
      vertex 108.42 -35.2279 -48
      vertex 106.428 -40.8539 -50
      vertex 106.428 -40.8539 -48
    endloop
  endfacet
  facet normal -0.333766 -0.942656 0
    outer loop
      vertex 35.2279 108.42 -50
      vertex 40.8539 106.428 -48
      vertex 35.2279 108.42 -48
    endloop
  endfacet
  facet normal -0.333766 -0.942656 -0
    outer loop
      vertex 40.8539 106.428 -48
      vertex 35.2279 108.42 -50
      vertex 40.8539 106.428 -50
    endloop
  endfacet
  facet normal -0.0261379 -0.999658 0
    outer loop
      vertex 0 114 -50
      vertex 5.9663 113.844 -38
      vertex 0 114 -38
    endloop
  endfacet
  facet normal -0.0261379 -0.999658 -0
    outer loop
      vertex 5.9663 113.844 -38
      vertex 0 114 -50
      vertex 5.9663 113.844 -50
    endloop
  endfacet
  facet normal 0.852634 0.522508 0
    outer loop
      vertex -95.6084 -62.0888 -38
      vertex -98.7269 -57 -50
      vertex -98.7269 -57 -38
    endloop
  endfacet
  facet normal 0.852634 0.522508 0
    outer loop
      vertex -98.7269 -57 -50
      vertex -95.6084 -62.0888 -38
      vertex -95.6084 -62.0888 -50
    endloop
  endfacet
  facet normal 0.852634 -0.522508 0
    outer loop
      vertex -98.7269 57 -38
      vertex -95.6084 62.0888 -50
      vertex -95.6084 62.0888 -38
    endloop
  endfacet
  facet normal 0.852634 -0.522508 0
    outer loop
      vertex -95.6084 62.0888 -50
      vertex -98.7269 57 -38
      vertex -98.7269 57 -50
    endloop
  endfacet
  facet normal -0.902613 -0.430454 0
    outer loop
      vertex 104.144 46.368 -50
      vertex 101.575 51.7549 -38
      vertex 101.575 51.7549 -50
    endloop
  endfacet
  facet normal -0.902613 -0.430454 0
    outer loop
      vertex 101.575 51.7549 -38
      vertex 104.144 46.368 -50
      vertex 104.144 46.368 -38
    endloop
  endfacet
  facet normal -0.430454 0.902613 0
    outer loop
      vertex 51.7549 -101.575 -50
      vertex 46.368 -104.144 -38
      vertex 51.7549 -101.575 -38
    endloop
  endfacet
  facet normal -0.430454 0.902613 0
    outer loop
      vertex 46.368 -104.144 -38
      vertex 51.7549 -101.575 -50
      vertex 46.368 -104.144 -50
    endloop
  endfacet
  facet normal -0.68835 -0.725379 0
    outer loop
      vertex 76.2809 84.7185 -50
      vertex 80.6102 80.6102 -38
      vertex 76.2809 84.7185 -38
    endloop
  endfacet
  facet normal -0.68835 -0.725379 -0
    outer loop
      vertex 80.6102 80.6102 -38
      vertex 76.2809 84.7185 -50
      vertex 80.6102 80.6102 -50
    endloop
  endfacet
  facet normal -0.972457 -0.233084 0
    outer loop
      vertex 110.116 29.5054 -50
      vertex 110.568 27.6196 -48
      vertex 110.116 29.5054 -38
    endloop
  endfacet
  facet normal -0.972381 -0.233398 -0.000313102
    outer loop
      vertex 111.509 23.7019 -50
      vertex 110.568 27.6196 -48
      vertex 110.116 29.5054 -50
    endloop
  endfacet
  facet normal -0.972345 -0.233549 0
    outer loop
      vertex 110.568 27.6196 -48
      vertex 111.509 23.7019 -50
      vertex 111.509 23.7019 -48
    endloop
  endfacet
  facet normal -0.972457 -0.233084 0
    outer loop
      vertex 110.116 29.5054 -38
      vertex 110.568 27.6196 -48
      vertex 110.568 27.6196 -38
    endloop
  endfacet
  facet normal 0.0261379 0.999658 -0
    outer loop
      vertex 0 -114 -50
      vertex -5.9663 -113.844 -38
      vertex 0 -114 -38
    endloop
  endfacet
  facet normal 0.0261379 0.999658 0
    outer loop
      vertex -5.9663 -113.844 -38
      vertex 0 -114 -50
      vertex -5.9663 -113.844 -50
    endloop
  endfacet
  facet normal -0.958778 -0.284157 0
    outer loop
      vertex 110.116 29.5054 -50
      vertex 108.42 35.2279 -38
      vertex 108.42 35.2279 -50
    endloop
  endfacet
  facet normal -0.958778 -0.284157 0
    outer loop
      vertex 108.42 35.2279 -38
      vertex 110.116 29.5054 -50
      vertex 110.116 29.5054 -38
    endloop
  endfacet
  facet normal -0.233084 0.972457 0
    outer loop
      vertex 29.5054 -110.116 -38
      vertex 27.6196 -110.568 -48
      vertex 27.6196 -110.568 -38
    endloop
  endfacet
  facet normal -0.233084 0.972457 0
    outer loop
      vertex 29.5054 -110.116 -50
      vertex 27.6196 -110.568 -48
      vertex 29.5054 -110.116 -38
    endloop
  endfacet
  facet normal -0.233398 0.972381 -0.000313102
    outer loop
      vertex 23.7019 -111.509 -50
      vertex 27.6196 -110.568 -48
      vertex 29.5054 -110.116 -50
    endloop
  endfacet
  facet normal -0.233549 0.972345 0
    outer loop
      vertex 27.6196 -110.568 -48
      vertex 23.7019 -111.509 -50
      vertex 23.7019 -111.509 -48
    endloop
  endfacet
  facet normal 0.0785811 0.996908 -0
    outer loop
      vertex -5.9663 -113.844 -50
      vertex -11.9162 -113.375 -38
      vertex -5.9663 -113.844 -38
    endloop
  endfacet
  facet normal 0.0785811 0.996908 0
    outer loop
      vertex -11.9162 -113.375 -38
      vertex -5.9663 -113.844 -50
      vertex -11.9162 -113.375 -50
    endloop
  endfacet
  facet normal 0.649442 -0.760411 0
    outer loop
      vertex -76.2809 84.7185 -50
      vertex -71.7425 88.5946 -48
      vertex -76.2809 84.7185 -48
    endloop
  endfacet
  facet normal 0.649442 -0.760411 0
    outer loop
      vertex -71.7425 88.5946 -48
      vertex -76.2809 84.7185 -50
      vertex -71.7425 88.5946 -50
    endloop
  endfacet
  facet normal 0.824128 -0.566403 0
    outer loop
      vertex -95.6084 62.0888 -38
      vertex -92.2279 67.0075 -50
      vertex -92.2279 67.0075 -38
    endloop
  endfacet
  facet normal 0.824128 -0.566403 0
    outer loop
      vertex -92.2279 67.0075 -50
      vertex -95.6084 62.0888 -38
      vertex -95.6084 62.0888 -50
    endloop
  endfacet
  facet normal 0.182131 -0.983274 0
    outer loop
      vertex -23.7019 111.509 -50
      vertex -17.8335 112.596 -48
      vertex -23.7019 111.509 -48
    endloop
  endfacet
  facet normal 0.182131 -0.983274 0
    outer loop
      vertex -17.8335 112.596 -48
      vertex -23.7019 111.509 -50
      vertex -17.8335 112.596 -50
    endloop
  endfacet
  facet normal 0.793353 0.608762 0
    outer loop
      vertex -88.5946 -71.7425 -48
      vertex -92.2279 -67.0075 -50
      vertex -92.2279 -67.0075 -48
    endloop
  endfacet
  facet normal 0.793353 0.608762 0
    outer loop
      vertex -92.2279 -67.0075 -50
      vertex -88.5946 -71.7425 -48
      vertex -88.5946 -71.7425 -50
    endloop
  endfacet
  facet normal -0.92388 0.382681 0
    outer loop
      vertex 104.144 -46.368 -50
      vertex 106.428 -40.8539 -48
      vertex 106.428 -40.8539 -50
    endloop
  endfacet
  facet normal -0.92388 0.382681 0
    outer loop
      vertex 106.428 -40.8539 -48
      vertex 104.144 -46.368 -50
      vertex 104.144 -46.368 -48
    endloop
  endfacet
  facet normal 0.996908 -0.0785811 0
    outer loop
      vertex -113.844 5.9663 -38
      vertex -113.375 11.9162 -50
      vertex -113.375 11.9162 -38
    endloop
  endfacet
  facet normal 0.996908 -0.0785811 0
    outer loop
      vertex -113.375 11.9162 -50
      vertex -113.844 5.9663 -38
      vertex -113.844 5.9663 -50
    endloop
  endfacet
  facet normal -0.92388 -0.382681 0
    outer loop
      vertex 106.428 40.8539 -50
      vertex 104.144 46.368 -38
      vertex 104.144 46.368 -50
    endloop
  endfacet
  facet normal -0.92388 -0.382681 0
    outer loop
      vertex 104.144 46.368 -38
      vertex 106.428 40.8539 -50
      vertex 106.428 40.8539 -38
    endloop
  endfacet
  facet normal 0.760411 0.649442 0
    outer loop
      vertex -84.7185 -76.2809 -48
      vertex -88.5946 -71.7425 -50
      vertex -88.5946 -71.7425 -48
    endloop
  endfacet
  facet normal 0.760411 0.649442 0
    outer loop
      vertex -88.5946 -71.7425 -50
      vertex -84.7185 -76.2809 -48
      vertex -84.7185 -76.2809 -50
    endloop
  endfacet
  facet normal 0.82414 0.566386 -0
    outer loop
      vertex -93.0023 -65.8809 -45.5503
      vertex -95.6084 -62.0888 -38
      vertex -93.0023 -65.8809 -38
    endloop
  endfacet
  facet normal 0.82414 0.566386 0
    outer loop
      vertex -95.6084 -62.0888 -38
      vertex -93.0023 -65.8809 -45.5503
      vertex -95.6084 -62.0888 -50
    endloop
  endfacet
  facet normal 0.824129 0.566403 2.13406e-05
    outer loop
      vertex -92.2551 -66.968 -48
      vertex -95.6084 -62.0888 -50
      vertex -93.0023 -65.8809 -45.5503
    endloop
  endfacet
  facet normal 0.823616 0.567148 -0
    outer loop
      vertex -92.2279 -67.0075 -50
      vertex -92.2551 -66.968 -48
      vertex -92.2279 -67.0075 -48
    endloop
  endfacet
  facet normal 0.824128 0.566403 2.16885e-05
    outer loop
      vertex -92.2551 -66.968 -48
      vertex -92.2279 -67.0075 -50
      vertex -95.6084 -62.0888 -50
    endloop
  endfacet
  facet normal 0.419324 0.907837 0
    outer loop
      vertex -46.368 -104.144 -48
      vertex -46.368 -104.144 -50
      vertex -46.4113 -104.124 -48
    endloop
  endfacet
  facet normal 0.430532 0.902575 -0
    outer loop
      vertex -47.6019 -103.556 -45.5503
      vertex -51.7549 -101.575 -38
      vertex -47.6019 -103.556 -38
    endloop
  endfacet
  facet normal 0.430549 0.902567 -1.89831e-05
    outer loop
      vertex -51.7549 -101.575 -50
      vertex -47.6019 -103.556 -45.5503
      vertex -46.4113 -104.124 -48
    endloop
  endfacet
  facet normal 0.430454 0.902613 0.0002932
    outer loop
      vertex -51.7549 -101.575 -50
      vertex -46.4113 -104.124 -48
      vertex -46.368 -104.144 -50
    endloop
  endfacet
  facet normal 0.430532 0.902575 0
    outer loop
      vertex -47.6019 -103.556 -45.5503
      vertex -51.7549 -101.575 -50
      vertex -51.7549 -101.575 -38
    endloop
  endfacet
  facet normal 0.333766 0.942656 -0
    outer loop
      vertex -35.2279 -108.42 -50
      vertex -40.8539 -106.428 -48
      vertex -35.2279 -108.42 -48
    endloop
  endfacet
  facet normal 0.333766 0.942656 0
    outer loop
      vertex -40.8539 -106.428 -48
      vertex -35.2279 -108.42 -50
      vertex -40.8539 -106.428 -50
    endloop
  endfacet
  facet normal 0.130522 -0.991445 0
    outer loop
      vertex -17.8335 112.596 -50
      vertex -11.9162 113.375 -48
      vertex -17.8335 112.596 -48
    endloop
  endfacet
  facet normal 0.130522 -0.991445 0
    outer loop
      vertex -11.9162 113.375 -48
      vertex -17.8335 112.596 -50
      vertex -11.9162 113.375 -50
    endloop
  endfacet
  facet normal 0.608762 0.793353 -0
    outer loop
      vertex -67.0075 -92.2279 -50
      vertex -71.7425 -88.5946 -38
      vertex -67.0075 -92.2279 -38
    endloop
  endfacet
  facet normal 0.608762 0.793353 0
    outer loop
      vertex -71.7425 -88.5946 -38
      vertex -67.0075 -92.2279 -50
      vertex -71.7425 -88.5946 -50
    endloop
  endfacet
  facet normal -0.852634 0.522508 0
    outer loop
      vertex 95.6084 -62.0888 -50
      vertex 98.7269 -57 -38
      vertex 98.7269 -57 -50
    endloop
  endfacet
  facet normal -0.852634 0.522508 0
    outer loop
      vertex 98.7269 -57 -38
      vertex 95.6084 -62.0888 -50
      vertex 95.6084 -62.0888 -38
    endloop
  endfacet
  facet normal -0.608762 0.793353 0
    outer loop
      vertex 71.7425 -88.5946 -50
      vertex 67.0075 -92.2279 -48
      vertex 71.7425 -88.5946 -48
    endloop
  endfacet
  facet normal -0.608762 0.793353 0
    outer loop
      vertex 67.0075 -92.2279 -48
      vertex 71.7425 -88.5946 -50
      vertex 67.0075 -92.2279 -50
    endloop
  endfacet
  facet normal -0.182131 0.983274 0
    outer loop
      vertex 23.7019 -111.509 -50
      vertex 17.8335 -112.596 -48
      vertex 23.7019 -111.509 -48
    endloop
  endfacet
  facet normal -0.182131 0.983274 0
    outer loop
      vertex 17.8335 -112.596 -48
      vertex 23.7019 -111.509 -50
      vertex 17.8335 -112.596 -50
    endloop
  endfacet
  facet normal -0.130522 0.991445 0
    outer loop
      vertex 17.8335 -112.596 -50
      vertex 11.9162 -113.375 -48
      vertex 17.8335 -112.596 -48
    endloop
  endfacet
  facet normal -0.130522 0.991445 0
    outer loop
      vertex 11.9162 -113.375 -48
      vertex 17.8335 -112.596 -50
      vertex 11.9162 -113.375 -50
    endloop
  endfacet
  facet normal 0.567148 -0.823616 0
    outer loop
      vertex -67.0075 92.2279 -48
      vertex -67.0075 92.2279 -50
      vertex -66.968 92.2551 -48
    endloop
  endfacet
  facet normal 0.566386 -0.82414 0
    outer loop
      vertex -65.8809 93.0023 -45.5503
      vertex -62.0888 95.6084 -38
      vertex -65.8809 93.0023 -38
    endloop
  endfacet
  facet normal 0.566403 -0.824129 2.13406e-05
    outer loop
      vertex -62.0888 95.6084 -50
      vertex -65.8809 93.0023 -45.5503
      vertex -66.968 92.2551 -48
    endloop
  endfacet
  facet normal 0.566403 -0.824128 2.16885e-05
    outer loop
      vertex -62.0888 95.6084 -50
      vertex -66.968 92.2551 -48
      vertex -67.0075 92.2279 -50
    endloop
  endfacet
  facet normal 0.566386 -0.82414 0
    outer loop
      vertex -65.8809 93.0023 -45.5503
      vertex -62.0888 95.6084 -50
      vertex -62.0888 95.6084 -38
    endloop
  endfacet
  facet normal -0.182131 -0.983274 0
    outer loop
      vertex 17.8335 112.596 -50
      vertex 23.7019 111.509 -38
      vertex 17.8335 112.596 -38
    endloop
  endfacet
  facet normal -0.182131 -0.983274 -0
    outer loop
      vertex 23.7019 111.509 -38
      vertex 17.8335 112.596 -50
      vertex 23.7019 111.509 -50
    endloop
  endfacet
  facet normal 0.991445 0.130522 0
    outer loop
      vertex -112.596 -17.8335 -48
      vertex -113.375 -11.9162 -50
      vertex -113.375 -11.9162 -48
    endloop
  endfacet
  facet normal 0.991445 0.130522 0
    outer loop
      vertex -113.375 -11.9162 -50
      vertex -112.596 -17.8335 -48
      vertex -112.596 -17.8335 -50
    endloop
  endfacet
  facet normal 0.649442 0.760411 -0
    outer loop
      vertex -71.7425 -88.5946 -50
      vertex -76.2809 -84.7185 -38
      vertex -71.7425 -88.5946 -38
    endloop
  endfacet
  facet normal 0.649442 0.760411 0
    outer loop
      vertex -76.2809 -84.7185 -38
      vertex -71.7425 -88.5946 -50
      vertex -76.2809 -84.7185 -50
    endloop
  endfacet
  facet normal 0.972381 -0.233398 0
    outer loop
      vertex -111.509 23.7019 -38
      vertex -110.116 29.5054 -50
      vertex -110.116 29.5054 -38
    endloop
  endfacet
  facet normal 0.972381 -0.233398 0
    outer loop
      vertex -110.116 29.5054 -50
      vertex -111.509 23.7019 -38
      vertex -111.509 23.7019 -50
    endloop
  endfacet
  facet normal -0.130522 -0.991445 0
    outer loop
      vertex 11.9162 113.375 -50
      vertex 17.8335 112.596 -38
      vertex 11.9162 113.375 -38
    endloop
  endfacet
  facet normal -0.130522 -0.991445 -0
    outer loop
      vertex 17.8335 112.596 -38
      vertex 11.9162 113.375 -50
      vertex 17.8335 112.596 -50
    endloop
  endfacet
  facet normal 0.382681 -0.92388 0
    outer loop
      vertex -46.368 104.144 -50
      vertex -40.8539 106.428 -38
      vertex -46.368 104.144 -38
    endloop
  endfacet
  facet normal 0.382681 -0.92388 0
    outer loop
      vertex -40.8539 106.428 -38
      vertex -46.368 104.144 -50
      vertex -40.8539 106.428 -50
    endloop
  endfacet
  facet normal 0.793353 -0.608762 0
    outer loop
      vertex -92.2279 67.0075 -38
      vertex -88.5946 71.7425 -50
      vertex -88.5946 71.7425 -38
    endloop
  endfacet
  facet normal 0.793353 -0.608762 0
    outer loop
      vertex -88.5946 71.7425 -50
      vertex -92.2279 67.0075 -38
      vertex -92.2279 67.0075 -50
    endloop
  endfacet
  facet normal 0.999658 -0.0261379 0
    outer loop
      vertex -114 0 -38
      vertex -113.844 5.9663 -50
      vertex -113.844 5.9663 -38
    endloop
  endfacet
  facet normal 0.999658 -0.0261379 0
    outer loop
      vertex -113.844 5.9663 -50
      vertex -114 0 -38
      vertex -114 0 -50
    endloop
  endfacet
  facet normal -0.333766 0.942656 0
    outer loop
      vertex 40.8539 -106.428 -50
      vertex 35.2279 -108.42 -38
      vertex 40.8539 -106.428 -38
    endloop
  endfacet
  facet normal -0.333766 0.942656 0
    outer loop
      vertex 35.2279 -108.42 -38
      vertex 40.8539 -106.428 -50
      vertex 35.2279 -108.42 -50
    endloop
  endfacet
  facet normal -0.382681 0.92388 0
    outer loop
      vertex 46.368 -104.144 -50
      vertex 40.8539 -106.428 -38
      vertex 46.368 -104.144 -38
    endloop
  endfacet
  facet normal -0.382681 0.92388 0
    outer loop
      vertex 40.8539 -106.428 -38
      vertex 46.368 -104.144 -50
      vertex 40.8539 -106.428 -50
    endloop
  endfacet
  facet normal 0.608762 -0.793353 0
    outer loop
      vertex -71.7425 88.5946 -50
      vertex -67.0075 92.2279 -48
      vertex -71.7425 88.5946 -48
    endloop
  endfacet
  facet normal 0.608762 -0.793353 0
    outer loop
      vertex -67.0075 92.2279 -48
      vertex -71.7425 88.5946 -50
      vertex -67.0075 92.2279 -50
    endloop
  endfacet
  facet normal 0.983274 -0.182131 0
    outer loop
      vertex -112.596 17.8335 -38
      vertex -111.509 23.7019 -50
      vertex -111.509 23.7019 -38
    endloop
  endfacet
  facet normal 0.983274 -0.182131 0
    outer loop
      vertex -111.509 23.7019 -50
      vertex -112.596 17.8335 -38
      vertex -112.596 17.8335 -50
    endloop
  endfacet
  facet normal 0.991445 -0.130522 0
    outer loop
      vertex -113.375 11.9162 -38
      vertex -112.596 17.8335 -50
      vertex -112.596 17.8335 -38
    endloop
  endfacet
  facet normal 0.991445 -0.130522 0
    outer loop
      vertex -112.596 17.8335 -50
      vertex -113.375 11.9162 -38
      vertex -113.375 11.9162 -50
    endloop
  endfacet
  facet normal 0.902575 -0.430532 0
    outer loop
      vertex -103.556 47.6019 -45.5503
      vertex -101.575 51.7549 -38
      vertex -103.556 47.6019 -38
    endloop
  endfacet
  facet normal 0.902575 -0.430532 0
    outer loop
      vertex -101.575 51.7549 -38
      vertex -103.556 47.6019 -45.5503
      vertex -101.575 51.7549 -50
    endloop
  endfacet
  facet normal 0.902567 -0.430549 -1.89831e-05
    outer loop
      vertex -104.124 46.4113 -48
      vertex -101.575 51.7549 -50
      vertex -103.556 47.6019 -45.5503
    endloop
  endfacet
  facet normal 0.907837 -0.419324 0
    outer loop
      vertex -104.144 46.368 -50
      vertex -104.124 46.4113 -48
      vertex -104.144 46.368 -48
    endloop
  endfacet
  facet normal 0.902613 -0.430454 0.0002932
    outer loop
      vertex -104.124 46.4113 -48
      vertex -104.144 46.368 -50
      vertex -101.575 51.7549 -50
    endloop
  endfacet
  facet normal -0.233398 -0.972381 0
    outer loop
      vertex 23.7019 111.509 -50
      vertex 29.5054 110.116 -38
      vertex 23.7019 111.509 -38
    endloop
  endfacet
  facet normal -0.233398 -0.972381 -0
    outer loop
      vertex 29.5054 110.116 -38
      vertex 23.7019 111.509 -50
      vertex 29.5054 110.116 -50
    endloop
  endfacet
  facet normal 0.233084 -0.972457 0
    outer loop
      vertex -29.5054 110.116 -38
      vertex -27.6196 110.568 -48
      vertex -27.6196 110.568 -38
    endloop
  endfacet
  facet normal 0.233084 -0.972457 0
    outer loop
      vertex -29.5054 110.116 -50
      vertex -27.6196 110.568 -48
      vertex -29.5054 110.116 -38
    endloop
  endfacet
  facet normal 0.233398 -0.972381 -0.000313102
    outer loop
      vertex -23.7019 111.509 -50
      vertex -27.6196 110.568 -48
      vertex -29.5054 110.116 -50
    endloop
  endfacet
  facet normal 0.233549 -0.972345 0
    outer loop
      vertex -27.6196 110.568 -48
      vertex -23.7019 111.509 -50
      vertex -23.7019 111.509 -48
    endloop
  endfacet
  facet normal 0.284157 -0.958778 0
    outer loop
      vertex -35.2279 108.42 -50
      vertex -29.5054 110.116 -38
      vertex -35.2279 108.42 -38
    endloop
  endfacet
  facet normal 0.284157 -0.958778 0
    outer loop
      vertex -29.5054 110.116 -38
      vertex -35.2279 108.42 -50
      vertex -29.5054 110.116 -50
    endloop
  endfacet
  facet normal -0.725379 0.68835 0
    outer loop
      vertex 80.6102 -80.6102 -50
      vertex 84.7185 -76.2809 -38
      vertex 84.7185 -76.2809 -50
    endloop
  endfacet
  facet normal -0.725379 0.68835 0
    outer loop
      vertex 84.7185 -76.2809 -38
      vertex 80.6102 -80.6102 -50
      vertex 80.6102 -80.6102 -38
    endloop
  endfacet
  facet normal 0.233398 0.972381 -0
    outer loop
      vertex -23.7019 -111.509 -50
      vertex -29.5054 -110.116 -38
      vertex -23.7019 -111.509 -38
    endloop
  endfacet
  facet normal 0.233398 0.972381 0
    outer loop
      vertex -29.5054 -110.116 -38
      vertex -23.7019 -111.509 -50
      vertex -29.5054 -110.116 -50
    endloop
  endfacet
  facet normal 0.8788 0.47719 0
    outer loop
      vertex -98.7269 -57 -38
      vertex -101.575 -51.7549 -50
      vertex -101.575 -51.7549 -38
    endloop
  endfacet
  facet normal 0.8788 0.47719 0
    outer loop
      vertex -101.575 -51.7549 -50
      vertex -98.7269 -57 -38
      vertex -98.7269 -57 -50
    endloop
  endfacet
  facet normal 0.958778 0.284157 0
    outer loop
      vertex -108.42 -35.2279 -38
      vertex -110.116 -29.5054 -50
      vertex -110.116 -29.5054 -38
    endloop
  endfacet
  facet normal 0.958778 0.284157 0
    outer loop
      vertex -110.116 -29.5054 -50
      vertex -108.42 -35.2279 -38
      vertex -108.42 -35.2279 -50
    endloop
  endfacet
  facet normal 0.47719 0.8788 -0
    outer loop
      vertex -51.7549 -101.575 -50
      vertex -57 -98.7269 -38
      vertex -51.7549 -101.575 -38
    endloop
  endfacet
  facet normal 0.47719 0.8788 0
    outer loop
      vertex -57 -98.7269 -38
      vertex -51.7549 -101.575 -50
      vertex -57 -98.7269 -50
    endloop
  endfacet
  facet normal 0.92388 0.382681 0
    outer loop
      vertex -104.144 -46.368 -38
      vertex -106.428 -40.8539 -50
      vertex -106.428 -40.8539 -38
    endloop
  endfacet
  facet normal 0.92388 0.382681 0
    outer loop
      vertex -106.428 -40.8539 -50
      vertex -104.144 -46.368 -38
      vertex -104.144 -46.368 -50
    endloop
  endfacet
  facet normal 0.566403 0.824128 -0
    outer loop
      vertex -62.0888 -95.6084 -50
      vertex -67.0075 -92.2279 -38
      vertex -62.0888 -95.6084 -38
    endloop
  endfacet
  facet normal 0.566403 0.824128 0
    outer loop
      vertex -67.0075 -92.2279 -38
      vertex -62.0888 -95.6084 -50
      vertex -67.0075 -92.2279 -50
    endloop
  endfacet
  facet normal 0.522508 0.852634 -0
    outer loop
      vertex -57 -98.7269 -50
      vertex -62.0888 -95.6084 -38
      vertex -57 -98.7269 -38
    endloop
  endfacet
  facet normal 0.522508 0.852634 0
    outer loop
      vertex -62.0888 -95.6084 -38
      vertex -57 -98.7269 -50
      vertex -62.0888 -95.6084 -50
    endloop
  endfacet
  facet normal 0.902613 0.430454 0
    outer loop
      vertex -101.575 -51.7549 -38
      vertex -104.144 -46.368 -50
      vertex -104.144 -46.368 -38
    endloop
  endfacet
  facet normal 0.902613 0.430454 0
    outer loop
      vertex -104.144 -46.368 -50
      vertex -101.575 -51.7549 -38
      vertex -101.575 -51.7549 -50
    endloop
  endfacet
  facet normal 0 0 -1
    outer loop
      vertex -120 0 38
      vertex -114 0 38
      vertex -113.844 -5.9663 38
    endloop
  endfacet
  facet normal 0 0 -1
    outer loop
      vertex -114 0 38
      vertex -115.911 31.0583 38
      vertex -115.211 33.4201 38
    endloop
  endfacet
  facet normal 0 0 -1
    outer loop
      vertex -114 0 38
      vertex -117.378 24.9494 38
      vertex -115.911 31.0583 38
    endloop
  endfacet
  facet normal 0 0 -1
    outer loop
      vertex -119.836 -6.28031 38
      vertex -113.844 -5.9663 38
      vertex -113.483 -10.5534 38
    endloop
  endfacet
  facet normal 0 0 -1
    outer loop
      vertex -114 0 38
      vertex -118.523 18.7721 38
      vertex -117.378 24.9494 38
    endloop
  endfacet
  facet normal 0 0 -1
    outer loop
      vertex -114 0 38
      vertex -119.343 12.5434 38
      vertex -118.523 18.7721 38
    endloop
  endfacet
  facet normal 0 0 -1
    outer loop
      vertex -119.836 -6.28031 38
      vertex -113.483 -10.5534 38
      vertex -119.37 -12.1963 38
    endloop
  endfacet
  facet normal -0 0 -1
    outer loop
      vertex -113.844 -5.9663 38
      vertex -119.836 -6.28031 38
      vertex -120 0 38
    endloop
  endfacet
  facet normal 0 0 -1
    outer loop
      vertex -114 0 38
      vertex -119.836 6.28031 38
      vertex -119.343 12.5434 38
    endloop
  endfacet
  facet normal 0 0 -1
    outer loop
      vertex -114 0 38
      vertex -120 0 38
      vertex -119.836 6.28031 38
    endloop
  endfacet
  facet normal 0 0 -1
    outer loop
      vertex -110.116 29.5054 38
      vertex -115.211 33.4201 38
      vertex -109.565 31.3649 38
    endloop
  endfacet
  facet normal 0 0 -1
    outer loop
      vertex -111.509 23.7019 38
      vertex -115.211 33.4201 38
      vertex -110.116 29.5054 38
    endloop
  endfacet
  facet normal 0 0 -1
    outer loop
      vertex -112.596 17.8335 38
      vertex -115.211 33.4201 38
      vertex -111.509 23.7019 38
    endloop
  endfacet
  facet normal 0 0 -1
    outer loop
      vertex -113.375 11.9162 38
      vertex -115.211 33.4201 38
      vertex -112.596 17.8335 38
    endloop
  endfacet
  facet normal 0 0 -1
    outer loop
      vertex -113.844 5.9663 38
      vertex -115.211 33.4201 38
      vertex -113.375 11.9162 38
    endloop
  endfacet
  facet normal 0 0 -1
    outer loop
      vertex -115.211 33.4201 38
      vertex -113.844 5.9663 38
      vertex -114 0 38
    endloop
  endfacet
  facet normal 0 0 -1
    outer loop
      vertex -100.64 -65.3567 38
      vertex -93.0023 -65.8809 38
      vertex -97.2793 -70.2473 38
    endloop
  endfacet
  facet normal 0 0 -1
    outer loop
      vertex -93.0023 -65.8809 38
      vertex -100.64 -65.3567 38
      vertex -95.6084 -62.0888 38
    endloop
  endfacet
  facet normal -0 0 -1
    outer loop
      vertex -95.6084 -62.0888 38
      vertex -100.64 -65.3567 38
      vertex -98.7269 -57 38
    endloop
  endfacet
  facet normal 0 0 -1
    outer loop
      vertex -103.923 -60 38
      vertex -98.7269 -57 38
      vertex -100.64 -65.3567 38
    endloop
  endfacet
  facet normal -0 0 -1
    outer loop
      vertex -98.7269 -57 38
      vertex -103.923 -60 38
      vertex -101.575 -51.7549 38
    endloop
  endfacet
  facet normal 0 0 -1
    outer loop
      vertex -106.921 -54.4789 38
      vertex -101.575 -51.7549 38
      vertex -103.923 -60 38
    endloop
  endfacet
  facet normal -0 0 -1
    outer loop
      vertex -101.575 -51.7549 38
      vertex -106.921 -54.4789 38
      vertex -104.144 -46.368 38
    endloop
  endfacet
  facet normal 0 0 -1
    outer loop
      vertex -109.625 -48.8084 38
      vertex -104.144 -46.368 38
      vertex -106.921 -54.4789 38
    endloop
  endfacet
  facet normal -0 0 -1
    outer loop
      vertex -104.144 -46.368 38
      vertex -109.625 -48.8084 38
      vertex -106.428 -40.8539 38
    endloop
  endfacet
  facet normal 0 0 -1
    outer loop
      vertex -112.03 -43.0042 38
      vertex -106.428 -40.8539 38
      vertex -109.625 -48.8084 38
    endloop
  endfacet
  facet normal -0 0 -1
    outer loop
      vertex -106.428 -40.8539 38
      vertex -112.03 -43.0042 38
      vertex -108.42 -35.2279 38
    endloop
  endfacet
  facet normal 0 0 -1
    outer loop
      vertex -114.127 -37.082 38
      vertex -108.42 -35.2279 38
      vertex -112.03 -43.0042 38
    endloop
  endfacet
  facet normal -0 0 -1
    outer loop
      vertex -108.42 -35.2279 38
      vertex -114.127 -37.082 38
      vertex -110.116 -29.5054 38
    endloop
  endfacet
  facet normal 0 0 -1
    outer loop
      vertex -115.911 -31.0583 38
      vertex -110.116 -29.5054 38
      vertex -114.127 -37.082 38
    endloop
  endfacet
  facet normal -0 0 -1
    outer loop
      vertex -110.116 -29.5054 38
      vertex -115.911 -31.0583 38
      vertex -110.568 -27.6196 38
    endloop
  endfacet
  facet normal 0 0 -1
    outer loop
      vertex -110.568 -27.6196 38
      vertex -115.911 -31.0583 38
      vertex -116.486 -28.6631 38
    endloop
  endfacet
  facet normal 0 0 -1
    outer loop
      vertex -84.8528 84.8528 38
      vertex -79.2034 81.9451 38
      vertex -80.6102 80.6102 38
    endloop
  endfacet
  facet normal 0 0 -1
    outer loop
      vertex -84.8528 84.8528 38
      vertex -80.6102 80.6102 38
      vertex -84.7185 76.2809 38
    endloop
  endfacet
  facet normal 0 0 -1
    outer loop
      vertex -79.2034 81.9451 38
      vertex -84.8528 84.8528 38
      vertex -83.066 86.5484 38
    endloop
  endfacet
  facet normal 0 0 -1
    outer loop
      vertex -89.1774 80.2957 38
      vertex -84.7185 76.2809 38
      vertex -88.5946 71.7425 38
    endloop
  endfacet
  facet normal 0 0 -1
    outer loop
      vertex -84.7185 76.2809 38
      vertex -89.1774 80.2957 38
      vertex -84.8528 84.8528 38
    endloop
  endfacet
  facet normal 0 0 -1
    outer loop
      vertex -93.2575 75.5184 38
      vertex -88.5946 71.7425 38
      vertex -92.2279 67.0075 38
    endloop
  endfacet
  facet normal 0 0 -1
    outer loop
      vertex -88.5946 71.7425 38
      vertex -93.2575 75.5184 38
      vertex -89.1774 80.2957 38
    endloop
  endfacet
  facet normal 0 0 -1
    outer loop
      vertex -97.082 70.5342 38
      vertex -92.2279 67.0075 38
      vertex -95.6084 62.0888 38
    endloop
  endfacet
  facet normal 0 0 -1
    outer loop
      vertex -92.2279 67.0075 38
      vertex -97.082 70.5342 38
      vertex -93.2575 75.5184 38
    endloop
  endfacet
  facet normal 0 0 -1
    outer loop
      vertex -100.64 65.3567 38
      vertex -95.6084 62.0888 38
      vertex -98.7269 57 38
    endloop
  endfacet
  facet normal 0 0 -1
    outer loop
      vertex -95.6084 62.0888 38
      vertex -100.64 65.3567 38
      vertex -97.082 70.5342 38
    endloop
  endfacet
  facet normal 0 0 -1
    outer loop
      vertex -103.923 60 38
      vertex -98.7269 57 38
      vertex -101.575 51.7549 38
    endloop
  endfacet
  facet normal 0 0 -1
    outer loop
      vertex -106.921 54.4789 38
      vertex -101.575 51.7549 38
      vertex -103.556 47.6019 38
    endloop
  endfacet
  facet normal 0 0 -1
    outer loop
      vertex -98.7269 57 38
      vertex -103.923 60 38
      vertex -100.64 65.3567 38
    endloop
  endfacet
  facet normal 0 0 -1
    outer loop
      vertex -101.575 51.7549 38
      vertex -106.921 54.4789 38
      vertex -103.923 60 38
    endloop
  endfacet
  facet normal 0 -0 -1
    outer loop
      vertex -106.921 54.4789 38
      vertex -103.556 47.6019 38
      vertex -109.476 49.1227 38
    endloop
  endfacet
  facet normal 0 0 -1
    outer loop
      vertex -54.4789 -106.921 38
      vertex -47.6019 -103.556 38
      vertex -49.1227 -109.476 38
    endloop
  endfacet
  facet normal -0 0 -1
    outer loop
      vertex -47.6019 -103.556 38
      vertex -54.4789 -106.921 38
      vertex -51.7549 -101.575 38
    endloop
  endfacet
  facet normal 0 0 -1
    outer loop
      vertex -54.4789 -106.921 38
      vertex -57 -98.7269 38
      vertex -51.7549 -101.575 38
    endloop
  endfacet
  facet normal 0 0 -1
    outer loop
      vertex -60 -103.923 38
      vertex -57 -98.7269 38
      vertex -54.4789 -106.921 38
    endloop
  endfacet
  facet normal 0 0 -1
    outer loop
      vertex -60 -103.923 38
      vertex -62.0888 -95.6084 38
      vertex -57 -98.7269 38
    endloop
  endfacet
  facet normal 0 0 -1
    outer loop
      vertex -65.3567 -100.64 38
      vertex -62.0888 -95.6084 38
      vertex -60 -103.923 38
    endloop
  endfacet
  facet normal 0 0 -1
    outer loop
      vertex -65.3567 -100.64 38
      vertex -67.0075 -92.2279 38
      vertex -62.0888 -95.6084 38
    endloop
  endfacet
  facet normal 0 0 -1
    outer loop
      vertex -70.5342 -97.082 38
      vertex -67.0075 -92.2279 38
      vertex -65.3567 -100.64 38
    endloop
  endfacet
  facet normal 0 0 -1
    outer loop
      vertex -70.5342 -97.082 38
      vertex -71.7425 -88.5946 38
      vertex -67.0075 -92.2279 38
    endloop
  endfacet
  facet normal 0 0 -1
    outer loop
      vertex -75.5184 -93.2575 38
      vertex -71.7425 -88.5946 38
      vertex -70.5342 -97.082 38
    endloop
  endfacet
  facet normal 0 0 -1
    outer loop
      vertex -75.5184 -93.2575 38
      vertex -76.2809 -84.7185 38
      vertex -71.7425 -88.5946 38
    endloop
  endfacet
  facet normal 0 0 -1
    outer loop
      vertex -80.2957 -89.1774 38
      vertex -76.2809 -84.7185 38
      vertex -75.5184 -93.2575 38
    endloop
  endfacet
  facet normal 0 0 -1
    outer loop
      vertex -80.2957 -89.1774 38
      vertex -80.6102 -80.6102 38
      vertex -76.2809 -84.7185 38
    endloop
  endfacet
  facet normal 0 0 -1
    outer loop
      vertex -84.8528 -84.8528 38
      vertex -80.6102 -80.6102 38
      vertex -80.2957 -89.1774 38
    endloop
  endfacet
  facet normal -0 0 -1
    outer loop
      vertex -80.6102 -80.6102 38
      vertex -84.8528 -84.8528 38
      vertex -81.9451 -79.2034 38
    endloop
  endfacet
  facet normal 0 0 -1
    outer loop
      vertex -81.9451 -79.2034 38
      vertex -84.8528 -84.8528 38
      vertex -86.5484 -83.066 38
    endloop
  endfacet
  facet normal 0 0 -1
    outer loop
      vertex -31.0583 115.911 38
      vertex -27.6196 110.568 38
      vertex -29.5054 110.116 38
    endloop
  endfacet
  facet normal 0 0 -1
    outer loop
      vertex -27.6196 110.568 38
      vertex -31.0583 115.911 38
      vertex -28.6631 116.486 38
    endloop
  endfacet
  facet normal 0 0 -1
    outer loop
      vertex -35.2279 108.42 38
      vertex -31.0583 115.911 38
      vertex -29.5054 110.116 38
    endloop
  endfacet
  facet normal 0 0 -1
    outer loop
      vertex -35.2279 108.42 38
      vertex -37.082 114.127 38
      vertex -31.0583 115.911 38
    endloop
  endfacet
  facet normal 0 0 -1
    outer loop
      vertex -40.8539 106.428 38
      vertex -37.082 114.127 38
      vertex -35.2279 108.42 38
    endloop
  endfacet
  facet normal 0 0 -1
    outer loop
      vertex -40.8539 106.428 38
      vertex -43.0042 112.03 38
      vertex -37.082 114.127 38
    endloop
  endfacet
  facet normal 0 0 -1
    outer loop
      vertex -46.368 104.144 38
      vertex -43.0042 112.03 38
      vertex -40.8539 106.428 38
    endloop
  endfacet
  facet normal 0 0 -1
    outer loop
      vertex -46.368 104.144 38
      vertex -48.8084 109.625 38
      vertex -43.0042 112.03 38
    endloop
  endfacet
  facet normal 0 0 -1
    outer loop
      vertex -51.7549 101.575 38
      vertex -48.8084 109.625 38
      vertex -46.368 104.144 38
    endloop
  endfacet
  facet normal 0 0 -1
    outer loop
      vertex -51.7549 101.575 38
      vertex -54.4789 106.921 38
      vertex -48.8084 109.625 38
    endloop
  endfacet
  facet normal 0 0 -1
    outer loop
      vertex -57 98.7269 38
      vertex -54.4789 106.921 38
      vertex -51.7549 101.575 38
    endloop
  endfacet
  facet normal 0 0 -1
    outer loop
      vertex -57 98.7269 38
      vertex -60 103.923 38
      vertex -54.4789 106.921 38
    endloop
  endfacet
  facet normal 0 0 -1
    outer loop
      vertex -62.0888 95.6084 38
      vertex -60 103.923 38
      vertex -57 98.7269 38
    endloop
  endfacet
  facet normal 0 0 -1
    outer loop
      vertex -62.0888 95.6084 38
      vertex -65.3567 100.64 38
      vertex -60 103.923 38
    endloop
  endfacet
  facet normal 0 0 -1
    outer loop
      vertex -65.8809 93.0023 38
      vertex -65.3567 100.64 38
      vertex -62.0888 95.6084 38
    endloop
  endfacet
  facet normal 0 0 -1
    outer loop
      vertex -65.3567 100.64 38
      vertex -65.8809 93.0023 38
      vertex -70.2473 97.2793 38
    endloop
  endfacet
  facet normal 0 0 -1
    outer loop
      vertex 6.28031 -119.836 38
      vertex 10.5534 -113.483 38
      vertex 12.1963 -119.37 38
    endloop
  endfacet
  facet normal 0 0 -1
    outer loop
      vertex 6.28031 -119.836 38
      vertex 5.9663 -113.844 38
      vertex 10.5534 -113.483 38
    endloop
  endfacet
  facet normal 0 0 -1
    outer loop
      vertex 0 -120 38
      vertex 5.9663 -113.844 38
      vertex 6.28031 -119.836 38
    endloop
  endfacet
  facet normal 0 0 -1
    outer loop
      vertex 0 -120 38
      vertex 0 -114 38
      vertex 5.9663 -113.844 38
    endloop
  endfacet
  facet normal 0 0 -1
    outer loop
      vertex 0 -120 38
      vertex -5.9663 -113.844 38
      vertex 0 -114 38
    endloop
  endfacet
  facet normal 0 0 -1
    outer loop
      vertex -6.28031 -119.836 38
      vertex -5.9663 -113.844 38
      vertex 0 -120 38
    endloop
  endfacet
  facet normal 0 0 -1
    outer loop
      vertex -6.28031 -119.836 38
      vertex -11.9162 -113.375 38
      vertex -5.9663 -113.844 38
    endloop
  endfacet
  facet normal 0 0 -1
    outer loop
      vertex -12.5434 -119.343 38
      vertex -11.9162 -113.375 38
      vertex -6.28031 -119.836 38
    endloop
  endfacet
  facet normal 0 0 -1
    outer loop
      vertex -12.5434 -119.343 38
      vertex -17.8335 -112.596 38
      vertex -11.9162 -113.375 38
    endloop
  endfacet
  facet normal 0 0 -1
    outer loop
      vertex -18.7721 -118.523 38
      vertex -17.8335 -112.596 38
      vertex -12.5434 -119.343 38
    endloop
  endfacet
  facet normal 0 0 -1
    outer loop
      vertex -18.7721 -118.523 38
      vertex -23.7019 -111.509 38
      vertex -17.8335 -112.596 38
    endloop
  endfacet
  facet normal 0 0 -1
    outer loop
      vertex -24.9494 -117.378 38
      vertex -23.7019 -111.509 38
      vertex -18.7721 -118.523 38
    endloop
  endfacet
  facet normal 0 0 -1
    outer loop
      vertex -24.9494 -117.378 38
      vertex -29.5054 -110.116 38
      vertex -23.7019 -111.509 38
    endloop
  endfacet
  facet normal 0 0 -1
    outer loop
      vertex -31.0583 -115.911 38
      vertex -29.5054 -110.116 38
      vertex -24.9494 -117.378 38
    endloop
  endfacet
  facet normal 0 0 -1
    outer loop
      vertex -31.0583 -115.911 38
      vertex -31.3649 -109.565 38
      vertex -29.5054 -110.116 38
    endloop
  endfacet
  facet normal 0 -0 -1
    outer loop
      vertex -31.3649 -109.565 38
      vertex -31.0583 -115.911 38
      vertex -33.4201 -115.211 38
    endloop
  endfacet
  facet normal 0 0 -1
    outer loop
      vertex 31.3649 109.565 38
      vertex 31.0583 115.911 38
      vertex 33.4201 115.211 38
    endloop
  endfacet
  facet normal 0 0 -1
    outer loop
      vertex 29.5054 110.116 38
      vertex 31.0583 115.911 38
      vertex 31.3649 109.565 38
    endloop
  endfacet
  facet normal 0 0 -1
    outer loop
      vertex 29.5054 110.116 38
      vertex 24.9494 117.378 38
      vertex 31.0583 115.911 38
    endloop
  endfacet
  facet normal 0 0 -1
    outer loop
      vertex 23.7019 111.509 38
      vertex 24.9494 117.378 38
      vertex 29.5054 110.116 38
    endloop
  endfacet
  facet normal 0 0 -1
    outer loop
      vertex 23.7019 111.509 38
      vertex 18.7721 118.523 38
      vertex 24.9494 117.378 38
    endloop
  endfacet
  facet normal 0 0 -1
    outer loop
      vertex 17.8335 112.596 38
      vertex 18.7721 118.523 38
      vertex 23.7019 111.509 38
    endloop
  endfacet
  facet normal 0 0 -1
    outer loop
      vertex 17.8335 112.596 38
      vertex 12.5434 119.343 38
      vertex 18.7721 118.523 38
    endloop
  endfacet
  facet normal 0 0 -1
    outer loop
      vertex 11.9162 113.375 38
      vertex 12.5434 119.343 38
      vertex 17.8335 112.596 38
    endloop
  endfacet
  facet normal 0 0 -1
    outer loop
      vertex 11.9162 113.375 38
      vertex 6.28031 119.836 38
      vertex 12.5434 119.343 38
    endloop
  endfacet
  facet normal 0 0 -1
    outer loop
      vertex 5.9663 113.844 38
      vertex 6.28031 119.836 38
      vertex 11.9162 113.375 38
    endloop
  endfacet
  facet normal 0 0 -1
    outer loop
      vertex 0 114 38
      vertex 6.28031 119.836 38
      vertex 5.9663 113.844 38
    endloop
  endfacet
  facet normal 0 0 -1
    outer loop
      vertex 0 114 38
      vertex 0 120 38
      vertex 6.28031 119.836 38
    endloop
  endfacet
  facet normal 0 0 -1
    outer loop
      vertex -5.9663 113.844 38
      vertex 0 120 38
      vertex 0 114 38
    endloop
  endfacet
  facet normal 0 0 -1
    outer loop
      vertex -5.9663 113.844 38
      vertex -6.28031 119.836 38
      vertex 0 120 38
    endloop
  endfacet
  facet normal 0 0 -1
    outer loop
      vertex -10.5534 113.483 38
      vertex -6.28031 119.836 38
      vertex -5.9663 113.844 38
    endloop
  endfacet
  facet normal 0 0 -1
    outer loop
      vertex -6.28031 119.836 38
      vertex -10.5534 113.483 38
      vertex -12.1963 119.37 38
    endloop
  endfacet
  facet normal 0 0 -1
    outer loop
      vertex 65.3567 -100.64 38
      vertex 65.8809 -93.0023 38
      vertex 70.2473 -97.2793 38
    endloop
  endfacet
  facet normal 0 0 -1
    outer loop
      vertex 65.3567 -100.64 38
      vertex 62.0888 -95.6084 38
      vertex 65.8809 -93.0023 38
    endloop
  endfacet
  facet normal 0 0 -1
    outer loop
      vertex 60 -103.923 38
      vertex 62.0888 -95.6084 38
      vertex 65.3567 -100.64 38
    endloop
  endfacet
  facet normal 0 0 -1
    outer loop
      vertex 60 -103.923 38
      vertex 57 -98.7269 38
      vertex 62.0888 -95.6084 38
    endloop
  endfacet
  facet normal 0 0 -1
    outer loop
      vertex 54.4789 -106.921 38
      vertex 57 -98.7269 38
      vertex 60 -103.923 38
    endloop
  endfacet
  facet normal 0 0 -1
    outer loop
      vertex 54.4789 -106.921 38
      vertex 51.7549 -101.575 38
      vertex 57 -98.7269 38
    endloop
  endfacet
  facet normal 0 0 -1
    outer loop
      vertex 48.8084 -109.625 38
      vertex 51.7549 -101.575 38
      vertex 54.4789 -106.921 38
    endloop
  endfacet
  facet normal 0 0 -1
    outer loop
      vertex 48.8084 -109.625 38
      vertex 46.368 -104.144 38
      vertex 51.7549 -101.575 38
    endloop
  endfacet
  facet normal 0 0 -1
    outer loop
      vertex 43.0042 -112.03 38
      vertex 46.368 -104.144 38
      vertex 48.8084 -109.625 38
    endloop
  endfacet
  facet normal 0 0 -1
    outer loop
      vertex 43.0042 -112.03 38
      vertex 40.8539 -106.428 38
      vertex 46.368 -104.144 38
    endloop
  endfacet
  facet normal 0 0 -1
    outer loop
      vertex 37.082 -114.127 38
      vertex 40.8539 ëŽuÓ†òµë(š+myÐ¢fW'FW‚Ó‚ÓCBã#cB#¢fW'FW‚Ó‚ÓCBã#cB3 ¢VæFÆö÷ ¢VæFf6W@¢f6WBæ÷&ÖÂÓãc#ƒrÓã“ƒccC‚Ó ¢÷WFW"Æö÷ ¢fW'FW‚Ó‚ÓCBã#cB#¢fW'FW‚Ó‚ÓCBã#cBÓ#¢fW'FW‚ÓRãƒs3c‚ÓCBãcR#¢VæFÆö÷ ¢VæFf6W@¢f6WBæ÷&ÖÂÓãc#“’Óã“ƒcc#‚ ¢÷WFW"Æö÷ ¢fW'FW‚Ó‚ãss“bÓCBã3S23 ¢fW'FW‚Ó‚ÓCBã#cBÓ#¢fW'FW‚Ó‚ÓCBã#cB#¢VæFÆö÷ ¢VæFf6W@¢f6WBæ÷&ÖÂÓãc#“’Óã“ƒcc#‚ ¢÷WFW"Æö÷ ¢fW'FW‚Ó‚ãss“bÓCBã3S2Ó3 ¢fW'FW‚Ó‚ÓCBã#cBÓ#¢fW'FW‚Ó‚ãss“bÓCBã3S23 ¢VæFÆö÷ ¢VæFf6W@¢f6WBæ÷&ÖÂÓãc#“’Óã“ƒcc#‚Ó ¢÷WFW"Æö÷ ¢fW'FW‚Ó‚ÓCBã#cBÓ#¢fW'FW‚Ó‚ãss“bÓCBã3S2Ó3 ¢fW'FW‚Ó‚ÓCBã#cBÓ3 ¢VæFÆö÷ ¢VæFf6W@¢f6WBæ÷&ÖÂÓãc#ƒrÓã“ƒccC‚Ó ¢÷WFW"Æö÷ ¢fW'FW‚ÓRãƒs3c‚ÓCBãcR#¢fW'FW‚Ó‚ÓCBã#cBÓ#¢fW'FW‚ÓRãƒs3c‚ÓCBãcRÓ#¢VæFÆö÷ ¢VæFf6W@¢f6WBæ÷&ÖÂã“ƒc"ãC#s ¢÷WFW"Æö÷ ¢fW'FW‚CãSsCbrã##‚#¢fW'FW‚Cã3S“2’ã“2Ó#¢fW'FW‚Cã3S“2’ã“2#¢VæFÆö÷ ¢VæFf6W@¢f6WBæ÷&ÖÂã“ƒc"ãC#s ¢÷WFW"Æö÷ ¢fW'FW‚Cã3S“2’ã“2Ó#¢fW'FW‚CãSsCbrã##‚#¢fW'FW‚CãSsCbrã##‚Ó#¢VæFÆö÷ ¢VæFf6W@¢f6WBæ÷&ÖÂã““Sƒ2ã“ƒ3“r ¢÷WFW"Æö÷ ¢fW'FW‚CBã“3r"ã“C3B#¢fW'FW‚CBãcRRãƒs3c‚Ó#¢fW'FW‚CBãcRRãƒs3c‚#¢VæFÆö÷ ¢VæFf6W@¢f6WBæ÷&ÖÂã““Sƒ2ã“ƒ3“r ¢÷WFW"Æö÷ ¢fW'FW‚CBãcRRãƒs3c‚Ó#¢fW'FW‚CBã“3r"ã“C3B#¢fW'FW‚CBã“3r"ã“C3BÓ#¢VæFÆö÷ ¢VæFf6W@¢f6WBæ÷&ÖÂã“““CcRã3#s#r ¢÷WFW"Æö÷ ¢fW'FW‚CR#¢fW'FW‚CBã“3r"ã“C3BÓ#¢fW'FW‚CBã“3r"ã“C3B#¢VæFÆö÷ ¢VæFf6W@¢f6WBæ÷&ÖÂã“““CcRã3#s#r ¢÷WFW"Æö÷ ¢fW'FW‚CBã“3r"ã“C3BÓ#¢fW'FW‚CR#¢fW'FW‚CRÓ#¢VæFÆö÷ ¢VæFf6W@¢f6WBæ÷&ÖÂã“ƒcc#‚ãc#“’ ¢÷WFW"Æö÷ ¢fW'FW‚CBã#cB‚#¢fW'FW‚CBã3S2‚ãss“bÓ#ãS3#€¢fW'FW‚CBã3S2‚ãss“b#ãS3#€¢VæFÆö÷ ¢VæFf6W@¢f6WBæ÷&ÖÂã“ƒcc#‚ãc#“’ ¢÷WFW"Æö÷ ¢fW'FW‚CBã#cB‚#¢fW'FW‚CBã#cB‚Ó#¢fW'FW‚CBã3S2‚ãss“bÓ#ãS3#€¢VæFÆö÷ ¢VæFf6W@¢f6WBæ÷&ÖÂã“ƒccC‚ãc#ƒr ¢÷WFW"Æö÷ ¢fW'FW‚CBãcRRãƒs3c‚#¢fW'FW‚CBã#cB‚Ó#¢fW'FW‚CBã#cB‚#¢VæFÆö÷ ¢VæFf6W@¢f6WBæ÷&ÖÂã“ƒccC‚ãc#ƒr ¢÷WFW"Æö÷ ¢fW'FW‚CBã#cB‚Ó#¢fW'FW‚CBãcRRãƒs3c‚#¢fW'FW‚CBãcRRãƒs3c‚Ó#¢VæFÆö÷ ¢VæFf6W@¢f6WBæ÷&ÖÂã“ƒ3“rÓã““Sƒ2 ¢÷WFW"Æö÷ ¢fW'FW‚"ã“C3BÓCBã“3rÓ#¢fW'FW‚Rãƒs3c‚ÓCBãcR#¢fW'FW‚"ã“C3BÓCBã“3r#¢VæFÆö÷ ¢VæFf6W@¢f6WBæ÷&ÖÂã“ƒ3“rÓã““Sƒ2 ¢÷WFW"Æö÷ ¢fW'FW‚Rãƒs3c‚ÓCBãcR#¢fW'FW‚"ã“C3BÓCBã“3rÓ#¢fW'FW‚Rãƒs3c‚ÓCBãcRÓ#¢VæFÆö÷ ¢VæFf6W@¢f6WBæ÷&ÖÂãS#ƒS’ÓãƒC“#‚ ¢÷WFW"Æö÷ ¢fW'FW‚#"ãRÓ3‚ã“sÓ#¢fW'FW‚#RãrÓ3rãCc#¢fW'FW‚#"ãRÓ3‚ã“s#¢VæFÆö÷ ¢VæFf6W@¢f6WBæ÷&ÖÂãS#ƒS’ÓãƒC“#‚ ¢÷WFW"Æö÷ ¢fW'FW‚#RãrÓ3rãCc#¢fW'FW‚#"ãRÓ3‚ã“sÓ#¢fW'FW‚#RãrÓ3rãCcÓ#¢VæFÆö÷ ¢VæFf6W@¢f6WBæ÷&ÖÂã“3Sƒƒã3S#3r ¢÷WFW"Æö÷ ¢fW'FW‚C"ãc’BãCcC‚3 ¢fW'FW‚C"ã333rRã#3‚#¢fW'FW‚C"ã333rRã#3‚3 ¢VæFÆö÷ ¢VæFf6W@¢f6WBæ÷&ÖÂã“3Sƒƒã3S#3r ¢÷WFW"Æö÷ ¢fW'FW‚C"ã333rRã#3‚#¢fW'FW‚C"ãc’BãCcC‚3 ¢fW'FW‚C"ã333rRã#3‚Ó#¢VæFÆö÷ ¢VæFf6W@¢f6WBæ÷&ÖÂã“3Sƒƒã3S#3rÓ ¢÷WFW"Æö÷ ¢fW'FW‚C"ãc’BãCcC‚Ó3 ¢fW'FW‚C"ã333rRã#3‚Ó#¢fW'FW‚C"ãc’BãCcC‚3 ¢VæFÆö÷ ¢VæFf6W@¢f6WBæ÷&ÖÂã“3Sƒƒã3S#3r ¢÷WFW"Æö÷ ¢fW'FW‚C"ã333rRã#3‚Ó#¢fW'FW‚C"ãc’BãCcC‚Ó3 ¢fW'FW‚C"ã333rRã#3‚Ó3 ¢VæFÆö÷ ¢VæFf6W@¢f6WBæ÷&ÖÂã“3S“2ã3S##3" ¢÷WFW"Æö÷ ¢fW'FW‚C"ã333rRã#3‚#¢fW'FW‚CãSsCbrã##‚Ó#¢fW'FW‚CãSsCbrã##‚#¢VæFÆö÷ ¢VæFf6W@¢f6WBæ÷&ÖÂã“3S“2ã3S##3" ¢÷WFW"Æö÷ ¢fW'FW‚CãSsCbrã##‚Ó#¢fW'FW‚C"ã333rRã#3‚#¢fW'FW‚C"ã333rRã#3‚Ó#¢VæFÆö÷ ¢VæFf6W@¢f6WBæ÷&ÖÂã“s3ƒCbã##s#‚ ¢÷WFW"Æö÷ ¢fW'FW‚C2ãs#’ãS“#"ãss#¢fW'FW‚C2ãcƒBãs32Ó#2ã3ƒ ¢fW'FW‚C2ãcƒBãs32#2ã3ƒ ¢VæFÆö÷ ¢VæFf6W@¢f6WBæ÷&ÖÂã“s3ƒCbã##s#‚ ¢÷WFW"Æö÷ ¢fW'FW‚C2ãs#’ãS“#"ãss#¢fW'FW‚C2ãs#’ãS“Ó#"ãss#¢fW'FW‚C2ãcƒBãs32Ó#2ã3ƒ ¢VæFÆö÷ ¢VæFf6W@¢f6WBæ÷&ÖÂã“s3ƒƒrã##s32 ¢÷WFW"Æö÷ ¢fW'FW‚CBã3S2‚ãss“b#ãS3#€¢fW'FW‚C2ãs#’ãS“Ó#"ãss#¢fW'FW‚C2ãs#’ãS“#"ãss#¢VæFÆö÷ ¢VæFf6W@¢f6WBæ÷&ÖÂã“s3ƒƒrã##s32 ¢÷WFW"Æö÷ ¢fW'FW‚C2ãs#’ãS“Ó#"ãss#¢fW'FW‚CBã3S2‚ãss“b#ãS3#€¢fW'FW‚CBã3S2‚ãss“bÓ#ãS3#€¢VæFÆö÷ ¢VæFf6W@¢f6WBæ÷&ÖÂã“s3ƒƒ"ã##sSRÓ ¢÷WFW"Æö÷ ¢fW'FW‚C2ãcƒBãs32#2ã3ƒ ¢fW'FW‚C2ãCccrãcCc’3 ¢fW'FW‚C2ãcƒBãs323 ¢VæFÆö÷ ¢VæFf6W@¢f6WBæ÷&ÖÂã“s3ƒƒ"ã##sSR ¢÷WFW"Æö÷ ¢fW'FW‚C2ãCccrãcCc’3 ¢fW'FW‚C2ãcƒBãs32#2ã3ƒ ¢fW'FW‚C2ãCccrãcCc’Ó3 ¢VæFÆö÷ ¢VæFf6W@¢f6WBæ÷&ÖÂã“s3ƒƒ"ã##sSRÓ ¢÷WFW"Æö÷ ¢fW'FW‚C2ãcƒBãs32Ó#2ã3ƒ ¢fW'FW‚C2ãCccrãcCc’Ó3 ¢fW'FW‚C2ãcƒBãs32#2ã3ƒ ¢VæFÆö÷ ¢VæFf6W@¢f6WBæ÷&ÖÂã“s3ƒƒ"ã##sSR ¢÷WFW"Æö÷ ¢fW'FW‚C2ãCccrãcCc’Ó3 ¢fW'FW‚C2ãcƒBãs32Ó#2ã3ƒ ¢fW'FW‚C2ãcƒBãs32Ó3 ¢VæFÆö÷ ¢VæFf6W@¢f6WBæ÷&ÖÂã““Sƒ2Óã“ƒ3“r ¢÷WFW"Æö÷ ¢fW'FW‚CBãcRÓRãƒs3c‚#¢fW'FW‚CBã“3rÓ"ã“C3BÓ#¢fW'FW‚CBã“3rÓ"ã“C3B#¢VæFÆö÷ ¢VæFf6W@¢f6WBæ÷&ÖÂã““Sƒ2Óã“ƒ3“r ¢÷WFW"Æö÷ ¢fW'FW‚CBã“3rÓ"ã“C3BÓ#¢fW'FW‚CBãcRÓRãƒs3c‚#¢fW'FW‚CBãcRÓRãƒs3c‚Ó#¢VæFÆö÷ ¢VæFf6W@¢f6WBæ÷&ÖÂãS#ƒS’ãƒC“#‚Ó ¢÷WFW"Æö÷ ¢fW'FW‚#Rãr3rãCcÓ#¢fW'FW‚#"ãR3‚ã“s#¢fW'FW‚#Rãr3rãCc#¢VæFÆö÷ ¢VæFf6W@¢f6WBæ÷&ÖÂãS#ƒS’ãƒC“#‚ ¢÷WFW"Æö÷ ¢fW'FW‚#"ãR3‚ã“s#¢fW'FW‚#Rãr3rãCcÓ#¢fW'FW‚#"ãR3‚ã“sÓ#¢VæFÆö÷ ¢VæFf6W@¢f6WBæ÷&ÖÂã3#s#rÓã“““CcR ¢÷WFW"Æö÷ ¢fW'FW‚ÓCRÓ#¢fW'FW‚"ã“C3BÓCBã“3r#¢fW'FW‚ÓCR#¢VæFÆö÷ ¢VæFf6W@¢f6WBæ÷&ÖÂã3#s#rÓã“““CcR ¢÷WFW"Æö÷ ¢fW'FW‚"ã“C3BÓCBã“3r#¢fW'FW‚ÓCRÓ#¢fW'FW‚"ã“C3BÓCBã“3rÓ#¢VæFÆö÷ ¢VæFf6W@¢f6WBæ÷&ÖÂãss33rÓãc3C3c ¢÷WFW"Æö÷ ¢fW'FW‚32ãƒ3#‚Ó#’ãcsb3 ¢fW'FW‚3Bã333rÓ#’ãc"#¢fW'FW‚3Bã333rÓ#’ãc"3 ¢VæFÆö÷ ¢VæFf6W@¢f6WBæ÷&ÖÂãss33rÓãc3C3c ¢÷WFW"Æö÷ ¢fW'FW‚3Bã333rÓ#’ãc"#¢fW'FW‚32ãƒ3#‚Ó#’ãcsb3 ¢fW'FW‚3Bã333rÓ#’ãc"Ó#¢VæFÆö÷ ¢VæFf6W@¢f6WBæ÷&ÖÂãss33rÓãc3C3c ¢÷WFW"Æö÷ ¢fW'FW‚32ãƒ3#‚Ó#’ãcsbÓ3 ¢fW'FW‚3Bã333rÓ#’ãc"Ó#¢fW'FW‚32ãƒ3#‚Ó#’ãcsb3 ¢VæFÆö÷ ¢VæFf6W@¢f6WBæ÷&ÖÂãss33rÓãc3C3c ¢÷WFW"Æö÷ ¢fW'FW‚3Bã333rÓ#’ãc"Ó#¢fW'FW‚32ãƒ3#‚Ó#’ãcsbÓ3 ¢fW'FW‚3Bã333rÓ#’ãc"Ó3 ¢VæFÆö÷ ¢VæFf6W@¢f6WBæ÷&ÖÂãss32Óãc3CC" ¢÷WFW"Æö÷ ¢fW'FW‚3Bã333rÓ#’ãc"#¢fW'FW‚3Rãs’Ó#rã3“C2Ó#¢fW'FW‚3Rãs’Ó#rã3“C2#¢VæFÆö÷ ¢VæFf6W@¢f6WBæ÷&ÖÂãss32Óãc3CC" ¢÷WFW"Æö÷ ¢fW'FW‚3Rãs’Ó#rã3“C2Ó#¢fW'FW‚3Bã333rÓ#’ãc"#¢fW'FW‚3Bã333rÓ#’ãc"Ó#¢VæFÆö÷ ¢VæFf6W@¢f6WBæ÷&ÖÂÓãcƒ3c’ãs#“ƒ3’ ¢÷WFW"Æö÷ ¢fW'FW‚Ó3ã3#’3"ãCc3"#2ã3ƒ ¢fW'FW‚Ó3ãƒ“‚3ãƒ“‚3 ¢fW'FW‚Ó3ã3#’3"ãCc3"3 ¢VæFÆö÷ ¢VæFf6W@¢f6WBæ÷&ÖÂÓãcƒ3Sƒ’ãs#“ƒcr ¢÷WFW"Æö÷ ¢fW'FW‚Ó#’ãcsb32ãƒ3#‚Ó#ãS3#€¢fW'FW‚Ó3ã#ƒR3"ãSc#"ãss#¢fW'FW‚Ó#’ãcsb32ãƒ3#‚#ãS3#€¢VæFÆö÷ ¢VæFf6W@¢f6WBæ÷&ÖÂÓãcƒ3Sƒ’ãs#“ƒcr ¢÷WFW"Æö÷ ¢fW'FW‚Ó3ã#ƒR3"ãScÓ#"ãss#¢fW'FW‚Ó3ã#ƒR3"ãSc#"ãss#¢fW'FW‚Ó#’ãcsb32ãƒ3#‚Ó#ãS3#€¢VæFÆö÷ ¢VæFf6W@¢f6WBæ÷&ÖÂÓãcƒ3cc"ãs#“s“’ ¢÷WFW"Æö÷ ¢fW'FW‚Ó3ã#ƒR3"ãSc#"ãss#¢fW'FW‚Ó3ã#ƒR3"ãScÓ#"ãss#¢fW'FW‚Ó3ã3#’3"ãCc3"#2ã3ƒ ¢VæFÆö÷ ¢VæFf6W@¢f6WBæ÷&ÖÂÓãcƒ3cc"ãs#“s“’ ¢÷WFW"Æö÷ ¢fW'FW‚Ó3ã3#’3"ãCc3"Ó#2ã3ƒ ¢fW'FW‚Ó3ã3#’3"ãCc3"#2ã3ƒ ¢fW'FW‚Ó3ã#ƒR3"ãScÓ#"ãss#¢VæFÆö÷ ¢VæFf6W@¢f6WBæ÷&ÖÂÓãcƒ3c’ãs#“ƒ3’ ¢÷WFW"Æö÷ ¢fW'FW‚Ó3ã3#’3"ãCc3"#2ã3ƒ ¢fW'FW‚Ó3ã3#’3"ãCc3"Ó#2ã3ƒ ¢fW'FW‚Ó3ãƒ“‚3ãƒ“‚3 ¢VæFÆö÷ ¢VæFf6W@¢f6WBæ÷&ÖÂÓãcƒ3c’ãs#“ƒ3’ ¢÷WFW"Æö÷ ¢fW'FW‚Ó3ãƒ“‚3ãƒ“‚Ó3 ¢fW'FW‚Ó3ã3#’3"ãCc3"Ó#2ã3ƒ ¢fW'FW‚Ó3ã3#’3"ãCc3"Ó3 ¢VæFÆö÷ ¢VæFf6W@¢f6WBæ÷&ÖÂÓãcƒ3c’ãs#“ƒ3’ ¢÷WFW"Æö÷ ¢fW'FW‚Ó3ã3#’3"ãCc3"Ó#2ã3ƒ ¢fW'FW‚Ó3ãƒ“‚3ãƒ“‚Ó3 ¢fW'FW‚Ó3ãƒ“‚3ãƒ“‚3 ¢VæFÆö÷ ¢VæFf6W@¢f6WBæ÷&ÖÂãss33rãc3C3c ¢÷WFW"Æö÷ ¢fW'FW‚3Bã333r#’ãc"#¢fW'FW‚32ãƒ3#‚#’ãcsbÓ#ãS3#€¢fW'FW‚32ãƒ3#‚#’ãcsb#ãS3#€¢VæFÆö÷ ¢VæFf6W@¢f6WBæ÷&ÖÂãss33rãc3C3c ¢÷WFW"Æö÷ ¢fW'FW‚3Bã333r#’ãc"#¢fW'FW‚3Bã333r#’ãc"Ó#¢fW'FW‚32ãƒ3#‚#’ãcsbÓ#ãS3#€¢VæFÆö÷ ¢VæFf6W@¢f6WBæ÷&ÖÂãss32ãc3CC" ¢÷WFW"Æö÷ ¢fW'FW‚3Rãs’#rã3“C2#¢fW'FW‚3Bã333r#’ãc"Ó#¢fW'FW‚3Bã333r#’ãc"#¢VæFÆö÷ ¢VæFf6W@¢f6WBæ÷&ÖÂãss32ãc3CC" ¢÷WFW"Æö÷ ¢fW'FW‚3Bã333r#’ãc"Ó#¢fW'FW‚3Rãs’#rã3“C2#¢fW'FW‚3Rãs’#rã3“C2Ó#¢VæFÆö÷ ¢VæFf6W@¢f6WBæ÷&ÖÂÓãƒ#ƒSÓãSƒ#Cs ¢÷WFW"Æö÷ ¢fW'FW‚Ó3Rãs’Ó#rã3“C2Ó#¢fW'FW‚Ó3rãCcÓ#Rãr#¢fW'FW‚Ó3rãCcÓ#RãrÓ#¢VæFÆö÷ ¢VæFf6W@¢f6WBæ÷&ÖÂÓãƒ#ƒSÓãSƒ#Cs ¢÷WFW"Æö÷ ¢fW'FW‚Ó3rãCcÓ#Rãr#¢fW'FW‚Ó3Rãs’Ó#rã3“C2Ó#¢fW'FW‚Ó3Rãs’Ó#rã3“C2#¢VæFÆö÷ ¢VæFf6W@¢f6WBæ÷&ÖÂ¢÷WFW"Æö÷ ¢fW'FW‚Ó#‚ã3BÓ2ãƒsSR3 ¢fW'FW‚Ó32Ó‚3 ¢fW'FW‚Ó3"ãSsƒ‚Ó’ãSs‚3 ¢VæFÆö÷ ¢VæFf6W@¢f6WBæ÷&ÖÂ¢÷WFW"Æö÷ ¢fW'FW‚ÓC2ãCccrÓãcCc’3 ¢fW'FW‚Ó3"ãSsƒ‚Ó’ãSs‚3 ¢fW'FW‚Ó32Ó‚3 ¢VæFÆö÷ ¢VæFf6W@¢f6WBæ÷&ÖÂ¢÷WFW"Æö÷ ¢fW'FW‚Ó3"ãSsƒ‚Ó’ãSs‚3 ¢fW'FW‚ÓC"ãc’ÓBãCcC‚3 ¢fW'FW‚ÓC"ã333rÓRã#3‚3 ¢VæFÆö÷ ¢VæFf6W@¢f6WBæ÷&ÖÂ¢÷WFW"Æö÷ ¢fW'FW‚Ó3"ãSsƒ‚Ó’ãSs‚3 ¢fW'FW‚ÓC2ãCccrÓãcCc’3 ¢fW'FW‚ÓC"ãc’ÓBãCcC‚3 ¢VæFÆö÷ ¢VæFf6W@¢f6WBæ÷&ÖÂÓ¢÷WFW"Æö÷ ¢fW'FW‚ÓC2ãCccrÓãcCc’3 ¢fW'FW‚Ó32Ó‚3 ¢fW'FW‚ÓC2ãcƒBÓãs323 ¢VæFÆö÷ ¢VæFf6W@¢f6WBæ÷&ÖÂÓ¢÷WFW"Æö÷ ¢fW'FW‚Ó#Rãc“CBÓ"ãs##‚3 ¢fW'FW‚ÓRãƒsBÓ#ã“’3 ¢fW'FW‚Ó#Rã#’Ó"ã#“ƒ3 ¢VæFÆö÷ ¢VæFf6W@¢f6WBæ÷&ÖÂ¢÷WFW"Æö÷ ¢fW'FW‚ÓRãƒsBÓ#ã“’3 ¢fW'FW‚Ó#Rãc“CBÓ"ãs##‚3 ¢fW'FW‚ÓRãs#ƒRÓ#ã#3s23 ¢VæFÆö÷ ¢VæFf6W@¢f6WBæ÷&ÖÂÓ¢÷WFW"Æö÷ ¢fW'FW‚Ó#bã#Sc2Ó2ã#c3 ¢fW'FW‚ÓRãs#ƒRÓ#ã#3s23 ¢fW'FW‚Ó#Rãc“CBÓ"ãs##‚3 ¢VæFÆö÷ ¢VæFf6W@¢f6WBæ÷&ÖÂ¢÷WFW"Æö÷ ¢fW'FW‚ÓRãs#ƒRÓ#ã#3s23 ¢fW'FW‚Ó#bã#Sc2Ó2ã#c3 ¢fW'FW‚Ó#BãSsƒ‚Ó#2ãC#ƒ"3 ¢VæFÆö÷ ¢VæFf6W@¢f6WBæ÷&ÖÂ¢÷WFW"Æö÷ ¢fW'FW‚Ó3"ãSsƒ‚Ó’ãSs‚3 ¢fW'FW‚Ó#bã#Sc2Ó2ã#c3 ¢fW'FW‚Ó#bãƒcbÓ2ãƒsSR3 ¢VæFÆö÷ ¢VæFf6W@¢f6WBæ÷&ÖÂ¢÷WFW"Æö÷ ¢fW'FW‚Ó3"ãSsƒ‚Ó’ãSs‚3 ¢fW'FW‚Ó#bãƒcbÓ2ãƒsSR3 ¢fW'FW‚Ó#rãRÓ2ã#R3 ¢VæFÆö÷ ¢VæFf6W@¢f6WBæ÷&ÖÂ¢÷WFW"Æö÷ ¢fW'FW‚Ó3"ãSsƒ‚Ó’ãSs‚3 ¢fW'FW‚Ó#rãRÓ2ã#R3 ¢fW'FW‚Ó#‚ã3BÓ2ãƒsSR3 ¢VæFÆö÷ ¢VæFf6W@¢f6WBæ÷&ÖÂ¢÷WFW"Æö÷ ¢fW'FW‚Ó32Ó‚3 ¢fW'FW‚Ó#‚ã3BÓ2ãƒsSR3 ¢fW'FW‚Ó#‚ãsC3rÓ2ã#c3 ¢VæFÆö÷ ¢VæFf6W@¢f6WBæ÷&ÖÂ¢÷WFW"Æö÷ ¢fW'FW‚Ó32Ó‚3 ¢fW'FW‚Ó#‚ãsC3rÓ2ã#c3 ¢fW'FW‚Ó#’ã3SbÓ"ãs##‚3 ¢VæFÆö÷ ¢VæFf6W@¢f6WBæ÷&ÖÂ¢÷WFW"Æö÷ ¢fW'FW‚Ó32Ó‚3 ¢fW'FW‚Ó#’ã3SbÓ"ãs##‚3 ¢fW'FW‚Ó#’ãs“ƒÓ"ã#“ƒ3 ¢VæFÆö÷ ¢VæFf6W@¢f6WBæ÷&ÖÂ¢÷WFW"Æö÷ ¢fW'FW‚Ó32Ó‚3 ¢fW'FW‚Ó#’ãs“ƒÓ"ã#“ƒ3 ¢fW'FW‚Ó3ã##2ÓãƒSb3 ¢VæFÆö÷ ¢VæFf6W@¢f6WBæ÷&ÖÂ¢÷WFW"Æö÷ ¢fW'FW‚Ó32Ó‚3 ¢fW'FW‚Ó3ã##2ÓãƒSb3 ¢fW'FW‚Ó3ãS#bÓã#C3s"3 ¢VæFÆö÷ ¢VæFf6W@¢f6WBæ÷&ÖÂ¢÷WFW"Æö÷ ¢fW'FW‚Ó32Ó‚3 ¢fW'FW‚Ó3ãS#bÓã#C3s"3 ¢fW'FW‚Ó3ãcƒsbÓãc3CC23 ¢VæFÆö÷ ¢VæFf6W@¢f6WBæ÷&ÖÂ¢÷WFW"Æö÷ ¢fW'FW‚Ó3ãcƒsbãc3CC23 ¢fW'FW‚Ó32‚3 ¢fW'FW‚Ó3ãsR3 ¢VæFÆö÷ ¢VæFf6W@¢f6WBæ÷&ÖÂ¢÷WFW"Æö÷ ¢fW'FW‚Ó#bã#Sc2Ó2ã#c3 ¢fW'FW‚Ó3"ãSsƒ‚Ó’ãSs‚3 ¢fW'FW‚Ó#BãSsƒ‚Ó#2ãC#ƒ"3 ¢VæFÆö÷ ¢VæFf6W@¢f6WBæ÷&ÖÂ¢÷WFW"Æö÷ ¢fW'FW‚Ó32Ó‚3 ¢fW'FW‚Ó3ãsR3 ¢fW'FW‚Ó32‚3 ¢VæFÆö÷ ¢VæFf6W@¢f6WBæ÷&ÖÂ¢÷WFW"Æö÷ ¢fW'FW‚Ó32Ó‚3 ¢fW'FW‚Ó3ãcƒsbÓãc3CC23 ¢fW'FW‚Ó3ãsR3 ¢VæFÆö÷ ¢VæFf6W@¢f6WBæ÷&ÖÂÓ¢÷WFW"Æö÷ ¢fW'FW‚ÓC2ãCccrãcCc’3 ¢fW'FW‚Ó3"ãSsƒ‚’ãSs‚3 ¢fW'FW‚ÓC2ã“3R"ãSCsR3 ¢VæFÆö÷ ¢VæFf6W@¢f6WBæ÷&ÖÂ¢÷WFW"Æö÷ ¢fW'FW‚Ó3"ãSsƒ‚’ãSs‚3 ¢fW'FW‚ÓC2ãCccrãcCc’3 ¢fW'FW‚Ó32‚3 ¢VæFÆö÷ ¢VæFf6W@¢f6WBæ÷&ÖÂÓ¢÷WFW"Æö÷ ¢fW'FW‚ÓCBã3S2‚ãss“b3 ¢fW'FW‚Ó32‚3 ¢fW'FW‚ÓC2ãCccrãcCc’3 ¢VæFÆö÷ ¢VæFf6W@¢f6WBæ÷&ÖÂ¢÷WFW"Æö÷ ¢fW'FW‚Ó32‚3 ¢fW'FW‚ÓCBã3S2‚ãss“b3 ¢fW'FW‚ÓCBã#cB‚3 ¢VæFÆö÷ ¢VæFf6W@¢f6WBæ÷&ÖÂÓ¢÷WFW"Æö÷ ¢fW'FW‚Ó#Rã#’Ó"ã#“ƒ3 ¢fW'FW‚ÓBãS“"Ó#ãcscB3 ¢fW'FW‚Ó#Bãs“srÓãƒSb3 ¢VæFÆö÷ ¢VæFf6W@¢f6WBæ÷&ÖÂ¢÷WFW"Æö÷ ¢fW'FW‚ÓBãS“"Ó#ãcscB3 ¢fW'FW‚Ó#Rã#’Ó"ã#“ƒ3 ¢fW'FW‚ÓRãƒsBÓ#ã“’3 ¢VæFÆö÷ ¢VæFf6W@¢f6WBæ÷&ÖÂ¢÷WFW"Æö÷ ¢fW'FW‚ÓRãs#ƒRÓ#ã#3s23 ¢fW'FW‚Ó#BãSsƒ‚Ó#2ãC#ƒ"3 ¢fW'FW‚Ó#2ãC#ƒ"Ó#BãSsƒ‚3 ¢VæFÆö÷ ¢VæFf6W@¢f6WBæ÷&ÖÂ¢÷WFW"Æö÷ ¢fW'FW‚Ó3ãƒ“‚Ó3ãƒ“‚3 ¢fW'FW‚Ó#2ãC#ƒ"Ó#BãSsƒ‚3 ¢fW'FW‚Ó#BãSsƒ‚Ó#2ãC#ƒ"3 ¢VæFÆö÷ ¢VæFf6W@¢f6WBæ÷&ÖÂ¢÷WFW"Æö÷ ¢fW'FW‚Ó#2ãC#ƒ"Ó#BãSsƒ‚3 ¢fW'FW‚Ó#’ãcsbÓ32ãƒ3#‚3 ¢fW'FW‚Ó#’ãc"Ó3Bã333r3 ¢VæFÆö÷ ¢VæFf6W@¢f6WBæ÷&ÖÂ¢÷WFW"Æö÷ ¢fW'FW‚Ó#2ãC#ƒ"Ó#BãSsƒ‚3 ¢fW'FW‚Ó3ãƒ“‚Ó3ãƒ“‚3 ¢fW'FW‚Ó#’ãcsbÓ32ãƒ3#‚3 ¢VæFÆö÷ ¢VæFf6W@¢f6WBæ÷&ÖÂÓ¢÷WFW"Æö÷ ¢fW'FW‚Ó3ãƒ“‚Ó3ãƒ“‚3 ¢fW'FW‚Ó#BãSsƒ‚Ó#2ãC#ƒ"3 ¢fW'FW‚Ó3"ãCc3"Ó3ã3#’3 ¢VæFÆö÷ ¢VæFf6W@¢f6WBæ÷&ÖÂ¢÷WFW"Æö÷ ¢fW'FW‚Ó‚ãc#Cb"ãc#Sb3 ¢fW'FW‚Ó#Bãs“srãƒSb3 ¢fW'FW‚Ó#BãC“sBã#C3s"3 ¢VæFÆö÷ ¢VæFf6W@¢f6WBæ÷&ÖÂ¢÷WFW"Æö÷ ¢fW'FW‚ÓRãs#ƒR#ã#3s23 ¢fW'FW‚Ó#Rã#’"ã#“ƒ3 ¢fW'FW‚Ó#Bãs“srãƒSb3 ¢VæFÆö÷ ¢VæFf6W@¢f6WBæ÷&ÖÂ¢÷WFW"Æö÷ ¢fW'FW‚ÓRãs#ƒR#ã#3s23 ¢fW'FW‚Ó#Rãc“CB"ãs##‚3 ¢fW'FW‚Ó#Rã#’"ã#“ƒ3 ¢VæFÆö÷ ¢VæFf6W@¢f6WBæ÷&ÖÂ¢÷WFW"Æö÷ ¢fW'FW‚ÓRãs#ƒR#ã#3s23 ¢fW'FW‚Ó#bã#Sc22ã#c3 ¢fW'FW‚Ó#Rãc“CB"ãs##‚3 ¢VæFÆö÷ ¢VæFf6W@¢f6WBæ÷&ÖÂÓ¢÷WFW"Æö÷ ¢fW'FW‚Ó3"ãSsƒ‚’ãSs‚3 ¢fW'FW‚Ó#bã#Sc22ã#c3 ¢fW'FW‚Ó#BãSsƒ‚#2ãC#ƒ"3 ¢VæFÆö÷ ¢VæFf6W@¢f6WBæ÷&ÖÂ¢÷WFW"Æö÷ ¢fW'FW‚Ó#bã#Sc22ã#c3 ¢fW'FW‚Ó3"ãSsƒ‚’ãSs‚3 ¢fW'FW‚Ó#bãƒcb2ãƒsSR3 ¢VæFÆö÷ ¢VæFf6W@¢f6WBæ÷&ÖÂ¢÷WFW"Æö÷ ¢fW'FW‚Ó#bãƒcb2ãƒsSR3 ¢fW'FW‚Ó3"ãSsƒ‚’ãSs‚3 ¢fW'FW‚Ó#rãR2ã#R3 ¢VæFÆö÷ ¢VæFf6W@¢f6WBæ÷&ÖÂ¢÷WFW"Æö÷ ¢fW'FW‚Ó#rãR2ã#R3 ¢fW'FW‚Ó3"ãSsƒ‚’ãSs‚3 ¢fW'FW‚Ó#‚ã3B2ãƒsSR3 ¢VæFÆö÷ ¢VæFf6W@¢f6WBæ÷&ÖÂÓ¢÷WFW"Æö÷ ¢fW'FW‚Ó32‚3 ¢fW'FW‚Ó#‚ã3B2ãƒsSR3 ¢fW'FW‚Ó3"ãSsƒ‚’ãSs‚3 ¢VæFÆö÷ ¢VæFf6W@¢f6WBæ÷&ÖÂ¢÷WFW"Æö÷ ¢fW'FW‚Ó#‚ã3B2ãƒsSR3 ¢fW'FW‚Ó32‚3 ¢fW'FW‚Ó#‚ãsC3r2ã#c3 ¢VæFÆö÷ ¢VæFf6W@¢f6WBæ÷&ÖÂ¢÷WFW"Æö÷ ¢fW'FW‚Ó#‚ãsC3r2ã#c3 ¢fW'FW‚Ó32‚3 ¢fW'FW‚Ó#’ã3Sb"ãs##‚3 ¢VæFÆö÷ ¢VæFf6W@¢f6WBæ÷&ÖÂ¢÷WFW"Æö÷ ¢fW'FW‚Ó#’ã3Sb"ãs##‚3 ¢fW'FW‚Ó32‚3 ¢fW'FW‚Ó#’ãs“ƒ"ã#“ƒ3 ¢VæFÆö÷ ¢VæFf6W@¢f6WBæ÷&ÖÂ¢÷WFW"Æö÷ ¢fW'FW‚Ó#’ãs“ƒ"ã#“ƒ3 ¢fW'FW‚Ó32‚3 ¢fW'FW‚Ó3ã##2ãƒSb3 ¢VæFÆö÷ ¢VæFf6W@¢f6WBæ÷&ÖÂ¢÷WFW"Æö÷ ¢fW'FW‚Ó3ãS#bã#C3s"3 ¢fW'FW‚Ó32‚3 ¢fW'FW‚Ó3ãcƒsbãc3CC23 ¢VæFÆö÷ ¢VæFf6W@¢f6WBæ÷&ÖÂ¢÷WFW"Æö÷ ¢fW'FW‚Ó3ã##2ãƒSb3 ¢fW'FW‚Ó32‚3 ¢fW'FW‚Ó3ãS#bã#C3s"3 ¢VæFÆö÷ ¢VæFf6W@¢f6WBæ÷&ÖÂ¢÷WFW"Æö÷ ¢fW'FW‚Óbã“Ss’Rãs“SB3 ¢fW'FW‚Ó2ã“c#b#ãSs#r3 ¢fW'FW‚ÓrãCƒ3#2Rã23 ¢VæFÆö÷ ¢VæFf6W@¢f6WBæ÷&ÖÂ¢÷WFW"Æö÷ ¢fW'FW‚Ó’3 ¢fW'FW‚ÓãcrÓ#"ã“sCR3 ¢fW'FW‚ÓãSrÓ#2ãc33 ¢VæFÆö÷ ¢VæFf6W@¢f6WBæ÷&ÖÂ¢÷WFW"Æö÷ ¢fW'FW‚ÓBãS“"#ãcscB3 ¢fW'FW‚ÓrãCƒ3#2Rã23 ¢fW'FW‚Ó2ã“c#b#ãSs#r3 ¢VæFÆö÷ ¢VæFf6W@¢f6WBæ÷&ÖÂ¢÷WFW"Æö÷ ¢fW'FW‚Ó’3 ¢fW'FW‚Óãƒ3S"Ó#"ã3sƒ23 ¢fW'FW‚ÓãcrÓ#"ã“sCR3 ¢VæFÆö÷ ¢VæFf6W@¢f6WBæ÷&ÖÂ¢÷WFW"Æö÷ ¢fW'FW‚ÓrãCƒ3#2Rã23 ¢fW'FW‚ÓBãS“"#ãcscB3 ¢fW'FW‚Órã“3s#’Bã#C#Sr3 ¢VæFÆö÷ ¢VæFf6W@¢f6WBæ÷&ÖÂ¢÷WFW"Æö÷ ¢fW'FW‚Ó’3 ¢fW'FW‚ÓãsbÓ#ãƒ3s"3 ¢fW'FW‚Óãƒ3S"Ó#"ã3sƒ23 ¢VæFÆö÷ ¢VæFf6W@¢f6WBæ÷&ÖÂ¢÷WFW"Æö÷ ¢fW'FW‚Ó#Bãs“srãƒSb3 ¢fW'FW‚Órã“3s#’Bã#C#Sr3 ¢fW'FW‚ÓBãS“"#ãcscB3 ¢VæFÆö÷ ¢VæFf6W@¢f6WBæ÷&ÖÂ¢÷WFW"Æö÷ ¢fW'FW‚Ó’3 ¢fW'FW‚ÓãcsÓ#ã3s#"3 ¢fW'FW‚ÓãsbÓ#ãƒ3s"3 ¢VæFÆö÷ ¢VæFf6W@¢f6WBæ÷&ÖÂ¢÷WFW"Æö÷ ¢fW'FW‚Ó#Bãs“srãƒSb3 ¢fW'FW‚Ó‚ã3C“"2ãCCCR3 ¢fW'FW‚Órã“3s#’Bã#C#Sr3 ¢VæFÆö÷ ¢VæFf6W@¢f6WBæ÷&ÖÂ¢÷WFW"Æö÷ ¢fW'FW‚Ó’3 ¢fW'FW‚Ó"ã#RÓ#ã3 ¢fW'FW‚ÓãcsÓ#ã3s#"3 ¢VæFÆö÷ ¢VæFf6W@¢f6WBæ÷&ÖÂ¢÷WFW"Æö÷ ¢fW'FW‚Ó#Bãs“srãƒSb3 ¢fW'FW‚Ó‚ãc#Cb"ãc#Sb3 ¢fW'FW‚Ó‚ã3C“"2ãCCCR3 ¢VæFÆö÷ ¢VæFf6W@¢f6WBæ÷&ÖÂ¢÷WFW"Æö÷ ¢fW'FW‚Ó#Bã3#BÓãc3CC23 ¢fW'FW‚Ó’3 ¢fW'FW‚Ó#Bã#R3 ¢VæFÆö÷ ¢VæFf6W@¢f6WBæ÷&ÖÂ¢÷WFW"Æö÷ ¢fW'FW‚Ó‚ãc#Cb"ãc#Sb3 ¢fW'FW‚Ó#BãC“sBã#C3s"3 ¢fW'FW‚Ó‚ãƒ#srãsSSƒ3 ¢VæFÆö÷ ¢VæFf6W@¢f6WBæ÷&ÖÂ¢÷WFW"Æö÷ ¢fW'FW‚Ó’3 ¢fW'FW‚Ó"ãsS2Ó#ãs3ƒ"3 ¢fW'FW‚Ó"ã#RÓ#ã3 ¢VæFÆö÷ ¢VæFf6W@¢f6WBæ÷&ÖÂ¢÷WFW"Æö÷ ¢fW'FW‚Ó‚ãƒ#srãsSSƒ3 ¢fW'FW‚Ó#Bã3#Bãc3CC23 ¢fW'FW‚Ó‚ã“Sccbãƒƒ#SB3 ¢VæFÆö÷ ¢VæFf6W@¢f6WBæ÷&ÖÂ¢÷WFW"Æö÷ ¢fW'FW‚Ó’3 ¢fW'FW‚Ó2ã3#S‚Ó#ãS“3R3 ¢fW'FW‚Ó"ãsS2Ó#ãs3ƒ"3 ¢VæFÆö÷ ¢VæFf6W@¢f6WBæ÷&ÖÂÓ¢÷WFW"Æö÷ ¢fW'FW‚Ó#Bã3#Bãc3CC23 ¢fW'FW‚Ó‚ãƒ#srãsSSƒ3 ¢fW'FW‚Ó#BãC“sBã#C3s"3 ¢VæFÆö÷ ¢VæFf6W@¢f6WBæ÷&ÖÂ¢÷WFW"Æö÷ ¢fW'FW‚Ó’3 ¢fW'FW‚Ó2ã“c#bÓ#ãSs#r3 ¢fW'FW‚Ó2ã3#S‚Ó#ãS“3R3 ¢VæFÆö÷ ¢VæFf6W@¢f6WBæ÷&ÖÂ¢÷WFW"Æö÷ ¢fW'FW‚Ó#Bãs“srãƒSb3 ¢fW'FW‚ÓBãS“"#ãcscB3 ¢fW'FW‚ÓRãƒsB#ã“’3 ¢VæFÆö÷ ¢VæFf6W@¢f6WBæ÷&ÖÂÓ¢÷WFW"Æö÷ ¢fW'FW‚Ó#Bãs“srÓãƒSb3 ¢fW'FW‚Ó2ã“c#bÓ#ãSs#r3 ¢fW'FW‚Ó’3 ¢VæFÆö÷ ¢VæFf6W@¢f6WBæ÷&ÖÂ¢÷WFW"Æö÷ ¢fW'FW‚Ó#Bãs“srãƒSb3 ¢fW'FW‚ÓRãƒsB#ã“’3 ¢fW'FW‚ÓRãs#ƒR#ã#3s23 ¢VæFÆö÷ ¢VæFf6W@¢f6WBæ÷&ÖÂ¢÷WFW"Æö÷ ¢fW'FW‚Ó#BãC“sBÓã#C3s"3 ¢fW'FW‚Ó’3 ¢fW'FW‚Ó#Bã3#BÓãc3CC23 ¢VæFÆö÷ ¢VæFf6W@¢f6WBæ÷&ÖÂ¢÷WFW"Æö÷ ¢fW'FW‚Ó#BãSsƒ‚#2ãC#ƒ"3 ¢fW'FW‚ÓRãs#ƒR#ã#3s23 ¢fW'FW‚Óbã“3R#ãcs#‚3 ¢VæFÆö÷ ¢VæFf6W@¢f6WBæ÷&ÖÂ¢÷WFW"Æö÷ ¢fW'FW‚Ó#Bãs“srÓãƒSb3 ¢fW'FW‚Ó’3 ¢fW'FW‚Ó#BãC“sBÓã#C3s"3 ¢VæFÆö÷ ¢VæFf6W@¢f6WBæ÷&ÖÂ¢÷WFW"Æö÷ ¢fW'FW‚Ó#BãSsƒ‚#2ãC#ƒ"3 ¢fW'FW‚Óbã“3R#ãcs#‚3 ¢fW'FW‚ÓbãScCb#"ã“r3 ¢VæFÆö÷ ¢VæFf6W@¢f6WBæ÷&ÖÂ¢÷WFW"Æö÷ ¢fW'FW‚Ó2ã“c#bÓ#ãSs#r3 ¢fW'FW‚Ó#Bãs“srÓãƒSb3 ¢fW'FW‚ÓBãS“"Ó#ãcscB3 ¢VæFÆö÷ ¢VæFf6W@¢f6WBæ÷&ÖÂ¢÷WFW"Æö÷ ¢fW'FW‚Ó#BãSsƒ‚#2ãC#ƒ"3 ¢fW'FW‚ÓbãScCb#"ã“r3 ¢fW'FW‚Óbãƒ#sR#"ãss3 ¢VæFÆö÷ ¢VæFf6W@¢f6WBæ÷&ÖÂ¢÷WFW"Æö÷ ¢fW'FW‚ÓRãs#ƒRÓ#ã#3s23 ¢fW'FW‚Ó#2ãC#ƒ"Ó#BãSsƒ‚3 ¢fW'FW‚Óbã“3RÓ#ãcs#‚3 ¢VæFÆö÷ ¢VæFf6W@¢f6WBæ÷&ÖÂ¢÷WFW"Æö÷ ¢fW'FW‚Ó#2ãC#ƒ"#BãSsƒ‚3 ¢fW'FW‚Óbãƒ#sR#"ãss3 ¢fW'FW‚Óbã“s#"#2ã3“R3 ¢VæFÆö÷ ¢VæFf6W@¢f6WBæ÷&ÖÂ¢÷WFW"Æö÷ ¢fW'FW‚Óbã“3RÓ#ãcs#‚3 ¢fW'FW‚Ó#2ãC#ƒ"Ó#BãSsƒ‚3 ¢fW'FW‚ÓbãScCbÓ#"ã“r3 ¢VæFÆö÷ ¢VæFf6W@¢f6WBæ÷&ÖÂ¢÷WFW"Æö÷ ¢fW'FW‚Ó#2ãC#ƒ"#BãSsƒ‚3 ¢fW'FW‚Óbã“s#"#2ã3“R3 ¢fW'FW‚Óbã““2#Bã#ƒ23 ¢VæFÆö÷ ¢VæFf6W@¢f6WBæ÷&ÖÂ¢÷WFW"Æö÷ ¢fW'FW‚ÓbãScCbÓ#"ã“r3 ¢fW'FW‚Ó#2ãC#ƒ"Ó#BãSsƒ‚3 ¢fW'FW‚Óbãƒ#sRÓ#"ãss3 ¢VæFÆö÷ ¢VæFf6W@¢f6WBæ÷&ÖÂÓ¢÷WFW"Æö÷ ¢fW'FW‚Ó2ã“c#b#ãSs#r3 ¢fW'FW‚Óbã“Ss’Rãs“SB3 ¢fW'FW‚Ó2ã3#S‚#ãS“3R3 ¢VæFÆö÷ ¢VæFf6W@¢f6WBæ÷&ÖÂ¢÷WFW"Æö÷ ¢fW'FW‚Ó‚323 ¢fW'FW‚ÓãS#s‚#Bã#3“’3 ¢fW'FW‚ÓãSr#2ãc33 ¢VæFÆö÷ ¢VæFf6W@¢f6WBæ÷&ÖÂ¢÷WFW"Æö÷ ¢fW'FW‚Ó‚323 ¢fW'FW‚Óãcs#R#BãƒcB3 ¢fW'FW‚ÓãS#s‚#Bã#3“’3 ¢VæFÆö÷ ¢VæFf6W@¢f6WBæ÷&ÖÂ¢÷WFW"Æö÷ ¢fW'FW‚Ó‚323 ¢fW'FW‚Óã“3SB#RãCCr3 ¢fW'FW‚Óãcs#R#BãƒcB3 ¢VæFÆö÷ ¢VæFf6W@¢f6WBæ÷&ÖÂ¢÷WFW"Æö÷ ¢fW'FW‚Ó‚323 ¢fW'FW‚Óã3cR#Rã“Sƒb3 ¢fW'FW‚Óã“3SB#RãCCr3 ¢VæFÆö÷ ¢VæFf6W@¢f6WBæ÷&ÖÂ¢÷WFW"Æö÷ ¢fW'FW‚Ó’ãSs‚3"ãSsƒ‚3 ¢fW'FW‚ÓãssR#bã3“C3 ¢fW'FW‚Óã3cR#Rã“Sƒb3 ¢VæFÆö÷ ¢VæFf6W@¢f6WBæ÷&ÖÂ¢÷WFW"Æö÷ ¢fW'FW‚Ó’ãSs‚3"ãSsƒ‚3 ¢fW'FW‚Ó"ã3#b#bãs3R3 ¢fW'FW‚ÓãssR#bã3“C3 ¢VæFÆö÷ ¢VæFf6W@¢f6WBæ÷&ÖÂ¢÷WFW"Æö÷ ¢fW'FW‚Ó’ãSs‚3"ãSsƒ‚3 ¢fW'FW‚Ó"ã“ƒ‚#bã“SR3 ¢fW'FW‚Ó"ã3#b#bãs3R3 ¢VæFÆö÷ ¢VæFf6W@¢f6WBæ÷&ÖÂ¢÷WFW"Æö÷ ¢fW'FW‚Ó’ãSs‚3"ãSsƒ‚3 ¢fW'FW‚Ó2ãS3sB#rãSƒr3 ¢fW'FW‚Ó"ã“ƒ‚#bã“SR3 ¢VæFÆö÷ ¢VæFf6W@¢f6WBæ÷&ÖÂ¢÷WFW"Æö÷ ¢fW'FW‚Ó’ãSs‚3"ãSsƒ‚3 ¢fW'FW‚ÓBãsC"#rã3s’3 ¢fW'FW‚Ó2ãS3sB#rãSƒr3 ¢VæFÆö÷ ¢VæFf6W@¢f6WBæ÷&ÖÂ¢÷WFW"Æö÷ ¢fW'FW‚Ó’ãSs‚3"ãSsƒ‚3 ¢fW'FW‚ÓBãs“Cr#bãƒ“3"3 ¢fW'FW‚ÓBãsC"#rã3s’3 ¢VæFÆö÷ ¢VæFf6W@¢f6WBæ÷&ÖÂ¢÷WFW"Æö÷ ¢fW'FW‚Ó’ãSs‚3"ãSsƒ‚3 ¢fW'FW‚ÓRã3sR#bãc323 ¢fW'FW‚ÓBãs“Cr#bãƒ“3"3 ¢VæFÆö÷ ¢VæFf6W@¢f6WBæ÷&ÖÂ¢÷WFW"Æö÷ ¢fW'FW‚Ó#2ãC#ƒ"#BãSsƒ‚3 ¢fW'FW‚ÓRã3sR#bãc323 ¢fW'FW‚Ó’ãSs‚3"ãSsƒ‚3 ¢VæFÆö÷ ¢VæFf6W@¢f6WBæ÷&ÖÂ¢÷WFW"Æö÷ ¢fW'FW‚Óbãƒ#sR#"ãss3 ¢fW'FW‚Ó#2ãC#ƒ"#BãSsƒ‚3 ¢fW'FW‚Ó#BãSsƒ‚#2ãC#ƒ"3 ¢VæFÆö÷ ¢VæFf6W@¢f6WBæ÷&ÖÂ¢÷WFW"Æö÷ ¢fW'FW‚Óbãƒƒ“2#BãcSc’3 ¢fW'FW‚Ó#2ãC#ƒ"#BãSsƒ‚3 ¢fW'FW‚Óbã““2#Bã#ƒ23 ¢VæFÆö÷ ¢VæFf6W@¢f6WBæ÷&ÖÂ¢÷WFW"Æö÷ ¢fW'FW‚ÓbãccC‚#Rã#S33 ¢fW'FW‚Ó#2ãC#ƒ"#BãSsƒ‚3 ¢fW'FW‚Óbãƒƒ“2#BãcSc’3 ¢VæFÆö÷ ¢VæFf6W@¢f6WBæ÷&ÖÂ¢÷WFW"Æö÷ ¢fW'FW‚Óbã3#ƒB#Rãs“C"3 ¢fW'FW‚Ó#2ãC#ƒ"#BãSsƒ‚3 ¢fW'FW‚ÓbãccC‚#Rã#S33 ¢VæFÆö÷ ¢VæFf6W@¢f6WBæ÷&ÖÂ¢÷WFW"Æö÷ ¢fW'FW‚ÓRãƒ“#’#bã#S“"3 ¢fW'FW‚Ó#2ãC#ƒ"#BãSsƒ‚3 ¢fW'FW‚Óbã3#ƒB#Rãs“C"3 ¢VæFÆö÷ ¢VæFf6W@¢f6WBæ÷&ÖÂ¢÷WFW"Æö÷ ¢fW'FW‚ÓRã3sR#bãc323 ¢fW'FW‚Ó#2ãC#ƒ"#BãSsƒ‚3 ¢fW'FW‚ÓRãƒ“#’#bã#S“"3 ¢VæFÆö÷ ¢VæFf6W@¢f6WBæ÷&ÖÂ¢÷WFW"Æö÷ ¢fW'FW‚ãcCc’C2ãCccr3 ¢fW'FW‚’ãSs‚3"ãSsƒ‚3 ¢fW'FW‚"ãSCsRC2ã“3R3 ¢VæFÆö÷ ¢VæFf6W@¢f6WBæ÷&ÖÂÓ¢÷WFW"Æö÷ ¢fW'FW‚bã3c3“bÓbã3c3“b3 ¢fW'FW‚2ã3#S‚Ó#ãS“3R3 ¢fW'FW‚bã“Ss’ÓRãs“SB3 ¢VæFÆö÷ ¢VæFf6W@¢f6WBæ÷&ÖÂ¢÷WFW"Æö÷ ¢fW'FW‚ãSr#2ãc33 ¢fW'FW‚‚ã“Sccbãƒƒ#SB3 ¢fW'FW‚’3 ¢VæFÆö÷ ¢VæFf6W@¢f6WBæ÷&ÖÂ¢÷WFW"Æö÷ ¢fW'FW‚ãSr#2ãc33 ¢fW'FW‚‚ãƒ#srãsSSƒ3 ¢fW'FW‚‚ã“Sccbãƒƒ#SB3 ¢VæFÆö÷ ¢VæFf6W@¢f6WBæ÷&ÖÂ¢÷WFW"Æö÷ ¢fW'FW‚‚323 ¢fW'FW‚ãcCc’C2ãCccr3 ¢fW'FW‚‚ãss“bCBã3S23 ¢VæFÆö÷ ¢VæFf6W@¢f6WBæ÷&ÖÂ¢÷WFW"Æö÷ ¢fW'FW‚ãcCc’C2ãCccr3 ¢fW'FW‚‚323 ¢fW'FW‚’ãSs‚3"ãSsƒ‚3 ¢VæFÆö÷ ¢VæFf6W@¢f6WBæ÷&ÖÂ¢÷WFW"Æö÷ ¢fW'FW‚ÓãSr#2ãc33 ¢fW'FW‚ãS#s‚#Bã#3“’3 ¢fW'FW‚Ó‚323 ¢VæFÆö÷ ¢VæFf6W@¢f6WBæ÷&ÖÂ¢÷WFW"Æö÷ ¢fW'FW‚ãSr#2ãc33 ¢fW'FW‚‚ãc#Cb"ãc#Sb3 ¢fW'FW‚‚ãƒ#srãsSSƒ3 ¢VæFÆö÷ ¢VæFf6W@¢f6WBæ÷&ÖÂ¢÷WFW"Æö÷ ¢fW'FW‚‚323 ¢fW'FW‚‚ãss“bCBã3S23 ¢fW'FW‚‚CBã#cB3 ¢VæFÆö÷ ¢VæFf6W@¢f6WBæ÷&ÖÂ¢÷WFW"Æö÷ ¢fW'FW‚ãSr#2ãc33 ¢fW'FW‚‚ã3C“"2ãCCCR3 ¢fW'FW‚‚ãc#Cb"ãc#Sb3 ¢VæFÆö÷ ¢VæFf6W@¢f6WBæ÷&ÖÂ¢÷WFW"Æö÷ ¢fW'FW‚ãSr#2ãc33 ¢fW'FW‚rã“3s#’Bã#C#Sr3 ¢fW'FW‚‚ã3C“"2ãCCCR3 ¢VæFÆö÷ ¢VæFf6W@¢f6WBæ÷&ÖÂ¢÷WFW"Æö÷ ¢fW'FW‚ãSr#2ãc33 ¢fW'FW‚rãCƒ3#2Rã23 ¢fW'FW‚rã“3s#’Bã#C#Sr3 ¢VæFÆö÷ ¢VæFf6W@¢f6WBæ÷&ÖÂ¢÷WFW"Æö÷ ¢fW'FW‚ãSr#2ãc33 ¢fW'FW‚bã“Ss’Rãs“SB3 ¢fW'FW‚rãCƒ3#2Rã23 ¢VæFÆö÷ ¢VæFf6W@¢f6WBæ÷&ÖÂ¢÷WFW"Æö÷ ¢fW'FW‚ãSr#2ãc33 ¢fW'FW‚bã3c3“bbã3c3“b3 ¢fW'FW‚bã“Ss’Rãs“SB3 ¢VæFÆö÷ ¢VæFf6W@¢f6WBæ÷&ÖÂ¢÷WFW"Æö÷ ¢fW'FW‚ãSr#2ãc33 ¢fW'FW‚Rãs“SBbã“Ss’3 ¢fW'FW‚bã3c3“bbã3c3“b3 ¢VæFÆö÷ ¢VæFf6W@¢f6WBæ÷&ÖÂ¢÷WFW"Æö÷ ¢fW'FW‚ãSr#2ãc33 ¢fW'FW‚Rã2rãCƒ3#23 ¢fW'FW‚Rãs“SBbã“Ss’3 ¢VæFÆö÷ ¢VæFf6W@¢f6WBæ÷&ÖÂ¢÷WFW"Æö÷ ¢fW'FW‚ãSr#2ãc33 ¢fW'FW‚Bã#C#Srrã“3s#’3 ¢fW'FW‚Rã2rãCƒ3#23 ¢VæFÆö÷ ¢VæFf6W@¢f6WBæ÷&ÖÂ¢÷WFW"Æö÷ ¢fW'FW‚ãSr#2ãc33 ¢fW'FW‚2ãCCCR‚ã3C“"3 ¢fW'FW‚Bã#C#Srrã“3s#’3 ¢VæFÆö÷ ¢VæFf6W@¢f6WBæ÷&ÖÂ¢÷WFW"Æö÷ ¢fW'FW‚ãSr#2ãc33 ¢fW'FW‚"ãc#Sb‚ãc#Cb3 ¢fW'FW‚2ãCCCR‚ã3C“"3 ¢VæFÆö÷ ¢VæFf6W@¢f6WBæ÷&ÖÂ¢÷WFW"Æö÷ ¢fW'FW‚ãSr#2ãc33 ¢fW'FW‚ãsSSƒ‚ãƒ#sr3 ¢fW'FW‚"ãc#Sb‚ãc#Cb3 ¢VæFÆö÷ ¢VæFf6W@¢f6WBæ÷&ÖÂ¢÷WFW"Æö÷ ¢fW'FW‚ãSr#2ãc33 ¢fW'FW‚ãƒƒ#SB‚ã“Sccb3 ¢fW'FW‚ãsSSƒ‚ãƒ#sr3 ¢VæFÆö÷ ¢VæFf6W@¢f6WBæ÷&ÖÂ¢÷WFW"Æö÷ ¢fW'FW‚ãSr#2ãc33 ¢fW'FW‚’3 ¢fW'FW‚ãƒƒ#SB‚ã“Sccb3 ¢VæFÆö÷ ¢VæFf6W@¢f6WBæ÷&ÖÂ¢÷WFW"Æö÷ ¢fW'FW‚ãS#s‚#Bã#3“’3 ¢fW'FW‚ÓãSr#2ãc33 ¢fW'FW‚ãSr#2ãc33 ¢VæFÆö÷ ¢VæFf6W@¢f6WBæ÷&ÖÂ¢÷WFW"Æö÷ ¢fW'FW‚Óãcr#"ã“sCR3 ¢fW'FW‚ãSr#2ãc33 ¢fW'FW‚ÓãSr#2ãc33 ¢VæFÆö÷ ¢VæFf6W@¢f6WBæ÷&ÖÂ¢÷WFW"Æö÷ ¢fW'FW‚ãSr#2ãc33 ¢fW'FW‚Óãcr#"ã“sCR3 ¢fW'FW‚’3 ¢VæFÆö÷ ¢VæFf6W@¢f6WBæ÷&ÖÂ¢÷WFW"Æö÷ ¢fW'FW‚’3 ¢fW'FW‚Óãcr#"ã“sCR3 ¢fW'FW‚Óãƒƒ#SB‚ã“Sccb3 ¢VæFÆö÷ ¢VæFf6W@¢f6WBæ÷&ÖÂ¢÷WFW"Æö÷ ¢fW'FW‚Óã3cR#Rã“Sƒb3 ¢fW'FW‚Ó‚323 ¢fW'FW‚Ó’ãSs‚3"ãSsƒ‚3 ¢VæFÆö÷ ¢VæFf6W@¢f6WBæ÷&ÖÂÓ¢÷WFW"Æö÷ ¢fW'FW‚Óãƒ3S"#"ã3sƒ23 ¢fW'FW‚Óãƒƒ#SB‚ã“Sccb3 ¢fW'FW‚Óãcr#"ã“sCR3 ¢VæFÆö÷ ¢VæFf6W@¢f6WBæ÷&ÖÂ¢÷WFW"Æö÷ ¢fW'FW‚Óãƒƒ#SB‚ã“Sccb3 ¢fW'FW‚Óãƒ3S"#"ã3sƒ23 ¢fW'FW‚ÓãsSSƒ‚ãƒ#sr3 ¢VæFÆö÷ ¢VæFf6W@¢f6WBæ÷&ÖÂÓ¢÷WFW"Æö÷ ¢fW'FW‚Óãsb#ãƒ3s"3 ¢fW'FW‚ÓãsSSƒ‚ãƒ#sr3 ¢fW'FW‚Óãƒ3S"#"ã3sƒ23 ¢VæFÆö÷ ¢VæFf6W@¢f6WBæ÷&ÖÂ¢÷WFW"Æö÷ ¢fW'FW‚ÓãsSSƒ‚ãƒ#sr3 ¢fW'FW‚Óãsb#ãƒ3s"3 ¢fW'FW‚Ó"ãc#Sb‚ãc#Cb3 ¢VæFÆö÷ ¢VæFf6W@¢f6WBæ÷&ÖÂÓ¢÷WFW"Æö÷ ¢fW'FW‚Óãcs#ã3s#"3 ¢fW'FW‚Ó"ãc#Sb‚ãc#Cb3 ¢fW'FW‚Óãsb#ãƒ3s"3 ¢VæFÆö÷ ¢VæFf6W@¢f6WBæ÷&ÖÂ¢÷WFW"Æö÷ ¢fW'FW‚Ó"ãc#Sb‚ãc#Cb3 ¢fW'FW‚Óãcs#ã3s#"3 ¢fW'FW‚Ó2ãCCCR‚ã3C“"3 ¢VæFÆö÷ ¢VæFf6W@¢f6WBæ÷&ÖÂ¢÷WFW"Æö÷ ¢fW'FW‚Ó2ãCCCR‚ã3C“"3 ¢fW'FW‚Óãcs#ã3s#"3 ¢fW'FW‚ÓBã#C#Srrã“3s#’3 ¢VæFÆö÷ ¢VæFf6W@¢f6WBæ÷&ÖÂÓ¢÷WFW"Æö÷ ¢fW'FW‚Ó"ã#R#ã3 ¢fW'FW‚ÓBã#C#Srrã“3s#’3 ¢fW'FW‚Óãcs#ã3s#"3 ¢VæFÆö÷ ¢VæFf6W@¢f6WBæ÷&ÖÂ¢÷WFW"Æö÷ ¢fW'FW‚ÓBã#C#Srrã“3s#’3 ¢fW'FW‚Ó"ã#R#ã3 ¢fW'FW‚ÓRã2rãCƒ3#23 ¢VæFÆö÷ ¢VæFf6W@¢f6WBæ÷&ÖÂÓ¢÷WFW"Æö÷ ¢fW'FW‚Ó"ãsS2#ãs3ƒ"3 ¢fW'FW‚ÓRã2rãCƒ3#23 ¢fW'FW‚Ó"ã#R#ã3 ¢VæFÆö÷ ¢VæFf6W@¢f6WBæ÷&ÖÂ¢÷WFW"Æö÷ ¢fW'FW‚ÓRã2rãCƒ3#23 ¢fW'FW‚Ó"ãsS2#ãs3ƒ"3 ¢fW'FW‚ÓRãs“SBbã“Ss’3 ¢VæFÆö÷ ¢VæFf6W@¢f6WBæ÷&ÖÂÓ¢÷WFW"Æö÷ ¢fW'FW‚Ó2ã3#S‚#ãS“3R3 ¢fW'FW‚ÓRãs“SBbã“Ss’3 ¢fW'FW‚Ó"ãsS2#ãs3ƒ"3 ¢VæFÆö÷ ¢VæFf6W@¢f6WBæ÷&ÖÂ¢÷WFW"Æö÷ ¢fW'FW‚ÓRãs“SBbã“Ss’3 ¢fW'FW‚Ó2ã3#S‚#ãS“3R3 ¢fW'FW‚Óbã3c3“bbã3c3“b3 ¢VæFÆö÷ ¢VæFf6W@¢f6WBæ÷&ÖÂÓ¢÷WFW"Æö÷ ¢fW'FW‚ÓãcCc’C2ãCccr3 ¢fW'FW‚Ó‚323 ¢fW'FW‚Óãs32C2ãcƒB3 ¢VæFÆö÷ ¢VæFf6W@¢f6WBæ÷&ÖÂ¢÷WFW"Æö÷ ¢fW'FW‚Ó‚323 ¢fW'FW‚ÓãcCc’C2ãCccr3 ¢fW'FW‚Ó’ãSs‚3"ãSsƒ‚3 ¢VæFÆö÷ ¢VæFf6W@¢f6WBæ÷&ÖÂÓ¢÷WFW"Æö÷ ¢fW'FW‚ÓBãCcC‚C"ãc’3 ¢fW'FW‚Ó’ãSs‚3"ãSsƒ‚3 ¢fW'FW‚ÓãcCc’C2ãCccr3 ¢VæFÆö÷ ¢VæFf6W@¢f6WBæ÷&ÖÂ¢÷WFW"Æö÷ ¢fW'FW‚Ó’ãSs‚3"ãSsƒ‚3 ¢fW'FW‚ÓBãCcC‚C"ãc’3 ¢fW'FW‚ÓRã#3‚C"ã333r3 ¢VæFÆö÷ ¢VæFf6W@¢f6WBæ÷&ÖÂ¢÷WFW"Æö÷ ¢fW'FW‚#2ãC#ƒ"#BãSsƒ‚3 ¢fW'FW‚3ãƒ“‚3ãƒ“‚3 ¢fW'FW‚#’ãcsb32ãƒ3#‚3 ¢VæFÆö÷ ¢VæFf6W@¢f6WBæ÷&ÖÂ¢÷WFW"Æö÷ ¢fW'FW‚#2ãC#ƒ"#BãSsƒ‚3 ¢fW'FW‚#’ãcsb32ãƒ3#‚3 ¢fW'FW‚#’ãc"3Bã333r3 ¢VæFÆö÷ ¢VæFf6W@¢f6WBæ÷&ÖÂÓ¢÷WFW"Æö÷ ¢fW'FW‚#BãSsƒ‚#2ãC#ƒ"3 ¢fW'FW‚3ãƒ“‚3ãƒ“‚3 ¢fW'FW‚#2ãC#ƒ"#BãSsƒ‚3 ¢VæFÆö÷ ¢VæFf6W@¢f6WBæ÷&ÖÂÓ¢÷WFW"Æö÷ ¢fW'FW‚BãS“"#ãcscB3 ¢fW'FW‚#Rã#’"ã#“ƒ3 ¢fW'FW‚RãƒsB#ã“’3 ¢VæFÆö÷ ¢VæFf6W@¢f6WBæ÷&ÖÂ¢÷WFW"Æö÷ ¢fW'FW‚#Rã#’"ã#“ƒ3 ¢fW'FW‚BãS“"#ãcscB3 ¢fW'FW‚#Bãs“srãƒSb3 ¢VæFÆö÷ ¢VæFf6W@¢f6WBæ÷&ÖÂ¢÷WFW"Æö÷ ¢fW'FW‚bãƒ#sR#"ãss3 ¢fW'FW‚#BãSsƒ‚#2ãC#ƒ"3 ¢fW'FW‚#2ãC#ƒ"#BãSsƒ‚3 ¢VæFÆö÷ ¢VæFf6W@¢f6WBæ÷&ÖÂ¢÷WFW"Æö÷ ¢fW'FW‚3ãƒ“‚3ãƒ“‚3 ¢fW'FW‚#BãSsƒ‚#2ãC#ƒ"3 ¢fW'FW‚3"ãCc3"3ã3#’3 ¢VæFÆö÷ ¢VæFf6W@¢f6WBæ÷&ÖÂÓ¢÷WFW"Æö÷ ¢fW'FW‚3ãS#bÓã#C3s"3 ¢fW'FW‚32Ó‚3 ¢fW'FW‚3ãcƒsbÓãc3CC23 ¢VæFÆö÷ ¢VæFf6W@¢f6WBæ÷&ÖÂÓ¢÷WFW"Æö÷ ¢fW'FW‚3ã##2ÓãƒSb3 ¢fW'FW‚32Ó‚3 ¢fW'FW‚3ãS#bÓã#C3s"3 ¢VæFÆö÷ ¢VæFf6W@¢f6WBæ÷&ÖÂÓ¢÷WFW"Æö÷ ¢fW'FW‚#’ãs“ƒÓ"ã#“ƒ3 ¢fW'FW‚32Ó‚3 ¢fW'FW‚3ã##2ÓãƒSb3 ¢VæFÆö÷ ¢VæFf6W@¢f6WBæ÷&ÖÂÓ¢÷WFW"Æö÷ ¢fW'FW‚#’ã3SbÓ"ãs##‚3 ¢fW'FW‚32Ó‚3 ¢fW'FW‚#’ãs“ƒÓ"ã#“ƒ3 ¢VæFÆö÷ ¢VæFf6W@¢f6WBæ÷&ÖÂÓ¢÷WFW"Æö÷ ¢fW'FW‚#‚ãsC3rÓ2ã#c3 ¢fW'FW‚32Ó‚3 ¢fW'FW‚#’ã3SbÓ"ãs##‚3 ¢VæFÆö÷ ¢VæFf6W@¢f6WBæ÷&ÖÂÓ¢÷WFW"Æö÷ ¢fW'FW‚#‚ã3BÓ2ãƒsSR3 ¢fW'FW‚32Ó‚3 ¢fW'FW‚#‚ãsC3rÓ2ã#c3 ¢VæFÆö÷ ¢VæFf6W@¢f6WBæ÷&ÖÂ¢÷WFW"Æö÷ ¢fW'FW‚32Ó‚3 ¢fW'FW‚#‚ã3BÓ2ãƒsSR3 ¢fW'FW‚3"ãSsƒ‚Ó’ãSs‚3 ¢VæFÆö÷ ¢VæFf6W@¢f6WBæ÷&ÖÂÓ¢÷WFW"Æö÷ ¢fW'FW‚#rãRÓ2ã#R3 ¢fW'FW‚3"ãSsƒ‚Ó’ãSs‚3 ¢fW'FW‚#‚ã3BÓ2ãƒsSR3 ¢VæFÆö÷ ¢VæFf6W@¢f6WBæ÷&ÖÂ¢÷WFW"Æö÷ ¢fW'FW‚#bãƒcbÓ2ãƒsSR3 ¢fW'FW‚3"ãSsƒ‚Ó’ãSs‚3 ¢fW'FW‚#rãRÓ2ã#R3 ¢VæFÆö÷ ¢VæFf6W@¢f6WBæ÷&ÖÂ¢÷WFW"Æö÷ ¢fW'FW‚#bã#Sc2Ó2ã#c3 ¢fW'FW‚3"ãSsƒ‚Ó’ãSs‚3 ¢fW'FW‚#bãƒcbÓ2ãƒsSR3 ¢VæFÆö÷ ¢VæFf6W@¢f6WBæ÷&ÖÂ¢÷WFW"Æö÷ ¢fW'FW‚Rãs#ƒRÓ#ã#3s23 ¢fW'FW‚#bã#Sc2Ó2ã#c3 ¢fW'FW‚#Rãc“CBÓ"ãs##‚3 ¢VæFÆö÷ ¢VæFf6W@¢f6WBæ÷&ÖÂ¢÷WFW"Æö÷ ¢fW'FW‚RãƒsBÓ#ã“’3 ¢fW'FW‚#Rãc“CBÓ"ãs##‚3 ¢fW'FW‚#Rã#’Ó"ã#“ƒ3 ¢VæFÆö÷ ¢VæFf6W@¢f6WBæ÷&ÖÂ¢÷WFW"Æö÷ ¢fW'FW‚#bã#Sc2Ó2ã#c3 ¢fW'FW‚Rãs#ƒRÓ#ã#3s23 ¢fW'FW‚3"ãSsƒ‚Ó’ãSs‚3 ¢VæFÆö÷ ¢VæFf6W@¢f6WBæ÷&ÖÂ¢÷WFW"Æö÷ ¢fW'FW‚‚ãc#CbÓ"ãc#Sb3 ¢fW'FW‚#BãC“sBÓã#C3s"3 ¢fW'FW‚‚ãƒ#srÓãsSSƒ3 ¢VæFÆö÷ ¢VæFf6W@¢f6WBæ÷&ÖÂ¢÷WFW"Æö÷ ¢fW'FW‚‚ãƒ#srÓãsSSƒ3 ¢fW'FW‚#Bã3#BÓãc3CC23 ¢fW'FW‚‚ã“SccbÓãƒƒ#SB3 ¢VæFÆö÷ ¢VæFf6W@¢f6WBæ÷&ÖÂ¢÷WFW"Æö÷ ¢fW'FW‚3"ãSsƒ‚’ãSs‚3 ¢fW'FW‚C2ãCccrãcCc’3 ¢fW'FW‚C"ãc’BãCcC‚3 ¢VæFÆö÷ ¢VæFf6W@¢f6WBæ÷&ÖÂ¢÷WFW"Æö÷ ¢fW'FW‚3"ãSsƒ‚’ãSs‚3 ¢fW'FW‚C"ãc’BãCcC‚3 ¢fW'FW‚C"ã333rRã#3‚3 ¢VæFÆö÷ ¢VæFf6W@¢f6WBæ÷&ÖÂÓ¢÷WFW"Æö÷ ¢fW'FW‚32‚3 ¢fW'FW‚C2ãCccrãcCc’3 ¢fW'FW‚3"ãSsƒ‚’ãSs‚3 ¢VæFÆö÷ ¢VæFf6W@¢f6WBæ÷&ÖÂ¢÷WFW"Æö÷ ¢fW'FW‚#‚ã3B2ãƒsSR3 ¢fW'FW‚32‚3 ¢fW'FW‚3"ãSsƒ‚’ãSs‚3 ¢VæFÆö÷ ¢VæFf6W@¢f6WBæ÷&ÖÂ¢÷WFW"Æö÷ ¢fW'FW‚C2ãCccrãcCc’3 ¢fW'FW‚32‚3 ¢fW'FW‚C2ãcƒBãs323 ¢VæFÆö÷ ¢VæFf6W@¢f6WBæ÷&ÖÂÓ¢÷WFW"Æö÷ ¢fW'FW‚32Ó‚3 ¢fW'FW‚CBã3S2Ó‚ãss“b3 ¢fW'FW‚CBã#cBÓ‚3 ¢VæFÆö÷ ¢VæFf6W@¢f6WBæ÷&ÖÂ¢÷WFW"Æö÷ ¢fW'FW‚CBã3S2Ó‚ãss“b3 ¢fW'FW‚32Ó‚3 ¢fW'FW‚C2ãCccrÓãcCc’3 ¢VæFÆö÷ ¢VæFf6W@¢f6WBæ÷&ÖÂÓ¢÷WFW"Æö÷ ¢fW'FW‚3"ãSsƒ‚Ó’ãSs‚3 ¢fW'FW‚C2ãCccrÓãcCc’3 ¢fW'FW‚32Ó‚3 ¢VæFÆö÷ ¢VæFf6W@¢f6WBæ÷&ÖÂ¢÷WFW"Æö÷ ¢fW'FW‚C2ãCccrÓãcCc’3 ¢fW'FW‚3"ãSsƒ‚Ó’ãSs‚3 ¢fW'FW‚C2ã“3RÓ"ãSCsR3 ¢VæFÆö÷ ¢VæFf6W@¢f6WBæ÷&ÖÂ¢÷WFW"Æö÷ ¢fW'FW‚32‚3 ¢fW'FW‚3ãsR3 ¢fW'FW‚32Ó‚3 ¢VæFÆö÷ ¢VæFf6W@¢f6WBæ÷&ÖÂÓ¢÷WFW"Æö÷ ¢fW'FW‚3ãcƒsbÓãc3CC23 ¢fW'FW‚32Ó‚3 ¢fW'FW‚3ãsR3 ¢VæFÆö÷ ¢VæFf6W@¢f6WBæ÷&ÖÂ¢÷WFW"Æö÷ ¢fW'FW‚32‚3 ¢fW'FW‚3ãcƒsbãc3CC23 ¢fW'FW‚3ãsR3 ¢VæFÆö÷ ¢VæFf6W@¢f6WBæ÷&ÖÂ¢÷WFW"Æö÷ ¢fW'FW‚32‚3 ¢fW'FW‚3ãS#bã#C3s"3 ¢fW'FW‚3ãcƒsbãc3CC23 ¢VæFÆö÷ ¢VæFf6W@¢f6WBæ÷&ÖÂ¢÷WFW"Æö÷ ¢fW'FW‚32‚3 ¢fW'FW‚3ã##2ãƒSb3 ¢fW'FW‚3ãS#bã#C3s"3 ¢VæFÆö÷ ¢VæFf6W@¢f6WBæ÷&ÖÂ¢÷WFW"Æö÷ ¢fW'FW‚32‚3 ¢fW'FW‚#’ãs“ƒ"ã#“ƒ3 ¢fW'FW‚3ã##2ãƒSb3 ¢VæFÆö÷ ¢VæFf6W@¢f6WBæ÷&ÖÂ¢÷WFW"Æö÷ ¢fW'FW‚32‚3 ¢fW'FW‚#’ã3Sb"ãs##‚3 ¢fW'FW‚#’ãs“ƒ"ã#“ƒ3 ¢VæFÆö÷ ¢VæFf6W@¢f6WBæ÷&ÖÂ¢÷WFW"Æö÷ ¢fW'FW‚32‚3 ¢fW'FW‚#‚ãsC3r2ã#c3 ¢fW'FW‚#’ã3Sb"ãs##‚3 ¢VæFÆö÷ ¢VæFf6W@¢f6WBæ÷&ÖÂ¢÷WFW"Æö÷ ¢fW'FW‚32‚3 ¢fW'FW‚#‚ã3B2ãƒsSR3 ¢fW'FW‚#‚ãsC3r2ã#c3 ¢VæFÆö÷ ¢VæFf6W@¢f6WBæ÷&ÖÂ¢÷WFW"Æö÷ ¢fW'FW‚3"ãSsƒ‚’ãSs‚3 ¢fW'FW‚#rãR2ã#R3 ¢fW'FW‚#‚ã3B2ãƒsSR3 ¢VæFÆö÷ ¢VæFf6W@¢f6WBæ÷&ÖÂ¢÷WFW"Æö÷ ¢fW'FW‚3"ãSsƒ‚’ãSs‚3 ¢fW'FW‚#bãƒcb2ãƒsSR3 ¢fW'FW‚#rãR2ã#R3 ¢VæFÆö÷ ¢VæFf6W@¢f6WBæ÷&ÖÂ¢÷WFW"Æö÷ ¢fW'FW‚3"ãSsƒ‚’ãSs‚3 ¢fW'FW‚#bã#Sc22ã#c3 ¢fW'FW‚#bãƒcb2ãƒsSR3 ¢VæFÆö÷ ¢VæFf6W@¢f6WBæ÷&ÖÂ¢÷WFW"Æö÷ ¢fW'FW‚#BãSsƒ‚#2ãC#ƒ"3 ¢fW'FW‚#bã#Sc22ã#c3 ¢fW'FW‚3"ãSsƒ‚’ãSs‚3 ¢VæFÆö÷ ¢VæFf6W@¢f6WBæ÷&ÖÂÓ¢÷WFW"Æö÷ ¢fW'FW‚Rãs#ƒR#ã#3s23 ¢fW'FW‚#bã#Sc22ã#c3 ¢fW'FW‚#BãSsƒ‚#2ãC#ƒ"3 ¢VæFÆö÷ ¢VæFf6W@¢f6WBæ÷&ÖÂ¢÷WFW"Æö÷ ¢fW'FW‚#bã#Sc22ã#c3 ¢fW'FW‚Rãs#ƒR#ã#3s23 ¢fW'FW‚#Rãc“CB"ãs##‚3 ¢VæFÆö÷ ¢VæFf6W@¢f6WBæ÷&ÖÂÓ¢÷WFW"Æö÷ ¢fW'FW‚RãƒsB#ã“’3 ¢fW'FW‚#Rãc“CB"ãs##‚3 ¢fW'FW‚Rãs#ƒR#ã#3s23 ¢VæFÆö÷ ¢VæFf6W@¢f6WBæ÷&ÖÂ¢÷WFW"Æö÷ ¢fW'FW‚#Rãc“CB"ãs##‚3 ¢fW'FW‚RãƒsB#ã“’3 ¢fW'FW‚#Rã#’"ã#“ƒ3 ¢VæFÆö÷ ¢VæFf6W@¢f6WBæ÷&ÖÂ¢÷WFW"Æö÷ ¢fW'FW‚#BãSsƒ‚Ó#2ãC#ƒ"3 ¢fW'FW‚32ãƒ3#‚Ó#’ãcsb3 ¢fW'FW‚3Bã333rÓ#’ãc"3 ¢VæFÆö÷ ¢VæFf6W@¢f6WBæ÷&ÖÂ¢÷WFW"Æö÷ ¢fW'FW‚32ãƒ3#‚Ó#’ãcsb3 ¢fW'FW‚#BãSsƒ‚Ó#2ãC#ƒ"3 ¢fW'FW‚3ãƒ“‚Ó3ãƒ“‚3 ¢VæFÆö÷ ¢VæFf6W@¢f6WBæ÷&ÖÂÓ¢÷WFW"Æö÷ ¢fW'FW‚#2ãC#ƒ"Ó#BãSsƒ‚3 ¢fW'FW‚3ãƒ“‚Ó3ãƒ“‚3 ¢fW'FW‚#BãSsƒ‚Ó#2ãC#ƒ"3 ¢VæFÆö÷ ¢VæFf6W@¢f6WBæ÷&ÖÂ¢÷WFW"Æö÷ ¢fW'FW‚#Bã#R3 ¢fW'FW‚‚ã“SccbÓãƒƒ#SB3 ¢fW'FW‚#Bã3#BÓãc3CC23 ¢VæFÆö÷ ¢VæFf6W@¢f6WBæ÷&ÖÂ¢÷WFW"Æö÷ ¢fW'FW‚‚ã“SccbÓãƒƒ#SB3 ¢fW'FW‚#Bã#R3 ¢fW'FW‚’3 ¢VæFÆö÷ ¢VæFf6W@¢f6WBæ÷&ÖÂÓ¢÷WFW"Æö÷ ¢fW'FW‚2ã“c#b#ãSs#r3 ¢fW'FW‚#Bãs“srãƒSb3 ¢fW'FW‚BãS“"#ãcscB3 ¢VæFÆö÷ ¢VæFf6W@¢f6WBæ÷&ÖÂ¢÷WFW"Æö÷ ¢fW'FW‚3ãƒ“‚Ó3ãƒ“‚3 ¢fW'FW‚#2ãC#ƒ"Ó#BãSsƒ‚3 ¢fW'FW‚3ã3#’Ó3"ãCc3"3 ¢VæFÆö÷ ¢VæFf6W@¢f6WBæ÷&ÖÂ¢÷WFW"Æö÷ ¢fW'FW‚’3 ¢fW'FW‚#Bãs“srãƒSb3 ¢fW'FW‚2ã“c#b#ãSs#r3 ¢VæFÆö÷ ¢VæFf6W@¢f6WBæ÷&ÖÂ¢÷WFW"Æö÷ ¢fW'FW‚bã“s#"#2ã3“R3 ¢fW'FW‚#2ãC#ƒ"#BãSsƒ‚3 ¢fW'FW‚bã““2#Bã#ƒ23 ¢VæFÆö÷ ¢VæFf6W@¢f6WBæ÷&ÖÂ¢÷WFW"Æö÷ ¢fW'FW‚#2ãC#ƒ"#BãSsƒ‚3 ¢fW'FW‚bãƒƒ“2#BãcSc’3 ¢fW'FW‚bã““2#Bã#ƒ23 ¢VæFÆö÷ ¢VæFf6W@¢f6WBæ÷&ÖÂ¢÷WFW"Æö÷ ¢fW'FW‚#2ãC#ƒ"#BãSsƒ‚3 ¢fW'FW‚bãccC‚#Rã#S33 ¢fW'FW‚bãƒƒ“2#BãcSc’3 ¢VæFÆö÷ ¢VæFf6W@¢f6WBæ÷&ÖÂ¢÷WFW"Æö÷ ¢fW'FW‚#2ãC#ƒ"#BãSsƒ‚3 ¢fW'FW‚bã3#ƒB#Rãs“C"3 ¢fW'FW‚bãccC‚#Rã#S33 ¢VæFÆö÷ ¢VæFf6W@¢f6WBæ÷&ÖÂ¢÷WFW"Æö÷ ¢fW'FW‚#2ãC#ƒ"#BãSsƒ‚3 ¢fW'FW‚Rãƒ“#’#bã#S“"3 ¢fW'FW‚bã3#ƒB#Rãs“C"3 ¢VæFÆö÷ ¢VæFf6W@¢f6WBæ÷&ÖÂ¢÷WFW"Æö÷ ¢fW'FW‚#2ãC#ƒ"#BãSsƒ‚3 ¢fW'FW‚Rã3sR#bãc323 ¢fW'FW‚Rãƒ“#’#bã#S“"3 ¢VæFÆö÷ ¢VæFf6W@¢f6WBæ÷&ÖÂ¢÷WFW"Æö÷ ¢fW'FW‚’ãSs‚3"ãSsƒ‚3 ¢fW'FW‚Rã3sR#bãc323 ¢fW'FW‚#2ãC#ƒ"#BãSsƒ‚3 ¢VæFÆö÷ ¢VæFf6W@¢f6WBæ÷&ÖÂÓ¢÷WFW"Æö÷ ¢fW'FW‚Ó‚323 ¢fW'FW‚ãS#s‚#Bã#3“’3 ¢fW'FW‚‚323 ¢VæFÆö÷ ¢VæFf6W@¢f6WBæ÷&ÖÂ¢÷WFW"Æö÷ ¢fW'FW‚ãcs#R#BãƒcB3 ¢fW'FW‚‚323 ¢fW'FW‚ãS#s‚#Bã#3“’3 ¢VæFÆö÷ ¢VæFf6W@¢f6WBæ÷&ÖÂ¢÷WFW"Æö÷ ¢fW'FW‚ã“3SB#RãCCr3 ¢fW'FW‚‚323 ¢fW'FW‚ãcs#R#BãƒcB3 ¢VæFÆö÷ ¢VæFf6W@¢f6WBæ÷&ÖÂ¢÷WFW"Æö÷ ¢fW'FW‚ã3cR#Rã“Sƒb3 ¢fW'FW‚‚323 ¢fW'FW‚ã“3SB#RãCCr3 ¢VæFÆö÷ ¢VæFf6W@¢f6WBæ÷&ÖÂ¢÷WFW"Æö÷ ¢fW'FW‚‚323 ¢fW'FW‚ã3cR#Rã“Sƒb3 ¢fW'FW‚’ãSs‚3"ãSsƒ‚3 ¢VæFÆö÷ ¢VæFf6W@¢f6WBæ÷&ÖÂ¢÷WFW"Æö÷ ¢fW'FW‚ãssR#bã3“C3 ¢fW'FW‚’ãSs‚3"ãSsƒ‚3 ¢fW'FW‚ã3cR#Rã“Sƒb3 ¢VæFÆö÷ ¢VæFf6W@¢f6WBæ÷&ÖÂ¢÷WFW"Æö÷ ¢fW'FW‚"ã3#b#bãs3R3 ¢fW'FW‚’ãSs‚3"ãSsƒ‚3 ¢fW'FW‚ãssR#bã3“C3 ¢VæFÆö÷ ¢VæFf6W@¢f6WBæ÷&ÖÂ¢÷WFW"Æö÷ ¢fW'FW‚"ã“ƒ‚#bã“SR3 ¢fW'FW‚’ãSs‚3"ãSsƒ‚3 ¢fW'FW‚"ã3#b#bãs3R3 ¢VæFÆö÷ ¢VæFf6W@¢f6WBæ÷&ÖÂ¢÷WFW"Æö÷ ¢fW'FW‚2ãS3sB#rãSƒr3 ¢fW'FW‚’ãSs‚3"ãSsƒ‚3 ¢fW'FW‚"ã“ƒ‚#bã“SR3 ¢VæFÆö÷ ¢VæFf6W@¢f6WBæ÷&ÖÂ¢÷WFW"Æö÷ ¢fW'FW‚BãsC"#rã3s’3 ¢fW'FW‚’ãSs‚3"ãSsƒ‚3 ¢fW'FW‚2ãS3sB#rãSƒr3 ¢VæFÆö÷ ¢VæFf6W@¢f6WBæ÷&ÖÂ¢÷WFW"Æö÷ ¢fW'FW‚Bãs“Cr#bãƒ“3"3 ¢fW'FW‚’ãSs‚3"ãSsƒ‚3 ¢fW'FW‚BãsC"#rã3s’3 ¢VæFÆö÷ ¢VæFf6W@¢f6WBæ÷&ÖÂ¢÷WFW"Æö÷ ¢fW'FW‚Rã3sR#bãc323 ¢fW'FW‚’ãSs‚3"ãSsƒ‚3 ¢fW'FW‚Bãs“Cr#bãƒ“3"3 ¢VæFÆö÷ ¢VæFf6W@¢f6WBæ÷&ÖÂ¢÷WFW"Æö÷ ¢fW'FW‚’ãSs‚Ó3"ãSsƒ‚3 ¢fW'FW‚BãCcC‚ÓC"ãc’3 ¢fW'FW‚Rã#3‚ÓC"ã333r3 ¢VæFÆö÷ ¢VæFf6W@¢f6WBæ÷&ÖÂ¢÷WFW"Æö÷ ¢fW'FW‚BãCcC‚ÓC"ãc’3 ¢fW'FW‚’ãSs‚Ó3"ãSsƒ‚3 ¢fW'FW‚ãcCc’ÓC2ãCccr3 ¢VæFÆö÷ ¢VæFf6W@¢f6WBæ÷&ÖÂÓ¢÷WFW"Æö÷ ¢fW'FW‚‚Ó323 ¢fW'FW‚ãcCc’ÓC2ãCccr3 ¢fW'FW‚’ãSs‚Ó3"ãSsƒ‚3 ¢VæFÆö÷ ¢VæFf6W@¢f6WBæ÷&ÖÂÓ¢÷WFW"Æö÷ ¢fW'FW‚Rãs“SBÓbã“Ss’3 ¢fW'FW‚2ã3#S‚Ó#ãS“3R3 ¢fW'FW‚bã3c3“bÓbã3c3“b3 ¢VæFÆö÷ ¢VæFf6W@¢f6WBæ÷&ÖÂ¢÷WFW"Æö÷ ¢fW'FW‚2ã3#S‚Ó#ãS“3R3 ¢fW'FW‚Rãs“SBÓbã“Ss’3 ¢fW'FW‚"ãsS2Ó#ãs3ƒ"3 ¢VæFÆö÷ ¢VæFf6W@¢f6WBæ÷&ÖÂÓ¢÷WFW"Æö÷ ¢fW'FW‚Rã2ÓrãCƒ3#23 ¢fW'FW‚"ãsS2Ó#ãs3ƒ"3 ¢fW'FW‚Rãs“SBÓbã“Ss’3 ¢VæFÆö÷ ¢VæFf6W@¢f6WBæ÷&ÖÂ¢÷WFW"Æö÷ ¢fW'FW‚"ãsS2Ó#ãs3ƒ"3 ¢fW'FW‚Rã2ÓrãCƒ3#23 ¢fW'FW‚"ã#RÓ#ã3 ¢VæFÆö÷ ¢VæFf6W@¢f6WBæ÷&ÖÂ¢÷WFW"Æö÷ ¢fW'FW‚ãcCc’ÓC2ãCccr3 ¢fW'FW‚‚Ó323 ¢fW'FW‚ãs32ÓC2ãcƒB3 ¢VæFÆö÷ ¢VæFf6W@¢f6WBæ÷&ÖÂÓ¢÷WFW"Æö÷ ¢fW'FW‚Bã#C#SrÓrã“3s#’3 ¢fW'FW‚"ã#RÓ#ã3 ¢fW'FW‚Rã2ÓrãCƒ3#23 ¢VæFÆö÷ ¢VæFf6W@¢f6WBæ÷&ÖÂ¢÷WFW"Æö÷ ¢fW'FW‚"ã#RÓ#ã3 ¢fW'FW‚Bã#C#SrÓrã“3s#’3 ¢fW'FW‚ãcsÓ#ã3s#"3 ¢VæFÆö÷ ¢VæFf6W@¢f6WBæ÷&ÖÂÓ¢÷WFW"Æö÷ ¢fW'FW‚2ãCCCRÓ‚ã3C“"3 ¢fW'FW‚ãcsÓ#ã3s#"3 ¢fW'FW‚Bã#C#SrÓrã“3s#’3 ¢VæFÆö÷ ¢VæFf6W@¢f6WBæ÷&ÖÂÓ¢÷WFW"Æö÷ ¢fW'FW‚"ãc#SbÓ‚ãc#Cb3 ¢fW'FW‚ãcsÓ#ã3s#"3 ¢fW'FW‚2ãCCCRÓ‚ã3C“"3 ¢VæFÆö÷ ¢VæFf6W@¢f6WBæ÷&ÖÂ¢÷WFW"Æö÷ ¢fW'FW‚ãcsÓ#ã3s#"3 ¢fW'FW‚"ãc#SbÓ‚ãc#Cb3 ¢fW'FW‚ãsbÓ#ãƒ3s"3 ¢VæFÆö÷ ¢VæFf6W@¢f6WBæ÷&ÖÂÓ¢÷WFW"Æö÷ ¢fW'FW‚ãsSSƒÓ‚ãƒ#sr3 ¢fW'FW‚ãsbÓ#ãƒ3s"3 ¢fW'FW‚"ãc#SbÓ‚ãc#Cb3 ¢VæFÆö÷ ¢VæFf6W@¢f6WBæ÷&ÖÂ¢÷WFW"Æö÷ ¢fW'FW‚ãsbÓ#ãƒ3s"3 ¢fW'FW‚ãsSSƒÓ‚ãƒ#sr3 ¢fW'FW‚ãƒ3S"Ó#"ã3sƒ23 ¢VæFÆö÷ ¢VæFf6W@¢f6WBæ÷&ÖÂÓ¢÷WFW"Æö÷ ¢fW'FW‚ãƒƒ#SBÓ‚ã“Sccb3 ¢fW'FW‚ãƒ3S"Ó#"ã3sƒ23 ¢fW'FW‚ãsSSƒÓ‚ãƒ#sr3 ¢VæFÆö÷ ¢VæFf6W@¢f6WBæ÷&ÖÂ¢÷WFW"Æö÷ ¢fW'FW‚ãƒ3S"Ó#"ã3sƒ23 ¢fW'FW‚ãƒƒ#SBÓ‚ã“Sccb3 ¢fW'FW‚ãcrÓ#"ã“sCR3 ¢VæFÆö÷ ¢VæFf6W@¢f6WBæ÷&ÖÂ¢÷WFW"Æö÷ ¢fW'FW‚ãSrÓ#2ãc33 ¢fW'FW‚‚Ó323 ¢fW'FW‚’ãSs‚Ó3"ãSsƒ‚3 ¢VæFÆö÷ ¢VæFf6W@¢f6WBæ÷&ÖÂÓ¢÷WFW"Æö÷ ¢fW'FW‚Ó’3 ¢fW'FW‚ãcrÓ#"ã“sCR3 ¢fW'FW‚ãƒƒ#SBÓ‚ã“Sccb3 ¢VæFÆö÷ ¢VæFf6W@¢f6WBæ÷&ÖÂ¢÷WFW"Æö÷ ¢fW'FW‚Óãƒƒ#SBÓ‚ã“Sccb3 ¢fW'FW‚ãcrÓ#"ã“sCR3 ¢fW'FW‚Ó’3 ¢VæFÆö÷ ¢VæFf6W@¢f6WBæ÷&ÖÂ¢÷WFW"Æö÷ ¢fW'FW‚ãcrÓ#"ã“sCR3 ¢fW'FW‚Óãƒƒ#SBÓ‚ã“Sccb3 ¢fW'FW‚ãSrÓ#2ãc33 ¢VæFÆö÷ ¢VæFf6W@¢f6WBæ÷&ÖÂ¢÷WFW"Æö÷ ¢fW'FW‚ãSrÓ#2ãc33 ¢fW'FW‚Óãƒƒ#SBÓ‚ã“Sccb3 ¢fW'FW‚Ó‚Ó323 ¢VæFÆö÷ ¢VæFf6W@¢f6WBæ÷&ÖÂ¢÷WFW"Æö÷ ¢fW'FW‚Ó‚Ó323 ¢fW'FW‚Óãƒƒ#SBÓ‚ã“Sccb3 ¢fW'FW‚ÓãsSSƒÓ‚ãƒ#sr3 ¢VæFÆö÷ ¢VæFf6W@¢f6WBæ÷&ÖÂ¢÷WFW"Æö÷ ¢fW'FW‚Ó‚Ó323 ¢fW'FW‚ÓãsSSƒÓ‚ãƒ#sr3 ¢fW'FW‚Ó"ãc#SbÓ‚ãc#Cb3 ¢VæFÆö÷ ¢VæFf6W@¢f6WBæ÷&ÖÂ¢÷WFW"Æö÷ ¢fW'FW‚Ó’ãSs‚Ó3"ãSsƒ‚3 ¢fW'FW‚Ó"ãc#SbÓ‚ãc#Cb3 ¢fW'FW‚Ó2ãCCCRÓ‚ã3C“"3 ¢VæFÆö÷ ¢VæFf6W@¢f6WBæ÷&ÖÂ¢÷WFW"Æö÷ ¢fW'FW‚Ó’ãSs‚Ó3"ãSsƒ‚3 ¢fW'FW‚Ó2ãCCCRÓ‚ã3C“"3 ¢fW'FW‚ÓBã#C#SrÓrã“3s#’3 ¢VæFÆö÷ ¢VæFf6W@¢f6WBæ÷&ÖÂ¢÷WFW"Æö÷ ¢fW'FW‚Ó’ãSs‚Ó3"ãSsƒ‚3 ¢fW'FW‚ÓBã#C#SrÓrã“3s#’3 ¢fW'FW‚ÓRã2ÓrãCƒ3#23 ¢VæFÆö÷ ¢VæFf6W@¢f6WBæ÷&ÖÂ¢÷WFW"Æö÷ ¢fW'FW‚Ó’ãSs‚Ó3"ãSsƒ‚3 ¢fW'FW‚ÓRã2ÓrãCƒ3#23 ¢fW'FW‚ÓRãs“SBÓbã“Ss’3 ¢VæFÆö÷ ¢VæFf6W@¢f6WBæ÷&ÖÂ¢÷WFW"Æö÷ ¢fW'FW‚Ó’ãSs‚Ó3"ãSsƒ‚3 ¢fW'FW‚ÓRãs“SBÓbã“Ss’3 ¢fW'FW‚Óbã3c3“bÓbã3c3“b3 ¢VæFÆö÷ ¢VæFf6W@¢f6WBæ÷&ÖÂ¢÷WFW"Æö÷ ¢fW'FW‚Ó’ãSs‚Ó3"ãSsƒ‚3 ¢fW'FW‚Óbã3c3“bÓbã3c3“b3 ¢fW'FW‚Óbã“Ss’ÓRãs“SB3 ¢VæFÆö÷ ¢VæFf6W@¢f6WBæ÷&ÖÂ¢÷WFW"Æö÷ ¢fW'FW‚Ó’ãSs‚Ó3"ãSsƒ‚3 ¢fW'FW‚Óbã“Ss’ÓRãs“SB3 ¢fW'FW‚ÓrãCƒ3#2ÓRã23 ¢VæFÆö÷ ¢VæFf6W@¢f6WBæ÷&ÖÂ¢÷WFW"Æö÷ ¢fW'FW‚Ó’ãSs‚Ó3"ãSsƒ‚3 ¢fW'FW‚ÓrãCƒ3#2ÓRã23 ¢fW'FW‚Órã“3s#’ÓBã#C#Sr3 ¢VæFÆö÷ ¢VæFf6W@¢f6WBæ÷&ÖÂ¢÷WFW"Æö÷ ¢fW'FW‚ãSrÓ#2ãc33 ¢fW'FW‚Ó‚Ó323 ¢fW'FW‚‚Ó323 ¢VæFÆö÷ ¢VæFf6W@¢f6WBæ÷&ÖÂ¢÷WFW"Æö÷ ¢fW'FW‚Ó’ãSs‚Ó3"ãSsƒ‚3 ¢fW'FW‚Órã“3s#’ÓBã#C#Sr3 ¢fW'FW‚Ó‚ã3C“"Ó2ãCCCR3 ¢VæFÆö÷ ¢VæFf6W@¢f6WBæ÷&ÖÂ¢÷WFW"Æö÷ ¢fW'FW‚Ó"ãc#SbÓ‚ãc#Cb3 ¢fW'FW‚Ó’ãSs‚Ó3"ãSsƒ‚3 ¢fW'FW‚Ó‚Ó323 ¢VæFÆö÷ ¢VæFf6W@¢f6WBæ÷&ÖÂ¢÷WFW"Æö÷ ¢fW'FW‚Ó’ãSs‚Ó3"ãSsƒ‚3 ¢fW'FW‚Ó‚ã3C“"Ó2ãCCCR3 ¢fW'FW‚Ó‚ãc#CbÓ"ãc#Sb3 ¢VæFÆö÷ ¢VæFf6W@¢f6WBæ÷&ÖÂ¢÷WFW"Æö÷ ¢fW'FW‚ÓãcCc’ÓC2ãCccr3 ¢fW'FW‚Ó‚Ó323 ¢fW'FW‚Ó’ãSs‚Ó3"ãSsƒ‚3 ¢VæFÆö÷ ¢VæFf6W@¢f6WBæ÷&ÖÂ¢÷WFW"Æö÷ ¢fW'FW‚Ó’ãSs‚Ó3"ãSsƒ‚3 ¢fW'FW‚Ó‚ãc#CbÓ"ãc#Sb3 ¢fW'FW‚Ó‚ãƒ#srÓãsSSƒ3 ¢VæFÆö÷ ¢VæFf6W@¢f6WBæ÷&ÖÂ¢÷WFW"Æö÷ ¢fW'FW‚Ó’ãSs‚Ó3"ãSsƒ‚3 ¢fW'FW‚Ó‚ãƒ#srÓãsSSƒ3 ¢fW'FW‚Ó‚ã“SccbÓãƒƒ#SB3 ¢VæFÆö÷ ¢VæFf6W@¢f6WBæ÷&ÖÂ¢÷WFW"Æö÷ ¢fW'FW‚Ó’ãSs‚Ó3"ãSsƒ‚3 ¢fW'FW‚Ó‚ã“SccbÓãƒƒ#SB3 ¢fW'FW‚Ó’3 ¢VæFÆö÷ ¢VæFf6W@¢f6WBæ÷&ÖÂ¢÷WFW"Æö÷ ¢fW'FW‚Óbã3c3“bbã3c3“b3 ¢fW'FW‚Ó2ã3#S‚#ãS“3R3 ¢fW'FW‚Óbã“Ss’Rãs“SB3 ¢VæFÆö÷ ¢VæFf6W@¢f6WBæ÷&ÖÂ¢÷WFW"Æö÷ ¢fW'FW‚Ó‚Ó323 ¢fW'FW‚Ó‚ãss“bÓCBã3S23 ¢fW'FW‚Ó‚ÓCBã#cB3 ¢VæFÆö÷ ¢VæFf6W@¢f6WBæ÷&ÖÂ¢÷WFW"Æö÷ ¢fW'FW‚Ó‚Ó323 ¢fW'FW‚ÓãcCc’ÓC2ãCccr3 ¢fW'FW‚Ó‚ãss“bÓCBã3S23 ¢VæFÆö÷ ¢VæFf6W@¢f6WBæ÷&ÖÂÓ¢÷WFW"Æö÷ ¢fW'FW‚ÓãcCc’ÓC2ãCccr3 ¢fW'FW‚Ó’ãSs‚Ó3"ãSsƒ‚3 ¢fW'FW‚Ó"ãSCsRÓC2ã“3R3 ¢VæFÆö÷ ¢VæFf6W@¢f6WBæ÷&ÖÂ¢÷WFW"Æö÷ ¢fW'FW‚Ó’3 ¢fW'FW‚ÓãSrÓ#2ãc33 ¢fW'FW‚Ó’ãSs‚Ó3"ãSsƒ‚3 ¢VæFÆö÷ ¢VæFf6W@¢f6WBæ÷&ÖÂÓ¢÷WFW"Æö÷ ¢fW'FW‚ÓãS#s‚Ó#Bã#3“’3 ¢fW'FW‚Ó’ãSs‚Ó3"ãSsƒ‚3 ¢fW'FW‚ÓãSrÓ#2ãc33 ¢VæFÆö÷ ¢VæFf6W@¢f6WBæ÷&ÖÂÓ¢÷WFW"Æö÷ ¢fW'FW‚Óãcs#RÓ#BãƒcB3 ¢fW'FW‚Ó’ãSs‚Ó3"ãSsƒ‚3 ¢fW'FW‚ÓãS#s‚Ó#Bã#3“’3 ¢VæFÆö÷ ¢VæFf6W@¢f6WBæ÷&ÖÂÓ¢÷WFW"Æö÷ ¢fW'FW‚Óã“3SBÓ#RãCCr3 ¢fW'FW‚Ó’ãSs‚Ó3"ãSsƒ‚3 ¢fW'FW‚Óãcs#RÓ#BãƒcB3 ¢VæFÆö÷ ¢VæFf6W@¢f6WBæ÷&ÖÂÓ¢÷WFW"Æö÷ ¢fW'FW‚Óã3cRÓ#Rã“Sƒb3 ¢fW'FW‚Ó’ãSs‚Ó3"ãSsƒ‚3 ¢fW'FW‚Óã“3SBÓ#RãCCr3 ¢VæFÆö÷ ¢VæFf6W@¢f6WBæ÷&ÖÂÓ¢÷WFW"Æö÷ ¢fW'FW‚ÓãssRÓ#bã3“C3 ¢fW'FW‚Ó’ãSs‚Ó3"ãSsƒ‚3 ¢fW'FW‚Óã3cRÓ#Rã“Sƒb3 ¢VæFÆö÷ ¢VæFf6W@¢f6WBæ÷&ÖÂÓ¢÷WFW"Æö÷ ¢fW'FW‚Ó"ã3#bÓ#bãs3R3 ¢fW'FW‚Ó’ãSs‚Ó3"ãSsƒ‚3 ¢fW'FW‚ÓãssRÓ#bã3“C3 ¢VæFÆö÷ ¢VæFf6W@¢f6WBæ÷&ÖÂÓ¢÷WFW"Æö÷ ¢fW'FW‚Ó"ã“ƒ‚Ó#bã“SR3 ¢fW'FW‚Ó’ãSs‚Ó3"ãSsƒ‚3 ¢fW'FW‚Ó"ã3#bÓ#bãs3R3 ¢VæFÆö÷ ¢VæFf6W@¢f6WBæ÷&ÖÂÓ¢÷WFW"Æö÷ ¢fW'FW‚Ó2ãS3sBÓ#rãSƒr3 ¢fW'FW‚Ó’ãSs‚Ó3"ãSsƒ‚3 ¢fW'FW‚Ó"ã“ƒ‚Ó#bã“SR3 ¢VæFÆö÷ ¢VæFf6W@¢f6WBæ÷&ÖÂ¢÷WFW"Æö÷ ¢fW'FW‚ÓBãsC"Ó#rã3s’3 ¢fW'FW‚Ó’ãSs‚Ó3"ãSsƒ‚3 ¢fW'FW‚Ó2ãS3sBÓ#rãSƒr3 ¢VæFÆö÷ ¢VæFf6W@¢f6WBæ÷&ÖÂ¢÷WFW"Æö÷ ¢fW'FW‚ÓBãs“CrÓ#bãƒ“3"3 ¢fW'FW‚Ó’ãSs‚Ó3"ãSsƒ‚3 ¢fW'FW‚ÓBãsC"Ó#rã3s’3 ¢VæFÆö÷ ¢VæFf6W@¢f6WBæ÷&ÖÂ¢÷WFW"Æö÷ ¢fW'FW‚ÓRã3sRÓ#bãc323 ¢fW'FW‚Ó’ãSs‚Ó3"ãSsƒ‚3 ¢fW'FW‚ÓBãs“CrÓ#bãƒ“3"3 ¢VæFÆö÷ ¢VæFf6W@¢f6WBæ÷&ÖÂ¢÷WFW"Æö÷ ¢fW'FW‚Ó#2ãC#ƒ"Ó#BãSsƒ‚3 ¢fW'FW‚ÓRã3sRÓ#bãc323 ¢fW'FW‚ÓRãƒ“#’Ó#bã#S“"3 ¢VæFÆö÷ ¢VæFf6W@¢f6WBæ÷&ÖÂ¢÷WFW"Æö÷ ¢fW'FW‚ÓRã3sRÓ#bãc323 ¢fW'FW‚Ó#2ãC#ƒ"Ó#BãSsƒ‚3 ¢fW'FW‚Ó’ãSs‚Ó3"ãSsƒ‚3 ¢VæFÆö÷ ¢VæFf6W@¢f6WBæ÷&ÖÂ¢÷WFW"Æö÷ ¢fW'FW‚Óbã3#ƒBÓ#Rãs“C"3 ¢fW'FW‚Ó#2ãC#ƒ"Ó#BãSsƒ‚3 ¢fW'FW‚ÓRãƒ“#’Ó#bã#S“"3 ¢VæFÆö÷ ¢VæFf6W@¢f6WBæ÷&ÖÂ¢÷WFW"Æö÷ ¢fW'FW‚ÓbãccC‚Ó#Rã#S33 ¢fW'FW‚Ó#2ãC#ƒ"Ó#BãSsƒ‚3 ¢fW'FW‚Óbã3#ƒBÓ#Rãs“C"3 ¢VæFÆö÷ ¢VæFf6W@¢f6WBæ÷&ÖÂ¢÷WFW"Æö÷ ¢fW'FW‚Óbãƒƒ“2Ó#BãcSc’3 ¢fW'FW‚Ó#2ãC#ƒ"Ó#BãSsƒ‚3 ¢fW'FW‚ÓbãccC‚Ó#Rã#S33 ¢VæFÆö÷ ¢VæFf6W@¢f6WBæ÷&ÖÂ¢÷WFW"Æö÷ ¢fW'FW‚Óbã““2Ó#Bã#ƒ23 ¢fW'FW‚Ó#2ãC#ƒ"Ó#BãSsƒ‚3 ¢fW'FW‚Óbãƒƒ“2Ó#BãcSc’3 ¢VæFÆö÷ ¢VæFf6W@¢f6WBæ÷&ÖÂ¢÷WFW"Æö÷ ¢fW'FW‚Ó‚ã“Sccbãƒƒ#SB3 ¢fW'FW‚Ó#Bã#R3 ¢fW'FW‚Ó’3 ¢VæFÆö÷ ¢VæFf6W@¢f6WBæ÷&ÖÂ¢÷WFW"Æö÷ ¢fW'FW‚Óbã“s#"Ó#2ã3“R3 ¢fW'FW‚Ó#2ãC#ƒ"Ó#BãSsƒ‚3 ¢fW'FW‚Óbã““2Ó#Bã#ƒ23 ¢VæFÆö÷ ¢VæFf6W@¢f6WBæ÷&ÖÂ¢÷WFW"Æö÷ ¢fW'FW‚Óbãƒ#sRÓ#"ãss3 ¢fW'FW‚Ó#2ãC#ƒ"Ó#BãSsƒ‚3 ¢fW'FW‚Óbã“s#"Ó#2ã3“R3 ¢VæFÆö÷ ¢VæFf6W@¢f6WBæ÷&ÖÂÓ¢÷WFW"Æö÷ ¢fW'FW‚Ó#Bã#R3 ¢fW'FW‚Ó‚ã“Sccbãƒƒ#SB3 ¢fW'FW‚Ó#Bã3#Bãc3CC23 ¢VæFÆö÷ ¢VæFf6W@¢f6WBæ÷&ÖÂ¢÷WFW"Æö÷ ¢fW'FW‚Ó#bã#Sc22ã#c3 ¢fW'FW‚ÓRãs#ƒR#ã#3s23 ¢fW'FW‚Ó#BãSsƒ‚#2ãC#ƒ"3 ¢VæFÆö÷ ¢VæFf6W@¢f6WBæ÷&ÖÂÓ¢÷WFW"Æö÷ ¢fW'FW‚Ó3ãƒ“‚3ãƒ“‚3 ¢fW'FW‚Ó#2ãC#ƒ"#BãSsƒ‚3 ¢fW'FW‚Ó3ã3#’3"ãCc3"3 ¢VæFÆö÷ ¢VæFf6W@¢f6WBæ÷&ÖÂ¢÷WFW"Æö÷ ¢fW'FW‚Ó#2ãC#ƒ"#BãSsƒ‚3 ¢fW'FW‚Ó3ãƒ“‚3ãƒ“‚3 ¢fW'FW‚Ó#BãSsƒ‚#2ãC#ƒ"3 ¢VæFÆö÷ ¢VæFf6W@¢f6WBæ÷&ÖÂÓ¢÷WFW"Æö÷ ¢fW'FW‚Ó32ãƒ3#‚#’ãcsb3 ¢fW'FW‚Ó#BãSsƒ‚#2ãC#ƒ"3 ¢fW'FW‚Ó3ãƒ“‚3ãƒ“‚3 ¢VæFÆö÷ ¢VæFf6W@¢f6WBæ÷&ÖÂ¢÷WFW"Æö÷ ¢fW'FW‚Ó#BãSsƒ‚#2ãC#ƒ"3 ¢fW'FW‚Ó32ãƒ3#‚#’ãcsb3 ¢fW'FW‚Ó3Bã333r#’ãc"3 ¢VæFÆö÷ ¢VæFf6W@¢f6WBæ÷&ÖÂ¢÷WFW"Æö÷ ¢fW'FW‚#BãSsƒ‚#2ãC#ƒ"3 ¢fW'FW‚bãƒ#sR#"ãss3 ¢fW'FW‚bãScCb#"ã“r3 ¢VæFÆö÷ ¢VæFf6W@¢f6WBæ÷&ÖÂ¢÷WFW"Æö÷ ¢fW'FW‚#2ãC#ƒ"Ó#BãSsƒ‚3 ¢fW'FW‚bã“s#"Ó#2ã3“R3 ¢fW'FW‚bã““2Ó#Bã#ƒ23 ¢VæFÆö÷ ¢VæFf6W@¢f6WBæ÷&ÖÂ¢÷WFW"Æö÷ ¢fW'FW‚#BãSsƒ‚#2ãC#ƒ"3 ¢fW'FW‚bãScCb#"ã“r3 ¢fW'FW‚bã“3R#ãcs#‚3 ¢VæFÆö÷ ¢VæFf6W@¢f6WBæ÷&ÖÂ¢÷WFW"Æö÷ ¢fW'FW‚#2ãC#ƒ"Ó#BãSsƒ‚3 ¢fW'FW‚bãƒ#sRÓ#"ãss3 ¢fW'FW‚bã“s#"Ó#2ã3“R3 ¢VæFÆö÷ ¢VæFf6W@¢f6WBæ÷&ÖÂ¢÷WFW"Æö÷ ¢fW'FW‚#BãSsƒ‚#2ãC#ƒ"3 ¢fW'FW‚bã“3R#ãcs#‚3 ¢fW'FW‚Rãs#ƒR#ã#3s23 ¢VæFÆö÷ ¢VæFf6W@¢f6WBæ÷&ÖÂ¢÷WFW"Æö÷ ¢fW'FW‚#BãSsƒ‚Ó#2ãC#ƒ"3 ¢fW'FW‚bãƒ#sRÓ#"ãss3 ¢fW'FW‚#2ãC#ƒ"Ó#BãSsƒ‚3 ¢VæFÆö÷ ¢VæFf6W@¢f6WBæ÷&ÖÂ¢÷WFW"Æö÷ ¢fW'FW‚’3 ¢fW'FW‚2ã“c#b#ãSs#r3 ¢fW'FW‚2ã3#S‚#ãS“3R3 ¢VæFÆö÷ ¢VæFf6W@¢f6WBæ÷&ÖÂÓÓ¢÷WFW"Æö÷ ¢fW'FW‚bãƒ#sRÓ#"ãss3 ¢fW'FW‚#BãSsƒ‚Ó#2ãC#ƒ"3 ¢fW'FW‚bãScCbÓ#"ã“r3 ¢VæFÆö÷ ¢VæFf6W@¢f6WBæ÷&ÖÂÓÓ¢÷WFW"Æö÷ ¢fW'FW‚bã“3RÓ#ãcs#‚3 ¢fW'FW‚#BãSsƒ‚Ó#2ãC#ƒ"3 ¢fW'FW‚Rãs#ƒRÓ#ã#3s23 ¢VæFÆö÷ ¢VæFf6W@¢f6WBæ÷&ÖÂÓÓ¢÷WFW"Æö÷ ¢fW'FW‚bãScCbÓ#"ã“r3 ¢fW'FW‚#BãSsƒ‚Ó#2ãC#ƒ"3 ¢fW'FW‚bã“3RÓ#ãcs#‚3 ¢VæFÆö÷ ¢VæFf6W@¢f6WBæ÷&ÖÂ¢÷WFW"Æö÷ ¢fW'FW‚#Rãc“CBÓ"ãs##‚3 ¢fW'FW‚RãƒsBÓ#ã“’3 ¢fW'FW‚Rãs#ƒRÓ#ã#3s23 ¢VæFÆö÷ ¢VæFf6W@¢f6WBæ÷&ÖÂ¢÷WFW"Æö÷ ¢fW'FW‚3"ãSsƒ‚Ó’ãSs‚3 ¢fW'FW‚Rãs#ƒRÓ#ã#3s23 ¢fW'FW‚#BãSsƒ‚Ó#2ãC#ƒ"3 ¢VæFÆö÷ ¢VæFf6W@¢f6WBæ÷&ÖÂ¢÷WFW"Æö÷ ¢fW'FW‚#Bãs“srãƒSb3 ¢fW'FW‚’3 ¢fW'FW‚#BãC“sBã#C3s"3 ¢VæFÆö÷ ¢VæFf6W@¢f6WBæ÷&ÖÂ¢÷WFW"Æö÷ ¢fW'FW‚#Rã#’Ó"ã#“ƒ3 ¢fW'FW‚BãS“"Ó#ãcscB3 ¢fW'FW‚RãƒsBÓ#ã“’3 ¢VæFÆö÷ ¢VæFf6W@¢f6WBæ÷&ÖÂ¢÷WFW"Æö÷ ¢fW'FW‚’3 ¢fW'FW‚2ã3#S‚#ãS“3R3 ¢fW'FW‚"ãsS2#ãs3ƒ"3 ¢VæFÆö÷ ¢VæFf6W@¢f6WBæ÷&ÖÂ¢÷WFW"Æö÷ ¢fW'FW‚#BãC“sBÓã#C3s"3 ¢fW'FW‚‚ãc#CbÓ"ãc#Sb3 ¢fW'FW‚#Bãs“srÓãƒSb3 ¢VæFÆö÷ ¢VæFf6W@¢f6WBæ÷&ÖÂ¢÷WFW"Æö÷ ¢fW'FW‚#BãC“sBã#C3s"3 ¢fW'FW‚’3 ¢fW'FW‚#Bã3#Bãc3CC23 ¢VæFÆö÷ ¢VæFf6W@¢f6WBæ÷&ÖÂ¢÷WFW"Æö÷ ¢fW'FW‚#Bã3#BÓãc3CC23 ¢fW'FW‚‚ãƒ#srÓãsSSƒ3 ¢fW'FW‚#BãC“sBÓã#C3s"3 ¢VæFÆö÷ ¢VæFf6W@¢f6WBæ÷&ÖÂ¢÷WFW"Æö÷ ¢fW'FW‚’3 ¢fW'FW‚"ãsS2#ãs3ƒ"3 ¢fW'FW‚"ã#R#ã3 ¢VæFÆö÷ ¢VæFf6W@¢f6WBæ÷&ÖÂ¢÷WFW"Æö÷ ¢fW'FW‚‚ã3C“"Ó2ãCCCR3 ¢fW'FW‚#Bãs“srÓãƒSb3 ¢fW'FW‚‚ãc#CbÓ"ãc#Sb3 ¢VæFÆö÷ ¢VæFf6W@¢f6WBæ÷&ÖÂ¢÷WFW"Æö÷ ¢fW'FW‚#Bã3#Bãc3CC23 ¢fW'FW‚’3 ¢fW'FW‚#Bã#R3 ¢VæFÆö÷ ¢VæFf6W@¢f6WBæ÷&ÖÂ¢÷WFW"Æö÷ ¢fW'FW‚rã“3s#’ÓBã#C#Sr3 ¢fW'FW‚#Bãs“srÓãƒSb3 ¢fW'FW‚‚ã3C“"Ó2ãCCCR3 ¢VæFÆö÷ ¢VæFf6W@¢f6WBæ÷&ÖÂ¢÷WFW"Æö÷ ¢fW'FW‚’3 ¢fW'FW‚"ã#R#ã3 ¢fW'FW‚ãcs#ã3s#"3 ¢VæFÆö÷ ¢VæFf6W@¢f6WBæ÷&ÖÂ¢÷WFW"Æö÷ ¢fW'FW‚#Bãs“srÓãƒSb3 ¢fW'FW‚rã“3s#’ÓBã#C#Sr3 ¢fW'FW‚#Rã#’Ó"ã#“ƒ3 ¢VæFÆö÷ ¢VæFf6W@¢f6WBæ÷&ÖÂ¢÷WFW"Æö÷ ¢fW'FW‚’3 ¢fW'FW‚ãcs#ã3s#"3 ¢fW'FW‚ãsb#ãƒ3s"3 ¢VæFÆö÷ ¢VæFf6W@¢f6WBæ÷&ÖÂ¢÷WFW"Æö÷ ¢fW'FW‚#Rã#’Ó"ã#“ƒ3 ¢fW'FW‚rã“3s#’ÓBã#C#Sr3 ¢fW'FW‚BãS“"Ó#ãcscB3 ¢VæFÆö÷ ¢VæFf6W@¢f6WBæ÷&ÖÂ¢÷WFW"Æö÷ ¢fW'FW‚’3 ¢fW'FW‚ãsb#ãƒ3s"3 ¢fW'FW‚ãƒ3S"#"ã3sƒ23 ¢VæFÆö÷ ¢VæFf6W@¢f6WBæ÷&ÖÂÓ¢÷WFW"Æö÷ ¢fW'FW‚rãCƒ3#2ÓRã23 ¢fW'FW‚BãS“"Ó#ãcscB3 ¢fW'FW‚rã“3s#’ÓBã#C#Sr3 ¢VæFÆö÷ ¢VæFf6W@¢f6WBæ÷&ÖÂ¢÷WFW"Æö÷ ¢fW'FW‚’3 ¢fW'FW‚ãƒ3S"#"ã3sƒ23 ¢fW'FW‚ãcr#"ã“sCR3 ¢VæFÆö÷ ¢VæFf6W@¢f6WBæ÷&ÖÂ¢÷WFW"Æö÷ ¢fW'FW‚BãS“"Ó#ãcscB3 ¢fW'FW‚rãCƒ3#2ÓRã23 ¢fW'FW‚2ã“c#bÓ#ãSs#r3 ¢VæFÆö÷ ¢VæFf6W@¢f6WBæ÷&ÖÂ¢÷WFW"Æö÷ ¢fW'FW‚’3 ¢fW'FW‚ãcr#"ã“sCR3 ¢fW'FW‚ãSr#2ãc33 ¢VæFÆö÷ ¢VæFf6W@¢f6WBæ÷&ÖÂÓ¢÷WFW"Æö÷ ¢fW'FW‚bã“Ss’ÓRãs“SB3 ¢fW'FW‚2ã“c#bÓ#ãSs#r3 ¢fW'FW‚rãCƒ3#2ÓRã23 ¢VæFÆö÷ ¢VæFf6W@¢f6WBæ÷&ÖÂ¢÷WFW"Æö÷ ¢fW'FW‚bãƒ#sR#"ãss3 ¢fW'FW‚#2ãC#ƒ"#BãSsƒ‚3 ¢fW'FW‚bã“s#"#2ã3“R3 ¢VæFÆö÷ ¢VæFf6W@¢f6WBæ÷&ÖÂ¢÷WFW"Æö÷ ¢fW'FW‚bãƒƒ“2Ó#BãcSc’3 ¢fW'FW‚#2ãC#ƒ"Ó#BãSsƒ‚3 ¢fW'FW‚bã““2Ó#Bã#ƒ23 ¢VæFÆö÷ ¢VæFf6W@¢f6WBæ÷&ÖÂ¢÷WFW"Æö÷ ¢fW'FW‚bãccC‚Ó#Rã#S33 ¢fW'FW‚#2ãC#ƒ"Ó#BãSsƒ‚3 ¢fW'FW‚bãƒƒ“2Ó#BãcSc’3 ¢VæFÆö÷ ¢VæFf6W@¢f6WBæ÷&ÖÂ¢÷WFW"Æö÷ ¢fW'FW‚bã3#ƒBÓ#Rãs“C"3 ¢fW'FW‚#2ãC#ƒ"Ó#BãSsƒ‚3 ¢fW'FW‚bãccC‚Ó#Rã#S33 ¢VæFÆö÷ ¢VæFf6W@¢f6WBæ÷&ÖÂ¢÷WFW"Æö÷ ¢fW'FW‚Rãƒ“#’Ó#bã#S“"3 ¢fW'FW‚#2ãC#ƒ"Ó#BãSsƒ‚3 ¢fW'FW‚bã3#ƒBÓ#Rãs“C"3 ¢VæFÆö÷ ¢VæFf6W@¢f6WBæ÷&ÖÂ¢÷WFW"Æö÷ ¢fW'FW‚Rã3sRÓ#bãc323 ¢fW'FW‚#2ãC#ƒ"Ó#BãSsƒ‚3 ¢fW'FW‚Rãƒ“#’Ó#bã#S“"3 ¢VæFÆö÷ ¢VæFf6W@¢f6WBæ÷&ÖÂ¢÷WFW"Æö÷ ¢fW'FW‚’ãSs‚Ó3"ãSsƒ‚3 ¢fW'FW‚Rã3sRÓ#bãc323 ¢fW'FW‚Bãs“CrÓ#bãƒ“3"3 ¢VæFÆö÷ ¢VæFf6W@¢f6WBæ÷&ÖÂÓ¢÷WFW"Æö÷ ¢fW'FW‚Rã3sRÓ#bãc323 ¢fW'FW‚’ãSs‚Ó3"ãSsƒ‚3 ¢fW'FW‚#2ãC#ƒ"Ó#BãSsƒ‚3 ¢VæFÆö÷ ¢VæFf6W@¢f6WBæ÷&ÖÂÓ¢÷WFW"Æö÷ ¢fW'FW‚BãsC"Ó#rã3s’3 ¢fW'FW‚’ãSs‚Ó3"ãSsƒ‚3 ¢fW'FW‚Bãs“CrÓ#bãƒ“3"3 ¢VæFÆö÷ ¢VæFf6W@¢f6WBæ÷&ÖÂÓ¢÷WFW"Æö÷ ¢fW'FW‚2ãS3sBÓ#rãSƒr3 ¢fW'FW‚’ãSs‚Ó3"ãSsƒ‚3 ¢fW'FW‚BãsC"Ó#rã3s’3 ¢VæFÆö÷ ¢VæFf6W@¢f6WBæ÷&ÖÂ¢÷WFW"Æö÷ ¢fW'FW‚"ã“ƒ‚Ó#bã“SR3 ¢fW'FW‚’ãSs‚Ó3"ãSsƒ‚3 ¢fW'FW‚2ãS3sBÓ#rãSƒr3 ¢VæFÆö÷ ¢VæFf6W@¢f6WBæ÷&ÖÂ¢÷WFW"Æö÷ ¢fW'FW‚"ã3#bÓ#bãs3R3 ¢fW'FW‚’ãSs‚Ó3"ãSsƒ‚3 ¢fW'FW‚"ã“ƒ‚Ó#bã“SR3 ¢VæFÆö÷ ¢VæFf6W@¢f6WBæ÷&ÖÂ¢÷WFW"Æö÷ ¢fW'FW‚ãssRÓ#bã3“C3 ¢fW'FW‚’ãSs‚Ó3"ãSsƒ‚3 ¢fW'FW‚"ã3#bÓ#bãs3R3 ¢VæFÆö÷ ¢VæFf6W@¢f6WBæ÷&ÖÂ¢÷WFW"Æö÷ ¢fW'FW‚ã3cRÓ#Rã“Sƒb3 ¢fW'FW‚’ãSs‚Ó3"ãSsƒ‚3 ¢fW'FW‚ãssRÓ#bã3“C3 ¢VæFÆö÷ ¢VæFf6W@¢f6WBæ÷&ÖÂ¢÷WFW"Æö÷ ¢fW'FW‚ã“3SBÓ#RãCCr3 ¢fW'FW‚’ãSs‚Ó3"ãSsƒ‚3 ¢fW'FW‚ã3cRÓ#Rã“Sƒb3 ¢VæFÆö÷ ¢VæFf6W@¢f6WBæ÷&ÖÂ¢÷WFW"Æö÷ ¢fW'FW‚ãcs#RÓ#BãƒcB3 ¢fW'FW‚’ãSs‚Ó3"ãSsƒ‚3 ¢fW'FW‚ã“3SBÓ#RãCCr3 ¢VæFÆö÷ ¢VæFf6W@¢f6WBæ÷&ÖÂ¢÷WFW"Æö÷ ¢fW'FW‚ãS#s‚Ó#Bã#3“’3 ¢fW'FW‚’ãSs‚Ó3"ãSsƒ‚3 ¢fW'FW‚ãcs#RÓ#BãƒcB3 ¢VæFÆö÷ ¢VæFf6W@¢f6WBæ÷&ÖÂ¢÷WFW"Æö÷ ¢fW'FW‚ãSrÓ#2ãc33 ¢fW'FW‚’ãSs‚Ó3"ãSsƒ‚3 ¢fW'FW‚ãS#s‚Ó#Bã#3“’3 ¢VæFÆö÷ ¢VæFf6W@¢f6WBæ÷&ÖÂ¢÷WFW"Æö÷ ¢fW'FW‚2ã“c#bÓ#ãSs#r3 ¢fW'FW‚bã“Ss’ÓRãs“SB3 ¢fW'FW‚2ã3#S‚Ó#ãS“3R3 ¢VæFÆö÷ ¢VæFf6W@¢f6WBæ÷&ÖÂÓãƒ#ƒSãSƒ#Cs ¢÷WFW"Æö÷ ¢fW'FW‚Ó3rãCc#RãrÓ#¢fW'FW‚Ó3Rãs’#rã3“C2#¢fW'FW‚Ó3Rãs’#rã3“C2Ó#¢VæFÆö÷ ¢VæFf6W@¢f6WBæ÷&ÖÂÓãƒ#ƒSãSƒ#Cs ¢÷WFW"Æö÷ ¢fW'FW‚Ó3Rãs’#rã3“C2#¢fW'FW‚Ó3rãCc#RãrÓ#¢fW'FW‚Ó3rãCc#Rãr#¢VæFÆö÷ ¢VæFf6W@¢f6WBæ÷&ÖÂÓã“ƒc"ãC#s ¢÷WFW"Æö÷ ¢fW'FW‚ÓCãSsCbrã##‚Ó#¢fW'FW‚ÓCã3S“2’ã“2#¢fW'FW‚ÓCã3S“2’ã“2Ó#¢VæFÆö÷ ¢VæFf6W@¢f6WBæ÷&ÖÂÓã“ƒc"ãC#s ¢÷WFW"Æö÷ ¢fW'FW‚ÓCã3S“2’ã“2#¢fW'FW‚ÓCãSsCbrã##‚Ó#¢fW'FW‚ÓCãSsCbrã##‚#¢VæFÆö÷ ¢VæFf6W@¢f6WBæ÷&ÖÂÓãc3CC"ãss32 ¢÷WFW"Æö÷ ¢fW'FW‚Ó#rã3“C23Rãs’#¢fW'FW‚Ó#rã3“C23Rãs’Ó#¢fW'FW‚Ó#’ãc"3Bã333r#¢VæFÆö÷ ¢VæFf6W@¢f6WBæ÷&ÖÂÓãc3CC"ãss32 ¢÷WFW"Æö÷ ¢fW'FW‚Ó#’ãc"3Bã333rÓ#¢fW'FW‚Ó#’ãc"3Bã333r#¢fW'FW‚Ó#rã3“C23Rãs’Ó#¢VæFÆö÷ ¢VæFf6W@¢f6WBæ÷&ÖÂÓãc3C3cãss33r ¢÷WFW"Æö÷ ¢fW'FW‚Ó#’ãc"3Bã333r#¢fW'FW‚Ó#’ãc"3Bã333rÓ#¢fW'FW‚Ó#’ãcsb32ãƒ3#‚#ãS3#€¢VæFÆö÷ ¢VæFf6W@¢f6WBæ÷&ÖÂÓãc3C3cãss33r ¢÷WFW"Æö÷ ¢fW'FW‚Ó#’ãcsb32ãƒ3#‚#ãS3#€¢fW'FW‚Ó#’ãc"3Bã333rÓ#¢fW'FW‚Ó#’ãcsb32ãƒ3#‚Ó#ãS3#€¢VæFÆö÷ ¢VæFf6W@¢f6WBæ÷&ÖÂÓã“““CcRÓã3#s#r ¢÷WFW"Æö÷ ¢fW'FW‚ÓCBã“3rÓ"ã“C3BÓ#¢fW'FW‚ÓCR#¢fW'FW‚ÓCRÓ#¢VæFÆö÷ ¢VæFf6W@¢f6WBæ÷&ÖÂÓã“““CcRÓã3#s#r ¢÷WFW"Æö÷ ¢fW'FW‚ÓCR#¢fW'FW‚ÓCBã“3rÓ"ã“C3BÓ#¢fW'FW‚ÓCBã“3rÓ"ã“C3B#¢VæFÆö÷ ¢VæFf6W@¢f6WBæ÷&ÖÂÓã“3S“2Óã3S##3" ¢÷WFW"Æö÷ ¢fW'FW‚ÓCãSsCbÓrã##‚Ó#¢fW'FW‚ÓC"ã333rÓRã#3‚#¢fW'FW‚ÓC"ã333rÓRã#3‚Ó#¢VæFÆö÷ ¢VæFf6W@¢f6WBæ÷&ÖÂÓã“3S“2Óã3S##3" ¢÷WFW"Æö÷ ¢fW'FW‚ÓC"ã333rÓRã#3‚#¢fW'FW‚ÓCãSsCbÓrã##‚Ó#¢fW'FW‚ÓCãSsCbÓrã##‚#¢VæFÆö÷ ¢VæFf6W@¢f6WBæ÷&ÖÂÓã“3SƒƒÓã3S#3rÓ ¢÷WFW"Æö÷ ¢fW'FW‚ÓC"ã333rÓRã#3‚Ó#¢fW'FW‚ÓC"ãc’ÓBãCcC‚Ó3 ¢fW'FW‚ÓC"ã333rÓRã#3‚Ó3 ¢VæFÆö÷ ¢VæFf6W@¢f6WBæ÷&ÖÂÓã“3SƒƒÓã3S#3r ¢÷WFW"Æö÷ ¢fW'FW‚ÓC"ãc’ÓBãCcC‚Ó3 ¢fW'FW‚ÓC"ã333rÓRã#3‚Ó#¢fW'FW‚ÓC"ãc’ÓBãCcC‚3 ¢VæFÆö÷ ¢VæFf6W@¢f6WBæ÷&ÖÂÓã“3SƒƒÓã3S#3rÓ ¢÷WFW"Æö÷ ¢fW'FW‚ÓC"ã333rÓRã#3‚#¢fW'FW‚ÓC"ãc’ÓBãCcC‚3 ¢fW'FW‚ÓC"ã333rÓRã#3‚Ó#¢VæFÆö÷ ¢VæFf6W@¢f6WBæ÷&ÖÂÓã“3SƒƒÓã3S#3r ¢÷WFW"Æö÷ ¢fW'FW‚ÓC"ãc’ÓBãCcC‚3 ¢fW'FW‚ÓC"ã333rÓRã#3‚#¢fW'FW‚ÓC"ã333rÓRã#3‚3 ¢VæFÆö÷ ¢VæFf6W@¢f6WBæ÷&ÖÂÓ¢÷WFW"Æö÷ ¢fW'FW‚Ó#‚ã3B2ãƒsSRÓ3 ¢fW'FW‚Ó32‚Ó3 ¢fW'FW‚Ó3"ãSsƒ‚’ãSs‚Ó3 ¢VæFÆö÷ ¢VæFf6W@¢f6WBæ÷&ÖÂÓ¢÷WFW"Æö÷ ¢fW'FW‚ÓC2ãCccrãcCc’Ó3 ¢fW'FW‚Ó3"ãSsƒ‚’ãSs‚Ó3 ¢fW'FW‚Ó32‚Ó3 ¢VæFÆö÷ ¢VæFf6W@¢f6WBæ÷&ÖÂÓ¢÷WFW"Æö÷ ¢fW'FW‚Ó3"ãSsƒ‚’ãSs‚Ó3 ¢fW'FW‚ÓC2ãCccrãcCc’Ó3 ¢fW'FW‚ÓC2ã“3R"ãSCsRÓ3 ¢VæFÆö÷ ¢VæFf6W@¢f6WBæ÷&ÖÂÓ¢÷WFW"Æö÷ ¢fW'FW‚Ó32‚Ó3 ¢fW'FW‚ÓCBã3S2‚ãss“bÓ3 ¢fW'FW‚ÓC2ãCccrãcCc’Ó3 ¢VæFÆö÷ ¢VæFf6W@¢f6WBæ÷&ÖÂÓÓ¢÷WFW"Æö÷ ¢fW'FW‚ÓCBã3S2‚ãss“bÓ3 ¢fW'FW‚Ó32‚Ó3 ¢fW'FW‚ÓCBã#cB‚Ó3 ¢VæFÆö÷ ¢VæFf6W@¢f6WBæ÷&ÖÂÓ¢÷WFW"Æö÷ ¢fW'FW‚Ó#Rãc“CB"ãs##‚Ó3 ¢fW'FW‚ÓRãƒsB#ã“’Ó3 ¢fW'FW‚Ó#Rã#’"ã#“ƒÓ3 ¢VæFÆö÷ ¢VæFf6W@¢f6WBæ÷&ÖÂÓÓ¢÷WFW"Æö÷ ¢fW'FW‚ÓRãƒsB#ã“’Ó3 ¢fW'FW‚Ó#Rãc“CB"ãs##‚Ó3 ¢fW'FW‚ÓRãs#ƒR#ã#3s2Ó3 ¢VæFÆö÷ ¢VæFf6W@¢f6WBæ÷&ÖÂÓ¢÷WFW"Æö÷ ¢fW'FW‚Ó#bã#Sc22ã#cÓ3 ¢fW'FW‚ÓRãs#ƒR#ã#3s2Ó3 ¢fW'FW‚Ó#Rãc“CB"ãs##‚Ó3 ¢VæFÆö÷ ¢VæFf6W@¢f6WBæ÷&ÖÂÓÓ¢÷WFW"Æö÷ ¢fW'FW‚ÓRãs#ƒR#ã#3s2Ó3 ¢fW'FW‚Ó#bã#Sc22ã#cÓ3 ¢fW'FW‚Ó#BãSsƒ‚#2ãC#ƒ"Ó3 ¢VæFÆö÷ ¢VæFf6W@¢f6WBæ÷&ÖÂÓ¢÷WFW"Æö÷ ¢fW'FW‚Ó3"ãSsƒ‚’ãSs‚Ó3 ¢fW'FW‚Ó#bã#Sc22ã#cÓ3 ¢fW'FW‚Ó#bãƒcb2ãƒsSRÓ3 ¢VæFÆö÷ ¢VæFf6W@¢f6WBæ÷&ÖÂÓ¢÷WFW"Æö÷ ¢fW'FW‚Ó3"ãSsƒ‚’ãSs‚Ó3 ¢fW'FW‚Ó#bãƒcb2ãƒsSRÓ3 ¢fW'FW‚Ó#rãR2ã#RÓ3 ¢VæFÆö÷ ¢VæFf6W@¢f6WBæ÷&ÖÂÓ¢÷WFW"Æö÷ ¢fW'FW‚Ó3"ãSsƒ‚’ãSs‚Ó3 ¢fW'FW‚Ó#rãR2ã#RÓ3 ¢fW'FW‚Ó#‚ã3B2ãƒsSRÓ3 ¢VæFÆö÷ ¢VæFf6W@¢f6WBæ÷&ÖÂÓ¢÷WFW"Æö÷ ¢fW'FW‚Ó32‚Ó3 ¢fW'FW‚Ó#‚ã3B2ãƒsSRÓ3 ¢fW'FW‚Ó#‚ãsC3r2ã#cÓ3 ¢VæFÆö÷ ¢VæFf6W@¢f6WBæ÷&ÖÂÓ¢÷WFW"Æö÷ ¢fW'FW‚Ó32‚Ó3 ¢fW'FW‚Ó#‚ãsC3r2ã#cÓ3 ¢fW'FW‚Ó#’ã3Sb"ãs##‚Ó3 ¢VæFÆö÷ ¢VæFf6W@¢f6WBæ÷&ÖÂÓ¢÷WFW"Æö÷ ¢fW'FW‚Ó32‚Ó3 ¢fW'FW‚Ó#’ã3Sb"ãs##‚Ó3 ¢fW'FW‚Ó#’ãs“ƒ"ã#“ƒÓ3 ¢VæFÆö÷ ¢VæFf6W@¢f6WBæ÷&ÖÂÓ¢÷WFW"Æö÷ ¢fW'FW‚Ó32‚Ó3 ¢fW'FW‚Ó#’ãs“ƒ"ã#“ƒÓ3 ¢fW'FW‚Ó3ã##2ãƒSbÓ3 ¢VæFÆö÷ ¢VæFf6W@¢f6WBæ÷&ÖÂÓ¢÷WFW"Æö÷ ¢fW'FW‚Ó32‚Ó3 ¢fW'FW‚Ó3ã##2ãƒSbÓ3 ¢fW'FW‚Ó3ãS#bã#C3s"Ó3 ¢VæFÆö÷ ¢VæFf6W@¢f6WBæ÷&ÖÂÓ¢÷WFW"Æö÷ ¢fW'FW‚Ó32‚Ó3 ¢fW'FW‚Ó3ãS#bã#C3s"Ó3 ¢fW'FW‚Ó3ãcƒsbãc3CC2Ó3 ¢VæFÆö÷ ¢VæFf6W@¢f6WBæ÷&ÖÂÓÓ¢÷WFW"Æö÷ ¢fW'FW‚Ó3ãcƒsbÓãc3CC2Ó3 ¢fW'FW‚Ó32Ó‚Ó3 ¢fW'FW‚Ó3ãsRÓ3 ¢VæFÆö÷ ¢VæFf6W@¢f6WBæ÷&ÖÂÓ¢÷WFW"Æö÷ ¢fW'FW‚Ó#bã#Sc22ã#cÓ3 ¢fW'FW‚Ó3"ãSsƒ‚’ãSs‚Ó3 ¢fW'FW‚Ó#BãSsƒ‚#2ãC#ƒ"Ó3 ¢VæFÆö÷ ¢VæFf6W@¢f6WBæ÷&ÖÂÓ¢÷WFW"Æö÷ ¢fW'FW‚Ó32‚Ó3 ¢fW'FW‚Ó3ãsRÓ3 ¢fW'FW‚Ó32Ó‚Ó3 ¢VæFÆö÷ ¢VæFf6W@¢f6WBæ÷&ÖÂÓ¢÷WFW"Æö÷ ¢fW'FW‚Ó32‚Ó3 ¢fW'FW‚Ó3ãcƒsbãc3CC2Ó3 ¢fW'FW‚Ó3ãsRÓ3 ¢VæFÆö÷ ¢VæFf6W@¢f6WBæ÷&ÖÂÓ¢÷WFW"Æö÷ ¢fW'FW‚ÓC"ãc’ÓBãCcC‚Ó3 ¢fW'FW‚Ó3"ãSsƒ‚Ó’ãSs‚Ó3 ¢fW'FW‚ÓC"ã333rÓRã#3‚Ó3 ¢VæFÆö÷ ¢VæFf6W@¢f6WBæ÷&ÖÂÓ¢÷WFW"Æö÷ ¢fW'FW‚ÓC2ãCccrÓãcCc’Ó3 ¢fW'FW‚Ó3"ãSsƒ‚Ó’ãSs‚Ó3 ¢fW'FW‚ÓC"ãc’ÓBãCcC‚Ó3 ¢VæFÆö÷ ¢VæFf6W@¢f6WBæ÷&ÖÂÓÓ¢÷WFW"Æö÷ ¢fW'FW‚Ó3"ãSsƒ‚Ó’ãSs‚Ó3 ¢fW'FW‚ÓC2ãCccrÓãcCc’Ó3 ¢fW'FW‚Ó32Ó‚Ó3 ¢VæFÆö÷ ¢VæFf6W@¢f6WBæ÷&ÖÂÓ¢÷WFW"Æö÷ ¢fW'FW‚Ó32Ó‚Ó3 ¢fW'FW‚ÓC2ãCccrÓãcCc’Ó3 ¢fW'FW‚ÓC2ãcƒBÓãs32Ó3 ¢VæFÆö÷ ¢VæFf6W@¢f6WBæ÷&ÖÂÓ¢÷WFW"Æö÷ ¢fW'FW‚Ó#Rã#’"ã#“ƒÓ3 ¢fW'FW‚ÓBãS“"#ãcscBÓ3 ¢fW'FW‚Ó#Bãs“srãƒSbÓ3 ¢VæFÆö÷ ¢VæFf6W@¢f6WBæ÷&ÖÂÓÓ¢÷WFW"Æö÷ ¢fW'FW‚ÓBãS“"#ãcscBÓ3 ¢fW'FW‚Ó#Rã#’"ã#“ƒÓ3 ¢fW'FW‚ÓRãƒsB#ã“’Ó3 ¢VæFÆö÷ ¢VæFf6W@¢f6WBæ÷&ÖÂÓ¢÷WFW"Æö÷ ¢fW'FW‚ÓRãs#ƒR#ã#3s2Ó3 ¢fW'FW‚Ó#BãSsƒ‚#2ãC#ƒ"Ó3 ¢fW'FW‚Ó#2ãC#ƒ"#BãSsƒ‚Ó3 ¢VæFÆö÷ ¢VæFf6W@¢f6WBæ÷&ÖÂÓ¢÷WFW"Æö÷ ¢fW'FW‚Ó3ãƒ“‚3ãƒ“‚Ó3 ¢fW'FW‚Ó#2ãC#ƒ"#BãSsƒ‚Ó3 ¢fW'FW‚Ó#BãSsƒ‚#2ãC#ƒ"Ó3 ¢VæFÆö÷ ¢VæFf6W@¢f6WBæ÷&ÖÂÓ¢÷WFW"Æö÷ ¢fW'FW‚Ó#2ãC#ƒ"#BãSsƒ‚Ó3 ¢fW'FW‚Ó3ãƒ“‚3ãƒ“‚Ó3 ¢fW'FW‚Ó3ã3#’3"ãCc3"Ó3 ¢VæFÆö÷ ¢VæFf6W@¢f6WBæ÷&ÖÂÓ¢÷WFW"Æö÷ ¢fW'FW‚Ó#BãSsƒ‚#2ãC#ƒ"Ó3 ¢fW'FW‚Ó32ãƒ3#‚#’ãcsbÓ3 ¢fW'FW‚Ó3ãƒ“‚3ãƒ“‚Ó3 ¢VæFÆö÷ ¢VæFf6W@¢f6WBæ÷&ÖÂÓÓ¢÷WFW"Æö÷ ¢fW'FW‚Ó32ãƒ3#‚#’ãcsbÓ3 ¢fW'FW‚Ó#BãSsƒ‚#2ãC#ƒ"Ó3 ¢fW'FW‚Ó3Bã333r#’ãc"Ó3 ¢VæFÆö÷ ¢VæFf6W@¢f6WBæ÷&ÖÂÓ¢÷WFW"Æö÷ ¢fW'FW‚Ó‚ãc#CbÓ"ãc#SbÓ3 ¢fW'FW‚Ó#Bãs“srÓãƒSbÓ3 ¢fW'FW‚Ó#BãC“sBÓã#C3s"Ó3 ¢VæFÆö÷ ¢VæFf6W@¢f6WBæ÷&ÖÂÓ¢÷WFW"Æö÷ ¢fW'FW‚ÓRãs#ƒRÓ#ã#3s2Ó3 ¢fW'FW‚Ó#Rã#’Ó"ã#“ƒÓ3 ¢fW'FW‚Ó#Bãs“srÓãƒSbÓ3 ¢VæFÆö÷ ¢VæFf6W@¢f6WBæ÷&ÖÂÓ¢÷WFW"Æö÷ ¢fW'FW‚ÓRãs#ƒRÓ#ã#3s2Ó3 ¢fW'FW‚Ó#Rãc“CBÓ"ãs##‚Ó3 ¢fW'FW‚Ó#Rã#’Ó"ã#“ƒÓ3 ¢VæFÆö÷ ¢VæFf6W@¢f6WBæ÷&ÖÂÓ¢÷WFW"Æö÷ ¢fW'FW‚ÓRãs#ƒRÓ#ã#3s2Ó3 ¢fW'FW‚Ó#bã#Sc2Ó2ã#cÓ3 ¢fW'FW‚Ó#Rãc“CBÓ"ãs##‚Ó3 ¢VæFÆö÷ ¢VæFf6W@¢f6WBæ÷&ÖÂÓ¢÷WFW"Æö÷ ¢fW'FW‚Ó3"ãSsƒ‚Ó’ãSs‚Ó3 ¢fW'FW‚Ó#bã#Sc2Ó2ã#cÓ3 ¢fW'FW‚Ó#BãSsƒ‚Ó#2ãC#ƒ"Ó3 ¢VæFÆö÷ ¢VæFf6W@¢f6WBæ÷&ÖÂÓ¢÷WFW"Æö÷ ¢fW'FW‚Ó#bã#Sc2Ó2ã#cÓ3 ¢fW'FW‚Ó3"ãSsƒ‚Ó’ãSs‚Ó3 ¢fW'FW‚Ó#bãƒcbÓ2ãƒsSRÓ3 ¢VæFÆö÷ ¢VæFf6W@¢f6WBæ÷&ÖÂÓ¢÷WFW"Æö÷ ¢fW'FW‚Ó#bãƒcbÓ2ãƒsSRÓ3 ¢fW'FW‚Ó3"ãSsƒ‚Ó’ãSs‚Ó3 ¢fW'FW‚Ó#rãRÓ2ã#RÓ3 ¢VæFÆö÷ ¢VæFf6W@¢f6WBæ÷&ÖÂÓÓ¢÷WFW"Æö÷ ¢fW'FW‚Ó#rãRÓ2ã#RÓ3 ¢fW'FW‚Ó3"ãSsƒ‚Ó’ãSs‚Ó3 ¢fW'FW‚Ó#‚ã3BÓ2ãƒsSRÓ3 ¢VæFÆö÷ ¢VæFf6W@¢f6WBæ÷&ÖÂÓ¢÷WFW"Æö÷ ¢fW'FW‚Ó32Ó‚Ó3 ¢fW'FW‚Ó#‚ã3BÓ2ãƒsSRÓ3 ¢fW'FW‚Ó3"ãSsƒ‚Ó’ãSs‚Ó3 ¢VæFÆö÷ ¢VæFf6W@¢f6WBæ÷&ÖÂÓÓ¢÷WFW"Æö÷ ¢fW'FW‚Ó#‚ã3BÓ2ãƒsSRÓ3 ¢fW'FW‚Ó32Ó‚Ó3 ¢fW'FW‚Ó#‚ãsC3rÓ2ã#cÓ3 ¢VæFÆö÷ ¢VæFf6W@¢f6WBæ÷&ÖÂÓÓ¢÷WFW"Æö÷ ¢fW'FW‚Ó#‚ãsC3rÓ2ã#cÓ3 ¢fW'FW‚Ó32Ó‚Ó3 ¢fW'FW‚Ó#’ã3SbÓ"ãs##‚Ó3 ¢VæFÆö÷ ¢VæFf6W@¢f6WBæ÷&ÖÂÓÓ¢÷WFW"Æö÷ ¢fW'FW‚Ó#’ã3SbÓ"ãs##‚Ó3 ¢fW'FW‚Ó32Ó‚Ó3 ¢fW'FW‚Ó#’ãs“ƒÓ"ã#“ƒÓ3 ¢VæFÆö÷ ¢VæFf6W@¢f6WBæ÷&ÖÂÓÓ¢÷WFW"Æö÷ ¢fW'FW‚Ó#’ãs“ƒÓ"ã#“ƒÓ3 ¢fW'FW‚Ó32Ó‚Ó3 ¢fW'FW‚Ó3ã##2ÓãƒSbÓ3 ¢VæFÆö÷ ¢VæFf6W@¢f6WBæ÷&ÖÂÓÓ¢÷WFW"Æö÷ ¢fW'FW‚Ó3ãS#bÓã#C3s"Ó3 ¢fW'FW‚Ó32Ó‚Ó3 ¢fW'FW‚Ó3ãcƒsbÓãc3CC2Ó3 ¢VæFÆö÷ ¢VæFf6W@¢f6WBæ÷&ÖÂÓÓ¢÷WFW"Æö÷ ¢fW'FW‚Ó3ã##2ÓãƒSbÓ3 ¢fW'FW‚Ó32Ó‚Ó3 ¢fW'FW‚Ó3ãS#bÓã#C3s"Ó3 ¢VæFÆö÷ ¢VæFf6W@¢f6WBæ÷&ÖÂÓÓ¢÷WFW"Æö÷ ¢fW'FW‚Óbã“Ss’ÓRãs“SBÓ3 ¢fW'FW‚Ó2ã“c#bÓ#ãSs#rÓ3 ¢fW'FW‚ÓrãCƒ3#2ÓRã2Ó3 ¢VæFÆö÷ ¢VæFf6W@¢f6WBæ÷&ÖÂÓ¢÷WFW"Æö÷ ¢fW'FW‚Ó’Ó3 ¢fW'FW‚Óãcr#"ã“sCRÓ3 ¢fW'FW‚ÓãSr#2ãc3Ó3 ¢VæFÆö÷ ¢VæFf6W@¢f6WBæ÷&ÖÂÓ¢÷WFW"Æö÷ ¢fW'FW‚ÓBãS“"Ó#ãcscBÓ3 ¢fW'FW‚ÓrãCƒ3#2ÓRã2Ó3 ¢fW'FW‚Ó2ã“c#bÓ#ãSs#rÓ3 ¢VæFÆö÷ ¢VæFf6W@¢f6WBæ÷&ÖÂÓ¢÷WFW"Æö÷ ¢fW'FW‚Ó’Ó3 ¢fW'FW‚Óãƒ3S"#"ã3sƒ2Ó3 ¢fW'FW‚Óãcr#"ã“sCRÓ3 ¢VæFÆö÷ ¢VæFf6W@¢f6WBæ÷&ÖÂÓÓ¢÷WFW"Æö÷ ¢fW'FW‚ÓrãCƒ3#2ÓRã2Ó3 ¢fW'FW‚ÓBãS“"Ó#ãcscBÓ3 ¢fW'FW‚Órã“3s#’ÓBã#C#SrÓ3 ¢VæFÆö÷ ¢VæFf6W@¢f6WBæ÷&ÖÂÓ¢÷WFW"Æö÷ ¢fW'FW‚Ó’Ó3 ¢fW'FW‚Óãsb#ãƒ3s"Ó3 ¢fW'FW‚Óãƒ3S"#"ã3sƒ2Ó3 ¢VæFÆö÷ ¢VæFf6W@¢f6WBæ÷&ÖÂÓ¢÷WFW"Æö÷ ¢fW'FW‚Ó#Bãs“srÓãƒSbÓ3 ¢fW'FW‚Órã“3s#’ÓBã#C#SrÓ3 ¢fW'FW‚ÓBãS“"Ó#ãcscBÓ3 ¢VæFÆö÷ ¢VæFf6W@¢f6WBæ÷&ÖÂÓ¢÷WFW"Æö÷ ¢fW'FW‚Ó’Ó3 ¢fW'FW‚Óãcs#ã3s#"Ó3 ¢fW'FW‚Óãsb#ãƒ3s"Ó3 ¢VæFÆö÷ ¢VæFf6W@¢f6WBæ÷&ÖÂÓ¢÷WFW"Æö÷ ¢fW'FW‚Ó#Bãs“srÓãƒSbÓ3 ¢fW'FW‚Ó‚ã3C“"Ó2ãCCCRÓ3 ¢fW'FW‚Órã“3s#’ÓBã#C#SrÓ3 ¢VæFÆö÷ ¢VæFf6W@¢f6WBæ÷&ÖÂÓ¢÷WFW"Æö÷ ¢fW'FW‚Ó’Ó3 ¢fW'FW‚Ó"ã#R#ãÓ3 ¢fW'FW‚Óãcs#ã3s#"Ó3 ¢VæFÆö÷ ¢VæFf6W@¢f6WBæ÷&ÖÂÓ¢÷WFW"Æö÷ ¢fW'FW‚Ó#Bãs“srÓãƒSbÓ3 ¢fW'FW‚Ó‚ãc#CbÓ"ãc#SbÓ3 ¢fW'FW‚Ó‚ã3C“"Ó2ãCCCRÓ3 ¢VæFÆö÷ ¢VæFf6W@¢f6WBæ÷&ÖÂÓ¢÷WFW"Æö÷ ¢fW'FW‚Ó#Bã3#Bãc3CC2Ó3 ¢fW'FW‚Ó’Ó3 ¢fW'FW‚Ó#Bã#RÓ3 ¢VæFÆö÷ ¢VæFf6W@¢f6WBæ÷&ÖÂÓ¢÷WFW"Æö÷ ¢fW'FW‚Ó‚ãc#CbÓ"ãc#SbÓ3 ¢fW'FW‚Ó#BãC“sBÓã#C3s"Ó3 ¢fW'FW‚Ó‚ãƒ#srÓãsSSƒÓ3 ¢VæFÆö÷ ¢VæFf6W@¢f6WBæ÷&ÖÂÓ¢÷WFW"Æö÷ ¢fW'FW‚Ó’Ó3 ¢fW'FW‚Ó"ãsS2#ãs3ƒ"Ó3 ¢fW'FW‚Ó"ã#R#ãÓ3 ¢VæFÆö÷ ¢VæFf6W@¢f6WBæ÷&ÖÂÓ¢÷WFW"Æö÷ ¢fW'FW‚Ó‚ãƒ#srÓãsSSƒÓ3 ¢fW'FW‚Ó#Bã3#BÓãc3CC2Ó3 ¢fW'FW‚Ó‚ã“SccbÓãƒƒ#SBÓ3 ¢VæFÆö÷ ¢VæFf6W@¢f6WBæ÷&ÖÂÓ¢÷WFW"Æö÷ ¢fW'FW‚Ó’Ó3 ¢fW'FW‚Ó2ã3#S‚#ãS“3RÓ3 ¢fW'FW‚Ó"ãsS2#ãs3ƒ"Ó3 ¢VæFÆö÷ ¢VæFf6W@¢f6WBæ÷&ÖÂÓÓ¢÷WFW"Æö÷ ¢fW'FW‚Ó#Bã3#BÓãc3CC2Ó3 ¢fW'FW‚Ó‚ãƒ#srÓãsSSƒÓ3 ¢fW'FW‚Ó#BãC“sBÓã#C3s"Ó3 ¢VæFÆö÷ ¢VæFf6W@¢f6WBæ÷&ÖÂÓ¢÷WFW"Æö÷ ¢fW'FW‚Ó’Ó3 ¢fW'FW‚Ó2ã“c#b#ãSs#rÓ3 ¢fW'FW‚Ó2ã3#S‚#ãS“3RÓ3 ¢VæFÆö÷ ¢VæFf6W@¢f6WBæ÷&ÖÂÓ¢÷WFW"Æö÷ ¢fW'FW‚Ó#Bãs“srÓãƒSbÓ3 ¢fW'FW‚ÓBãS“"Ó#ãcscBÓ3 ¢fW'FW‚ÓRãƒsBÓ#ã“’Ó3 ¢VæFÆö÷ ¢VæFf6W@¢f6WBæ÷&ÖÂÓ¢÷WFW"Æö÷ ¢fW'FW‚Ó#Bãs“srãƒSbÓ3 ¢fW'FW‚Ó2ã“c#b#ãSs#rÓ3 ¢fW'FW‚Ó’Ó3 ¢VæFÆö÷ ¢VæFf6W@¢f6WBæ÷&ÖÂÓ¢÷WFW"Æö÷ ¢fW'FW‚Ó#Bãs“srÓãƒSbÓ3 ¢fW'FW‚ÓRãƒsBÓ#ã“’Ó3 ¢fW'FW‚ÓRãs#ƒRÓ#ã#3s2Ó3 ¢VæFÆö÷ ¢VæFf6W@¢f6WBæ÷&ÖÂÓ¢÷WFW"Æö÷ ¢fW'FW‚Ó#BãC“sBã#C3s"Ó3 ¢fW'FW‚Ó’Ó3 ¢fW'FW‚Ó#Bã3#Bãc3CC2Ó3 ¢VæFÆö÷ ¢VæFf6W@¢f6WBæ÷&ÖÂÓ¢÷WFW"Æö÷ ¢fW'FW‚Ó#BãSsƒ‚Ó#2ãC#ƒ"Ó3 ¢fW'FW‚ÓRãs#ƒRÓ#ã#3s2Ó3 ¢fW'FW‚Óbã“3RÓ#ãcs#‚Ó3 ¢VæFÆö÷ ¢VæFf6W@¢f6WBæ÷&ÖÂÓ¢÷WFW"Æö÷ ¢fW'FW‚Ó#Bãs“srãƒSbÓ3 ¢fW'FW‚Ó’Ó3 ¢fW'FW‚Ó#BãC“sBã#C3s"Ó3 ¢VæFÆö÷ ¢VæFf6W@¢f6WBæ÷&ÖÂÓ¢÷WFW"Æö÷ ¢fW'FW‚Ó#BãSsƒ‚Ó#2ãC#ƒ"Ó3 ¢fW'FW‚Óbã“3RÓ#ãcs#‚Ó3 ¢fW'FW‚ÓbãScCbÓ#"ã“rÓ3 ¢VæFÆö÷ ¢VæFf6W@¢f6WBæ÷&ÖÂÓÓ¢÷WFW"Æö÷ ¢fW'FW‚Ó2ã“c#b#ãSs#rÓ3 ¢fW'FW‚Ó#Bãs“srãƒSbÓ3 ¢fW'FW‚ÓBãS“"#ãcscBÓ3 ¢VæFÆö÷ ¢VæFf6W@¢f6WBæ÷&ÖÂÓ¢÷WFW"Æö÷ ¢fW'FW‚Ó#BãSsƒ‚Ó#2ãC#ƒ"Ó3 ¢fW'FW‚ÓbãScCbÓ#"ã“rÓ3 ¢fW'FW‚Óbãƒ#sRÓ#"ãssÓ3 ¢VæFÆö÷ ¢VæFf6W@¢f6WBæ÷&ÖÂÓ¢÷WFW"Æö÷ ¢fW'FW‚ÓRãs#ƒR#ã#3s2Ó3 ¢fW'FW‚Ó#2ãC#ƒ"#BãSsƒ‚Ó3 ¢fW'FW‚Óbã“3R#ãcs#‚Ó3 ¢VæFÆö÷ ¢VæFf6W@¢f6WBæ÷&ÖÂÓ¢÷WFW"Æö÷ ¢fW'FW‚Ó#2ãC#ƒ"Ó#BãSsƒ‚Ó3 ¢fW'FW‚Óbãƒ#sRÓ#"ãssÓ3 ¢fW'FW‚Óbã“s#"Ó#2ã3“RÓ3 ¢VæFÆö÷ ¢VæFf6W@¢f6WBæ÷&ÖÂÓ¢÷WFW"Æö÷ ¢fW'FW‚Óbã“3R#ãcs#‚Ó3 ¢fW'FW‚Ó#2ãC#ƒ"#BãSsƒ‚Ó3 ¢fW'FW‚ÓbãScCb#"ã“rÓ3 ¢VæFÆö÷ ¢VæFf6W@¢f6WBæ÷&ÖÂÓ¢÷WFW"Æö÷ ¢fW'FW‚Ó#2ãC#ƒ"Ó#BãSsƒ‚Ó3 ¢fW'FW‚Óbã“s#"Ó#2ã3“RÓ3 ¢fW'FW‚Óbã““2Ó#Bã#ƒ2Ó3 ¢VæFÆö÷ ¢VæFf6W@¢f6WBæ÷&ÖÂÓ¢÷WFW"Æö÷ ¢fW'FW‚ÓbãScCb#"ã“rÓ3 ¢fW'FW‚Ó#2ãC#ƒ"#BãSsƒ‚Ó3 ¢fW'FW‚Óbãƒ#sR#"ãssÓ3 ¢VæFÆö÷ ¢VæFf6W@¢f6WBæ÷&ÖÂÓ¢÷WFW"Æö÷ ¢fW'FW‚Ó2ã“c#bÓ#ãSs#rÓ3 ¢fW'FW‚Óbã“Ss’ÓRãs“SBÓ3 ¢fW'FW‚Ó2ã3#S‚Ó#ãS“3RÓ3 ¢VæFÆö÷ ¢VæFf6W@¢f6WBæ÷&ÖÂÓ¢÷WFW"Æö÷ ¢fW'FW‚Ó‚Ó32Ó3 ¢fW'FW‚ÓãS#s‚Ó#Bã#3“’Ó3 ¢fW'FW‚ÓãSrÓ#2ãc3Ó3 ¢VæFÆö÷ ¢VæFf6W@¢f6WBæ÷&ÖÂÓ¢÷WFW"Æö÷ ¢fW'FW‚Ó‚Ó32Ó3 ¢fW'FW‚Óãcs#RÓ#BãƒcBÓ3 ¢fW'FW‚ÓãS#s‚Ó#Bã#3“’Ó3 ¢VæFÆö÷ ¢VæFf6W@¢f6WBæ÷&ÖÂÓ¢÷WFW"Æö÷ ¢fW'FW‚Ó‚Ó32Ó3 ¢fW'FW‚Óã“3SBÓ#RãCCrÓ3 ¢fW'FW‚Óãcs#RÓ#BãƒcBÓ3 ¢VæFÆö÷ ¢VæFf6W@¢f6WBæ÷&ÖÂÓ¢÷WFW"Æö÷ ¢fW'FW‚Ó‚Ó32Ó3 ¢fW'FW‚Óã3cRÓ#Rã“SƒbÓ3 ¢fW'FW‚Óã“3SBÓ#RãCCrÓ3 ¢VæFÆö÷ ¢VæFf6W@¢f6WBæ÷&ÖÂÓ¢÷WFW"Æö÷ ¢fW'FW‚Ó’ãSs‚Ó3"ãSsƒ‚Ó3 ¢fW'FW‚ÓãssRÓ#bã3“CÓ3 ¢fW'FW‚Óã3cRÓ#Rã“SƒbÓ3 ¢VæFÆö÷ ¢VæFf6W@¢f6WBæ÷&ÖÂÓ¢÷WFW"Æö÷ ¢fW'FW‚Ó’ãSs‚Ó3"ãSsƒ‚Ó3 ¢fW'FW‚Ó"ã3#bÓ#bãs3RÓ3 ¢fW'FW‚ÓãssRÓ#bã3“CÓ3 ¢VæFÆö÷ ¢VæFf6W@¢f6WBæ÷&ÖÂÓ¢÷WFW"Æö÷ ¢fW'FW‚Ó’ãSs‚Ó3"ãSsƒ‚Ó3 ¢fW'FW‚Ó"ã“ƒ‚Ó#bã“SRÓ3 ¢fW'FW‚Ó"ã3#bÓ#bãs3RÓ3 ¢VæFÆö÷ ¢VæFf6W@¢f6WBæ÷&ÖÂÓ¢÷WFW"Æö÷ ¢fW'FW‚Ó’ãSs‚Ó3"ãSsƒ‚Ó3 ¢fW'FW‚Ó2ãS3sBÓ#rãSƒrÓ3 ¢fW'FW‚Ó"ã“ƒ‚Ó#bã“SRÓ3 ¢VæFÆö÷ ¢VæFf6W@¢f6WBæ÷&ÖÂÓ¢÷WFW"Æö÷ ¢fW'FW‚Ó’ãSs‚Ó3"ãSsƒ‚Ó3 ¢fW'FW‚ÓBãsC"Ó#rã3s’Ó3 ¢fW'FW‚Ó2ãS3sBÓ#rãSƒrÓ3 ¢VæFÆö÷ ¢VæFf6W@¢f6WBæ÷&ÖÂÓ¢÷WFW"Æö÷ ¢fW'FW‚Ó’ãSs‚Ó3"ãSsƒ‚Ó3 ¢fW'FW‚ÓBãs“CrÓ#bãƒ“3"Ó3 ¢fW'FW‚ÓBãsC"Ó#rã3s’Ó3 ¢VæFÆö÷ ¢VæFf6W@¢f6WBæ÷&ÖÂÓ¢÷WFW"Æö÷ ¢fW'FW‚Ó’ãSs‚Ó3"ãSsƒ‚Ó3 ¢fW'FW‚ÓRã3sRÓ#bãc32Ó3 ¢fW'FW‚ÓBãs“CrÓ#bãƒ“3"Ó3 ¢VæFÆö÷ ¢VæFf6W@¢f6WBæ÷&ÖÂÓ¢÷WFW"Æö÷ ¢fW'FW‚Ó#2ãC#ƒ"Ó#BãSsƒ‚Ó3 ¢fW'FW‚ÓRã3sRÓ#bãc32Ó3 ¢fW'FW‚Ó’ãSs‚Ó3"ãSsƒ‚Ó3 ¢VæFÆö÷ ¢VæFf6W@¢f6WBæ÷&ÖÂÓ¢÷WFW"Æö÷ ¢fW'FW‚Óbãƒ#sRÓ#"ãssÓ3 ¢fW'FW‚Ó#2ãC#ƒ"Ó#BãSsƒ‚Ó3 ¢fW'FW‚Ó#BãSsƒ‚Ó#2ãC#ƒ"Ó3 ¢VæFÆö÷ ¢VæFf6W@¢f6WBæ÷&ÖÂÓ¢÷WFW"Æö÷ ¢fW'FW‚Óbãƒƒ“2Ó#BãcSc’Ó3 ¢fW'FW‚Ó#2ãC#ƒ"Ó#BãSsƒ‚Ó3 ¢fW'FW‚Óbã““2Ó#Bã#ƒ2Ó3 ¢VæFÆö÷ ¢VæFf6W@¢f6WBæ÷&ÖÂÓ¢÷WFW"Æö÷ ¢fW'FW‚ÓbãccC‚Ó#Rã#S3Ó3 ¢fW'FW‚Ó#2ãC#ƒ"Ó#BãSsƒ‚Ó3 ¢fW'FW‚Óbãƒƒ“2Ó#BãcSc’Ó3 ¢VæFÆö÷ ¢VæFf6W@¢f6WBæ÷&ÖÂÓ¢÷WFW"Æö÷ ¢fW'FW‚Óbã3#ƒBÓ#Rãs“C"Ó3 ¢fW'FW‚Ó#2ãC#ƒ"Ó#BãSsƒ‚Ó3 ¢fW'FW‚ÓbãccC‚Ó#Rã#S3Ó3 ¢VæFÆö÷ ¢VæFf6W@¢f6WBæ÷&ÖÂÓ¢÷WFW"Æö÷ ¢fW'FW‚ÓRãƒ“#’Ó#bã#S“"Ó3 ¢fW'FW‚Ó#2ãC#ƒ"Ó#BãSsƒ‚Ó3 ¢fW'FW‚Óbã3#ƒBÓ#Rãs“C"Ó3 ¢VæFÆö÷ ¢VæFf6W@¢f6WBæ÷&ÖÂÓ¢÷WFW"Æö÷ ¢fW'FW‚ÓRã3sRÓ#bãc32Ó3 ¢fW'FW‚Ó#2ãC#ƒ"Ó#BãSsƒ‚Ó3 ¢fW'FW‚ÓRãƒ“#’Ó#bã#S“"Ó3 ¢VæFÆö÷ ¢VæFf6W@¢f6WBæ÷&ÖÂÓ¢÷WFW"Æö÷ ¢fW'FW‚Ó‚ãss“bÓCBã3S2Ó3 ¢fW'FW‚Ó‚Ó32Ó3 ¢fW'FW‚Ó‚ÓCBã#cBÓ3 ¢VæFÆö÷ ¢VæFf6W@¢f6WBæ÷&ÖÂÓ¢÷WFW"Æö÷ ¢fW'FW‚Óã3cRÓ#Rã“SƒbÓ3 ¢fW'FW‚Ó‚Ó32Ó3 ¢fW'FW‚Ó’ãSs‚Ó3"ãSsƒ‚Ó3 ¢VæFÆö÷ ¢VæFf6W@¢f6WBæ÷&ÖÂÓ¢÷WFW"Æö÷ ¢fW'FW‚ÓãcCc’ÓC2ãCccrÓ3 ¢fW'FW‚Ó‚Ó32Ó3 ¢fW'FW‚Ó‚ãss“bÓCBã3S2Ó3 ¢VæFÆö÷ ¢VæFf6W@¢f6WBæ÷&ÖÂÓ¢÷WFW"Æö÷ ¢fW'FW‚Ó"ãsS2Ó#ãs3ƒ"Ó3 ¢fW'FW‚ÓRã2ÓrãCƒ3#2Ó3 ¢fW'FW‚Ó"ã#RÓ#ãÓ3 ¢VæFÆö÷ ¢VæFf6W@¢f6WBæ÷&ÖÂÓÓ¢÷WFW"Æö÷ ¢fW'FW‚ÓRã2ÓrãCƒ3#2Ó3 ¢fW'FW‚Ó"ãsS2Ó#ãs3ƒ"Ó3 ¢fW'FW‚ÓRãs“SBÓbã“Ss’Ó3 ¢VæFÆö÷ ¢VæFf6W@¢f6WBæ÷&ÖÂÓ¢÷WFW"Æö÷ ¢fW'FW‚Ó2ã3#S‚Ó#ãS“3RÓ3 ¢fW'FW‚ÓRãs“SBÓbã“Ss’Ó3 ¢fW'FW‚Ó"ãsS2Ó#ãs3ƒ"Ó3 ¢VæFÆö÷ ¢VæFf6W@¢f6WBæ÷&ÖÂÓÓ¢÷WFW"Æö÷ ¢fW'FW‚ÓRãs“SBÓbã“Ss’Ó3 ¢fW'FW‚Ó2ã3#S‚Ó#ãS“3RÓ3 ¢fW'FW‚Óbã3c3“bÓbã3c3“bÓ3 ¢VæFÆö÷ ¢VæFf6W@¢f6WBæ÷&ÖÂÓÓ¢÷WFW"Æö÷ ¢fW'FW‚Ó‚Ó32Ó3 ¢fW'FW‚ÓãcCc’ÓC2ãCccrÓ3 ¢fW'FW‚Ó’ãSs‚Ó3"ãSsƒ‚Ó3 ¢VæFÆö÷ ¢VæFf6W@¢f6WBæ÷&ÖÂÓ¢÷WFW"Æö÷ ¢fW'FW‚Ó’ãSs‚Ó3"ãSsƒ‚Ó3 ¢fW'FW‚ÓãcCc’ÓC2ãCccrÓ3 ¢fW'FW‚Ó"ãSCsRÓC2ã“3RÓ3 ¢VæFÆö÷ ¢VæFf6W@¢f6WBæ÷&ÖÂÓ¢÷WFW"Æö÷ ¢fW'FW‚Bã#C#Srrã“3s#’Ó3 ¢fW'FW‚"ã#R#ãÓ3 ¢fW'FW‚Rã2rãCƒ3#2Ó3 ¢VæFÆö÷ ¢VæFf6W@¢f6WBæ÷&ÖÂÓÓ¢÷WFW"Æö÷ ¢fW'FW‚"ã#R#ãÓ3 ¢fW'FW‚Bã#C#Srrã“3s#’Ó3 ¢fW'FW‚ãcs#ã3s#"Ó3 ¢VæFÆö÷ ¢VæFf6W@¢f6WBæ÷&ÖÂÓ¢÷WFW"Æö÷ ¢fW'FW‚2ãCCCR‚ã3C“"Ó3 ¢fW'FW‚ãcs#ã3s#"Ó3 ¢fW'FW‚Bã#C#Srrã“3s#’Ó3 ¢VæFÆö÷ ¢VæFf6W@¢f6WBæ÷&ÖÂÓ¢÷WFW"Æö÷ ¢fW'FW‚"ãc#Sb‚ãc#CbÓ3 ¢fW'FW‚ãcs#ã3s#"Ó3 ¢fW'FW‚2ãCCCR‚ã3C“"Ó3 ¢VæFÆö÷ ¢VæFf6W@¢f6WBæ÷&ÖÂÓÓ¢÷WFW"Æö÷ ¢fW'FW‚ãcs#ã3s#"Ó3 ¢fW'FW‚"ãc#Sb‚ãc#CbÓ3 ¢fW'FW‚ãsb#ãƒ3s"Ó3 ¢VæFÆö÷ ¢VæFf6W@¢f6WBæ÷&ÖÂÓ¢÷WFW"Æö÷ ¢fW'FW‚ãsSSƒ‚ãƒ#srÓ3 ¢fW'FW‚ãsb#ãƒ3s"Ó3 ¢fW'FW‚"ãc#Sb‚ãc#CbÓ3 ¢VæFÆö÷ ¢VæFf6W@¢f6WBæ÷&ÖÂÓÓ¢÷WFW"Æö÷ ¢fW'FW‚ãsb#ãƒ3s"Ó3 ¢fW'FW‚ãsSSƒ‚ãƒ#srÓ3 ¢fW'FW‚ãƒ3S"#"ã3sƒ2Ó3 ¢VæFÆö÷ ¢VæFf6W@¢f6WBæ÷&ÖÂÓ¢÷WFW"Æö÷ ¢fW'FW‚ãƒƒ#SB‚ã“SccbÓ3 ¢fW'FW‚ãƒ3S"#"ã3sƒ2Ó3 ¢fW'FW‚ãsSSƒ‚ãƒ#srÓ3 ¢VæFÆö÷ ¢VæFf6W@¢f6WBæ÷&ÖÂÓÓ¢÷WFW"Æö÷ ¢fW'FW‚ãƒ3S"#"ã3sƒ2Ó3 ¢fW'FW‚ãƒƒ#SB‚ã“SccbÓ3 ¢fW'FW‚ãcr#"ã“sCRÓ3 ¢VæFÆö÷ ¢VæFf6W@¢f6WBæ÷&ÖÂÓ¢÷WFW"Æö÷ ¢fW'FW‚’Ó3 ¢fW'FW‚ãcr#"ã“sCRÓ3 ¢fW'FW‚ãƒƒ#SB‚ã“SccbÓ3 ¢VæFÆö÷ ¢VæFf6W@¢f6WBæ÷&ÖÂÓ¢÷WFW"Æö÷ ¢fW'FW‚Óãƒƒ#SB‚ã“SccbÓ3 ¢fW'FW‚ãcr#"ã“sCRÓ3 ¢fW'FW‚’Ó3 ¢VæFÆö÷ ¢VæFf6W@¢f6WBæ÷&ÖÂÓÓ¢÷WFW"Æö÷ ¢fW'FW‚ãcr#"ã“sCRÓ3 ¢fW'FW‚Óãƒƒ#SB‚ã“SccbÓ3 ¢fW'FW‚ãSr#2ãc3Ó3 ¢VæFÆö÷ ¢VæFf6W@¢f6WBæ÷&ÖÂÓÓ¢÷WFW"Æö÷ ¢fW'FW‚ãSr#2ãc3Ó3 ¢fW'FW‚Óãƒƒ#SB‚ã“SccbÓ3 ¢fW'FW‚Ó‚32Ó3 ¢VæFÆö÷ ¢VæFf6W@¢f6WBæ÷&ÖÂÓ¢÷WFW"Æö÷ ¢fW'FW‚Ó‚32Ó3 ¢fW'FW‚Óãƒƒ#SB‚ã“SccbÓ3 ¢fW'FW‚ÓãsSSƒ‚ãƒ#srÓ3 ¢VæFÆö÷ ¢VæFf6W@¢f6WBæ÷&ÖÂÓ¢÷WFW"Æö÷ ¢fW'FW‚Ó‚32Ó3 ¢fW'FW‚ÓãsSSƒ‚ãƒ#srÓ3 ¢fW'FW‚Ó"ãc#Sb‚ãc#CbÓ3 ¢VæFÆö÷ ¢VæFf6W@¢f6WBæ÷&ÖÂÓ¢÷WFW"Æö÷ ¢fW'FW‚Ó’ãSs‚3"ãSsƒ‚Ó3 ¢fW'FW‚Ó"ãc#Sb‚ãc#CbÓ3 ¢fW'FW‚Ó2ãCCCR‚ã3C“"Ó3 ¢VæFÆö÷ ¢VæFf6W@¢f6WBæ÷&ÖÂÓ¢÷WFW"Æö÷ ¢fW'FW‚Ó’ãSs‚3"ãSsƒ‚Ó3 ¢fW'FW‚Ó2ãCCCR‚ã3C“"Ó3 ¢fW'FW‚ÓBã#C#Srrã“3s#’Ó3 ¢VæFÆö÷ ¢VæFf6W@¢f6WBæ÷&ÖÂÓ¢÷WFW"Æö÷ ¢fW'FW‚Ó’ãSs‚3"ãSsƒ‚Ó3 ¢fW'FW‚ÓBã#C#Srrã“3s#’Ó3 ¢fW'FW‚ÓRã2rãCƒ3#2Ó3 ¢VæFÆö÷ ¢VæFf6W@¢f6WBæ÷&ÖÂÓ¢÷WFW"Æö÷ ¢fW'FW‚Ó’ãSs‚3"ãSsƒ‚Ó3 ¢fW'FW‚ÓRã2rãCƒ3#2Ó3 ¢fW'FW‚ÓRãs“SBbã“Ss’Ó3 ¢VæFÆö÷ ¢VæFf6W@¢f6WBæ÷&ÖÂÓ¢÷WFW"Æö÷ ¢fW'FW‚Ó’ãSs‚3"ãSsƒ‚Ó3 ¢fW'FW‚ÓRãs“SBbã“Ss’Ó3 ¢fW'FW‚Óbã3c3“bbã3c3“bÓ3 ¢VæFÆö÷ ¢VæFf6W@¢f6WBæ÷&ÖÂÓ¢÷WFW"Æö÷ ¢fW'FW‚Ó’ãSs‚3"ãSsƒ‚Ó3 ¢fW'FW‚Óbã3c3“bbã3c3“bÓ3 ¢fW'FW‚Óbã“Ss’Rãs“SBÓ3 ¢VæFÆö÷ ¢VæFf6W@¢f6WBæ÷&ÖÂÓ¢÷WFW"Æö÷ ¢fW'FW‚Ó’ãSs‚3"ãSsƒ‚Ó3 ¢fW'FW‚Óbã“Ss’Rãs“SBÓ3 ¢fW'FW‚ÓrãCƒ3#2Rã2Ó3 ¢VæFÆö÷ ¢VæFf6W@¢f6WBæ÷&ÖÂÓ¢÷WFW"Æö÷ ¢fW'FW‚Ó’ãSs‚3"ãSsƒ‚Ó3 ¢fW'FW‚ÓrãCƒ3#2Rã2Ó3 ¢fW'FW‚Órã“3s#’Bã#C#SrÓ3 ¢VæFÆö÷ ¢VæFf6W@¢f6WBæ÷&ÖÂÓ¢÷WFW"Æö÷ ¢fW'FW‚ãSr#2ãc3Ó3 ¢fW'FW‚Ó‚32Ó3 ¢fW'FW‚‚32Ó3 ¢VæFÆö÷ ¢VæFf6W@¢f6WBæ÷&ÖÂÓ¢÷WFW"Æö÷ ¢fW'FW‚Ó’ãSs‚3"ãSsƒ‚Ó3 ¢fW'FW‚Órã“3s#’Bã#C#SrÓ3 ¢fW'FW‚Ó‚ã3C“"2ãCCCRÓ3 ¢VæFÆö÷ ¢VæFf6W@¢f6WBæ÷&ÖÂÓ¢÷WFW"Æö÷ ¢fW'FW‚Ó’ãSs‚3"ãSsƒ‚Ó3 ¢fW'FW‚Ó‚ã3C“"2ãCCCRÓ3 ¢fW'FW‚Ó‚ãc#Cb"ãc#SbÓ3 ¢VæFÆö÷ ¢VæFf6W@¢f6WBæ÷&ÖÂÓ¢÷WFW"Æö÷ ¢fW'FW‚Ó’ãSs‚3"ãSsƒ‚Ó3 ¢fW'FW‚Ó‚ãc#Cb"ãc#SbÓ3 ¢fW'FW‚Ó‚ãƒ#srãsSSƒÓ3 ¢VæFÆö÷ ¢VæFf6W@¢f6WBæ÷&ÖÂÓ¢÷WFW"Æö÷ ¢fW'FW‚Ó’ãSs‚3"ãSsƒ‚Ó3 ¢fW'FW‚Ó‚ãƒ#srãsSSƒÓ3 ¢fW'FW‚Ó‚ã“Sccbãƒƒ#SBÓ3 ¢VæFÆö÷ ¢VæFf6W@¢f6WBæ÷&ÖÂÓ¢÷WFW"Æö÷ ¢fW'FW‚Ó’ãSs‚3"ãSsƒ‚Ó3 ¢fW'FW‚Ó‚ã“Sccbãƒƒ#SBÓ3 ¢fW'FW‚Ó’Ó3 ¢VæFÆö÷ ¢VæFf6W@¢f6WBæ÷&ÖÂÓÓ¢÷WFW"Æö÷ ¢fW'FW‚Óbã3c3“bÓbã3c3“bÓ3 ¢fW'FW‚Ó2ã3#S‚Ó#ãS“3RÓ3 ¢fW'FW‚Óbã“Ss’ÓRãs“SBÓ3 ¢VæFÆö÷ ¢VæFf6W@¢f6WBæ÷&ÖÂÓ¢÷WFW"Æö÷ ¢fW'FW‚Ó"ãc#Sb‚ãc#CbÓ3 ¢fW'FW‚Ó’ãSs‚3"ãSsƒ‚Ó3 ¢fW'FW‚Ó‚32Ó3 ¢VæFÆö÷ ¢VæFf6W@¢f6WBæ÷&ÖÂÓ¢÷WFW"Æö÷ ¢fW'FW‚ÓãcCc’C2ãCccrÓ3 ¢fW'FW‚Ó‚32Ó3 ¢fW'FW‚Ó’ãSs‚3"ãSsƒ‚Ó3 ¢VæFÆö÷ ¢VæFf6W@¢f6WBæ÷&ÖÂÓ¢÷WFW"Æö÷ ¢fW'FW‚Ó‚32Ó3 ¢fW'FW‚ÓãcCc’C2ãCccrÓ3 ¢fW'FW‚Óãs32C2ãcƒBÓ3 ¢VæFÆö÷ ¢VæFf6W@¢f6WBæ÷&ÖÂÓ¢÷WFW"Æö÷ ¢fW'FW‚Ó’ãSs‚3"ãSsƒ‚Ó3 ¢fW'FW‚ÓBãCcC‚C"ãc’Ó3 ¢fW'FW‚ÓãcCc’C2ãCccrÓ3 ¢VæFÆö÷ ¢VæFf6W@¢f6WBæ÷&ÖÂÓÓ¢÷WFW"Æö÷ ¢fW'FW‚ÓBãCcC‚C"ãc’Ó3 ¢fW'FW‚Ó’ãSs‚3"ãSsƒ‚Ó3 ¢fW'FW‚ÓRã#3‚C"ã333rÓ3 ¢VæFÆö÷ ¢VæFf6W@¢f6WBæ÷&ÖÂÓ¢÷WFW"Æö÷ ¢fW'FW‚’ãSs‚Ó3"ãSsƒ‚Ó3 ¢fW'FW‚BãCcC‚ÓC"ãc’Ó3 ¢fW'FW‚ãcCc’ÓC2ãCccrÓ3 ¢VæFÆö÷ ¢VæFf6W@¢f6WBæ÷&ÖÂÓ¢÷WFW"Æö÷ ¢fW'FW‚‚Ó32Ó3 ¢fW'FW‚ãcCc’ÓC2ãCccrÓ3 ¢fW'FW‚ãs32ÓC2ãcƒBÓ3 ¢VæFÆö÷ ¢VæFf6W@¢f6WBæ÷&ÖÂÓ¢÷WFW"Æö÷ ¢fW'FW‚BãCcC‚ÓC"ãc’Ó3 ¢fW'FW‚’ãSs‚Ó3"ãSsƒ‚Ó3 ¢fW'FW‚Rã#3‚ÓC"ã333rÓ3 ¢VæFÆö÷ ¢VæFf6W@¢f6WBæ÷&ÖÂÓ¢÷WFW"Æö÷ ¢fW'FW‚bã3c3“bbã3c3“bÓ3 ¢fW'FW‚2ã3#S‚#ãS“3RÓ3 ¢fW'FW‚bã“Ss’Rãs“SBÓ3 ¢VæFÆö÷ ¢VæFf6W@¢f6WBæ÷&ÖÂÓ¢÷WFW"Æö÷ ¢fW'FW‚ãSrÓ#2ãc3Ó3 ¢fW'FW‚‚ã“SccbÓãƒƒ#SBÓ3 ¢fW'FW‚’Ó3 ¢VæFÆö÷ ¢VæFf6W@¢f6WBæ÷&ÖÂÓ¢÷WFW"Æö÷ ¢fW'FW‚ãSrÓ#2ãc3Ó3 ¢fW'FW‚‚ãƒ#srÓãsSSƒÓ3 ¢fW'FW‚‚ã“SccbÓãƒƒ#SBÓ3 ¢VæFÆö÷ ¢VæFf6W@¢f6WBæ÷&ÖÂÓ¢÷WFW"Æö÷ ¢fW'FW‚ãSrÓ#2ãc3Ó3 ¢fW'FW‚‚ãc#CbÓ"ãc#SbÓ3 ¢fW'FW‚‚ãƒ#srÓãsSSƒÓ3 ¢VæFÆö÷ ¢VæFf6W@¢f6WBæ÷&ÖÂÓ¢÷WFW"Æö÷ ¢fW'FW‚ãSrÓ#2ãc3Ó3 ¢fW'FW‚‚ã3C“"Ó2ãCCCRÓ3 ¢fW'FW‚‚ãc#CbÓ"ãc#SbÓ3 ¢VæFÆö÷ ¢VæFf6W@¢f6WBæ÷&ÖÂÓ¢÷WFW"Æö÷ ¢fW'FW‚ãcCc’ÓC2ãCccrÓ3 ¢fW'FW‚‚Ó32Ó3 ¢fW'FW‚’ãSs‚Ó3"ãSsƒ‚Ó3 ¢VæFÆö÷ ¢VæFf6W@¢f6WBæ÷&ÖÂÓ¢÷WFW"Æö÷ ¢fW'FW‚ÓãSrÓ#2ãc3Ó3 ¢fW'FW‚ãS#s‚Ó#Bã#3“’Ó3 ¢fW'FW‚Ó‚Ó32Ó3 ¢VæFÆö÷ ¢VæFf6W@¢f6WBæ÷&ÖÂÓ¢÷WFW"Æö÷ ¢fW'FW‚ãSrÓ#2ãc3Ó3 ¢fW'FW‚rã“3s#’ÓBã#C#SrÓ3 ¢fW'FW‚‚ã3C“"Ó2ãCCCRÓ3 ¢VæFÆö÷ ¢VæFf6W@¢f6WBæ÷&ÖÂÓ¢÷WFW"Æö÷ ¢fW'FW‚ãSrÓ#2ãc3Ó3 ¢fW'FW‚rãCƒ3#2ÓRã2Ó3 ¢fW'FW‚rã“3s#’ÓBã#C#SrÓ3 ¢VæFÆö÷ ¢VæFf6W@¢f6WBæ÷&ÖÂÓ¢÷WFW"Æö÷ ¢fW'FW‚ãSrÓ#2ãc3Ó3 ¢fW'FW‚bã“Ss’ÓRãs“SBÓ3 ¢fW'FW‚rãCƒ3#2ÓRã2Ó3 ¢VæFÆö÷ ¢VæFf6W@¢f6WBæ÷&ÖÂÓ¢÷WFW"Æö÷ ¢fW'FW‚ãSrÓ#2ãc3Ó3 ¢fW'FW‚bã3c3“bÓbã3c3“bÓ3 ¢fW'FW‚bã“Ss’ÓRãs“SBÓ3 ¢VæFÆö÷ ¢VæFf6W@¢f6WBæ÷&ÖÂÓ¢÷WFW"Æö÷ ¢fW'FW‚ãSrÓ#2ãc3Ó3 ¢fW'FW‚Rãs“SBÓbã“Ss’Ó3 ¢fW'FW‚bã3c3“bÓbã3c3“bÓ3 ¢VæFÆö÷ ¢VæFf6W@¢f6WBæ÷&ÖÂÓ¢÷WFW"Æö÷ ¢fW'FW‚ãSrÓ#2ãc3Ó3 ¢fW'FW‚Rã2ÓrãCƒ3#2Ó3 ¢fW'FW‚Rãs“SBÓbã“Ss’Ó3 ¢VæFÆö÷ ¢VæFf6W@¢f6WBæ÷&ÖÂÓ¢÷WFW"Æö÷ ¢fW'FW‚ãSrÓ#2ãc3Ó3 ¢fW'FW‚Bã#C#SrÓrã“3s#’Ó3 ¢fW'FW‚Rã2ÓrãCƒ3#2Ó3 ¢VæFÆö÷ ¢VæFf6W@¢f6WBæ÷&ÖÂÓ¢÷WFW"Æö÷ ¢fW'FW‚ãSrÓ#2ãc3Ó3 ¢fW'FW‚2ãCCCRÓ‚ã3C“"Ó3 ¢fW'FW‚Bã#C#SrÓrã“3s#’Ó3 ¢VæFÆö÷ ¢VæFf6W@¢f6WBæ÷&ÖÂÓ¢÷WFW"Æö÷ ¢fW'FW‚ãSrÓ#2ãc3Ó3 ¢fW'FW‚"ãc#SbÓ‚ãc#CbÓ3 ¢fW'FW‚2ãCCCRÓ‚ã3C“"Ó3 ¢VæFÆö÷ ¢VæFf6W@¢f6WBæ÷&ÖÂÓ¢÷WFW"Æö÷ ¢fW'FW‚ãSrÓ#2ãc3Ó3 ¢fW'FW‚ãsSSƒÓ‚ãƒ#srÓ3 ¢fW'FW‚"ãc#SbÓ‚ãc#CbÓ3 ¢VæFÆö÷ ¢VæFf6W@¢f6WBæ÷&ÖÂÓ¢÷WFW"Æö÷ ¢fW'FW‚ãSrÓ#2ãc3Ó3 ¢fW'FW‚ãƒƒ#SBÓ‚ã“SccbÓ3 ¢fW'FW‚ãsSSƒÓ‚ãƒ#srÓ3 ¢VæFÆö÷ ¢VæFf6W@¢f6WBæ÷&ÖÂÓ¢÷WFW"Æö÷ ¢fW'FW‚ãSrÓ#2ãc3Ó3 ¢fW'FW‚Ó’Ó3 ¢fW'FW‚ãƒƒ#SBÓ‚ã“SccbÓ3 ¢VæFÆö÷ ¢VæFf6W@¢f6WBæ÷&ÖÂÓ¢÷WFW"Æö÷ ¢fW'FW‚ãS#s‚Ó#Bã#3“’Ó3 ¢fW'FW‚ÓãSrÓ#2ãc3Ó3 ¢fW'FW‚ãSrÓ#2ãc3Ó3 ¢VæFÆö÷ ¢VæFf6W@¢f6WBæ÷&ÖÂÓ¢÷WFW"Æö÷ ¢fW'FW‚ÓãcrÓ#"ã“sCRÓ3 ¢fW'FW‚ãSrÓ#2ãc3Ó3 ¢fW'FW‚ÓãSrÓ#2ãc3Ó3 ¢VæFÆö÷ ¢VæFf6W@¢f6WBæ÷&ÖÂÓ¢÷WFW"Æö÷ ¢fW'FW‚ãSrÓ#2ãc3Ó3 ¢fW'FW‚ÓãcrÓ#"ã“sCRÓ3 ¢fW'FW‚Ó’Ó3 ¢VæFÆö÷ ¢VæFf6W@¢f6WBæ÷&ÖÂÓÓ¢÷WFW"Æö÷ ¢fW'FW‚Ó’Ó3 ¢fW'FW‚ÓãcrÓ#"ã“sCRÓ3 ¢fW'FW‚Óãƒƒ#SBÓ‚ã“SccbÓ3 ¢VæFÆö÷ ¢VæFf6W@¢f6WBæ÷&ÖÂÓ¢÷WFW"Æö÷ ¢fW'FW‚Óãƒ3S"Ó#"ã3sƒ2Ó3 ¢fW'FW‚Óãƒƒ#SBÓ‚ã“SccbÓ3 ¢fW'FW‚ÓãcrÓ#"ã“sCRÓ3 ¢VæFÆö÷ ¢VæFf6W@¢f6WBæ÷&ÖÂÓÓ¢÷WFW"Æö÷ ¢fW'FW‚Óãƒƒ#SBÓ‚ã“SccbÓ3 ¢fW'FW‚Óãƒ3S"Ó#"ã3sƒ2Ó3 ¢fW'FW‚ÓãsSSƒÓ‚ãƒ#srÓ3 ¢VæFÆö÷ ¢VæFf6W@¢f6WBæ÷&ÖÂÓ¢÷WFW"Æö÷ ¢fW'FW‚ÓãsbÓ#ãƒ3s"Ó3 ¢fW'FW‚ÓãsSSƒÓ‚ãƒ#srÓ3 ¢fW'FW‚Óãƒ3S"Ó#"ã3sƒ2Ó3 ¢VæFÆö÷ ¢VæFf6W@¢f6WBæ÷&ÖÂÓÓ¢÷WFW"Æö÷ ¢fW'FW‚ÓãsSSƒÓ‚ãƒ#srÓ3 ¢fW'FW‚ÓãsbÓ#ãƒ3s"Ó3 ¢fW'FW‚Ó"ãc#SbÓ‚ãc#CbÓ3 ¢VæFÆö÷ ¢VæFf6W@¢f6WBæ÷&ÖÂÓ¢÷WFW"Æö÷ ¢fW'FW‚ÓãcsÓ#ã3s#"Ó3 ¢fW'FW‚Ó"ãc#SbÓ‚ãc#CbÓ3 ¢fW'FW‚ÓãsbÓ#ãƒ3s"Ó3 ¢VæFÆö÷ ¢VæFf6W@¢f6WBæ÷&ÖÂÓÓ¢÷WFW"Æö÷ ¢fW'FW‚Ó"ãc#SbÓ‚ãc#CbÓ3 ¢fW'FW‚ÓãcsÓ#ã3s#"Ó3 ¢fW'FW‚Ó2ãCCCRÓ‚ã3C“"Ó3 ¢VæFÆö÷ ¢VæFf6W@¢f6WBæ÷&ÖÂÓÓ¢÷WFW"Æö÷ ¢fW'FW‚Ó2ãCCCRÓ‚ã3C“"Ó3 ¢fW'FW‚ÓãcsÓ#ã3s#"Ó3 ¢fW'FW‚ÓBã#C#SrÓrã“3s#’Ó3 ¢VæFÆö÷ ¢VæFf6W@¢f6WBæ÷&ÖÂÓ¢÷WFW"Æö÷ ¢fW'FW‚Ó"ã#RÓ#ãÓ3 ¢fW'FW‚ÓBã#C#SrÓrã“3s#’Ó3 ¢fW'FW‚ÓãcsÓ#ã3s#"Ó3 ¢VæFÆö÷ ¢VæFf6W@¢f6WBæ÷&ÖÂÓÓ¢÷WFW"Æö÷ ¢fW'FW‚ÓBã#C#SrÓrã“3s#’Ó3 ¢fW'FW‚Ó"ã#RÓ#ãÓ3 ¢fW'FW‚ÓRã2ÓrãCƒ3#2Ó3 ¢VæFÆö÷ ¢VæFf6W@¢f6WBæ÷&ÖÂÓ¢÷WFW"Æö÷ ¢fW'FW‚#BãSsƒ‚Ó#2ãC#ƒ"Ó3 ¢fW'FW‚32ãƒ3#‚Ó#’ãcsbÓ3 ¢fW'FW‚3ãƒ“‚Ó3ãƒ“‚Ó3 ¢VæFÆö÷ ¢VæFf6W@¢f6WBæ÷&ÖÂÓ¢÷WFW"Æö÷ ¢fW'FW‚#2ãC#ƒ"Ó#BãSsƒ‚Ó3 ¢fW'FW‚3ãƒ“‚Ó3ãƒ“‚Ó3 ¢fW'FW‚3ã3#’Ó3"ãCc3"Ó3 ¢VæFÆö÷ ¢VæFf6W@¢f6WBæ÷&ÖÂÓ¢÷WFW"Æö÷ ¢fW'FW‚32ãƒ3#‚Ó#’ãcsbÓ3 ¢fW'FW‚#BãSsƒ‚Ó#2ãC#ƒ"Ó3 ¢fW'FW‚3Bã333rÓ#’ãc"Ó3 ¢VæFÆö÷ ¢VæFf6W@¢f6WBæ÷&ÖÂÓ¢÷WFW"Æö÷ ¢fW'FW‚BãS“"Ó#ãcscBÓ3 ¢fW'FW‚#Rã#’Ó"ã#“ƒÓ3 ¢fW'FW‚RãƒsBÓ#ã“’Ó3 ¢VæFÆö÷ ¢VæFf6W@¢f6WBæ÷&ÖÂÓÓ¢÷WFW"Æö÷ ¢fW'FW‚#Rã#’Ó"ã#“ƒÓ3 ¢fW'FW‚BãS“"Ó#ãcscBÓ3 ¢fW'FW‚#Bãs“srÓãƒSbÓ3 ¢VæFÆö÷ ¢VæFf6W@¢f6WBæ÷&ÖÂÓ¢÷WFW"Æö÷ ¢fW'FW‚bãƒ#sRÓ#"ãssÓ3 ¢fW'FW‚#BãSsƒ‚Ó#2ãC#ƒ"Ó3 ¢fW'FW‚#2ãC#ƒ"Ó#BãSsƒ‚Ó3 ¢VæFÆö÷ ¢VæFf6W@¢f6WBæ÷&ÖÂÓ¢÷WFW"Æö÷ ¢fW'FW‚3ãƒ“‚Ó3ãƒ“‚Ó3 ¢fW'FW‚#2ãC#ƒ"Ó#BãSsƒ‚Ó3 ¢fW'FW‚#BãSsƒ‚Ó#2ãC#ƒ"Ó3 ¢VæFÆö÷ ¢VæFf6W@¢f6WBæ÷&ÖÂÓ¢÷WFW"Æö÷ ¢fW'FW‚3ãS#bã#C3s"Ó3 ¢fW'FW‚32‚Ó3 ¢fW'FW‚3ãcƒsbãc3CC2Ó3 ¢VæFÆö÷ ¢VæFf6W@¢f6WBæ÷&ÖÂÓ¢÷WFW"Æö÷ ¢fW'FW‚3ã##2ãƒSbÓ3 ¢fW'FW‚32‚Ó3 ¢fW'FW‚3ãS#bã#C3s"Ó3 ¢VæFÆö÷ ¢VæFf6W@¢f6WBæ÷&ÖÂÓ¢÷WFW"Æö÷ ¢fW'FW‚#’ãs“ƒ"ã#“ƒÓ3 ¢fW'FW‚32‚Ó3 ¢fW'FW‚3ã##2ãƒSbÓ3 ¢VæFÆö÷ ¢VæFf6W@¢f6WBæ÷&ÖÂÓ¢÷WFW"Æö÷ ¢fW'FW‚#’ã3Sb"ãs##‚Ó3 ¢fW'FW‚32‚Ó3 ¢fW'FW‚#’ãs“ƒ"ã#“ƒÓ3 ¢VæFÆö÷ ¢VæFf6W@¢f6WBæ÷&ÖÂÓ¢÷WFW"Æö÷ ¢fW'FW‚#‚ãsC3r2ã#cÓ3 ¢fW'FW‚32‚Ó3 ¢fW'FW‚#’ã3Sb"ãs##‚Ó3 ¢VæFÆö÷ ¢VæFf6W@¢f6WBæ÷&ÖÂÓ¢÷WFW"Æö÷ ¢fW'FW‚#‚ã3B2ãƒsSRÓ3 ¢fW'FW‚32‚Ó3 ¢fW'FW‚#‚ãsC3r2ã#cÓ3 ¢VæFÆö÷ ¢VæFf6W@¢f6WBæ÷&ÖÂÓÓ¢÷WFW"Æö÷ ¢fW'FW‚32‚Ó3 ¢fW'FW‚#‚ã3B2ãƒsSRÓ3 ¢fW'FW‚3"ãSsƒ‚’ãSs‚Ó3 ¢VæFÆö÷ ¢VæFf6W@¢f6WBæ÷&ÖÂÓ¢÷WFW"Æö÷ ¢fW'FW‚#rãR2ã#RÓ3 ¢fW'FW‚3"ãSsƒ‚’ãSs‚Ó3 ¢fW'FW‚#‚ã3B2ãƒsSRÓ3 ¢VæFÆö÷ ¢VæFf6W@¢f6WBæ÷&ÖÂÓ¢÷WFW"Æö÷ ¢fW'FW‚#bãƒcb2ãƒsSRÓ3 ¢fW'FW‚3"ãSsƒ‚’ãSs‚Ó3 ¢fW'FW‚#rãR2ã#RÓ3 ¢VæFÆö÷ ¢VæFf6W@¢f6WBæ÷&ÖÂÓ¢÷WFW"Æö÷ ¢fW'FW‚#bã#Sc22ã#cÓ3 ¢fW'FW‚3"ãSsƒ‚’ãSs‚Ó3 ¢fW'FW‚#bãƒcb2ãƒsSRÓ3 ¢VæFÆö÷ ¢VæFf6W@¢f6WBæ÷&ÖÂÓ¢÷WFW"Æö÷ ¢fW'FW‚Rãs#ƒR#ã#3s2Ó3 ¢fW'FW‚#bã#Sc22ã#cÓ3 ¢fW'FW‚#Rãc“CB"ãs##‚Ó3 ¢VæFÆö÷ ¢VæFf6W@¢f6WBæ÷&ÖÂÓ¢÷WFW"Æö÷ ¢fW'FW‚RãƒsB#ã“’Ó3 ¢fW'FW‚#Rãc“CB"ãs##‚Ó3 ¢fW'FW‚#Rã#’"ã#“ƒÓ3 ¢VæFÆö÷ ¢VæFf6W@¢f6WBæ÷&ÖÂÓ¢÷WFW"Æö÷ ¢fW'FW‚#bã#Sc22ã#cÓ3 ¢fW'FW‚Rãs#ƒR#ã#3s2Ó3 ¢fW'FW‚3"ãSsƒ‚’ãSs‚Ó3 ¢VæFÆö÷ ¢VæFf6W@¢f6WBæ÷&ÖÂÓ¢÷WFW"Æö÷ ¢fW'FW‚‚ãc#Cb"ãc#SbÓ3 ¢fW'FW‚#BãC“sBã#C3s"Ó3 ¢fW'FW‚‚ãƒ#srãsSSƒÓ3 ¢VæFÆö÷ ¢VæFf6W@¢f6WBæ÷&ÖÂÓ¢÷WFW"Æö÷ ¢fW'FW‚‚ãƒ#srãsSSƒÓ3 ¢fW'FW‚#Bã3#Bãc3CC2Ó3 ¢fW'FW‚‚ã“Sccbãƒƒ#SBÓ3 ¢VæFÆö÷ ¢VæFf6W@¢f6WBæ÷&ÖÂÓ¢÷WFW"Æö÷ ¢fW'FW‚32Ó‚Ó3 ¢fW'FW‚CBã3S2Ó‚ãss“bÓ3 ¢fW'FW‚C2ãCccrÓãcCc’Ó3 ¢VæFÆö÷ ¢VæFf6W@¢f6WBæ÷&ÖÂÓ¢÷WFW"Æö÷ ¢fW'FW‚3"ãSsƒ‚Ó’ãSs‚Ó3 ¢fW'FW‚C2ãCccrÓãcCc’Ó3 ¢fW'FW‚C2ã“3RÓ"ãSCsRÓ3 ¢VæFÆö÷ ¢VæFf6W@¢f6WBæ÷&ÖÂÓ¢÷WFW"Æö÷ ¢fW'FW‚CBã3S2Ó‚ãss“bÓ3 ¢fW'FW‚32Ó‚Ó3 ¢fW'FW‚CBã#cBÓ‚Ó3 ¢VæFÆö÷ ¢VæFf6W@¢f6WBæ÷&ÖÂÓ¢÷WFW"Æö÷ ¢fW'FW‚#‚ã3BÓ2ãƒsSRÓ3 ¢fW'FW‚32Ó‚Ó3 ¢fW'FW‚3"ãSsƒ‚Ó’ãSs‚Ó3 ¢VæFÆö÷ ¢VæFf6W@¢f6WBæ÷&ÖÂÓ¢÷WFW"Æö÷ ¢fW'FW‚C2ãCccrÓãcCc’Ó3 ¢fW'FW‚3"ãSsƒ‚Ó’ãSs‚Ó3 ¢fW'FW‚32Ó‚Ó3 ¢VæFÆö÷ ¢VæFf6W@¢f6WBæ÷&ÖÂÓ¢÷WFW"Æö÷ ¢fW'FW‚32‚Ó3 ¢fW'FW‚C2ãCccrãcCc’Ó3 ¢fW'FW‚C2ãcƒBãs32Ó3 ¢VæFÆö÷ ¢VæFf6W@¢f6WBæ÷&ÖÂÓÓ¢÷WFW"Æö÷ ¢fW'FW‚C2ãCccrãcCc’Ó3 ¢fW'FW‚3"ãSsƒ‚’ãSs‚Ó3 ¢fW'FW‚C"ãc’BãCcC‚Ó3 ¢VæFÆö÷ ¢VæFf6W@¢f6WBæ÷&ÖÂÓ¢÷WFW"Æö÷ ¢fW'FW‚C2ãCccrãcCc’Ó3 ¢fW'FW‚32‚Ó3 ¢fW'FW‚3"ãSsƒ‚’ãSs‚Ó3 ¢VæFÆö÷ ¢VæFf6W@¢f6WBæ÷&ÖÂÓÓ¢÷WFW"Æö÷ ¢fW'FW‚C"ãc’BãCcC‚Ó3 ¢fW'FW‚3"ãSsƒ‚’ãSs‚Ó3 ¢fW'FW‚C"ã333rRã#3‚Ó3 ¢VæFÆö÷ ¢VæFf6W@¢f6WBæ÷&ÖÂÓ¢÷WFW"Æö÷ ¢fW'FW‚32Ó‚Ó3 ¢fW'FW‚3ãsRÓ3 ¢fW'FW‚32‚Ó3 ¢VæFÆö÷ ¢VæFf6W@¢f6WBæ÷&ÖÂÓ¢÷WFW"Æö÷ ¢fW'FW‚3ãcƒsbãc3CC2Ó3 ¢fW'FW‚32‚Ó3 ¢fW'FW‚3ãsRÓ3 ¢VæFÆö÷ ¢VæFf6W@¢f6WBæ÷&ÖÂÓ¢÷WFW"Æö÷ ¢fW'FW‚32Ó‚Ó3 ¢fW'FW‚3ãcƒsbÓãc3CC2Ó3 ¢fW'FW‚3ãsRÓ3 ¢VæFÆö÷ ¢VæFf6W@¢f6WBæ÷&ÖÂÓ¢÷WFW"Æö÷ ¢fW'FW‚32Ó‚Ó3 ¢fW'FW‚3ãS#bÓã#C3s"Ó3 ¢fW'FW‚3ãcƒsbÓãc3CC2Ó3 ¢VæFÆö÷ ¢VæFf6W@¢f6WBæ÷&ÖÂÓ¢÷WFW"Æö÷ ¢fW'FW‚32Ó‚Ó3 ¢fW'FW‚3ã##2ÓãƒSbÓ3 ¢fW'FW‚3ãS#bÓã#C3s"Ó3 ¢VæFÆö÷ ¢VæFf6W@¢f6WBæ÷&ÖÂÓ¢÷WFW"Æö÷ ¢fW'FW‚32Ó‚Ó3 ¢fW'FW‚#’ãs“ƒÓ"ã#“ƒÓ3 ¢fW'FW‚3ã##2ÓãƒSbÓ3 ¢VæFÆö÷ ¢VæFf6W@¢f6WBæ÷&ÖÂÓ¢÷WFW"Æö÷ ¢fW'FW‚32Ó‚Ó3 ¢fW'FW‚#’ã3SbÓ"ãs##‚Ó3 ¢fW'FW‚#’ãs“ƒÓ"ã#“ƒÓ3 ¢VæFÆö÷ ¢VæFf6W@¢f6WBæ÷&ÖÂÓ¢÷WFW"Æö÷ ¢fW'FW‚32Ó‚Ó3 ¢fW'FW‚#‚ãsC3rÓ2ã#cÓ3 ¢fW'FW‚#’ã3SbÓ"ãs##‚Ó3 ¢VæFÆö÷ ¢VæFf6W@¢f6WBæ÷&ÖÂÓ¢÷WFW"Æö÷ ¢fW'FW‚32Ó‚Ó3 ¢fW'FW‚#‚ã3BÓ2ãƒsSRÓ3 ¢fW'FW‚#‚ãsC3rÓ2ã#cÓ3 ¢VæFÆö÷ ¢VæFf6W@¢f6WBæ÷&ÖÂÓ¢÷WFW"Æö÷ ¢fW'FW‚3"ãSsƒ‚Ó’ãSs‚Ó3 ¢fW'FW‚#rãRÓ2ã#RÓ3 ¢fW'FW‚#‚ã3BÓ2ãƒsSRÓ3 ¢VæFÆö÷ ¢VæFf6W@¢f6WBæ÷&ÖÂÓ¢÷WFW"Æö÷ ¢fW'FW‚3"ãSsƒ‚Ó’ãSs‚Ó3 ¢fW'FW‚#bãƒcbÓ2ãƒsSRÓ3 ¢fW'FW‚#rãRÓ2ã#RÓ3 ¢VæFÆö÷ ¢VæFf6W@¢f6WBæ÷&ÖÂÓ¢÷WFW"Æö÷ ¢fW'FW‚3"ãSsƒ‚Ó’ãSs‚Ó3 ¢fW'FW‚#bã#Sc2Ó2ã#cÓ3 ¢fW'FW‚#bãƒcbÓ2ãƒsSRÓ3 ¢VæFÆö÷ ¢VæFf6W@¢f6WBæ÷&ÖÂÓ¢÷WFW"Æö÷ ¢fW'FW‚#BãSsƒ‚Ó#2ãC#ƒ"Ó3 ¢fW'FW‚#bã#Sc2Ó2ã#cÓ3 ¢fW'FW‚3"ãSsƒ‚Ó’ãSs‚Ó3 ¢VæFÆö÷ ¢VæFf6W@¢f6WBæ÷&ÖÂÓ¢÷WFW"Æö÷ ¢fW'FW‚Rãs#ƒRÓ#ã#3s2Ó3 ¢fW'FW‚#bã#Sc2Ó2ã#cÓ3 ¢fW'FW‚#BãSsƒ‚Ó#2ãC#ƒ"Ó3 ¢VæFÆö÷ ¢VæFf6W@¢f6WBæ÷&ÖÂÓÓ¢÷WFW"Æö÷ ¢fW'FW‚#bã#Sc2Ó2ã#cÓ3 ¢fW'FW‚Rãs#ƒRÓ#ã#3s2Ó3 ¢fW'FW‚#Rãc“CBÓ"ãs##‚Ó3 ¢VæFÆö÷ ¢VæFf6W@¢f6WBæ÷&ÖÂÓ¢÷WFW"Æö÷ ¢fW'FW‚RãƒsBÓ#ã“’Ó3 ¢fW'FW‚#Rãc“CBÓ"ãs##‚Ó3 ¢fW'FW‚Rãs#ƒRÓ#ã#3s2Ó3 ¢VæFÆö÷ ¢VæFf6W@¢f6WBæ÷&ÖÂÓÓ¢÷WFW"Æö÷ ¢fW'FW‚#Rãc“CBÓ"ãs##‚Ó3 ¢fW'FW‚RãƒsBÓ#ã“’Ó3 ¢fW'FW‚#Rã#’Ó"ã#“ƒÓ3 ¢VæFÆö÷ ¢VæFf6W@¢f6WBæ÷&ÖÂÓ¢÷WFW"Æö÷ ¢fW'FW‚#BãSsƒ‚#2ãC#ƒ"Ó3 ¢fW'FW‚3ãƒ“‚3ãƒ“‚Ó3 ¢fW'FW‚3"ãCc3"3ã3#’Ó3 ¢VæFÆö÷ ¢VæFf6W@¢f6WBæ÷&ÖÂÓÓ¢÷WFW"Æö÷ ¢fW'FW‚3ãƒ“‚3ãƒ“‚Ó3 ¢fW'FW‚#2ãC#ƒ"#BãSsƒ‚Ó3 ¢fW'FW‚#’ãcsb32ãƒ3#‚Ó3 ¢VæFÆö÷ ¢VæFf6W@¢f6WBæ÷&ÖÂÓ¢÷WFW"Æö÷ ¢fW'FW‚3ãƒ“‚3ãƒ“‚Ó3 ¢fW'FW‚#BãSsƒ‚#2ãC#ƒ"Ó3 ¢fW'FW‚#2ãC#ƒ"#BãSsƒ‚Ó3 ¢VæFÆö÷ ¢VæFf6W@¢f6WBæ÷&ÖÂÓ¢÷WFW"Æö÷ ¢fW'FW‚#Bã#RÓ3 ¢fW'FW‚‚ã“Sccbãƒƒ#SBÓ3 ¢fW'FW‚#Bã3#Bãc3CC2Ó3 ¢VæFÆö÷ ¢VæFf6W@¢f6WBæ÷&ÖÂÓ¢÷WFW"Æö÷ ¢fW'FW‚‚ã“Sccbãƒƒ#SBÓ3 ¢fW'FW‚#Bã#RÓ3 ¢fW'FW‚’Ó3 ¢VæFÆö÷ ¢VæFf6W@¢f6WBæ÷&ÖÂÓ¢÷WFW"Æö÷ ¢fW'FW‚2ã“c#bÓ#ãSs#rÓ3 ¢fW'FW‚#Bãs“srÓãƒSbÓ3 ¢fW'FW‚BãS“"Ó#ãcscBÓ3 ¢VæFÆö÷ ¢VæFf6W@¢f6WBæ÷&ÖÂÓÓ¢÷WFW"Æö÷ ¢fW'FW‚#’ãcsb32ãƒ3#‚Ó3 ¢fW'FW‚#2ãC#ƒ"#BãSsƒ‚Ó3 ¢fW'FW‚#’ãc"3Bã333rÓ3 ¢VæFÆö÷ ¢VæFf6W@¢f6WBæ÷&ÖÂÓ¢÷WFW"Æö÷ ¢fW'FW‚’Ó3 ¢fW'FW‚#Bãs“srÓãƒSbÓ3 ¢fW'FW‚2ã“c#bÓ#ãSs#rÓ3 ¢VæFÆö÷ ¢VæFf6W@¢f6WBæ÷&ÖÂÓ¢÷WFW"Æö÷ ¢fW'FW‚bã“s#"Ó#2ã3“RÓ3 ¢fW'FW‚#2ãC#ƒ"Ó#BãSsƒ‚Ó3 ¢fW'FW‚bã““2Ó#Bã#ƒ2Ó3 ¢VæFÆö÷ ¢VæFf6W@¢f6WBæ÷&ÖÂÓÓ¢÷WFW"Æö÷ ¢fW'FW‚#2ãC#ƒ"Ó#BãSsƒ‚Ó3 ¢fW'FW‚bãƒƒ“2Ó#BãcSc’Ó3 ¢fW'FW‚bã““2Ó#Bã#ƒ2Ó3 ¢VæFÆö÷ ¢VæFf6W@¢f6WBæ÷&ÖÂÓ¢÷WFW"Æö÷ ¢fW'FW‚#2ãC#ƒ"Ó#BãSsƒ‚Ó3 ¢fW'FW‚bãccC‚Ó#Rã#S3Ó3 ¢fW'FW‚bãƒƒ“2Ó#BãcSc’Ó3 ¢VæFÆö÷ ¢VæFf6W@¢f6WBæ÷&ÖÂÓ¢÷WFW"Æö÷ ¢fW'FW‚#2ãC#ƒ"Ó#BãSsƒ‚Ó3 ¢fW'FW‚bã3#ƒBÓ#Rãs“C"Ó3 ¢fW'FW‚bãccC‚Ó#Rã#S3Ó3 ¢VæFÆö÷ ¢VæFf6W@¢f6WBæ÷&ÖÂÓ¢÷WFW"Æö÷ ¢fW'FW‚#2ãC#ƒ"Ó#BãSsƒ‚Ó3 ¢fW'FW‚Rãƒ“#’Ó#bã#S“"Ó3 ¢fW'FW‚bã3#ƒBÓ#Rãs“C"Ó3 ¢VæFÆö÷ ¢VæFf6W@¢f6WBæ÷&ÖÂÓ¢÷WFW"Æö÷ ¢fW'FW‚#2ãC#ƒ"Ó#BãSsƒ‚Ó3 ¢fW'FW‚Rã3sRÓ#bãc32Ó3 ¢fW'FW‚Rãƒ“#’Ó#bã#S“"Ó3 ¢VæFÆö÷ ¢VæFf6W@¢f6WBæ÷&ÖÂÓ¢÷WFW"Æö÷ ¢fW'FW‚’ãSs‚Ó3"ãSsƒ‚Ó3 ¢fW'FW‚Rã3sRÓ#bãc32Ó3 ¢fW'FW‚#2ãC#ƒ"Ó#BãSsƒ‚Ó3 ¢VæFÆö÷ ¢VæFf6W@¢f6WBæ÷&ÖÂÓ¢÷WFW"Æö÷ ¢fW'FW‚Ó‚Ó32Ó3 ¢fW'FW‚ãS#s‚Ó#Bã#3“’Ó3 ¢fW'FW‚‚Ó32Ó3 ¢VæFÆö÷ ¢VæFf6W@¢f6WBæ÷&ÖÂÓÓ¢÷WFW"Æö÷ ¢fW'FW‚ãcs#RÓ#BãƒcBÓ3 ¢fW'FW‚‚Ó32Ó3 ¢fW'FW‚ãS#s‚Ó#Bã#3“’Ó3 ¢VæFÆö÷ ¢VæFf6W@¢f6WBæ÷&ÖÂÓÓ¢÷WFW"Æö÷ ¢fW'FW‚ã“3SBÓ#RãCCrÓ3 ¢fW'FW‚‚Ó32Ó3 ¢fW'FW‚ãcs#RÓ#BãƒcBÓ3 ¢VæFÆö÷ ¢VæFf6W@¢f6WBæ÷&ÖÂÓÓ¢÷WFW"Æö÷ ¢fW'FW‚ã3cRÓ#Rã“SƒbÓ3 ¢fW'FW‚‚Ó32Ó3 ¢fW'FW‚ã“3SBÓ#RãCCrÓ3 ¢VæFÆö÷ ¢VæFf6W@¢f6WBæ÷&ÖÂÓ¢÷WFW"Æö÷ ¢fW'FW‚‚Ó32Ó3 ¢fW'FW‚ã3cRÓ#Rã“SƒbÓ3 ¢fW'FW‚’ãSs‚Ó3"ãSsƒ‚Ó3 ¢VæFÆö÷ ¢VæFf6W@¢f6WBæ÷&ÖÂÓÓ¢÷WFW"Æö÷ ¢fW'FW‚ãssRÓ#bã3“CÓ3 ¢fW'FW‚’ãSs‚Ó3"ãSsƒ‚Ó3 ¢fW'FW‚ã3cRÓ#Rã“SƒbÓ3 ¢VæFÆö÷ ¢VæFf6W@¢f6WBæ÷&ÖÂÓÓ¢÷WFW"Æö÷ ¢fW'FW‚"ã3#bÓ#bãs3RÓ3 ¢fW'FW‚’ãSs‚Ó3"ãSsƒ‚Ó3 ¢fW'FW‚ãssRÓ#bã3“CÓ3 ¢VæFÆö÷ ¢VæFf6W@¢f6WBæ÷&ÖÂÓÓ¢÷WFW"Æö÷ ¢fW'FW‚"ã“ƒ‚Ó#bã“SRÓ3 ¢fW'FW‚’ãSs‚Ó3"ãSsƒ‚Ó3 ¢fW'FW‚"ã3#bÓ#bãs3RÓ3 ¢VæFÆö÷ ¢VæFf6W@¢f6WBæ÷&ÖÂÓÓ¢÷WFW"Æö÷ ¢fW'FW‚2ãS3sBÓ#rãSƒrÓ3 ¢fW'FW‚’ãSs‚Ó3"ãSsƒ‚Ó3 ¢fW'FW‚"ã“ƒ‚Ó#bã“SRÓ3 ¢VæFÆö÷ ¢VæFf6W@¢f6WBæ÷&ÖÂÓ¢÷WFW"Æö÷ ¢fW'FW‚BãsC"Ó#rã3s’Ó3 ¢fW'FW‚’ãSs‚Ó3"ãSsƒ‚Ó3 ¢fW'FW‚2ãS3sBÓ#rãSƒrÓ3 ¢VæFÆö÷ ¢VæFf6W@¢f6WBæ÷&ÖÂÓ¢÷WFW"Æö÷ ¢fW'FW‚Bãs“CrÓ#bãƒ“3"Ó3 ¢fW'FW‚’ãSs‚Ó3"ãSsƒ‚Ó3 ¢fW'FW‚BãsC"Ó#rã3s’Ó3 ¢VæFÆö÷ ¢VæFf6W@¢f6WBæ÷&ÖÂÓ¢÷WFW"Æö÷ ¢fW'FW‚Rã3sRÓ#bãc32Ó3 ¢fW'FW‚’ãSs‚Ó3"ãSsƒ‚Ó3 ¢fW'FW‚Bãs“CrÓ#bãƒ“3"Ó3 ¢VæFÆö÷ ¢VæFf6W@¢f6WBæ÷&ÖÂÓ¢÷WFW"Æö÷ ¢fW'FW‚’ãSs‚3"ãSsƒ‚Ó3 ¢fW'FW‚ãcCc’C2ãCccrÓ3 ¢fW'FW‚"ãSCsRC2ã“3RÓ3 ¢VæFÆö÷ ¢VæFf6W@¢f6WBæ÷&ÖÂÓ¢÷WFW"Æö÷ ¢fW'FW‚Rãs“SBbã“Ss’Ó3 ¢fW'FW‚2ã3#S‚#ãS“3RÓ3 ¢fW'FW‚bã3c3“bbã3c3“bÓ3 ¢VæFÆö÷ ¢VæFf6W@¢f6WBæ÷&ÖÂÓÓ¢÷WFW"Æö÷ ¢fW'FW‚2ã3#S‚#ãS“3RÓ3 ¢fW'FW‚Rãs“SBbã“Ss’Ó3 ¢fW'FW‚"ãsS2#ãs3ƒ"Ó3 ¢VæFÆö÷ ¢VæFf6W@¢f6WBæ÷&ÖÂÓ¢÷WFW"Æö÷ ¢fW'FW‚‚32Ó3 ¢fW'FW‚ãcCc’C2ãCccrÓ3 ¢fW'FW‚’ãSs‚3"ãSsƒ‚Ó3 ¢VæFÆö÷ ¢VæFf6W@¢f6WBæ÷&ÖÂÓ¢÷WFW"Æö÷ ¢fW'FW‚Rã2rãCƒ3#2Ó3 ¢fW'FW‚"ãsS2#ãs3ƒ"Ó3 ¢fW'FW‚Rãs“SBbã“Ss’Ó3 ¢VæFÆö÷ ¢VæFf6W@¢f6WBæ÷&ÖÂÓÓ¢÷WFW"Æö÷ ¢fW'FW‚"ãsS2#ãs3ƒ"Ó3 ¢fW'FW‚Rã2rãCƒ3#2Ó3 ¢fW'FW‚"ã#R#ãÓ3 ¢VæFÆö÷ ¢VæFf6W@¢f6WBæ÷&ÖÂÓ¢÷WFW"Æö÷ ¢fW'FW‚ãSr#2ãc3Ó3 ¢fW'FW‚‚32Ó3 ¢fW'FW‚’ãSs‚3"ãSsƒ‚Ó3 ¢VæFÆö÷ ¢VæFf6W@¢f6WBæ÷&ÖÂÓÓ¢÷WFW"Æö÷ ¢fW'FW‚ãcCc’C2ãCccrÓ3 ¢fW'FW‚‚32Ó3 ¢fW'FW‚‚ãss“bCBã3S2Ó3 ¢VæFÆö÷ ¢VæFf6W@¢f6WBæ÷&ÖÂÓÓ¢÷WFW"Æö÷ ¢fW'FW‚‚ãss“bCBã3S2Ó3 ¢fW'FW‚‚32Ó3 ¢fW'FW‚‚CBã#cBÓ3 ¢VæFÆö÷ ¢VæFf6W@¢f6WBæ÷&ÖÂÓ¢÷WFW"Æö÷ ¢fW'FW‚Ó’Ó3 ¢fW'FW‚ÓãSr#2ãc3Ó3 ¢fW'FW‚Ó’ãSs‚3"ãSsƒ‚Ó3 ¢VæFÆö÷ ¢VæFf6W@¢f6WBæ÷&ÖÂÓ¢÷WFW"Æö÷ ¢fW'FW‚ÓãS#s‚#Bã#3“’Ó3 ¢fW'FW‚Ó’ãSs‚3"ãSsƒ‚Ó3 ¢fW'FW‚ÓãSr#2ãc3Ó3 ¢VæFÆö÷ ¢VæFf6W@¢f6WBæ÷&ÖÂÓ¢÷WFW"Æö÷ ¢fW'FW‚Óãcs#R#BãƒcBÓ3 ¢fW'FW‚Ó’ãSs‚3"ãSsƒ‚Ó3 ¢fW'FW‚ÓãS#s‚#Bã#3“’Ó3 ¢VæFÆö÷ ¢VæFf6W@¢f6WBæ÷&ÖÂÓ¢÷WFW"Æö÷ ¢fW'FW‚Óã“3SB#RãCCrÓ3 ¢fW'FW‚Ó’ãSs‚3"ãSsƒ‚Ó3 ¢fW'FW‚Óãcs#R#BãƒcBÓ3 ¢VæFÆö÷ ¢VæFf6W@¢f6WBæ÷&ÖÂÓ¢÷WFW"Æö÷ ¢fW'FW‚Óã3cR#Rã“SƒbÓ3 ¢fW'FW‚Ó’ãSs‚3"ãSsƒ‚Ó3 ¢fW'FW‚Óã“3SB#RãCCrÓ3 ¢VæFÆö÷ ¢VæFf6W@¢f6WBæ÷&ÖÂÓ¢÷WFW"Æö÷ ¢fW'FW‚ÓãssR#bã3“CÓ3 ¢fW'FW‚Ó’ãSs‚3"ãSsƒ‚Ó3 ¢fW'FW‚Óã3cR#Rã“SƒbÓ3 ¢VæFÆö÷ ¢VæFf6W@¢f6WBæ÷&ÖÂÓ¢÷WFW"Æö÷ ¢fW'FW‚Ó"ã3#b#bãs3RÓ3 ¢fW'FW‚Ó’ãSs‚3"ãSsƒ‚Ó3 ¢fW'FW‚ÓãssR#bã3“CÓ3 ¢VæFÆö÷ ¢VæFf6W@¢f6WBæ÷&ÖÂÓ¢÷WFW"Æö÷ ¢fW'FW‚Ó"ã“ƒ‚#bã“SRÓ3 ¢fW'FW‚Ó’ãSs‚3"ãSsƒ‚Ó3 ¢fW'FW‚Ó"ã3#b#bãs3RÓ3 ¢VæFÆö÷ ¢VæFf6W@¢f6WBæ÷&ÖÂÓ¢÷WFW"Æö÷ ¢fW'FW‚Ó2ãS3sB#rãSƒrÓ3 ¢fW'FW‚Ó’ãSs‚3"ãSsƒ‚Ó3 ¢fW'FW‚Ó"ã“ƒ‚#bã“SRÓ3 ¢VæFÆö÷ ¢VæFf6W@¢f6WBæ÷&ÖÂÓ¢÷WFW"Æö÷ ¢fW'FW‚ÓBãsC"#rã3s’Ó3 ¢fW'FW‚Ó’ãSs‚3"ãSsƒ‚Ó3 ¢fW'FW‚Ó2ãS3sB#rãSƒrÓ3 ¢VæFÆö÷ ¢VæFf6W@¢f6WBæ÷&ÖÂÓ¢÷WFW"Æö÷ ¢fW'FW‚ÓBãs“Cr#bãƒ“3"Ó3 ¢fW'FW‚Ó’ãSs‚3"ãSsƒ‚Ó3 ¢fW'FW‚ÓBãsC"#rã3s’Ó3 ¢VæFÆö÷ ¢VæFf6W@¢f6WBæ÷&ÖÂÓ¢÷WFW"Æö÷ ¢fW'FW‚ÓRã3sR#bãc32Ó3 ¢fW'FW‚Ó’ãSs‚3"ãSsƒ‚Ó3 ¢fW'FW‚ÓBãs“Cr#bãƒ“3"Ó3 ¢VæFÆö÷ ¢VæFf6W@¢f6WBæ÷&ÖÂÓ¢÷WFW"Æö÷ ¢fW'FW‚Ó#2ãC#ƒ"#BãSsƒ‚Ó3 ¢fW'FW‚ÓRã3sR#bãc32Ó3 ¢fW'FW‚ÓRãƒ“#’#bã#S“"Ó3 ¢VæFÆö÷ ¢VæFf6W@¢f6WBæ÷&ÖÂÓÓ¢÷WFW"Æö÷ ¢fW'FW‚ÓRã3sR#bãc32Ó3 ¢fW'FW‚Ó#2ãC#ƒ"#BãSsƒ‚Ó3 ¢fW'FW‚Ó’ãSs‚3"ãSsƒ‚Ó3 ¢VæFÆö÷ ¢VæFf6W@¢f6WBæ÷&ÖÂÓÓ¢÷WFW"Æö÷ ¢fW'FW‚Óbã3#ƒB#Rãs“C"Ó3 ¢fW'FW‚Ó#2ãC#ƒ"#BãSsƒ‚Ó3 ¢fW'FW‚ÓRãƒ“#’#bã#S“"Ó3 ¢VæFÆö÷ ¢VæFf6W@¢f6WBæ÷&ÖÂÓÓ¢÷WFW"Æö÷ ¢fW'FW‚ÓbãccC‚#Rã#S3Ó3 ¢fW'FW‚Ó#2ãC#ƒ"#BãSsƒ‚Ó3 ¢fW'FW‚Óbã3#ƒB#Rãs“C"Ó3 ¢VæFÆö÷ ¢VæFf6W@¢f6WBæ÷&ÖÂÓÓ¢÷WFW"Æö÷ ¢fW'FW‚Óbãƒƒ“2#BãcSc’Ó3 ¢fW'FW‚Ó#2ãC#ƒ"#BãSsƒ‚Ó3 ¢fW'FW‚ÓbãccC‚#Rã#S3Ó3 ¢VæFÆö÷ ¢VæFf6W@¢f6WBæ÷&ÖÂÓ¢÷WFW"Æö÷ ¢fW'FW‚Óbã““2#Bã#ƒ2Ó3 ¢fW'FW‚Ó#2ãC#ƒ"#BãSsƒ‚Ó3 ¢fW'FW‚Óbãƒƒ“2#BãcSc’Ó3 ¢VæFÆö÷ ¢VæFf6W@¢f6WBæ÷&ÖÂÓ¢÷WFW"Æö÷ ¢fW'FW‚Ó‚ã“SccbÓãƒƒ#SBÓ3 ¢fW'FW‚Ó#Bã#RÓ3 ¢fW'FW‚Ó’Ó3 ¢VæFÆö÷ ¢VæFf6W@¢f6WBæ÷&ÖÂÓ¢÷WFW"Æö÷ ¢fW'FW‚Óbã“s#"#2ã3“RÓ3 ¢fW'FW‚Ó#2ãC#ƒ"#BãSsƒ‚Ó3 ¢fW'FW‚Óbã““2#Bã#ƒ2Ó3 ¢VæFÆö÷ ¢VæFf6W@¢f6WBæ÷&ÖÂÓ¢÷WFW"Æö÷ ¢fW'FW‚Óbãƒ#sR#"ãssÓ3 ¢fW'FW‚Ó#2ãC#ƒ"#BãSsƒ‚Ó3 ¢fW'FW‚Óbã“s#"#2ã3“RÓ3 ¢VæFÆö÷ ¢VæFf6W@¢f6WBæ÷&ÖÂÓÓ¢÷WFW"Æö÷ ¢fW'FW‚Ó#Bã#RÓ3 ¢fW'FW‚Ó‚ã“SccbÓãƒƒ#SBÓ3 ¢fW'FW‚Ó#Bã3#BÓãc3CC2Ó3 ¢VæFÆö÷ ¢VæFf6W@¢f6WBæ÷&ÖÂÓ¢÷WFW"Æö÷ ¢fW'FW‚Ó#bã#Sc2Ó2ã#cÓ3 ¢fW'FW‚ÓRãs#ƒRÓ#ã#3s2Ó3 ¢fW'FW‚Ó#BãSsƒ‚Ó#2ãC#ƒ"Ó3 ¢VæFÆö÷ ¢VæFf6W@¢f6WBæ÷&ÖÂÓ¢÷WFW"Æö÷ ¢fW'FW‚Ó#’ãcsbÓ32ãƒ3#‚Ó3 ¢fW'FW‚Ó#2ãC#ƒ"Ó#BãSsƒ‚Ó3 ¢fW'FW‚Ó#’ãc"Ó3Bã333rÓ3 ¢VæFÆö÷ ¢VæFf6W@¢f6WBæ÷&ÖÂÓ¢÷WFW"Æö÷ ¢fW'FW‚Ó3ãƒ“‚Ó3ãƒ“‚Ó3 ¢fW'FW‚Ó#2ãC#ƒ"Ó#BãSsƒ‚Ó3 ¢fW'FW‚Ó#’ãcsbÓ32ãƒ3#‚Ó3 ¢VæFÆö÷ ¢VæFf6W@¢f6WBæ÷&ÖÂÓÓ¢÷WFW"Æö÷ ¢fW'FW‚Ó#2ãC#ƒ"Ó#BãSsƒ‚Ó3 ¢fW'FW‚Ó3ãƒ“‚Ó3ãƒ“‚Ó3 ¢fW'FW‚Ó#BãSsƒ‚Ó#2ãC#ƒ"Ó3 ¢VæFÆö÷ ¢VæFf6W@¢f6WBæ÷&ÖÂÓ¢÷WFW"Æö÷ ¢fW'FW‚Ó#BãSsƒ‚Ó#2ãC#ƒ"Ó3 ¢fW'FW‚Ó3ãƒ“‚Ó3ãƒ“‚Ó3 ¢fW'FW‚Ó3"ãCc3"Ó3ã3#’Ó3 ¢VæFÆö÷ ¢VæFf6W@¢f6WBæ÷&ÖÂÓ¢÷WFW"Æö÷ ¢fW'FW‚#BãSsƒ‚Ó#2ãC#ƒ"Ó3 ¢fW'FW‚bãƒ#sRÓ#"ãssÓ3 ¢fW'FW‚bãScCbÓ#"ã“rÓ3 ¢VæFÆö÷ ¢VæFf6W@¢f6WBæ÷&ÖÂÓ¢÷WFW"Æö÷ ¢fW'FW‚#2ãC#ƒ"#BãSsƒ‚Ó3 ¢fW'FW‚bã“s#"#2ã3“RÓ3 ¢fW'FW‚bã““2#Bã#ƒ2Ó3 ¢VæFÆö÷ ¢VæFf6W@¢f6WBæ÷&ÖÂÓ¢÷WFW"Æö÷ ¢fW'FW‚#BãSsƒ‚Ó#2ãC#ƒ"Ó3 ¢fW'FW‚bãScCbÓ#"ã“rÓ3 ¢fW'FW‚bã“3RÓ#ãcs#‚Ó3 ¢VæFÆö÷ ¢VæFf6W@¢f6WBæ÷&ÖÂÓ¢÷WFW"Æö÷ ¢fW'FW‚#2ãC#ƒ"#BãSsƒ‚Ó3 ¢fW'FW‚bãƒ#sR#"ãssÓ3 ¢fW'FW‚bã“s#"#2ã3“RÓ3 ¢VæFÆö÷ ¢VæFf6W@¢f6WBæ÷&ÖÂÓ¢÷WFW"Æö÷ ¢fW'FW‚#BãSsƒ‚Ó#2ãC#ƒ"Ó3 ¢fW'FW‚bã“3RÓ#ãcs#‚Ó3 ¢fW'FW‚Rãs#ƒRÓ#ã#3s2Ó3 ¢VæFÆö÷ ¢VæFf6W@¢f6WBæ÷&ÖÂÓÓ¢÷WFW"Æö÷ ¢fW'FW‚#BãSsƒ‚#2ãC#ƒ"Ó3 ¢fW'FW‚bãƒ#sR#"ãssÓ3 ¢fW'FW‚#2ãC#ƒ"#BãSsƒ‚Ó3 ¢VæFÆö÷ ¢VæFf6W@¢f6WBæ÷&ÖÂÓ¢÷WFW"Æö÷ ¢fW'FW‚’Ó3 ¢fW'FW‚2ã“c#bÓ#ãSs#rÓ3 ¢fW'FW‚2ã3#S‚Ó#ãS“3RÓ3 ¢VæFÆö÷ ¢VæFf6W@¢f6WBæ÷&ÖÂÓÓ¢÷WFW"Æö÷ ¢fW'FW‚bãƒ#sR#"ãssÓ3 ¢fW'FW‚#BãSsƒ‚#2ãC#ƒ"Ó3 ¢fW'FW‚bãScCb#"ã“rÓ3 ¢VæFÆö÷ ¢VæFf6W@¢f6WBæ÷&ÖÂÓÓ¢÷WFW"Æö÷ ¢fW'FW‚bã“3R#ãcs#‚Ó3 ¢fW'FW‚#BãSsƒ‚#2ãC#ƒ"Ó3 ¢fW'FW‚Rãs#ƒR#ã#3s2Ó3 ¢VæFÆö÷ ¢VæFf6W@¢f6WBæ÷&ÖÂÓÓ¢÷WFW"Æö÷ ¢fW'FW‚bãScCb#"ã“rÓ3 ¢fW'FW‚#BãSsƒ‚#2ãC#ƒ"Ó3 ¢fW'FW‚bã“3R#ãcs#‚Ó3 ¢VæFÆö÷ ¢VæFf6W@¢f6WBæ÷&ÖÂÓ¢÷WFW"Æö÷ ¢fW'FW‚#Rãc“CB"ãs##‚Ó3 ¢fW'FW‚RãƒsB#ã“’Ó3 ¢fW'FW‚Rãs#ƒR#ã#3s2Ó3 ¢VæFÆö÷ ¢VæFf6W@¢f6WBæ÷&ÖÂÓ¢÷WFW"Æö÷ ¢fW'FW‚3"ãSsƒ‚’ãSs‚Ó3 ¢fW'FW‚Rãs#ƒR#ã#3s2Ó3 ¢fW'FW‚#BãSsƒ‚#2ãC#ƒ"Ó3 ¢VæFÆö÷ ¢VæFf6W@¢f6WBæ÷&ÖÂÓ¢÷WFW"Æö÷ ¢fW'FW‚#Bãs“srÓãƒSbÓ3 ¢fW'FW‚’Ó3 ¢fW'FW‚#BãC“sBÓã#C3s"Ó3 ¢VæFÆö÷ ¢VæFf6W@¢f6WBæ÷&ÖÂÓ¢÷WFW"Æö÷ ¢fW'FW‚#Rã#’"ã#“ƒÓ3 ¢fW'FW‚BãS“"#ãcscBÓ3 ¢fW'FW‚RãƒsB#ã“’Ó3 ¢VæFÆö÷ ¢VæFf6W@¢f6WBæ÷&ÖÂÓ¢÷WFW"Æö÷ ¢fW'FW‚’Ó3 ¢fW'FW‚2ã3#S‚Ó#ãS“3RÓ3 ¢fW'FW‚"ãsS2Ó#ãs3ƒ"Ó3 ¢VæFÆö÷ ¢VæFf6W@¢f6WBæ÷&ÖÂÓ¢÷WFW"Æö÷ ¢fW'FW‚#BãC“sBã#C3s"Ó3 ¢fW'FW‚‚ãc#Cb"ãc#SbÓ3 ¢fW'FW‚#Bãs“srãƒSbÓ3 ¢VæFÆö÷ ¢VæFf6W@¢f6WBæ÷&ÖÂÓ¢÷WFW"Æö÷ ¢fW'FW‚#BãC“sBÓã#C3s"Ó3 ¢fW'FW‚’Ó3 ¢fW'FW‚#Bã3#BÓãc3CC2Ó3 ¢VæFÆö÷ ¢VæFf6W@¢f6WBæ÷&ÖÂÓ¢÷WFW"Æö÷ ¢fW'FW‚#Bã3#Bãc3CC2Ó3 ¢fW'FW‚‚ãƒ#srãsSSƒÓ3 ¢fW'FW‚#BãC“sBã#C3s"Ó3 ¢VæFÆö÷ ¢VæFf6W@¢f6WBæ÷&ÖÂÓ¢÷WFW"Æö÷ ¢fW'FW‚’Ó3 ¢fW'FW‚"ãsS2Ó#ãs3ƒ"Ó3 ¢fW'FW‚"ã#RÓ#ãÓ3 ¢VæFÆö÷ ¢VæFf6W@¢f6WBæ÷&ÖÂÓ¢÷WFW"Æö÷ ¢fW'FW‚‚ã3C“"2ãCCCRÓ3 ¢fW'FW‚#Bãs“srãƒSbÓ3 ¢fW'FW‚‚ãc#Cb"ãc#SbÓ3 ¢VæFÆö÷ ¢VæFf6W@¢f6WBæ÷&ÖÂÓ¢÷WFW"Æö÷ ¢fW'FW‚#Bã3#BÓãc3CC2Ó3 ¢fW'FW‚’Ó3 ¢fW'FW‚#Bã#RÓ3 ¢VæFÆö÷ ¢VæFf6W@¢f6WBæ÷&ÖÂÓ¢÷WFW"Æö÷ ¢fW'FW‚rã“3s#’Bã#C#SrÓ3 ¢fW'FW‚#Bãs“srãƒSbÓ3 ¢fW'FW‚‚ã3C“"2ãCCCRÓ3 ¢VæFÆö÷ ¢VæFf6W@¢f6WBæ÷&ÖÂÓ¢÷WFW"Æö÷ ¢fW'FW‚’Ó3 ¢fW'FW‚"ã#RÓ#ãÓ3 ¢fW'FW‚ãcsÓ#ã3s#"Ó3 ¢VæFÆö÷ ¢VæFf6W@¢f6WBæ÷&ÖÂÓ¢÷WFW"Æö÷ ¢fW'FW‚#Bãs“srãƒSbÓ3 ¢fW'FW‚rã“3s#’Bã#C#SrÓ3 ¢fW'FW‚#Rã#’"ã#“ƒÓ3 ¢VæFÆö÷ ¢VæFf6W@¢f6WBæ÷&ÖÂÓ¢÷WFW"Æö÷ ¢fW'FW‚’Ó3 ¢fW'FW‚ãcsÓ#ã3s#"Ó3 ¢fW'FW‚ãsbÓ#ãƒ3s"Ó3 ¢VæFÆö÷ ¢VæFf6W@¢f6WBæ÷&ÖÂÓ¢÷WFW"Æö÷ ¢fW'FW‚#Rã#’"ã#“ƒÓ3 ¢fW'FW‚rã“3s#’Bã#C#SrÓ3 ¢fW'FW‚BãS“"#ãcscBÓ3 ¢VæFÆö÷ ¢VæFf6W@¢f6WBæ÷&ÖÂÓ¢÷WFW"Æö÷ ¢fW'FW‚’Ó3 ¢fW'FW‚ãsbÓ#ãƒ3s"Ó3 ¢fW'FW‚ãƒ3S"Ó#"ã3sƒ2Ó3 ¢VæFÆö÷ ¢VæFf6W@¢f6WBæ÷&ÖÂÓ¢÷WFW"Æö÷ ¢fW'FW‚rãCƒ3#2Rã2Ó3 ¢fW'FW‚BãS“"#ãcscBÓ3 ¢fW'FW‚rã“3s#’Bã#C#SrÓ3 ¢VæFÆö÷ ¢VæFf6W@¢f6WBæ÷&ÖÂÓ¢÷WFW"Æö÷ ¢fW'FW‚’Ó3 ¢fW'FW‚ãƒ3S"Ó#"ã3sƒ2Ó3 ¢fW'FW‚ãcrÓ#"ã“sCRÓ3 ¢VæFÆö÷ ¢VæFf6W@¢f6WBæ÷&ÖÂÓ¢÷WFW"Æö÷ ¢fW'FW‚BãS“"#ãcscBÓ3 ¢fW'FW‚rãCƒ3#2Rã2Ó3 ¢fW'FW‚2ã“c#b#ãSs#rÓ3 ¢VæFÆö÷ ¢VæFf6W@¢f6WBæ÷&ÖÂÓ¢÷WFW"Æö÷ ¢fW'FW‚’Ó3 ¢fW'FW‚ãcrÓ#"ã“sCRÓ3 ¢fW'FW‚ãSrÓ#2ãc3Ó3 ¢VæFÆö÷ ¢VæFf6W@¢f6WBæ÷&ÖÂÓ¢÷WFW"Æö÷ ¢fW'FW‚bã“Ss’Rãs“SBÓ3 ¢fW'FW‚2ã“c#b#ãSs#rÓ3 ¢fW'FW‚rãCƒ3#2Rã2Ó3 ¢VæFÆö÷ ¢VæFf6W@¢f6WBæ÷&ÖÂÓ¢÷WFW"Æö÷ ¢fW'FW‚bãƒ#sRÓ#"ãssÓ3 ¢fW'FW‚#2ãC#ƒ"Ó#BãSsƒ‚Ó3 ¢fW'FW‚bã“s#"Ó#2ã3“RÓ3 ¢VæFÆö÷ ¢VæFf6W@¢f6WBæ÷&ÖÂÓ¢÷WFW"Æö÷ ¢fW'FW‚bãƒƒ“2#BãcSc’Ó3 ¢fW'FW‚#2ãC#ƒ"#BãSsƒ‚Ó3 ¢fW'FW‚bã““2#Bã#ƒ2Ó3 ¢VæFÆö÷ ¢VæFf6W@¢f6WBæ÷&ÖÂÓ¢÷WFW"Æö÷ ¢fW'FW‚bãccC‚#Rã#S3Ó3 ¢fW'FW‚#2ãC#ƒ"#BãSsƒ‚Ó3 ¢fW'FW‚bãƒƒ“2#BãcSc’Ó3 ¢VæFÆö÷ ¢VæFf6W@¢f6WBæ÷&ÖÂÓ¢÷WFW"Æö÷ ¢fW'FW‚bã3#ƒB#Rãs“C"Ó3 ¢fW'FW‚#2ãC#ƒ"#BãSsƒ‚Ó3 ¢fW'FW‚bãccC‚#Rã#S3Ó3 ¢VæFÆö÷ ¢VæFf6W@¢f6WBæ÷&ÖÂÓ¢÷WFW"Æö÷ ¢fW'FW‚Rãƒ“#’#bã#S“"Ó3 ¢fW'FW‚#2ãC#ƒ"#BãSsƒ‚Ó3 ¢fW'FW‚bã3#ƒB#Rãs“C"Ó3 ¢VæFÆö÷ ¢VæFf6W@¢f6WBæ÷&ÖÂÓ¢÷WFW"Æö÷ ¢fW'FW‚Rã3sR#bãc32Ó3 ¢fW'FW‚#2ãC#ƒ"#BãSsƒ‚Ó3 ¢fW'FW‚Rãƒ“#’#bã#S“"Ó3 ¢VæFÆö÷ ¢VæFf6W@¢f6WBæ÷&ÖÂÓ¢÷WFW"Æö÷ ¢fW'FW‚’ãSs‚3"ãSsƒ‚Ó3 ¢fW'FW‚Rã3sR#bãc32Ó3 ¢fW'FW‚Bãs“Cr#bãƒ“3"Ó3 ¢VæFÆö÷ ¢VæFf6W@¢f6WBæ÷&ÖÂÓ¢÷WFW"Æö÷ ¢fW'FW‚Rã3sR#bãc32Ó3 ¢fW'FW‚’ãSs‚3"ãSsƒ‚Ó3 ¢fW'FW‚#2ãC#ƒ"#BãSsƒ‚Ó3 ¢VæFÆö÷ ¢VæFf6W@¢f6WBæ÷&ÖÂÓ¢÷WFW"Æö÷ ¢fW'FW‚BãsC"#rã3s’Ó3 ¢fW'FW‚’ãSs‚3"ãSsƒ‚Ó3 ¢fW'FW‚Bãs“Cr#bãƒ“3"Ó3 ¢VæFÆö÷ ¢VæFf6W@¢f6WBæ÷&ÖÂÓ¢÷WFW"Æö÷ ¢fW'FW‚2ãS3sB#rãSƒrÓ3 ¢fW'FW‚’ãSs‚3"ãSsƒ‚Ó3 ¢fW'FW‚BãsC"#rã3s’Ó3 ¢VæFÆö÷ ¢VæFf6W@¢f6WBæ÷&ÖÂÓ¢÷WFW"Æö÷ ¢fW'FW‚"ã“ƒ‚#bã“SRÓ3 ¢fW'FW‚’ãSs‚3"ãSsƒ‚Ó3 ¢fW'FW‚2ãS3sB#rãSƒrÓ3 ¢VæFÆö÷ ¢VæFf6W@¢f6WBæ÷&ÖÂÓ¢÷WFW"Æö÷ ¢fW'FW‚"ã3#b#bãs3RÓ3 ¢fW'FW‚’ãSs‚3"ãSsƒ‚Ó3 ¢fW'FW‚"ã“ƒ‚#bã“SRÓ3 ¢VæFÆö÷ ¢VæFf6W@¢f6WBæ÷&ÖÂÓ¢÷WFW"Æö÷ ¢fW'FW‚ãssR#bã3“CÓ3 ¢fW'FW‚’ãSs‚3"ãSsƒ‚Ó3 ¢fW'FW‚"ã3#b#bãs3RÓ3 ¢VæFÆö÷ ¢VæFf6W@¢f6WBæ÷&ÖÂÓ¢÷WFW"Æö÷ ¢fW'FW‚ã3cR#Rã“SƒbÓ3 ¢fW'FW‚’ãSs‚3"ãSsƒ‚Ó3 ¢fW'FW‚ãssR#bã3“CÓ3 ¢VæFÆö÷ ¢VæFf6W@¢f6WBæ÷&ÖÂÓ¢÷WFW"Æö÷ ¢fW'FW‚ã“3SB#RãCCrÓ3 ¢fW'FW‚’ãSs‚3"ãSsƒ‚Ó3 ¢fW'FW‚ã3cR#Rã“SƒbÓ3 ¢VæFÆö÷ ¢VæFf6W@¢f6WBæ÷&ÖÂÓ¢÷WFW"Æö÷ ¢fW'FW‚ãcs#R#BãƒcBÓ3 ¢fW'FW‚’ãSs‚3"ãSsƒ‚Ó3 ¢fW'FW‚ã“3SB#RãCCrÓ3 ¢VæFÆö÷ ¢VæFf6W@¢f6WBæ÷&ÖÂÓ¢÷WFW"Æö÷ ¢fW'FW‚ãS#s‚#Bã#3“’Ó3 ¢fW'FW‚’ãSs‚3"ãSsƒ‚Ó3 ¢fW'FW‚ãcs#R#BãƒcBÓ3 ¢VæFÆö÷ ¢VæFf6W@¢f6WBæ÷&ÖÂÓ¢÷WFW"Æö÷ ¢fW'FW‚ãSr#2ãc3Ó3 ¢fW'FW‚’ãSs‚3"ãSsƒ‚Ó3 ¢fW'FW‚ãS#s‚#Bã#3“’Ó3 ¢VæFÆö÷ ¢VæFf6W@¢f6WBæ÷&ÖÂÓÓ¢÷WFW"Æö÷ ¢fW'FW‚2ã“c#b#ãSs#rÓ3 ¢fW'FW‚bã“Ss’Rãs“SBÓ3 ¢fW'FW‚2ã3#S‚#ãS“3RÓ3 ¢VæFÆö÷ ¢VæFf6W@¢f6WBæ÷&ÖÂÓãC#sã“ƒc" ¢÷WFW"Æö÷ ¢fW'FW‚Órã##‚CãSsCbÓ#¢fW'FW‚Ó’ã“2Cã3S“2#¢fW'FW‚Órã##‚CãSsCb#¢VæFÆö÷ ¢VæFf6W@¢f6WBæ÷&ÖÂÓãC#sã“ƒc" ¢÷WFW"Æö÷ ¢fW'FW‚Ó’ã“2Cã3S“2#¢fW'FW‚Órã##‚CãSsCbÓ#¢fW'FW‚Ó’ã“2Cã3S“2Ó#¢VæFÆö÷ ¢VæFf6W@¢f6WBæ÷&ÖÂãƒC“#‚ãS#ƒS’ ¢÷WFW"Æö÷ ¢fW'FW‚3‚ã“s#"ãR#¢fW'FW‚3rãCc#RãrÓ#¢fW'FW‚3rãCc#Rãr#¢VæFÆö÷ ¢VæFf6W@¢f6WBæ÷&ÖÂãƒC“#‚ãS#ƒS’ ¢÷WFW"Æö÷ ¢fW'FW‚3rãCc#RãrÓ#¢fW'FW‚3‚ã“s#"ãR#¢fW'FW‚3‚ã“s#"ãRÓ#¢VæFÆö÷ ¢VæFf6W@¢f6WBæ÷&ÖÂÓãƒC“#‚ãS#ƒS’ ¢÷WFW"Æö÷ ¢fW'FW‚Ó3‚ã“s#"ãRÓ#¢fW'FW‚Ó3rãCc#Rãr#¢fW'FW‚Ó3rãCc#RãrÓ#¢VæFÆö÷ ¢VæFf6W@¢f6WBæ÷&ÖÂÓãƒC“#‚ãS#ƒS’ ¢÷WFW"Æö÷ ¢fW'FW‚Ó3rãCc#Rãr#¢fW'FW‚Ó3‚ã“s#"ãRÓ#¢fW'FW‚Ó3‚ã“s#"ãR#¢VæFÆö÷ ¢VæFf6W@¢f6WBæ÷&ÖÂã##sSRÓã“s3ƒƒ" ¢÷WFW"Æö÷ ¢fW'FW‚ãs32ÓC2ãcƒB#2ã3ƒ ¢fW'FW‚ãcCc’ÓC2ãCccr3 ¢fW'FW‚ãs32ÓC2ãcƒB3 ¢VæFÆö÷ ¢VæFf6W@¢f6WBæ÷&ÖÂã##s32Óã“s3ƒƒr ¢÷WFW"Æö÷ ¢fW'FW‚‚ãss“bÓCBã3S2Ó#ãS3#€¢fW'FW‚ãS“ÓC2ãs#’#"ãss#¢fW'FW‚‚ãss“bÓCBã3S2#ãS3#€¢VæFÆö÷ ¢VæFf6W@¢f6WBæ÷&ÖÂã##s32Óã“s3ƒƒr ¢÷WFW"Æö÷ ¢fW'FW‚ãS“ÓC2ãs#’Ó#"ãss#¢fW'FW‚ãS“ÓC2ãs#’#"ãss#¢fW'FW‚‚ãss“bÓCBã3S2Ó#ãS3#€¢VæFÆö÷ ¢VæFf6W@¢f6WBæ÷&ÖÂã##s#‚Óã“s3ƒCb ¢÷WFW"Æö÷ ¢fW'FW‚ãS“ÓC2ãs#’#"ãss#¢fW'FW‚ãS“ÓC2ãs#’Ó#"ãss#¢fW'FW‚ãs32ÓC2ãcƒB#2ã3ƒ ¢VæFÆö÷ ¢VæFf6W@¢f6WBæ÷&ÖÂã##s#‚Óã“s3ƒCb ¢÷WFW"Æö÷ ¢fW'FW‚ãs32ÓC2ãcƒBÓ#2ã3ƒ ¢fW'FW‚ãs32ÓC2ãcƒB#2ã3ƒ ¢fW'FW‚ãS“ÓC2ãs#’Ó#"ãss#¢VæFÆö÷ ¢VæFf6W@¢f6WBæ÷&ÖÂã##sSRÓã“s3ƒƒ" ¢÷WFW"Æö÷ ¢fW'FW‚ãs32ÓC2ãcƒB#2ã3ƒ ¢fW'FW‚ãs32ÓC2ãcƒBÓ#2ã3ƒ ¢fW'FW‚ãcCc’ÓC2ãCccr3 ¢VæFÆö÷ ¢VæFf6W@¢f6WBæ÷&ÖÂã##sSRÓã“s3ƒƒ" ¢÷WFW"Æö÷ ¢fW'FW‚ãcCc’ÓC2ãCccrÓ3 ¢fW'FW‚ãs32ÓC2ãcƒBÓ#2ã3ƒ ¢fW'FW‚ãs32ÓC2ãcƒBÓ3 ¢VæFÆö÷ ¢VæFf6W@¢f6WBæ÷&ÖÂã##sSRÓã“s3ƒƒ" ¢÷WFW"Æö÷ ¢fW'FW‚ãs32ÓC2ãcƒBÓ#2ã3ƒ ¢fW'FW‚ãcCc’ÓC2ãCccrÓ3 ¢fW'FW‚ãcCc’ÓC2ãCccr3 ¢VæFÆö÷ ¢VæFf6W@¢f6WBæ÷&ÖÂÓã“ƒccC‚Óãc#ƒr ¢÷WFW"Æö÷ ¢fW'FW‚ÓCBã#cBÓ‚Ó#¢fW'FW‚ÓCBãcRÓRãƒs3c‚#¢fW'FW‚ÓCBãcRÓRãƒs3c‚Ó#¢VæFÆö÷ ¢VæFf6W@¢f6WBæ÷&ÖÂÓã“ƒccC‚Óãc#ƒr ¢÷WFW"Æö÷ ¢fW'FW‚ÓCBã#cBÓ‚Ó#¢fW'FW‚ÓCBã#cBÓ‚#¢fW'FW‚ÓCBãcRÓRãƒs3c‚#¢VæFÆö÷ ¢VæFf6W@¢f6WBæ÷&ÖÂÓã“ƒcc#‚Óãc#“’ ¢÷WFW"Æö÷ ¢fW'FW‚ÓCBã3S2Ó‚ãss“bÓ#ãS3#€¢fW'FW‚ÓCBã#cBÓ‚#¢fW'FW‚ÓCBã#cBÓ‚Ó#¢VæFÆö÷ ¢VæFf6W@¢f6WBæ÷&ÖÂÓã“ƒcc#‚Óãc#“’ ¢÷WFW"Æö÷ ¢fW'FW‚ÓCBã#cBÓ‚#¢fW'FW‚ÓCBã3S2Ó‚ãss“bÓ#ãS3#€¢fW'FW‚ÓCBã3S2Ó‚ãss“b#ãS3#€¢VæFÆö÷ ¢VæFf6W@¢f6WBæ÷&ÖÂãcƒ3c"ãs#“ƒSRÓ ¢÷WFW"Æö÷ ¢fW'FW‚3ãƒ“‚3ãƒ“‚Ó3 ¢fW'FW‚#’ãcsb32ãƒ3#‚3 ¢fW'FW‚3ãƒ“‚3ãƒ“‚3 ¢VæFÆö÷ ¢VæFf6W@¢f6WBæ÷&ÖÂãcƒ3c"ãs#“ƒSR ¢÷WFW"Æö÷ ¢fW'FW‚#’ãcsb32ãƒ3#‚3 ¢fW'FW‚3ãƒ“‚3ãƒ“‚Ó3 ¢fW'FW‚#’ãcsb32ãƒ3#‚Ó3 ¢VæFÆö÷ ¢VæFf6W@¢f6WBæ÷&ÖÂÓã“3S“2ã3S##3" ¢÷WFW"Æö÷ ¢fW'FW‚ÓC"ã333rRã#3‚Ó#¢fW'FW‚ÓCãSsCbrã##‚#¢fW'FW‚ÓCãSsCbrã##‚Ó#¢VæFÆö÷ ¢VæFf6W@¢f6WBæ÷&ÖÂÓã“3S“2ã3S##3" ¢÷WFW"Æö÷ ¢fW'FW‚ÓC"ã333rRã#3‚Ó#¢fW'FW‚ÓC"ã333rRã#3‚#¢fW'FW‚ÓCãSsCbrã##‚#¢VæFÆö÷ ¢VæFf6W@¢f6WBæ÷&ÖÂÓã“3Sƒƒã3S#3r ¢÷WFW"Æö÷ ¢fW'FW‚ÓC"ãc’BãCcC‚Ó#ãS3#€¢fW'FW‚ÓC"ã333rRã#3‚#¢fW'FW‚ÓC"ã333rRã#3‚Ó#¢VæFÆö÷ ¢VæFf6W@¢f6WBæ÷&ÖÂÓã“3Sƒƒã3S#3r ¢÷WFW"Æö÷ ¢fW'FW‚ÓC"ã333rRã#3‚#¢fW'FW‚ÓC"ãc’BãCcC‚Ó#ãS3#€¢fW'FW‚ÓC"ãc’BãCcC‚#ãS3#€¢VæFÆö÷ ¢VæFf6W@¢f6WBæ÷&ÖÂãƒ#ƒSãSƒ#Cs ¢÷WFW"Æö÷ ¢fW'FW‚3rãCc#Rãr#¢fW'FW‚3Rãs’#rã3“C2Ó#¢fW'FW‚3Rãs’#rã3“C2#¢VæFÆö÷ ¢VæFf6W@¢f6WBæ÷&ÖÂãƒ#ƒSãSƒ#Cs ¢÷WFW"Æö÷ ¢fW'FW‚3Rãs’#rã3“C2Ó#¢fW'FW‚3rãCc#Rãr#¢fW'FW‚3rãCc#RãrÓ#¢VæFÆö÷ ¢VæFf6W@¢f6WBæ÷&ÖÂãc3CC"Óãss32 ¢÷WFW"Æö÷ ¢fW'FW‚#rã3“C2Ó3Rãs’#¢fW'FW‚#rã3“C2Ó3Rãs’Ó#¢fW'FW‚#’ãc"Ó3Bã333r#¢VæFÆö÷ ¢VæFf6W@¢f6WBæ÷&ÖÂãc3CC"Óãss32 ¢÷WFW"Æö÷ ¢fW'FW‚#’ãc"Ó3Bã333rÓ#¢fW'FW‚#’ãc"Ó3Bã333r#¢fW'FW‚#rã3“C2Ó3Rãs’Ó#¢VæFÆö÷ ¢VæFf6W@¢f6WBæ÷&ÖÂãc3C3cÓãss33r ¢÷WFW"Æö÷ ¢fW'FW‚#’ãc"Ó3Bã333r#¢fW'FW‚#’ãc"Ó3Bã333rÓ#¢fW'FW‚#’ãcsbÓ32ãƒ3#‚#ãS3#€¢VæFÆö÷ ¢VæFf6W@¢f6WBæ÷&ÖÂãc3C3cÓãss33r ¢÷WFW"Æö÷ ¢fW'FW‚#’ãcsbÓ32ãƒ3#‚#ãS3#€¢fW'FW‚#’ãc"Ó3Bã333rÓ#¢fW'FW‚#’ãcsbÓ32ãƒ3#‚Ó#ãS3#€¢VæFÆö÷ ¢VæFf6W@¢f6WBæ÷&ÖÂã3S#3rÓã“3Sƒƒ ¢÷WFW"Æö÷ ¢fW'FW‚BãCcC‚ÓC"ãc’3 ¢fW'FW‚Rã#3‚ÓC"ã333r#¢fW'FW‚Rã#3‚ÓC"ã333r3 ¢VæFÆö÷ ¢VæFf6W@¢f6WBæ÷&ÖÂã3S##3"Óã“3S“2 ¢÷WFW"Æö÷ ¢fW'FW‚Rã#3‚ÓC"ã333r#¢fW'FW‚Rã#3‚ÓC"ã333rÓ#¢fW'FW‚rã##‚ÓCãSsCb#¢VæFÆö÷ ¢VæFf6W@¢f6WBæ÷&ÖÂã3S#3rÓã“3Sƒƒ ¢÷WFW"Æö÷ ¢fW'FW‚BãCcC‚ÓC"ãc’3 ¢fW'FW‚Rã#3‚ÓC"ã333rÓ#¢fW'FW‚Rã#3‚ÓC"ã333r#¢VæFÆö÷ ¢VæFf6W@¢f6WBæ÷&ÖÂã3S#3rÓã“3Sƒƒ ¢÷WFW"Æö÷ ¢fW'FW‚BãCcC‚ÓC"ãc’Ó3 ¢fW'FW‚Rã#3‚ÓC"ã333rÓ#¢fW'FW‚BãCcC‚ÓC"ãc’3 ¢VæFÆö÷ ¢VæFf6W@¢f6WBæ÷&ÖÂã3S#3rÓã“3Sƒƒ ¢÷WFW"Æö÷ ¢fW'FW‚Rã#3‚ÓC"ã333rÓ#¢fW'FW‚BãCcC‚ÓC"ãc’Ó3 ¢fW'FW‚Rã#3‚ÓC"ã333rÓ3 ¢VæFÆö÷ ¢VæFf6W@¢f6WBæ÷&ÖÂã3S##3"Óã“3S“2 ¢÷WFW"Æö÷ ¢fW'FW‚rã##‚ÓCãSsCb#¢fW'FW‚Rã#3‚ÓC"ã333rÓ#¢fW'FW‚rã##‚ÓCãSsCbÓ#¢VæFÆö÷ ¢VæFf6W@¢f6WBæ÷&ÖÂÓãSƒ#Csãƒ#ƒS ¢÷WFW"Æö÷ ¢fW'FW‚Ó#Rãr3rãCcÓ#¢fW'FW‚Ó#rã3“C23Rãs’#¢fW'FW‚Ó#Rãr3rãCc#¢VæFÆö÷ ¢VæFf6W@¢f6WBæ÷&ÖÂÓãSƒ#Csãƒ#ƒS ¢÷WFW"Æö÷ ¢fW'FW‚Ó#rã3“C23Rãs’#¢fW'FW‚Ó#Rãr3rãCcÓ#¢fW'FW‚Ó#rã3“C23Rãs’Ó#¢VæFÆö÷ ¢VæFf6W@¢f6WBæ÷&ÖÂÓã“ƒccC‚ãc#ƒr ¢÷WFW"Æö÷ ¢fW'FW‚ÓCBãcRRãƒs3c‚Ó#¢fW'FW‚ÓCBã#cB‚#¢fW'FW‚ÓCBã#cB‚Ó#¢VæFÆö÷ ¢VæFf6W@¢f6WBæ÷&ÖÂÓã“ƒccC‚ãc#ƒr ¢÷WFW"Æö÷ ¢fW'FW‚ÓCBã#cB‚#¢fW'FW‚ÓCBãcRRãƒs3c‚Ó#¢fW'FW‚ÓCBãcRRãƒs3c‚#¢VæFÆö÷ ¢VæFf6W@¢f6WBæ÷&ÖÂÓã“ƒcc#‚ãc#“’ ¢÷WFW"Æö÷ ¢fW'FW‚ÓCBã#cB‚Ó#¢fW'FW‚ÓCBã3S2‚ãss“bÓ3 ¢fW'FW‚ÓCBã#cB‚Ó3 ¢VæFÆö÷ ¢VæFf6W@¢f6WBæ÷&ÖÂÓã“ƒcc#‚ãc#“’ ¢÷WFW"Æö÷ ¢fW'FW‚ÓCBã3S2‚ãss“bÓ3 ¢fW'FW‚ÓCBã#cB‚Ó#¢fW'FW‚ÓCBã3S2‚ãss“b3 ¢VæFÆö÷ ¢VæFf6W@¢f6WBæ÷&ÖÂÓã“ƒcc#‚ãc#“’ ¢÷WFW"Æö÷ ¢fW'FW‚ÓCBã#cB‚#¢fW'FW‚ÓCBã3S2‚ãss“b3 ¢fW'FW‚ÓCBã#cB‚Ó#¢VæFÆö÷ ¢VæFf6W@¢f6WBæ÷&ÖÂÓã“ƒcc#‚ãc#“’ ¢÷WFW"Æö÷ ¢fW'FW‚ÓCBã3S2‚ãss“b3 ¢fW'FW‚ÓCBã#cB‚#¢fW'FW‚ÓCBã#cB‚3 ¢VæFÆö÷ ¢VæFf6W@¢f6WBæ÷&ÖÂÓãC#sÓã“ƒc" ¢÷WFW"Æö÷ ¢fW'FW‚Ó’ã“2ÓCã3S“2Ó#¢fW'FW‚Órã##‚ÓCãSsCb#¢fW'FW‚Ó’ã“2ÓCã3S“2#¢VæFÆö÷ ¢VæFf6W@¢f6WBæ÷&ÖÂÓãC#sÓã“ƒc"Ó ¢÷WFW"Æö÷ ¢fW'FW‚Órã##‚ÓCãSsCb#¢fW'FW‚Ó’ã“2ÓCã3S“2Ó#¢fW'FW‚Órã##‚ÓCãSsCbÓ#¢VæFÆö÷ ¢VæFf6W@¢f6WBæ÷&ÖÂÓã““Sƒ2Óã“ƒ3“r ¢÷WFW"Æö÷ ¢fW'FW‚ÓCBãcRÓRãƒs3c‚Ó#¢fW'FW‚ÓCBã“3rÓ"ã“C3B#¢fW'FW‚ÓCBã“3rÓ"ã“C3BÓ#¢VæFÆö÷ ¢VæFf6W@¢f6WBæ÷&ÖÂÓã““Sƒ2Óã“ƒ3“r ¢÷WFW"Æö÷ ¢fW'FW‚ÓCBã“3rÓ"ã“C3B#¢fW'FW‚ÓCBãcRÓRãƒs3c‚Ó#¢fW'FW‚ÓCBãcRÓRãƒs3c‚#¢VæFÆö÷ ¢VæFf6W@¢f6WBæ÷&ÖÂãSƒ#Csãƒ#ƒSÓ ¢÷WFW"Æö÷ ¢fW'FW‚#rã3“C23Rãs’Ó#¢fW'FW‚#Rãr3rãCc#¢fW'FW‚#rã3“C23Rãs’#¢VæFÆö÷ ¢VæFf6W@¢f6WBæ÷&ÖÂãSƒ#Csãƒ#ƒS ¢÷WFW"Æö÷ ¢fW'FW‚#Rãr3rãCc#¢fW'FW‚#rã3“C23Rãs’Ó#¢fW'FW‚#Rãr3rãCcÓ#¢VæFÆö÷ ¢VæFf6W@¢f6WBæ÷&ÖÂãƒ#ƒSÓãSƒ#Cs ¢÷WFW"Æö÷ ¢fW'FW‚3Rãs’Ó#rã3“C2#¢fW'FW‚3rãCcÓ#RãrÓ#¢fW'FW‚3rãCcÓ#Rãr#¢VæFÆö÷ ¢VæFf6W@¢f6WBæ÷&ÖÂãƒ#ƒSÓãSƒ#Cs ¢÷WFW"Æö÷ ¢fW'FW‚3rãCcÓ#RãrÓ#¢fW'FW‚3Rãs’Ó#rã3“C2#¢fW'FW‚3Rãs’Ó#rã3“C2Ó#¢VæFÆö÷ ¢VæFf6W@¢f6WBæ÷&ÖÂãƒƒ“ãCsCb ¢÷WFW"Æö÷ ¢fW'FW‚Cã3S“2’ã“2#¢fW'FW‚3‚ã“s#"ãRÓ#¢fW'FW‚3‚ã“s#"ãR#¢VæFÆö÷ ¢VæFf6W@¢f6WBæ÷&ÖÂãƒƒ“ãCsCb ¢÷WFW"Æö÷ ¢fW'FW‚3‚ã“s#"ãRÓ#¢fW'FW‚Cã3S“2’ã“2#¢fW'FW‚Cã3S“2’ã“2Ó#¢VæFÆö÷ ¢VæFf6W@¢f6WBæ÷&ÖÂÓã“Sc“BÓã#“#ƒB ¢÷WFW"Æö÷ ¢fW'FW‚ÓC"ãc’ÓBãCcC‚Ó3 ¢fW'FW‚ÓC2ãCccrÓãcCc’3 ¢fW'FW‚ÓC2ãCccrÓãcCc’Ó3 ¢VæFÆö÷ ¢VæFf6W@¢f6WBæ÷&ÖÂÓã“Sc“BÓã#“#ƒB ¢÷WFW"Æö÷ ¢fW'FW‚ÓC2ãCccrÓãcCc’3 ¢fW'FW‚ÓC"ãc’ÓBãCcC‚Ó3 ¢fW'FW‚ÓC"ãc’ÓBãCcC‚3 ¢VæFÆö÷ ¢VæFf6W@¢f6WBæ÷&ÖÂÓã“ƒ3“rã““Sƒ2 ¢÷WFW"Æö÷ ¢fW'FW‚Ó"ã“C3BCBã“3rÓ#¢fW'FW‚ÓRãƒs3c‚CBãcR#¢fW'FW‚Ó"ã“C3BCBã“3r#¢VæFÆö÷ ¢VæFf6W@¢f6WBæ÷&ÖÂÓã“ƒ3“rã““Sƒ2 ¢÷WFW"Æö÷ ¢fW'FW‚ÓRãƒs3c‚CBãcR#¢fW'FW‚Ó"ã“C3BCBã“3rÓ#¢fW'FW‚ÓRãƒs3c‚CBãcRÓ#¢VæFÆö÷ ¢VæFf6W@¢f6WBæ÷&ÖÂãc#“’ã“ƒcc#‚ ¢÷WFW"Æö÷ ¢fW'FW‚‚ãss“bCBã3S23 ¢fW'FW‚‚CBã#cB#¢fW'FW‚‚CBã#cB3 ¢VæFÆö÷ ¢VæFf6W@¢f6WBæ÷&ÖÂãc#ƒrã“ƒccC‚ ¢÷WFW"Æö÷ ¢fW'FW‚‚CBã#cB#¢fW'FW‚‚CBã#cBÓ#¢fW'FW‚Rãƒs3c‚CBãcR#¢VæFÆö÷ ¢VæFf6W@¢f6WBæ÷&ÖÂãc#“’ã“ƒcc#‚ ¢÷WFW"Æö÷ ¢fW'FW‚‚ãss“bCBã3S23 ¢fW'FW‚‚CBã#cBÓ#¢fW'FW‚‚CBã#cB#¢VæFÆö÷ ¢VæFf6W@¢f6WBæ÷&ÖÂãc#“’ã“ƒcc#‚Ó ¢÷WFW"Æö÷ ¢fW'FW‚‚ãss“bCBã3S2Ó3 ¢fW'FW‚‚CBã#cBÓ#¢fW'FW‚‚ãss“bCBã3S23 ¢VæFÆö÷ ¢VæFf6W@¢f6WBæ÷&ÖÂãc#“’ã“ƒcc#‚ ¢÷WFW"Æö÷ ¢fW'FW‚‚CBã#cBÓ#¢fW'FW‚‚ãss“bCBã3S2Ó3 ¢fW'FW‚‚CBã#cBÓ3 ¢VæFÆö÷ ¢VæFf6W@¢f6WBæ÷&ÖÂãc#ƒrã“ƒccC‚ ¢÷WFW"Æö÷ ¢fW'FW‚Rãƒs3c‚CBãcR#¢fW'FW‚‚CBã#cBÓ#¢fW'FW‚Rãƒs3c‚CBãcRÓ#¢VæFÆö÷ ¢VæFf6W@¢f6WBæ÷&ÖÂãs#“s“’ãcƒ3cc" ¢÷WFW"Æö÷ ¢fW'FW‚3"ãSc3ã#ƒR#"ãss#¢fW'FW‚3"ãCc3"3ã3#’Ó#2ã3ƒ ¢fW'FW‚3"ãCc3"3ã3#’#2ã3ƒ ¢VæFÆö÷ ¢VæFf6W@¢f6WBæ÷&ÖÂãs#“s“’ãcƒ3cc" ¢÷WFW"Æö÷ ¢fW'FW‚3"ãSc3ã#ƒR#"ãss#¢fW'FW‚3"ãSc3ã#ƒRÓ#"ãss#¢fW'FW‚3"ãCc3"3ã3#’Ó#2ã3ƒ ¢VæFÆö÷ ¢VæFf6W@¢f6WBæ÷&ÖÂãs#“ƒcrãcƒ3Sƒ’ ¢÷WFW"Æö÷ ¢fW'FW‚32ãƒ3#‚#’ãcsb#ãS3#€¢fW'FW‚3"ãSc3ã#ƒRÓ#"ãss#¢fW'FW‚3"ãSc3ã#ƒR#"ãss#¢VæFÆö÷ ¢VæFf6W@¢f6WBæ÷&ÖÂãs#“ƒcrãcƒ3Sƒ’ ¢÷WFW"Æö÷ ¢fW'FW‚3"ãSc3ã#ƒRÓ#"ãss#¢fW'FW‚32ãƒ3#‚#’ãcsb#ãS3#€¢fW'FW‚32ãƒ3#‚#’ãcsbÓ#ãS3#€¢VæFÆö÷ ¢VæFf6W@¢f6WBæ÷&ÖÂãs#“ƒ3’ãcƒ3c’Ó ¢÷WFW"Æö÷ ¢fW'FW‚3"ãCc3"3ã3#’#2ã3ƒ ¢fW'FW‚3ãƒ“‚3ãƒ“‚3 ¢fW'FW‚3"ãCc3"3ã3#’3 ¢VæFÆö÷ ¢VæFf6W@¢f6WBæ÷&ÖÂãs#“ƒ3’ãcƒ3c’ ¢÷WFW"Æö÷ ¢fW'FW‚3ãƒ“‚3ãƒ“‚3 ¢fW'FW‚3"ãCc3"3ã3#’#2ã3ƒ ¢fW'FW‚3ãƒ“‚3ãƒ“‚Ó3 ¢VæFÆö÷ ¢VæFf6W@¢f6WBæ÷&ÖÂãs#“ƒ3’ãcƒ3c’Ó ¢÷WFW"Æö÷ ¢fW'FW‚3"ãCc3"3ã3#’Ó#2ã3ƒ ¢fW'FW‚3ãƒ“‚3ãƒ“‚Ó3 ¢fW'FW‚3"ãCc3"3ã3#’#2ã3ƒ ¢VæFÆö÷ ¢VæFf6W@¢f6WBæ÷&ÖÂãs#“ƒ3’ãcƒ3c’ ¢÷WFW"Æö÷ ¢fW'FW‚3ãƒ“‚3ãƒ“‚Ó3 ¢fW'FW‚3"ãCc3"3ã3#’Ó#2ã3ƒ ¢fW'FW‚3"ãCc3"3ã3#’Ó3 ¢VæFÆö÷ ¢VæFf6W@¢f6WBæ÷&ÖÂÓãSƒ#CsÓãƒ#ƒS ¢÷WFW"Æö÷ ¢fW'FW‚Ó#rã3“C2Ó3Rãs’Ó#¢fW'FW‚Ó#RãrÓ3rãCc#¢fW'FW‚Ó#rã3“C2Ó3Rãs’#¢VæFÆö÷ ¢VæFf6W@¢f6WBæ÷&ÖÂÓãSƒ#CsÓãƒ#ƒSÓ ¢÷WFW"Æö÷ ¢fW'FW‚Ó#RãrÓ3rãCc#¢fW'FW‚Ó#rã3“C2Ó3Rãs’Ó#¢fW'FW‚Ó#RãrÓ3rãCcÓ#¢VæFÆö÷ ¢VæFf6W@¢f6WBæ÷&ÖÂãCsCbÓãƒƒ“ ¢÷WFW"Æö÷ ¢fW'FW‚’ã“2ÓCã3S“2Ó#¢fW'FW‚#"ãRÓ3‚ã“s#¢fW'FW‚’ã“2ÓCã3S“2#¢VæFÆö÷ ¢VæFf6W@¢f6WBæ÷&ÖÂãCsCbÓãƒƒ“ ¢÷WFW"Æö÷ ¢fW'FW‚#"ãRÓ3‚ã“s#¢fW'FW‚’ã“2ÓCã3S“2Ó#¢fW'FW‚#"ãRÓ3‚ã“sÓ#¢VæFÆö÷ ¢VæFf6W@¢f6WBæ÷&ÖÂã“Sc“Bã#“#ƒB ¢÷WFW"Æö÷ ¢fW'FW‚C2ãCccrãcCc’3 ¢fW'FW‚C"ãc’BãCcC‚Ó3 ¢fW'FW‚C"ãc’BãCcC‚3 ¢VæFÆö÷ ¢VæFf6W@¢f6WBæ÷&ÖÂã“Sc“Bã#“#ƒB ¢÷WFW"Æö÷ ¢fW'FW‚C"ãc’BãCcC‚Ó3 ¢fW'FW‚C2ãCccrãcCc’3 ¢fW'FW‚C2ãCccrãcCc’Ó3 ¢VæFÆö÷ ¢VæFf6W@¢f6WBæ÷&ÖÂÓãƒƒ“ÓãCsCb ¢÷WFW"Æö÷ ¢fW'FW‚Ó3‚ã“sÓ#"ãRÓ#¢fW'FW‚ÓCã3S“2Ó’ã“2#¢fW'FW‚ÓCã3S“2Ó’ã“2Ó#¢VæFÆö÷ ¢VæFf6W@¢f6WBæ÷&ÖÂÓãƒƒ“ÓãCsCb ¢÷WFW"Æö÷ ¢fW'FW‚ÓCã3S“2Ó’ã“2#¢fW'FW‚Ó3‚ã“sÓ#"ãRÓ#¢fW'FW‚Ó3‚ã“sÓ#"ãR#¢VæFÆö÷ ¢VæFf6W@¢f6WBæ÷&ÖÂã#“#ƒBÓã“Sc“B ¢÷WFW"Æö÷ ¢fW'FW‚ãcCc’ÓC2ãCccrÓ3 ¢fW'FW‚BãCcC‚ÓC"ãc’3 ¢fW'FW‚ãcCc’ÓC2ãCccr3 ¢VæFÆö÷ ¢VæFf6W@¢f6WBæ÷&ÖÂã#“#ƒBÓã“Sc“B ¢÷WFW"Æö÷ ¢fW'FW‚BãCcC‚ÓC"ãc’3 ¢fW'FW‚ãcCc’ÓC2ãCccrÓ3 ¢fW'FW‚BãCcC‚ÓC"ãc’Ó3 ¢VæFÆö÷ ¢VæFf6W@¢f6WBæ÷&ÖÂÓãƒC“#‚ÓãS#ƒS’ ¢÷WFW"Æö÷ ¢fW'FW‚Ó3rãCcÓ#RãrÓ#¢fW'FW‚Ó3‚ã“sÓ#"ãR#¢fW'FW‚Ó3‚ã“sÓ#"ãRÓ#¢VæFÆö÷ ¢VæFf6W@¢f6WBæ÷&ÖÂÓãƒC“#‚ÓãS#ƒS’ ¢÷WFW"Æö÷ ¢fW'FW‚Ó3‚ã“sÓ#"ãR#¢fW'FW‚Ó3rãCcÓ#RãrÓ#¢fW'FW‚Ó3rãCcÓ#Rãr#¢VæFÆö÷ ¢VæFf6W@¢f6WBæ÷&ÖÂÓã“s3ƒƒ2ã##sC‚ ¢÷WFW"Æö÷ ¢fW'FW‚ÓCBã3S2‚ãss“bÓ3 ¢fW'FW‚ÓC2ãCccrãcCc’3 ¢fW'FW‚ÓC2ãCccrãcCc’Ó3 ¢VæFÆö÷ ¢VæFf6W@¢f6WBæ÷&ÖÂÓã“s3ƒƒ2ã##sC‚ ¢÷WFW"Æö÷ ¢fW'FW‚ÓC2ãCccrãcCc’3 ¢fW'FW‚ÓCBã3S2‚ãss“bÓ3 ¢fW'FW‚ÓCBã3S2‚ãss“b3 ¢VæFÆö÷ ¢VæFf6W@¢f6WBæ÷&ÖÂÓãS#ƒS’ãƒC“#‚ ¢÷WFW"Æö÷ ¢fW'FW‚Ó#"ãR3‚ã“sÓ#¢fW'FW‚Ó#Rãr3rãCc#¢fW'FW‚Ó#"ãR3‚ã“s#¢VæFÆö÷ ¢VæFf6W@¢f6WBæ÷&ÖÂÓãS#ƒS’ãƒC“#‚ ¢÷WFW"Æö÷ ¢fW'FW‚Ó#Rãr3rãCc#¢fW'FW‚Ó#"ãR3‚ã“sÓ#¢fW'FW‚Ó#Rãr3rãCcÓ#¢VæFÆö÷ ¢VæFf6W@¢f6WBæ÷&ÖÂãƒC“#‚ÓãS#ƒS’ ¢÷WFW"Æö÷ ¢fW'FW‚3rãCcÓ#Rãr#¢fW'FW‚3‚ã“sÓ#"ãRÓ#¢fW'FW‚3‚ã“sÓ#"ãR#¢VæFÆö÷ ¢VæFf6W@¢f6WBæ÷&ÖÂãƒC“#‚ÓãS#ƒS’ ¢÷WFW"Æö÷ ¢fW'FW‚3‚ã“sÓ#"ãRÓ#¢fW'FW‚3rãCcÓ#Rãr#¢fW'FW‚3rãCcÓ#RãrÓ#¢VæFÆö÷ ¢VæFf6W@¢f6WBæ÷&ÖÂÓã“s3ƒƒ"Óã##sSR ¢÷WFW"Æö÷ ¢fW'FW‚ÓC2ãCccrÓãcCc’Ó3 ¢fW'FW‚ÓC2ãcƒBÓãs32Ó#2ã3ƒ ¢fW'FW‚ÓC2ãcƒBÓãs32Ó3 ¢VæFÆö÷ ¢VæFf6W@¢f6WBæ÷&ÖÂÓã“s3ƒƒ"Óã##sSR ¢÷WFW"Æö÷ ¢fW'FW‚ÓC2ãcƒBÓãs32Ó#2ã3ƒ ¢fW'FW‚ÓC2ãCccrÓãcCc’Ó3 ¢fW'FW‚ÓC2ãcƒBÓãs32#2ã3ƒ ¢VæFÆö÷ ¢VæFf6W@¢f6WBæ÷&ÖÂÓã“s3ƒƒ"Óã##sSRÓ ¢÷WFW"Æö÷ ¢fW'FW‚ÓC2ãCccrÓãcCc’3 ¢fW'FW‚ÓC2ãcƒBÓãs32#2ã3ƒ ¢fW'FW‚ÓC2ãCccrÓãcCc’Ó3 ¢VæFÆö÷ ¢VæFf6W@¢f6WBæ÷&ÖÂÓã“s3ƒƒ"Óã##sSR ¢÷WFW"Æö÷ ¢fW'FW‚ÓC2ãcƒBÓãs32#2ã3ƒ ¢fW'FW‚ÓC2ãCccrÓãcCc’3 ¢fW'FW‚ÓC2ãcƒBÓãs323 ¢VæFÆö÷ ¢VæFf6W@¢f6WBæ÷&ÖÂÓã“s3ƒƒrÓã##s32 ¢÷WFW"Æö÷ ¢fW'FW‚ÓC2ãs#’ÓãS“Ó#"ãss#¢fW'FW‚ÓCBã3S2Ó‚ãss“b#ãS3#€¢fW'FW‚ÓCBã3S2Ó‚ãss“bÓ#ãS3#€¢VæFÆö÷ ¢VæFf6W@¢f6WBæ÷&ÖÂÓã“s3ƒƒrÓã##s32 ¢÷WFW"Æö÷ ¢fW'FW‚ÓC2ãs#’ÓãS“Ó#"ãss#¢fW'FW‚ÓC2ãs#’ÓãS“#"ãss#¢fW'FW‚ÓCBã3S2Ó‚ãss“b#ãS3#€¢VæFÆö÷ ¢VæFf6W@¢f6WBæ÷&ÖÂÓã“s3ƒCbÓã##s#‚ ¢÷WFW"Æö÷ ¢fW'FW‚ÓC2ãcƒBÓãs32Ó#2ã3ƒ ¢fW'FW‚ÓC2ãs#’ÓãS“#"ãss#¢fW'FW‚ÓC2ãs#’ÓãS“Ó#"ãss#¢VæFÆö÷ ¢VæFf6W@¢f6WBæ÷&ÖÂÓã“s3ƒCbÓã##s#‚ ¢÷WFW"Æö÷ ¢fW'FW‚ÓC2ãs#’ÓãS“#"ãss#¢fW'FW‚ÓC2ãcƒBÓãs32Ó#2ã3ƒ ¢fW'FW‚ÓC2ãcƒBÓãs32#2ã3ƒ ¢VæFÆö÷ ¢VæFf6W@¢f6WBæ÷&ÖÂÓã3S#3rã“3Sƒƒ ¢÷WFW"Æö÷ ¢fW'FW‚ÓBãCcC‚C"ãc’3 ¢fW'FW‚ÓRã#3‚C"ã333r#¢fW'FW‚ÓRã#3‚C"ã333r3 ¢VæFÆö÷ ¢VæFf6W@¢f6WBæ÷&ÖÂÓã3S##3"ã“3S“2 ¢÷WFW"Æö÷ ¢fW'FW‚ÓRã#3‚C"ã333r#¢fW'FW‚ÓRã#3‚C"ã333rÓ#¢fW'FW‚Órã##‚CãSsCb#¢VæFÆö÷ ¢VæFf6W@¢f6WBæ÷&ÖÂÓã3S#3rã“3Sƒƒ ¢÷WFW"Æö÷ ¢fW'FW‚ÓBãCcC‚C"ãc’3 ¢fW'FW‚ÓRã#3‚C"ã333rÓ#¢fW'FW‚ÓRã#3‚C"ã333r#¢VæFÆö÷ ¢VæFf6W@¢f6WBæ÷&ÖÂÓã3S#3rã“3Sƒƒ ¢÷WFW"Æö÷ ¢fW'FW‚ÓBãCcC‚C"ãc’Ó3 ¢fW'FW‚ÓRã#3‚C"ã333rÓ#¢fW'FW‚ÓBãCcC‚C"ãc’3 ¢VæFÆö÷ ¢VæFf6W@¢f6WBæ÷&ÖÂÓã3S#3rã“3Sƒƒ ¢÷WFW"Æö÷ ¢fW'FW‚ÓRã#3‚C"ã333rÓ#¢fW'FW‚ÓBãCcC‚C"ãc’Ó3 ¢fW'FW‚ÓRã#3‚C"ã333rÓ3 ¢VæFÆö÷ ¢VæFf6W@¢f6WBæ÷&ÖÂÓã3S##3"ã“3S“2 ¢÷WFW"Æö÷ ¢fW'FW‚Órã##‚CãSsCb#¢fW'FW‚ÓRã#3‚C"ã333rÓ#¢fW'FW‚Órã##‚CãSsCbÓ#¢VæFÆö÷ ¢VæFf6W@¢f6WBæ÷&ÖÂãc3C3cãss33r ¢÷WFW"Æö÷ ¢fW'FW‚#’ãcsb32ãƒ3#‚3 ¢fW'FW‚#’ãc"3Bã333r#¢fW'FW‚#’ãc"3Bã333r3 ¢VæFÆö÷ ¢VæFf6W@¢f6WBæ÷&ÖÂãc3CC"ãss32 ¢÷WFW"Æö÷ ¢fW'FW‚#’ãc"3Bã333r#¢fW'FW‚#’ãc"3Bã333rÓ#¢fW'FW‚#rã3“C23Rãs’#¢VæFÆö÷ ¢VæFf6W@¢f6WBæ÷&ÖÂãc3C3cãss33r ¢÷WFW"Æö÷ ¢fW'FW‚#’ãcsb32ãƒ3#‚3 ¢fW'FW‚#’ãc"3Bã333rÓ#¢fW'FW‚#’ãc"3Bã333r#¢VæFÆö÷ ¢VæFf6W@¢f6WBæ÷&ÖÂãc3C3cãss33rÓ ¢÷WFW"Æö÷ ¢fW'FW‚#’ãcsb32ãƒ3#‚Ó3 ¢fW'FW‚#’ãc"3Bã333rÓ#¢fW'FW‚#’ãcsb32ãƒ3#‚3 ¢VæFÆö÷ ¢VæFf6W@¢f6WBæ÷&ÖÂãc3C3cãss33r ¢÷WFW"Æö÷ ¢fW'FW‚#’ãc"3Bã333rÓ#¢fW'FW‚#’ãcsb32ãƒ3#‚Ó3 ¢fW'FW‚#’ãc"3Bã333rÓ3 ¢VæFÆö÷ ¢VæFf6W@¢f6WBæ÷&ÖÂãc3CC"ãss32 ¢÷WFW"Æö÷ ¢fW'FW‚#rã3“C23Rãs’#¢fW'FW‚#’ãc"3Bã333rÓ#¢fW'FW‚#rã3“C23Rãs’Ó#¢VæFÆö÷ ¢VæFf6W@¢f6WBæ÷&ÖÂÓãs#“ƒ3’Óãcƒ3c’ ¢÷WFW"Æö÷ ¢fW'FW‚Ó3ãƒ“‚Ó3ãƒ“‚Ó3 ¢fW'FW‚Ó3"ãCc3"Ó3ã3#’Ó#2ã3ƒ ¢fW'FW‚Ó3"ãCc3"Ó3ã3#’Ó3 ¢VæFÆö÷ ¢VæFf6W@¢f6WBæ÷&ÖÂÓãs#“ƒ3’Óãcƒ3c’ ¢÷WFW"Æö÷ ¢fW'FW‚Ó3"ãCc3"Ó3ã3#’Ó#2ã3ƒ ¢fW'FW‚Ó3ãƒ“‚Ó3ãƒ“‚Ó3 ¢fW'FW‚Ó3"ãCc3"Ó3ã3#’#2ã3ƒ ¢VæFÆö÷ ¢VæFf6W@¢f6WBæ÷&ÖÂÓãs#“ƒ3’Óãcƒ3c’Ó ¢÷WFW"Æö÷ ¢fW'FW‚Ó3ãƒ“‚Ó3ãƒ“‚3 ¢fW'FW‚Ó3"ãCc3"Ó3ã3#’#2ã3ƒ ¢fW'FW‚Ó3ãƒ“‚Ó3ãƒ“‚Ó3 ¢VæFÆö÷ ¢VæFf6W@¢f6WBæ÷&ÖÂÓãs#“ƒ3’Óãcƒ3c’ ¢÷WFW"Æö÷ ¢fW'FW‚Ó3"ãCc3"Ó3ã3#’#2ã3ƒ ¢fW'FW‚Ó3ãƒ“‚Ó3ãƒ“‚3 ¢fW'FW‚Ó3"ãCc3"Ó3ã3#’3 ¢VæFÆö÷ ¢VæFf6W@¢f6WBæ÷&ÖÂÓãs#“ƒcrÓãcƒ3Sƒ’ ¢÷WFW"Æö÷ ¢fW'FW‚Ó3"ãScÓ3ã#ƒRÓ#"ãss#¢fW'FW‚Ó32ãƒ3#‚Ó#’ãcsb#ãS3#€¢fW'FW‚Ó32ãƒ3#‚Ó#’ãcsbÓ#ãS3#€¢VæFÆö÷ ¢VæFf6W@¢f6WBæ÷&ÖÂÓãs#“ƒcrÓãcƒ3Sƒ’ ¢÷WFW"Æö÷ ¢fW'FW‚Ó3"ãScÓ3ã#ƒRÓ#"ãss#¢fW'FW‚Ó3"ãScÓ3ã#ƒR#"ãss#¢fW'FW‚Ó32ãƒ3#‚Ó#’ãcsb#ãS3#€¢VæFÆö÷ ¢VæFf6W@¢f6WBæ÷&ÖÂÓãs#“s“’Óãcƒ3cc" ¢÷WFW"Æö÷ ¢fW'FW‚Ó3"ãCc3"Ó3ã3#’Ó#2ã3ƒ ¢fW'FW‚Ó3"ãScÓ3ã#ƒR#"ãss#¢fW'FW‚Ó3"ãScÓ3ã#ƒRÓ#"ãss#¢VæFÆö÷ ¢VæFf6W@¢f6WBæ÷&ÖÂÓãs#“s“’Óãcƒ3cc" ¢÷WFW"Æö÷ ¢fW'FW‚Ó3"ãScÓ3ã#ƒR#"ãss#¢fW'FW‚Ó3"ãCc3"Ó3ã3#’Ó#2ã3ƒ ¢fW'FW‚Ó3"ãCc3"Ó3ã3#’#2ã3ƒ ¢VæFÆö÷ ¢VæFf6W@¢f6WBæ÷&ÖÂÓãss32ãc3CC" ¢÷WFW"Æö÷ ¢fW'FW‚Ó3Rãs’#rã3“C2Ó#¢fW'FW‚Ó3Bã333r#’ãc"#¢fW'FW‚Ó3Bã333r#’ãc"Ó#¢VæFÆö÷ ¢VæFf6W@¢f6WBæ÷&ÖÂÓãss32ãc3CC" ¢÷WFW"Æö÷ ¢fW'FW‚Ó3Bã333r#’ãc"#¢fW'FW‚Ó3Rãs’#rã3“C2Ó#¢fW'FW‚Ó3Rãs’#rã3“C2#¢VæFÆö÷ ¢VæFf6W@¢f6WBæ÷&ÖÂÓãss33rãc3C3c ¢÷WFW"Æö÷ ¢fW'FW‚Ó3Bã333r#’ãc"Ó#¢fW'FW‚Ó32ãƒ3#‚#’ãcsbÓ3 ¢fW'FW‚Ó3Bã333r#’ãc"Ó3 ¢VæFÆö÷ ¢VæFf6W@¢f6WBæ÷&ÖÂÓãss33rãc3C3c ¢÷WFW"Æö÷ ¢fW'FW‚Ó32ãƒ3#‚#’ãcsbÓ3 ¢fW'FW‚Ó3Bã333r#’ãc"Ó#¢fW'FW‚Ó32ãƒ3#‚#’ãcsb3 ¢VæFÆö÷ ¢VæFf6W@¢f6WBæ÷&ÖÂÓãss33rãc3C3c ¢÷WFW"Æö÷ ¢fW'FW‚Ó3Bã333r#’ãc"#¢fW'FW‚Ó32ãƒ3#‚#’ãcsb3 ¢fW'FW‚Ó3Bã333r#’ãc"Ó#¢VæFÆö÷ ¢VæFf6W@¢f6WBæ÷&ÖÂÓãss33rãc3C3c ¢÷WFW"Æö÷ ¢fW'FW‚Ó32ãƒ3#‚#’ãcsb3 ¢fW'FW‚Ó3Bã333r#’ãc"#¢fW'FW‚Ó3Bã333r#’ãc"3 ¢VæFÆö÷ ¢VæFf6W@¢f6WBæ÷&ÖÂÓã3#s#rã“““CcR ¢÷WFW"Æö÷ ¢fW'FW‚CRÓ#¢fW'FW‚Ó"ã“C3BCBã“3r#¢fW'FW‚CR#¢VæFÆö÷ ¢VæFf6W@¢f6WBæ÷&ÖÂÓã3#s#rã“““CcR ¢÷WFW"Æö÷ ¢fW'FW‚Ó"ã“C3BCBã“3r#¢fW'FW‚CRÓ#¢fW'FW‚Ó"ã“C3BCBã“3rÓ#¢VæFÆö÷ ¢VæFf6W@¢f6WBæ÷&ÖÂã“““CcRÓã3#s#r ¢÷WFW"Æö÷ ¢fW'FW‚CBã“3rÓ"ã“C3B#¢fW'FW‚CRÓ#¢fW'FW‚CR#¢VæFÆö÷ ¢VæFf6W@¢f6WBæ÷&ÖÂã“““CcRÓã3#s#r ¢÷WFW"Æö÷ ¢fW'FW‚CRÓ#¢fW'FW‚CBã“3rÓ"ã“C3B#¢fW'FW‚CBã“3rÓ"ã“C3BÓ#¢VæFÆö÷ ¢VæFf6W@¢f6WBæ÷&ÖÂãC#sã“ƒc"Ó ¢÷WFW"Æö÷ ¢fW'FW‚’ã“2Cã3S“2Ó#¢fW'FW‚rã##‚CãSsCb#¢fW'FW‚’ã“2Cã3S“2#¢VæFÆö÷ ¢VæFf6W@¢f6WBæ÷&ÖÂãC#sã“ƒc" ¢÷WFW"Æö÷ ¢fW'FW‚rã##‚CãSsCb#¢fW'FW‚’ã“2Cã3S“2Ó#¢fW'FW‚rã##‚CãSsCbÓ#¢VæFÆö÷ ¢VæFf6W@¢f6WBæ÷&ÖÂãCsCbãƒƒ“Ó ¢÷WFW"Æö÷ ¢fW'FW‚#"ãR3‚ã“sÓ#¢fW'FW‚’ã“2Cã3S“2#¢fW'FW‚#"ãR3‚ã“s#¢VæFÆö÷ ¢VæFf6W@¢f6WBæ÷&ÖÂãCsCbãƒƒ“ ¢÷WFW"Æö÷ ¢fW'FW‚’ã“2Cã3S“2#¢fW'FW‚#"ãR3‚ã“sÓ#¢fW'FW‚’ã“2Cã3S“2Ó#¢VæFÆö÷ ¢VæFf6W@¢f6WBæ÷&ÖÂã“ƒcc#‚Óãc#“’ ¢÷WFW"Æö÷ ¢fW'FW‚CBã3S2Ó‚ãss“b3 ¢fW'FW‚CBã#cBÓ‚#¢fW'FW‚CBã#cBÓ‚3 ¢VæFÆö÷ ¢VæFf6W@¢f6WBæ÷&ÖÂã“ƒcc#‚Óãc#“’ ¢÷WFW"Æö÷ ¢fW'FW‚CBã#cBÓ‚#¢fW'FW‚CBã3S2Ó‚ãss“b3 ¢fW'FW‚CBã#cBÓ‚Ó#¢VæFÆö÷ ¢VæFf6W@¢f6WBæ÷&ÖÂã“ƒcc#‚Óãc#“’ ¢÷WFW"Æö÷ ¢fW'FW‚CBã3S2Ó‚ãss“bÓ3 ¢fW'FW‚CBã#cBÓ‚Ó#¢fW'FW‚CBã3S2Ó‚ãss“b3 ¢VæFÆö÷ ¢VæFf6W@¢f6WBæ÷&ÖÂã“ƒcc#‚Óãc#“’ ¢÷WFW"Æö÷ ¢fW'FW‚CBã#cBÓ‚Ó#¢fW'FW‚CBã3S2Ó‚ãss“bÓ3 ¢fW'FW‚CBã#cBÓ‚Ó3 ¢VæFÆö÷ ¢VæFf6W@¢f6WBæ÷&ÖÂã“ƒccC‚Óãc#ƒr ¢÷WFW"Æö÷ ¢fW'FW‚CBã#cBÓ‚#¢fW'FW‚CBãcRÓRãƒs3c‚Ó#¢fW'FW‚CBãcRÓRãƒs3c‚#¢VæFÆö÷ ¢VæFf6W@¢f6WBæ÷&ÖÂã“ƒccC‚Óãc#ƒr ¢÷WFW"Æö÷ ¢fW'FW‚CBãcRÓRãƒs3c‚Ó#¢fW'FW‚CBã#cBÓ‚#¢fW'FW‚CBã#cBÓ‚Ó#¢VæFÆö÷ ¢VæFf6W@¢f6WBæ÷&ÖÂã3S##3"ã“3S“2 ¢÷WFW"Æö÷ ¢fW'FW‚rã##‚CãSsCb#¢fW'FW‚rã##‚CãSsCbÓ#¢fW'FW‚Rã#3‚C"ã333r#¢VæFÆö÷ ¢VæFf6W@¢f6WBæ÷&ÖÂã3S##3"ã“3S“2Ó ¢÷WFW"Æö÷ ¢fW'FW‚Rã#3‚C"ã333rÓ#¢fW'FW‚Rã#3‚C"ã333r#¢fW'FW‚rã##‚CãSsCbÓ#¢VæFÆö÷ ¢VæFf6W@¢f6WBæ÷&ÖÂã3S#3rã“3Sƒƒ ¢÷WFW"Æö÷ ¢fW'FW‚Rã#3‚C"ã333r#¢fW'FW‚Rã#3‚C"ã333rÓ#¢fW'FW‚BãCcC‚C"ãc’#ãS3#€¢VæFÆö÷ ¢VæFf6W@¢f6WBæ÷&ÖÂã3S#3rã“3Sƒƒ ¢÷WFW"Æö÷ ¢fW'FW‚BãCcC‚C"ãc’#ãS3#€¢fW'FW‚Rã#3‚C"ã333rÓ#¢fW'FW‚BãCcC‚C"ãc’Ó#ãS3#€¢VæFÆö÷ ¢VæFf6W@¢f6WBæ÷&ÖÂÓãƒƒ“ãCsCb ¢÷WFW"Æö÷ ¢fW'FW‚ÓCã3S“2’ã“2Ó#¢fW'FW‚Ó3‚ã“s#"ãR#¢fW'FW‚Ó3‚ã“s#"ãRÓ#¢VæFÆö÷ ¢VæFf6W@¢f6WBæ÷&ÖÂÓãƒƒ“ãCsCb ¢÷WFW"Æö÷ ¢fW'FW‚Ó3‚ã“s#"ãR#¢fW'FW‚ÓCã3S“2’ã“2Ó#¢fW'FW‚ÓCã3S“2’ã“2#¢VæFÆö÷ ¢VæFf6W@¢f6WBæ÷&ÖÂÓã“ƒc"ÓãC#s ¢÷WFW"Æö÷ ¢fW'FW‚ÓCã3S“2Ó’ã“2Ó#¢fW'FW‚ÓCãSsCbÓrã##‚#¢fW'FW‚ÓCãSsCbÓrã##‚Ó#¢VæFÆö÷ ¢VæFf6W@¢f6WBæ÷&ÖÂÓã“ƒc"ÓãC#s ¢÷WFW"Æö÷ ¢fW'FW‚ÓCãSsCbÓrã##‚#¢fW'FW‚ÓCã3S“2Ó’ã“2Ó#¢fW'FW‚ÓCã3S“2Ó’ã“2#¢VæFÆö÷ ¢VæFf6W@¢f6WBæ÷&ÖÂã“3SƒƒÓã3S#3r ¢÷WFW"Æö÷ ¢fW'FW‚C"ã333rÓRã#3‚#¢fW'FW‚C"ãc’ÓBãCcC‚Ó#ãS3#€¢fW'FW‚C"ãc’ÓBãCcC‚#ãS3#€¢VæFÆö÷ ¢VæFf6W@¢f6WBæ÷&ÖÂã“3SƒƒÓã3S#3r ¢÷WFW"Æö÷ ¢fW'FW‚C"ã333rÓRã#3‚#¢fW'FW‚C"ã333rÓRã#3‚Ó#¢fW'FW‚C"ãc’ÓBãCcC‚Ó#ãS3#€¢VæFÆö÷ ¢VæFf6W@¢f6WBæ÷&ÖÂã“3S“2Óã3S##3" ¢÷WFW"Æö÷ ¢fW'FW‚CãSsCbÓrã##‚#¢fW'FW‚C"ã333rÓRã#3‚Ó#¢fW'FW‚C"ã333rÓRã#3‚#¢VæFÆö÷ ¢VæFf6W@¢f6WBæ÷&ÖÂã“3S“2Óã3S##3" ¢÷WFW"Æö÷ ¢fW'FW‚C"ã333rÓRã#3‚Ó#¢fW'FW‚CãSsCbÓrã##‚#¢fW'FW‚CãSsCbÓrã##‚Ó#¢VæFÆö÷ ¢VæFf6W@¢f6WBæ÷&ÖÂãs#“ƒSRÓãcƒ3c" ¢÷WFW"Æö÷ ¢fW'FW‚3ãƒ“‚Ó3ãƒ“‚3 ¢fW'FW‚32ãƒ3#‚Ó#’ãcsbÓ3 ¢fW'FW‚32ãƒ3#‚Ó#’ãcsb3 ¢VæFÆö÷ ¢VæFf6W@¢f6WBæ÷&ÖÂãs#“ƒSRÓãcƒ3c" ¢÷WFW"Æö÷ ¢fW'FW‚32ãƒ3#‚Ó#’ãcsbÓ3 ¢fW'FW‚3ãƒ“‚Ó3ãƒ“‚3 ¢fW'FW‚3ãƒ“‚Ó3ãƒ“‚Ó3 ¢VæFÆö÷ ¢VæFf6W@¢f6WBæ÷&ÖÂÓã3#s#rÓã“““CcR ¢÷WFW"Æö÷ ¢fW'FW‚Ó"ã“C3BÓCBã“3rÓ#¢fW'FW‚ÓCR#¢fW'FW‚Ó"ã“C3BÓCBã“3r#¢VæFÆö÷ ¢VæFf6W@¢f6WBæ÷&ÖÂÓã3#s#rÓã“““CcRÓ ¢÷WFW"Æö÷ ¢fW'FW‚ÓCR#¢fW'FW‚Ó"ã“C3BÓCBã“3rÓ#¢fW'FW‚ÓCRÓ#¢VæFÆö÷ ¢VæFf6W@¢f6WBæ÷&ÖÂãƒƒ“ÓãCsCb ¢÷WFW"Æö÷ ¢fW'FW‚3‚ã“sÓ#"ãR#¢fW'FW‚Cã3S“2Ó’ã“2Ó#¢fW'FW‚Cã3S“2Ó’ã“2#¢VæFÆö÷ ¢VæFf6W@¢f6WBæ÷&ÖÂãƒƒ“ÓãCsCb ¢÷WFW"Æö÷ ¢fW'FW‚Cã3S“2Ó’ã“2Ó#¢fW'FW‚3‚ã“sÓ#"ãR#¢fW'FW‚3‚ã“sÓ#"ãRÓ#¢VæFÆö÷ ¢VæFf6W@¢f6WBæ÷&ÖÂÓã#“#’Óã“Sc“3’ ¢÷WFW"Æö÷ ¢fW'FW‚Ó"ãSCsRÓC2ã“3R#2ã3ƒ ¢fW'FW‚ÓãcCc’ÓC2ãCccr3 ¢fW'FW‚Ó"ãSCsRÓC2ã“3R3 ¢VæFÆö÷ ¢VæFf6W@¢f6WBæ÷&ÖÂÓã#“#CbÓã“Sc“S" ¢÷WFW"Æö÷ ¢fW'FW‚ÓBãCcC‚ÓC"ãc’Ó#ãS3#€¢fW'FW‚Ó"ãcƒCBÓC2ãS’#"ãss#¢fW'FW‚ÓBãCcC‚ÓC"ãc’#ãS3#€¢VæFÆö÷ ¢VæFf6W@¢f6WBæ÷&ÖÂÓã#“#CbÓã“Sc“S" ¢÷WFW"Æö÷ ¢fW'FW‚Ó"ãcƒCBÓC2ãS’Ó#"ãss#¢fW'FW‚Ó"ãcƒCBÓC2ãS’#"ãss#¢fW'FW‚ÓBãCcC‚ÓC"ãc’Ó#ãS3#€¢VæFÆö÷ ¢VæFf6W@¢f6WBæ÷&ÖÂÓã#“sCBÓã“ScƒÓ ¢÷WFW"Æö÷ ¢fW'FW‚Ó"ãcƒCBÓC2ãS’#"ãss#¢fW'FW‚Ó"ãcƒCBÓC2ãS’Ó#"ãss#¢fW'FW‚Ó"ãSCsRÓC2ã“3R#2ã3ƒ ¢VæFÆö÷ ¢VæFf6W@¢f6WBæ÷&ÖÂÓã#“sCBÓã“Scƒ ¢÷WFW"Æö÷ ¢fW'FW‚Ó"ãSCsRÓC2ã“3RÓ#2ã3ƒ ¢fW'FW‚Ó"ãSCsRÓC2ã“3R#2ã3ƒ ¢fW'FW‚Ó"ãcƒCBÓC2ãS’Ó#"ãss#¢VæFÆö÷ ¢VæFf6W@¢f6WBæ÷&ÖÂÓã#“#’Óã“Sc“3’Ó ¢÷WFW"Æö÷ ¢fW'FW‚Ó"ãSCsRÓC2ã“3R#2ã3ƒ ¢fW'FW‚Ó"ãSCsRÓC2ã“3RÓ#2ã3ƒ ¢fW'FW‚ÓãcCc’ÓC2ãCccr3 ¢VæFÆö÷ ¢VæFf6W@¢f6WBæ÷&ÖÂÓã#“#’Óã“Sc“3’ ¢÷WFW"Æö÷ ¢fW'FW‚ÓãcCc’ÓC2ãCccrÓ3 ¢fW'FW‚Ó"ãSCsRÓC2ã“3RÓ#2ã3ƒ ¢fW'FW‚Ó"ãSCsRÓC2ã“3RÓ3 ¢VæFÆö÷ ¢VæFf6W@¢f6WBæ÷&ÖÂÓã#“#’Óã“Sc“3’ ¢÷WFW"Æö÷ ¢fW'FW‚Ó"ãSCsRÓC2ã“3RÓ#2ã3ƒ ¢fW'FW‚ÓãcCc’ÓC2ãCccrÓ3 ¢fW'FW‚ÓãcCc’ÓC2ãCccr3 ¢VæFÆö÷ ¢VæFf6W@¢f6WBæ÷&ÖÂã3#s#rã“““CcRÓ ¢÷WFW"Æö÷ ¢fW'FW‚"ã“C3BCBã“3rÓ#¢fW'FW‚CR#¢fW'FW‚"ã“C3BCBã“3r#¢VæFÆö÷ ¢VæFf6W@¢f6WBæ÷&ÖÂã3#s#rã“““CcR ¢÷WFW"Æö÷ ¢fW'FW‚CR#¢fW'FW‚"ã“C3BCBã“3rÓ#¢fW'FW‚CRÓ#¢VæFÆö÷ ¢VæFf6W@¢f6WBæ÷&ÖÂã“ScƒÓã#“sCB ¢÷WFW"Æö÷ ¢fW'FW‚C2ãS’Ó"ãcƒCB#"ãss#¢fW'FW‚C2ã“3RÓ"ãSCsRÓ#2ã3ƒ ¢fW'FW‚C2ã“3RÓ"ãSCsR#2ã3ƒ ¢VæFÆö÷ ¢VæFf6W@¢f6WBæ÷&ÖÂã“ScƒÓã#“sCB ¢÷WFW"Æö÷ ¢fW'FW‚C2ãS’Ó"ãcƒCB#"ãss#¢fW'FW‚C2ãS’Ó"ãcƒCBÓ#"ãss#¢fW'FW‚C2ã“3RÓ"ãSCsRÓ#2ã3ƒ ¢VæFÆö÷ ¢VæFf6W@¢f6WBæ÷&ÖÂã“Sc“S"Óã#“#Cb ¢÷WFW"Æö÷ ¢fW'FW‚C"ãc’ÓBãCcC‚#ãS3#€¢fW'FW‚C2ãS’Ó"ãcƒCBÓ#"ãss#¢fW'FW‚C2ãS’Ó"ãcƒCB#"ãss#¢VæFÆö÷ ¢VæFf6W@¢f6WBæ÷&ÖÂã“Sc“S"Óã#“#Cb ¢÷WFW"Æö÷ ¢fW'FW‚C2ãS’Ó"ãcƒCBÓ#"ãss#¢fW'FW‚C"ãc’ÓBãCcC‚#ãS3#€¢fW'FW‚C"ãc’ÓBãCcC‚Ó#ãS3#€¢VæFÆö÷ ¢VæFf6W@¢f6WBæ÷&ÖÂã“Sc“3’Óã#“#’ ¢÷WFW"Æö÷ ¢fW'FW‚C2ã“3RÓ"ãSCsR#2ã3ƒ ¢fW'FW‚C2ãCccrÓãcCc’3 ¢fW'FW‚C2ã“3RÓ"ãSCsR3 ¢VæFÆö÷ ¢VæFf6W@¢f6WBæ÷&ÖÂã“Sc“3’Óã#“#’ ¢÷WFW"Æö÷ ¢fW'FW‚C2ãCccrÓãcCc’3 ¢fW'FW‚C2ã“3RÓ"ãSCsR#2ã3ƒ ¢fW'FW‚C2ãCccrÓãcCc’Ó3 ¢VæFÆö÷ ¢VæFf6W@¢f6WBæ÷&ÖÂã“Sc“3’Óã#“#’ ¢÷WFW"Æö÷ ¢fW'FW‚C2ã“3RÓ"ãSCsRÓ#2ã3ƒ ¢fW'FW‚C2ãCccrÓãcCc’Ó3 ¢fW'FW‚C2ã“3RÓ"ãSCsR#2ã3ƒ ¢VæFÆö÷ ¢VæFf6W@¢f6WBæ÷&ÖÂã“Sc“3’Óã#“#’ ¢÷WFW"Æö÷ ¢fW'FW‚C2ãCccrÓãcCc’Ó3 ¢fW'FW‚C2ã“3RÓ"ãSCsRÓ#2ã3ƒ ¢fW'FW‚C2ã“3RÓ"ãSCsRÓ3 ¢VæFÆö÷ ¢VæFf6W@¢f6WBæ÷&ÖÂÓãS#ƒS’ÓãƒC“#‚ ¢÷WFW"Æö÷ ¢fW'FW‚Ó#RãrÓ3rãCcÓ#¢fW'FW‚Ó#"ãRÓ3‚ã“s#¢fW'FW‚Ó#RãrÓ3rãCc#¢VæFÆö÷ ¢VæFf6W@¢f6WBæ÷&ÖÂÓãS#ƒS’ÓãƒC“#‚Ó ¢÷WFW"Æö÷ ¢fW'FW‚Ó#"ãRÓ3‚ã“s#¢fW'FW‚Ó#RãrÓ3rãCcÓ#¢fW'FW‚Ó#"ãRÓ3‚ã“sÓ#¢VæFÆö÷ ¢VæFf6W@¢f6WBæ÷&ÖÂÓã3S##3"Óã“3S“2Ó ¢÷WFW"Æö÷ ¢fW'FW‚Órã##‚ÓCãSsCb#¢fW'FW‚Órã##‚ÓCãSsCbÓ#¢fW'FW‚ÓRã#3‚ÓC"ã333r#¢VæFÆö÷ ¢VæFf6W@¢f6WBæ÷&ÖÂÓã3S##3"Óã“3S“2 ¢÷WFW"Æö÷ ¢fW'FW‚ÓRã#3‚ÓC"ã333rÓ#¢fW'FW‚ÓRã#3‚ÓC"ã333r#¢fW'FW‚Órã##‚ÓCãSsCbÓ#¢VæFÆö÷ ¢VæFf6W@¢f6WBæ÷&ÖÂÓã3S#3rÓã“3SƒƒÓ ¢÷WFW"Æö÷ ¢fW'FW‚ÓRã#3‚ÓC"ã333r#¢fW'FW‚ÓRã#3‚ÓC"ã333rÓ#¢fW'FW‚ÓBãCcC‚ÓC"ãc’#ãS3#€¢VæFÆö÷ ¢VæFf6W@¢f6WBæ÷&ÖÂÓã3S#3rÓã“3SƒƒÓ ¢÷WFW"Æö÷ ¢fW'FW‚ÓBãCcC‚ÓC"ãc’#ãS3#€¢fW'FW‚ÓRã#3‚ÓC"ã333rÓ#¢fW'FW‚ÓBãCcC‚ÓC"ãc’Ó#ãS3#€¢VæFÆö÷ ¢VæFf6W@¢f6WBæ÷&ÖÂÓã##sSRã“s3ƒƒ" ¢÷WFW"Æö÷ ¢fW'FW‚Óãs32C2ãcƒB#2ã3ƒ ¢fW'FW‚ÓãcCc’C2ãCccr3 ¢fW'FW‚Óãs32C2ãcƒB3 ¢VæFÆö÷ ¢VæFf6W@¢f6WBæ÷&ÖÂÓã##s32ã“s3ƒƒr ¢÷WFW"Æö÷ ¢fW'FW‚Ó‚ãss“bCBã3S2Ó#ãS3#€¢fW'FW‚ÓãS“C2ãs#’#"ãss#¢fW'FW‚Ó‚ãss“bCBã3S2#ãS3#€¢VæFÆö÷ ¢VæFf6W@¢f6WBæ÷&ÖÂÓã##s32ã“s3ƒƒr ¢÷WFW"Æö÷ ¢fW'FW‚ÓãS“C2ãs#’Ó#"ãss#¢fW'FW‚ÓãS“C2ãs#’#"ãss#¢fW'FW‚Ó‚ãss“bCBã3S2Ó#ãS3#€¢VæFÆö÷ ¢VæFf6W@¢f6WBæ÷&ÖÂÓã##s#‚ã“s3ƒCb ¢÷WFW"Æö÷ ¢fW'FW‚ÓãS“C2ãs#’#"ãss#¢fW'FW‚ÓãS“C2ãs#’Ó#"ãss#¢fW'FW‚Óãs32C2ãcƒB#2ã3ƒ ¢VæFÆö÷ ¢VæFf6W@¢f6WBæ÷&ÖÂÓã##s#‚ã“s3ƒCb ¢÷WFW"Æö÷ ¢fW'FW‚Óãs32C2ãcƒBÓ#2ã3ƒ ¢fW'FW‚Óãs32C2ãcƒB#2ã3ƒ ¢fW'FW‚ÓãS“C2ãs#’Ó#"ãss#¢VæFÆö÷ ¢VæFf6W@¢f6WBæ÷&ÖÂÓã##sSRã“s3ƒƒ" ¢÷WFW"Æö÷ ¢fW'FW‚Óãs32C2ãcƒB#2ã3ƒ ¢fW'FW‚Óãs32C2ãcƒBÓ#2ã3ƒ ¢fW'FW‚ÓãcCc’C2ãCccr3 ¢VæFÆö÷ ¢VæFf6W@¢f6WBæ÷&ÖÂÓã##sSRã“s3ƒƒ" ¢÷WFW"Æö÷ ¢fW'FW‚ÓãcCc’C2ãCccrÓ3 ¢fW'FW‚Óãs32C2ãcƒBÓ#2ã3ƒ ¢fW'FW‚Óãs32C2ãcƒBÓ3 ¢VæFÆö÷ ¢VæFf6W@¢f6WBæ÷&ÖÂÓã##sSRã“s3ƒƒ" ¢÷WFW"Æö÷ ¢fW'FW‚Óãs32C2ãcƒBÓ#2ã3ƒ ¢fW'FW‚ÓãcCc’C2ãCccrÓ3 ¢fW'FW‚ÓãcCc’C2ãCccr3 ¢VæFÆö÷ ¢VæFf6W@¢f6WBæ÷&ÖÂãcƒ3c’Óãs#“ƒ3’ ¢÷WFW"Æö÷ ¢fW'FW‚3ã3#’Ó3"ãCc3"#2ã3ƒ ¢fW'FW‚3ãƒ“‚Ó3ãƒ“‚3 ¢fW'FW‚3ã3#’Ó3"ãCc3"3 ¢VæFÆö÷ ¢VæFf6W@¢f6WBæ÷&ÖÂãcƒ3Sƒ’Óãs#“ƒcr ¢÷WFW"Æö÷ ¢fW'FW‚#’ãcsbÓ32ãƒ3#‚Ó#ãS3#€¢fW'FW‚3ã#ƒRÓ3"ãSc#"ãss#¢fW'FW‚#’ãcsbÓ32ãƒ3#‚#ãS3#€¢VæFÆö÷ ¢VæFf6W@¢f6WBæ÷&ÖÂãcƒ3Sƒ’Óãs#“ƒcr ¢÷WFW"Æö÷ ¢fW'FW‚3ã#ƒRÓ3"ãScÓ#"ãss#¢fW'FW‚3ã#ƒRÓ3"ãSc#"ãss#¢fW'FW‚#’ãcsbÓ32ãƒ3#‚Ó#ãS3#€¢VæFÆö÷ ¢VæFf6W@¢f6WBæ÷&ÖÂãcƒ3cc"Óãs#“s“’ ¢÷WFW"Æö÷ ¢fW'FW‚3ã#ƒRÓ3"ãSc#"ãss#¢fW'FW‚3ã#ƒRÓ3"ãScÓ#"ãss#¢fW'FW‚3ã3#’Ó3"ãCc3"#2ã3ƒ ¢VæFÆö÷ ¢VæFf6W@¢f6WBæ÷&ÖÂãcƒ3cc"Óãs#“s“’ ¢÷WFW"Æö÷ ¢fW'FW‚3ã3#’Ó3"ãCc3"Ó#2ã3ƒ ¢fW'FW‚3ã3#’Ó3"ãCc3"#2ã3ƒ ¢fW'FW‚3ã#ƒRÓ3"ãScÓ#"ãss#¢VæFÆö÷ ¢VæFf6W@¢f6WBæ÷&ÖÂãcƒ3c’Óãs#“ƒ3’ ¢÷WFW"Æö÷ ¢fW'FW‚3ã3#’Ó3"ãCc3"#2ã3ƒ ¢fW'FW‚3ã3#’Ó3"ãCc3"Ó#2ã3ƒ ¢fW'FW‚3ãƒ“‚Ó3ãƒ“‚3 ¢VæFÆö÷ ¢VæFf6W@¢f6WBæ÷&ÖÂãcƒ3c’Óãs#“ƒ3’ ¢÷WFW"Æö÷ ¢fW'FW‚3ãƒ“‚Ó3ãƒ“‚Ó3 ¢fW'FW‚3ã3#’Ó3"ãCc3"Ó#2ã3ƒ ¢fW'FW‚3ã3#’Ó3"ãCc3"Ó3 ¢VæFÆö÷ ¢VæFf6W@¢f6WBæ÷&ÖÂãcƒ3c’Óãs#“ƒ3’ ¢÷WFW"Æö÷ ¢fW'FW‚3ã3#’Ó3"ãCc3"Ó#2ã3ƒ ¢fW'FW‚3ãƒ“‚Ó3ãƒ“‚Ó3 ¢fW'FW‚3ãƒ“‚Ó3ãƒ“‚3 ¢VæFÆö÷ ¢VæFf6W@¢f6WBæ÷&ÖÂÓã#“#ƒBã“Sc“B ¢÷WFW"Æö÷ ¢fW'FW‚ÓãcCc’C2ãCccrÓ3 ¢fW'FW‚ÓBãCcC‚C"ãc’3 ¢fW'FW‚ÓãcCc’C2ãCccr3 ¢VæFÆö÷ ¢VæFf6W@¢f6WBæ÷&ÖÂÓã#“#ƒBã“Sc“B ¢÷WFW"Æö÷ ¢fW'FW‚ÓBãCcC‚C"ãc’3 ¢fW'FW‚ÓãcCc’C2ãCccrÓ3 ¢fW'FW‚ÓBãCcC‚C"ãc’Ó3 ¢VæFÆö÷ ¢VæFf6W@¢f6WBæ÷&ÖÂÓãc#ƒrã“ƒccC‚ ¢÷WFW"Æö÷ ¢fW'FW‚ÓRãƒs3c‚CBãcR#¢fW'FW‚ÓRãƒs3c‚CBãcRÓ#¢fW'FW‚Ó‚CBã#cB#¢VæFÆö÷ ¢VæFf6W@¢f6WBæ÷&ÖÂÓãc#ƒrã“ƒccC‚ ¢÷WFW"Æö÷ ¢fW'FW‚Ó‚CBã#cBÓ#¢fW'FW‚Ó‚CBã#cB#¢fW'FW‚ÓRãƒs3c‚CBãcRÓ#¢VæFÆö÷ ¢VæFf6W@¢f6WBæ÷&ÖÂÓãc#“’ã“ƒcc#‚ ¢÷WFW"Æö÷ ¢fW'FW‚Ó‚CBã#cB#¢fW'FW‚Ó‚CBã#cBÓ#¢fW'FW‚Ó‚ãss“bCBã3S2#ãS3#€¢VæFÆö÷ ¢VæFf6W@¢f6WBæ÷&ÖÂÓãc#“’ã“ƒcc#‚ ¢÷WFW"Æö÷ ¢fW'FW‚Ó‚ãss“bCBã3S2#ãS3#€¢fW'FW‚Ó‚CBã#cBÓ#¢fW'FW‚Ó‚ãss“bCBã3S2Ó#ãS3#€¢VæFÆö÷ ¢VæFf6W@¢f6WBæ÷&ÖÂÓã““Sƒ2ã“ƒ3“r ¢÷WFW"Æö÷ ¢fW'FW‚ÓCBã“3r"ã“C3BÓ#¢fW'FW‚ÓCBãcRRãƒs3c‚#¢fW'FW‚ÓCBãcRRãƒs3c‚Ó#¢VæFÆö÷ ¢VæFf6W@¢f6WBæ÷&ÖÂÓã““Sƒ2ã“ƒ3“r ¢÷WFW"Æö÷ ¢fW'FW‚ÓCBãcRRãƒs3c‚#¢fW'FW‚ÓCBã“3r"ã“C3BÓ#¢fW'FW‚ÓCBã“3r"ã“C3B#¢VæFÆö÷ ¢VæFf6W@¢f6WBæ÷&ÖÂãc#ƒrÓã“ƒccC‚ ¢÷WFW"Æö÷ ¢fW'FW‚Rãƒs3c‚ÓCBãcR#¢fW'FW‚Rãƒs3c‚ÓCBãcRÓ#¢fW'FW‚‚ÓCBã#cB#¢VæFÆö÷ ¢VæFf6W@¢f6WBæ÷&ÖÂãc#ƒrÓã“ƒccC‚ ¢÷WFW"Æö÷ ¢fW'FW‚‚ÓCBã#cBÓ#¢fW'FW‚‚ÓCBã#cB#¢fW'FW‚Rãƒs3c‚ÓCBãcRÓ#¢VæFÆö÷ ¢VæFf6W@¢f6WBæ÷&ÖÂãc#“’Óã“ƒcc#‚ ¢÷WFW"Æö÷ ¢fW'FW‚‚ÓCBã#cB#¢fW'FW‚‚ÓCBã#cBÓ#¢fW'FW‚‚ãss“bÓCBã3S2#ãS3#€¢VæFÆö÷ ¢VæFf6W@¢f6WBæ÷&ÖÂãc#“’Óã“ƒcc#‚ ¢÷WFW"Æö÷ ¢fW'FW‚‚ãss“bÓCBã3S2#ãS3#€¢fW'FW‚‚ÓCBã#cBÓ#¢fW'FW‚‚ãss“bÓCBã3S2Ó#ãS3#€¢VæFÆö÷ ¢VæFf6W@¢f6WBæ÷&ÖÂã“ƒ3“rã““Sƒ2Ó ¢÷WFW"Æö÷ ¢fW'FW‚Rãƒs3c‚CBãcRÓ#¢fW'FW‚"ã“C3BCBã“3r#¢fW'FW‚Rãƒs3c‚CBãcR#¢VæFÆö÷ ¢VæFf6W@¢f6WBæ÷&ÖÂã“ƒ3“rã““Sƒ2 ¢÷WFW"Æö÷ ¢fW'FW‚"ã“C3BCBã“3r#¢fW'FW‚Rãƒs3c‚CBãcRÓ#¢fW'FW‚"ã“C3BCBã“3rÓ#¢VæFÆö÷ ¢VæFf6W@¢f6WBæ÷&ÖÂÓãs#“ƒSRãcƒ3c" ¢÷WFW"Æö÷ ¢fW'FW‚Ó32ãƒ3#‚#’ãcsbÓ3 ¢fW'FW‚Ó3ãƒ“‚3ãƒ“‚3 ¢fW'FW‚Ó3ãƒ“‚3ãƒ“‚Ó3 ¢VæFÆö÷ ¢VæFf6W@¢f6WBæ÷&ÖÂÓãs#“ƒSRãcƒ3c" ¢÷WFW"Æö÷ ¢fW'FW‚Ó3ãƒ“‚3ãƒ“‚3 ¢fW'FW‚Ó32ãƒ3#‚#’ãcsbÓ3 ¢fW'FW‚Ó32ãƒ3#‚#’ãcsb3 ¢VæFÆö÷ ¢VæFf6W@¢f6WBæ÷&ÖÂÓã“““CcRã3#s#r ¢÷WFW"Æö÷ ¢fW'FW‚ÓCRÓ#¢fW'FW‚ÓCBã“3r"ã“C3B#¢fW'FW‚ÓCBã“3r"ã“C3BÓ#¢VæFÆö÷ ¢VæFf6W@¢f6WBæ÷&ÖÂÓã“““CcRã3#s#r ¢÷WFW"Æö÷ ¢fW'FW‚ÓCBã“3r"ã“C3B#¢fW'FW‚ÓCRÓ#¢fW'FW‚ÓCR#¢VæFÆö÷ ¢VæFf6W@¢f6WBæ÷&ÖÂãC#sÓã“ƒc" ¢÷WFW"Æö÷ ¢fW'FW‚rã##‚ÓCãSsCbÓ#¢fW'FW‚’ã“2ÓCã3S“2#¢fW'FW‚rã##‚ÓCãSsCb#¢VæFÆö÷ ¢VæFf6W@¢f6WBæ÷&ÖÂãC#sÓã“ƒc" ¢÷WFW"Æö÷ ¢fW'FW‚’ã“2ÓCã3S“2#¢fW'FW‚rã##‚ÓCãSsCbÓ#¢fW'FW‚’ã“2ÓCã3S“2Ó#¢VæFÆö÷ ¢VæFf6W@¢f6WBæ÷&ÖÂÓã##sC‚Óã“s3ƒƒ2 ¢÷WFW"Æö÷ ¢fW'FW‚ÓãcCc’ÓC2ãCccrÓ3 ¢fW'FW‚Ó‚ãss“bÓCBã3S23 ¢fW'FW‚ÓãcCc’ÓC2ãCccr3 ¢VæFÆö÷ ¢VæFf6W@¢f6WBæ÷&ÖÂÓã##sC‚Óã“s3ƒƒ2Ó ¢÷WFW"Æö÷ ¢fW'FW‚Ó‚ãss“bÓCBã3S23 ¢fW'FW‚ÓãcCc’ÓC2ãCccrÓ3 ¢fW'FW‚Ó‚ãss“bÓCBã3S2Ó3 ¢VæFÆö÷ ¢VæFf6W@¢f6WBæ÷&ÖÂÓãcƒ3c"Óãs#“ƒSR ¢÷WFW"Æö÷ ¢fW'FW‚Ó3ãƒ“‚Ó3ãƒ“‚Ó3 ¢fW'FW‚Ó#’ãcsbÓ32ãƒ3#‚3 ¢fW'FW‚Ó3ãƒ“‚Ó3ãƒ“‚3 ¢VæFÆö÷ ¢VæFf6W@¢f6WBæ÷&ÖÂÓãcƒ3c"Óãs#“ƒSRÓ ¢÷WFW"Æö÷ ¢fW'FW‚Ó#’ãcsbÓ32ãƒ3#‚3 ¢fW'FW‚Ó3ãƒ“‚Ó3ãƒ“‚Ó3 ¢fW'FW‚Ó#’ãcsbÓ32ãƒ3#‚Ó3 ¢VæFÆö÷ ¢VæFf6W@¢f6WBæ÷&ÖÂÓãss32Óãc3CC" ¢÷WFW"Æö÷ ¢fW'FW‚Ó3Bã333rÓ#’ãc"Ó#¢fW'FW‚Ó3Rãs’Ó#rã3“C2#¢fW'FW‚Ó3Rãs’Ó#rã3“C2Ó#¢VæFÆö÷ ¢VæFf6W@¢f6WBæ÷&ÖÂÓãss32Óãc3CC" ¢÷WFW"Æö÷ ¢fW'FW‚Ó3Bã333rÓ#’ãc"Ó#¢fW'FW‚Ó3Bã333rÓ#’ãc"#¢fW'FW‚Ó3Rãs’Ó#rã3“C2#¢VæFÆö÷ ¢VæFf6W@¢f6WBæ÷&ÖÂÓãss33rÓãc3C3c ¢÷WFW"Æö÷ ¢fW'FW‚Ó32ãƒ3#‚Ó#’ãcsbÓ#ãS3#€¢fW'FW‚Ó3Bã333rÓ#’ãc"#¢fW'FW‚Ó3Bã333rÓ#’ãc"Ó#¢VæFÆö÷ ¢VæFf6W@¢f6WBæ÷&ÖÂÓãss33rÓãc3C3c ¢÷WFW"Æö÷ ¢fW'FW‚Ó3Bã333rÓ#’ãc"#¢fW'FW‚Ó32ãƒ3#‚Ó#’ãcsbÓ#ãS3#€¢fW'FW‚Ó32ãƒ3#‚Ó#’ãcsb#ãS3#€¢VæFÆö÷ ¢VæFf6W@¢f6WBæ÷&ÖÂã##sC‚ã“s3ƒƒ2Ó ¢÷WFW"Æö÷ ¢fW'FW‚ãcCc’C2ãCccrÓ3 ¢fW'FW‚‚ãss“bCBã3S23 ¢fW'FW‚ãcCc’C2ãCccr3 ¢VæFÆö÷ ¢VæFf6W@¢f6WBæ÷&ÖÂã##sC‚ã“s3ƒƒ2 ¢÷WFW"Æö÷ ¢fW'FW‚‚ãss“bCBã3S23 ¢fW'FW‚ãcCc’C2ãCccrÓ3 ¢fW'FW‚‚ãss“bCBã3S2Ó3 ¢VæFÆö÷ ¢VæFf6W@¢f6WBæ÷&ÖÂãSƒ#CsÓãƒ#ƒS ¢÷WFW"Æö÷ ¢fW'FW‚#RãrÓ3rãCcÓ#¢fW'FW‚#rã3“C2Ó3Rãs’#¢fW'FW‚#RãrÓ3rãCc#¢VæFÆö÷ ¢VæFf6W@¢f6WBæ÷&ÖÂãSƒ#CsÓãƒ#ƒS ¢÷WFW"Æö÷ ¢fW'FW‚#rã3“C2Ó3Rãs’#¢fW'FW‚#RãrÓ3rãCcÓ#¢fW'FW‚#rã3“C2Ó3Rãs’Ó#¢VæFÆö÷ ¢VæFf6W@¢f6WBæ÷&ÖÂã“s3ƒƒ2Óã##sC‚ ¢÷WFW"Æö÷ ¢fW'FW‚C2ãCccrÓãcCc’3 ¢fW'FW‚CBã3S2Ó‚ãss“bÓ3 ¢fW'FW‚CBã3S2Ó‚ãss“b3 ¢VæFÆö÷ ¢VæFf6W@¢f6WBæ÷&ÖÂã“s3ƒƒ2Óã##sC‚ ¢÷WFW"Æö÷ ¢fW'FW‚CBã3S2Ó‚ãss“bÓ3 ¢fW'FW‚C2ãCccrÓãcCc’3 ¢fW'FW‚C2ãCccrÓãcCc’Ó3 ¢VæFÆö÷ ¢VæFf6W@¢f6WBæ÷&ÖÂÓã“ƒ3“rÓã““Sƒ2 ¢÷WFW"Æö÷ ¢fW'FW‚ÓRãƒs3c‚ÓCBãcRÓ#¢fW'FW‚Ó"ã“C3BÓCBã“3r#¢fW'FW‚ÓRãƒs3c‚ÓCBãcR#¢VæFÆö÷ ¢VæFf6W@¢f6WBæ÷&ÖÂÓã“ƒ3“rÓã““Sƒ2Ó ¢÷WFW"Æö÷ ¢fW'FW‚Ó"ã“C3BÓCBã“3r#¢fW'FW‚ÓRãƒs3c‚ÓCBãcRÓ#¢fW'FW‚Ó"ã“C3BÓCBã“3rÓ#¢VæFÆö÷ ¢VæFf6W@¢f6WBæ÷&ÖÂÓã“Sc“3’ã#“#’ ¢÷WFW"Æö÷ ¢fW'FW‚ÓC2ãCccrãcCc’Ó3 ¢fW'FW‚ÓC2ã“3R"ãSCsRÓ#2ã3ƒ ¢fW'FW‚ÓC2ã“3R"ãSCsRÓ3 ¢VæFÆö÷ ¢VæFf6W@¢f6WBæ÷&ÖÂÓã“Sc“3’ã#“#’ ¢÷WFW"Æö÷ ¢fW'FW‚ÓC2ã“3R"ãSCsRÓ#2ã3ƒ ¢fW'FW‚ÓC2ãCccrãcCc’Ó3 ¢fW'FW‚ÓC2ã“3R"ãSCsR#2ã3ƒ ¢VæFÆö÷ ¢VæFf6W@¢f6WBæ÷&ÖÂÓã“Sc“3’ã#“#’ ¢÷WFW"Æö÷ ¢fW'FW‚ÓC2ãCccrãcCc’3 ¢fW'FW‚ÓC2ã“3R"ãSCsR#2ã3ƒ ¢fW'FW‚ÓC2ãCccrãcCc’Ó3 ¢VæFÆö÷ ¢VæFf6W@¢f6WBæ÷&ÖÂÓã“Sc“3’ã#“#’ ¢÷WFW"Æö÷ ¢fW'FW‚ÓC2ã“3R"ãSCsR#2ã3ƒ ¢fW'FW‚ÓC2ãCccrãcCc’3 ¢fW'FW‚ÓC2ã“3R"ãSCsR3 ¢VæFÆö÷ ¢VæFf6W@¢f6WBæ÷&ÖÂÓã“Sc“S"ã#“#Cb ¢÷WFW"Æö÷ ¢fW'FW‚ÓC2ãS’"ãcƒCBÓ#"ãss#¢fW'FW‚ÓC"ãc’BãCcC‚#ãS3#€¢fW'FW‚ÓC"ãc’BãCcC‚Ó#ãS3#€¢VæFÆö÷ ¢VæFf6W@¢f6WBæ÷&ÖÂÓã“Sc“S"ã#“#Cb ¢÷WFW"Æö÷ ¢fW'FW‚ÓC2ãS’"ãcƒCBÓ#"ãss#¢fW'FW‚ÓC2ãS’"ãcƒCB#"ãss#¢fW'FW‚ÓC"ãc’BãCcC‚#ãS3#€¢VæFÆö÷ ¢VæFf6W@¢f6WBæ÷&ÖÂÓã“Scƒã#“sCB ¢÷WFW"Æö÷ ¢fW'FW‚ÓC2ã“3R"ãSCsRÓ#2ã3ƒ ¢fW'FW‚ÓC2ãS’"ãcƒCB#"ãss#¢fW'FW‚ÓC2ãS’"ãcƒCBÓ#"ãss#¢VæFÆö÷ ¢VæFf6W@¢f6WBæ÷&ÖÂÓã“Scƒã#“sCB ¢÷WFW"Æö÷ ¢fW'FW‚ÓC2ãS’"ãcƒCB#"ãss#¢fW'FW‚ÓC2ã“3R"ãSCsRÓ#2ã3ƒ ¢fW'FW‚ÓC2ã“3R"ãSCsR#2ã3ƒ ¢VæFÆö÷ ¢VæFf6W@¢f6WBæ÷&ÖÂã#“#’ã“Sc“3’Ó ¢÷WFW"Æö÷ ¢fW'FW‚"ãSCsRC2ã“3R#2ã3ƒ ¢fW'FW‚ãcCc’C2ãCccr3 ¢fW'FW‚"ãSCsRC2ã“3R3 ¢VæFÆö÷ ¢VæFf6W@¢f6WBæ÷&ÖÂã#“#Cbã“Sc“S"Ó ¢÷WFW"Æö÷ ¢fW'FW‚BãCcC‚C"ãc’Ó#ãS3#€¢fW'FW‚"ãcƒCBC2ãS’#"ãss#¢fW'FW‚BãCcC‚C"ãc’#ãS3#€¢VæFÆö÷ ¢VæFf6W@¢f6WBæ÷&ÖÂã#“#Cbã“Sc“S"Ó ¢÷WFW"Æö÷ ¢fW'FW‚"ãcƒCBC2ãS’Ó#"ãss#¢fW'FW‚"ãcƒCBC2ãS’#"ãss#¢fW'FW‚BãCcC‚C"ãc’Ó#ãS3#€¢VæFÆö÷ ¢VæFf6W@¢f6WBæ÷&ÖÂã#“sCBã“Scƒ ¢÷WFW"Æö÷ ¢fW'FW‚"ãcƒCBC2ãS’#"ãss#¢fW'FW‚"ãcƒCBC2ãS’Ó#"ãss#¢fW'FW‚"ãSCsRC2ã“3R#2ã3ƒ ¢VæFÆö÷ ¢VæFf6W@¢f6WBæ÷&ÖÂã#“sCBã“ScƒÓ ¢÷WFW"Æö÷ ¢fW'FW‚"ãSCsRC2ã“3RÓ#2ã3ƒ ¢fW'FW‚"ãSCsRC2ã“3R#2ã3ƒ ¢fW'FW‚"ãcƒCBC2ãS’Ó#"ãss#¢VæFÆö÷ ¢VæFf6W@¢f6WBæ÷&ÖÂã#“#’ã“Sc“3’ ¢÷WFW"Æö÷ ¢fW'FW‚"ãSCsRC2ã“3R#2ã3ƒ ¢fW'FW‚"ãSCsRC2ã“3RÓ#2ã3ƒ ¢fW'FW‚ãcCc’C2ãCccr3 ¢VæFÆö÷ ¢VæFf6W@¢f6WBæ÷&ÖÂã#“#’ã“Sc“3’ ¢÷WFW"Æö÷ ¢fW'FW‚ãcCc’C2ãCccrÓ3 ¢fW'FW‚"ãSCsRC2ã“3RÓ#2ã3ƒ ¢fW'FW‚"ãSCsRC2ã“3RÓ3 ¢VæFÆö÷ ¢VæFf6W@¢f6WBæ÷&ÖÂã#“#’ã“Sc“3’ ¢÷WFW"Æö÷ ¢fW'FW‚"ãSCsRC2ã“3RÓ#2ã3ƒ ¢fW'FW‚ãcCc’C2ãCccrÓ3 ¢fW'FW‚ãcCc’C2ãCccr3 ¢VæFÆö÷ ¢VæFf6W@¢f6WBæ÷&ÖÂã“ƒc"ÓãC#s ¢÷WFW"Æö÷ ¢fW'FW‚Cã3S“2Ó’ã“2#¢fW'FW‚CãSsCbÓrã##‚Ó#¢fW'FW‚CãSsCbÓrã##‚#¢VæFÆö÷ ¢VæFf6W@¢f6WBæ÷&ÖÂã“ƒc"ÓãC#s ¢÷WFW"Æö÷ ¢fW'FW‚CãSsCbÓrã##‚Ó#¢fW'FW‚Cã3S“2Ó’ã“2#¢fW'FW‚Cã3S“2Ó’ã“2Ó#¢VæFÆö÷ ¢VæFf6W@¢f6WBæ÷&ÖÂÓãCsCbãƒƒ“ ¢÷WFW"Æö÷ ¢fW'FW‚Ó’ã“2Cã3S“2Ó#¢fW'FW‚Ó#"ãR3‚ã“s#¢fW'FW‚Ó’ã“2Cã3S“2#¢VæFÆö÷ ¢VæFf6W@¢f6WBæ÷&ÖÂÓãCsCbãƒƒ“ ¢÷WFW"Æö÷ ¢fW'FW‚Ó#"ãR3‚ã“s#¢fW'FW‚Ó’ã“2Cã3S“2Ó#¢fW'FW‚Ó#"ãR3‚ã“sÓ#¢VæFÆö÷ ¢VæFf6W@¢f6WBæ÷&ÖÂÓãc3C3cÓãss33r ¢÷WFW"Æö÷ ¢fW'FW‚Ó#’ãcsbÓ32ãƒ3#‚3 ¢fW'FW‚Ó#’ãc"Ó3Bã333r#¢fW'FW‚Ó#’ãc"Ó3Bã333r3 ¢VæFÆö÷ ¢VæFf6W@¢f6WBæ÷&ÖÂÓãc3CC"Óãss32Ó ¢÷WFW"Æö÷ ¢fW'FW‚Ó#’ãc"Ó3Bã333r#¢fW'FW‚Ó#’ãc"Ó3Bã333rÓ#¢fW'FW‚Ó#rã3“C2Ó3Rãs’#¢VæFÆö÷ ¢VæFf6W@¢f6WBæ÷&ÖÂÓãc3C3cÓãss33r ¢÷WFW"Æö÷ ¢fW'FW‚Ó#’ãcsbÓ32ãƒ3#‚3 ¢fW'FW‚Ó#’ãc"Ó3Bã333rÓ#¢fW'FW‚Ó#’ãc"Ó3Bã333r#¢VæFÆö÷ ¢VæFf6W@¢f6WBæ÷&ÖÂÓãc3C3cÓãss33r ¢÷WFW"Æö÷ ¢fW'FW‚Ó#’ãcsbÓ32ãƒ3#‚Ó3 ¢fW'FW‚Ó#’ãc"Ó3Bã333rÓ#¢fW'FW‚Ó#’ãcsbÓ32ãƒ3#‚3 ¢VæFÆö÷ ¢VæFf6W@¢f6WBæ÷&ÖÂÓãc3C3cÓãss33rÓ ¢÷WFW"Æö÷ ¢fW'FW‚Ó#’ãc"Ó3Bã333rÓ#¢fW'FW‚Ó#’ãcsbÓ32ãƒ3#‚Ó3 ¢fW'FW‚Ó#’ãc"Ó3Bã333rÓ3 ¢VæFÆö÷ ¢VæFf6W@¢f6WBæ÷&ÖÂÓãc3CC"Óãss32Ó ¢÷WFW"Æö÷ ¢fW'FW‚Ó#rã3“C2Ó3Rãs’#¢fW'FW‚Ó#’ãc"Ó3Bã333rÓ#¢fW'FW‚Ó#rã3“C2Ó3Rãs’Ó#¢VæFÆö÷ ¢VæFf6W@¢f6WBæ÷&ÖÂÓãCsCbÓãƒƒ“ ¢÷WFW"Æö÷ ¢fW'FW‚Ó#"ãRÓ3‚ã“sÓ#¢fW'FW‚Ó’ã“2ÓCã3S“2#¢fW'FW‚Ó#"ãRÓ3‚ã“s#¢VæFÆö÷ ¢VæFf6W@¢f6WBæ÷&ÖÂÓãCsCbÓãƒƒ“Ó ¢÷WFW"Æö÷ ¢fW'FW‚Ó’ã“2ÓCã3S“2#¢fW'FW‚Ó#"ãRÓ3‚ã“sÓ#¢fW'FW‚Ó’ã“2ÓCã3S“2Ó#¢VæFÆö÷ ¢VæFf6W@¢f6WBæ÷&ÖÂÓãs“#ƒ3"ãc“CB ¢÷WFW"Æö÷ ¢fW'FW‚#BãƒƒBÓãƒƒ3ƒƒ2ÓS ¢fW'FW‚#Rãƒ2Óãc#RÓC ¢fW'FW‚#Rãƒ2Óãc#RÓS ¢VæFÆö÷ ¢VæFf6W@¢f6WBæ÷&ÖÂÓãs“#ƒ3"ãc“CB ¢÷WFW"Æö÷ ¢fW'FW‚#Rãƒ2Óãc#RÓC ¢fW'FW‚#BãƒƒBÓãƒƒ3ƒƒ2ÓS ¢fW'FW‚#BãƒƒBÓãƒƒ3ƒƒ2ÓC ¢VæFÆö÷ ¢VæFf6W@¢f6WBæ÷&ÖÂã““#ƒ2ã3sS2 ¢÷WFW"Æö÷ ¢fW'FW‚#"ãs“2Óã3#3S#BÓC ¢fW'FW‚#"ãsRÓS ¢fW'FW‚#"ãsRÓC ¢VæFÆö÷ ¢VæFf6W@¢f6WBæ÷&ÖÂã““#ƒ2ã3sS2 ¢÷WFW"Æö÷ ¢fW'FW‚#"ãsRÓS ¢fW'FW‚#"ãs“2Óã3#3S#BÓC ¢fW'FW‚#"ãs“2Óã3#3S#BÓS ¢VæFÆö÷ ¢VæFf6W@¢f6WBæ÷&ÖÂÓã““#ƒ2Óã3sS2 ¢÷WFW"Æö÷ ¢fW'FW‚#Rã#RÓS ¢fW'FW‚#Rã#rã3#3S#BÓC ¢fW'FW‚#Rã#rã3#3S#BÓS ¢VæFÆö÷ ¢VæFf6W@¢f6WBæ÷&ÖÂÓã““#ƒ2Óã3sS2 ¢÷WFW"Æö÷ ¢fW'FW‚#Rã#rã3#3S#BÓC ¢fW'FW‚#Rã#RÓS ¢fW'FW‚#Rã#RÓC ¢VæFÆö÷ ¢VæFf6W@¢f6WBæ÷&ÖÂÓã3ƒ3#"Óã“#3cc ¢÷WFW"Æö÷ ¢fW'FW‚#Bã3#Bã#sCÓS ¢fW'FW‚#Bãc#Rãƒ#S2ÓC ¢fW'FW‚#Bã3#Bã#sCÓC ¢VæFÆö÷ ¢VæFf6W@¢f6WBæ÷&ÖÂÓã3ƒ3#"Óã“#3ccÓ ¢÷WFW"Æö÷ ¢fW'FW‚#Bãc#Rãƒ#S2ÓC ¢fW'FW‚#Bã3#Bã#sCÓS ¢fW'FW‚#Bãc#Rãƒ#S2ÓS ¢VæFÆö÷ ¢VæFf6W@¢f6WBæ÷&ÖÂÓã33#’Óã““Cs ¢÷WFW"Æö÷ ¢fW'FW‚#Bã#RÓS ¢fW'FW‚#Bã3#Bã#sCÓC ¢fW'FW‚#Bã#RÓC ¢VæFÆö÷ ¢VæFf6W@¢f6WBæ÷&ÖÂÓã33#’Óã““CsÓ ¢÷WFW"Æö÷ ¢fW'FW‚#Bã3#Bã#sCÓC ¢fW'FW‚#Bã#RÓS ¢fW'FW‚#Bã3#Bã#sCÓS ¢VæFÆö÷ ¢VæFf6W@¢f6WBæ÷&ÖÂã“#Cƒ#bÓã3ƒ3’ ¢÷WFW"Æö÷ ¢fW'FW‚#"ãs“2ã3#3S#BÓC ¢fW'FW‚#"ã“rãc#RÓS ¢fW'FW‚#"ã“rãc#RÓC ¢VæFÆö÷ ¢VæFf6W@¢f6WBæ÷&ÖÂã“#Cƒ#bÓã3ƒ3’ ¢÷WFW"Æö÷ ¢fW'FW‚#"ã“rãc#RÓS ¢fW'FW‚#"ãs“2ã3#3S#BÓC ¢fW'FW‚#"ãs“2ã3#3S#BÓS ¢VæFÆö÷ ¢VæFf6W@¢f6WBæ÷&ÖÂãcƒSƒrãs“3Cƒ‚Ó ¢÷WFW"Æö÷ ¢fW'FW‚#2ã3sRÓãƒ#S2ÓS ¢fW'FW‚#2ãbÓãƒƒ3ƒƒ2ÓC ¢fW'FW‚#2ã3sRÓãƒ#S2ÓC ¢VæFÆö÷ ¢VæFf6W@¢f6WBæ÷&ÖÂãcƒSƒrãs“3Cƒ‚ ¢÷WFW"Æö÷ ¢fW'FW‚#2ãbÓãƒƒ3ƒƒ2ÓC ¢fW'FW‚#2ã3sRÓãƒ#S2ÓS ¢fW'FW‚#2ãbÓãƒƒ3ƒƒ2ÓS ¢VæFÆö÷ ¢VæFf6W@¢f6WBæ÷&ÖÂÓãcƒSƒrÓãs“3Cƒ‚ ¢÷WFW"Æö÷ ¢fW'FW‚#Bãc#Rãƒ#S2ÓS ¢fW'FW‚#BãƒƒBãƒƒ3ƒƒ2ÓC ¢fW'FW‚#Bãc#Rãƒ#S2ÓC ¢VæFÆö÷ ¢VæFf6W@¢f6WBæ÷&ÖÂÓãcƒSƒrÓãs“3Cƒ‚Ó ¢÷WFW"Æö÷ ¢fW'FW‚#BãƒƒBãƒƒ3ƒƒ2ÓC ¢fW'FW‚#Bãc#Rãƒ#S2ÓS ¢fW'FW‚#BãƒƒBãƒƒ3ƒƒ2ÓS ¢VæFÆö÷ ¢VæFf6W@¢f6WBæ÷&ÖÂÓãs“#ƒ3"Óãc“CB ¢÷WFW"Æö÷ ¢fW'FW‚#Rãƒ2ãc#RÓS ¢fW'FW‚#BãƒƒBãƒƒ3ƒƒ2ÓC ¢fW'FW‚#BãƒƒBãƒƒ3ƒƒ2ÓS ¢VæFÆö÷ ¢VæFf6W@¢f6WBæ÷&ÖÂÓãs“#ƒ3"Óãc“CB ¢÷WFW"Æö÷ ¢fW'FW‚#BãƒƒBãƒƒ3ƒƒ2ÓC ¢fW'FW‚#Rãƒ2ãc#RÓS ¢fW'FW‚#Rãƒ2ãc#RÓC ¢VæFÆö÷ ¢VæFf6W@¢f6WBæ÷&ÖÂã“#Cƒ#bã3ƒ3’ ¢÷WFW"Æö÷ ¢fW'FW‚#"ã“rÓãc#RÓC ¢fW'FW‚#"ãs“2Óã3#3S#BÓS ¢fW'FW‚#"ãs“2Óã3#3S#BÓC ¢VæFÆö÷ ¢VæFf6W@¢f6WBæ÷&ÖÂã“#Cƒ#bã3ƒ3’ ¢÷WFW"Æö÷ ¢fW'FW‚#"ãs“2Óã3#3S#BÓS ¢fW'FW‚#"ã“rÓãc#RÓC ¢fW'FW‚#"ã“rÓãc#RÓS ¢VæFÆö÷ ¢VæFf6W@¢f6WBæ÷&ÖÂãcƒSƒrÓãs“3Cƒ‚ ¢÷WFW"Æö÷ ¢fW'FW‚#2ãbãƒƒ3ƒƒ2ÓS ¢fW'FW‚#2ã3sRãƒ#S2ÓC ¢fW'FW‚#2ãbãƒƒ3ƒƒ2ÓC ¢VæFÆö÷ ¢VæFf6W@¢f6WBæ÷&ÖÂãcƒSƒrÓãs“3Cƒ‚ ¢÷WFW"Æö÷ ¢fW'FW‚#2ã3sRãƒ#S2ÓC ¢fW'FW‚#2ãbãƒƒ3ƒƒ2ÓS ¢fW'FW‚#2ã3sRãƒ#S2ÓS ¢VæFÆö÷ ¢VæFf6W@¢f6WBæ÷&ÖÂã““#ƒ2Óã3sS2 ¢÷WFW"Æö÷ ¢fW'FW‚#"ãsRÓC ¢fW'FW‚#"ãs“2ã3#3S#BÓS ¢fW'FW‚#"ãs“2ã3#3S#BÓC ¢VæFÆö÷ ¢VæFf6W@¢f6WBæ÷&ÖÂã““#ƒ2Óã3sS2 ¢÷WFW"Æö÷ ¢fW'FW‚#"ãs“2ã3#3S#BÓS ¢fW'FW‚#"ãsRÓC ¢fW'FW‚#"ãsRÓS ¢VæFÆö÷ ¢VæFf6W@¢f6WBæ÷&ÖÂÓã“#Cƒ#bÓã3ƒ3’ ¢÷WFW"Æö÷ ¢fW'FW‚#Rã#rã3#3S#BÓS ¢fW'FW‚#Rãƒ2ãc#RÓC ¢fW'FW‚#Rãƒ2ãc#RÓS ¢VæFÆö÷ ¢VæFf6W@¢f6WBæ÷&ÖÂÓã“#Cƒ#bÓã3ƒ3’ ¢÷WFW"Æö÷ ¢fW'FW‚#Rãƒ2ãc#RÓC ¢fW'FW‚#Rã#rã3#3S#BÓS ¢fW'FW‚#Rã#rã3#3S#BÓC ¢VæFÆö÷ ¢VæFf6W@¢f6WBæ÷&ÖÂÓã33#’ã““Cs ¢÷WFW"Æö÷ ¢fW'FW‚#Bã3#BÓã#sCÓS ¢fW'FW‚#BÓã#RÓC ¢fW'FW‚#Bã3#BÓã#sCÓC ¢VæFÆö÷ ¢VæFf6W@¢f6WBæ÷&ÖÂÓã33#’ã““Cs ¢÷WFW"Æö÷ ¢fW'FW‚#BÓã#RÓC ¢fW'FW‚#Bã3#BÓã#sCÓS ¢fW'FW‚#BÓã#RÓS ¢VæFÆö÷ ¢VæFf6W@¢f6WBæ÷&ÖÂã3ƒ3#"ã“#3ccÓ ¢÷WFW"Æö÷ ¢fW'FW‚#2ãcsbÓã#sCÓS ¢fW'FW‚#2ã3sRÓãƒ#S2ÓC ¢fW'FW‚#2ãcsbÓã#sCÓC ¢VæFÆö÷ ¢VæFf6W@¢f6WBæ÷&ÖÂã3ƒ3#"ã“#3cc ¢÷WFW"Æö÷ ¢fW'FW‚#2ã3sRÓãƒ#S2ÓC ¢fW'FW‚#2ãcsbÓã#sCÓS ¢fW'FW‚#2ã3sRÓãƒ#S2ÓS ¢VæFÆö÷ ¢VæFf6W@¢f6WBæ÷&ÖÂã33#’ã““CsÓ ¢÷WFW"Æö÷ ¢fW'FW‚#BÓã#RÓS ¢fW'FW‚#2ãcsbÓã#sCÓC ¢fW'FW‚#BÓã#RÓC ¢VæFÆö÷ ¢VæFf6W@¢f6WBæ÷&ÖÂã33#’ã““Cs ¢÷WFW"Æö÷ ¢fW'FW‚#2ãcsbÓã#sCÓC ¢fW'FW‚#BÓã#RÓS ¢fW'FW‚#2ãcsbÓã#sCÓS ¢VæFÆö÷ ¢VæFf6W@¢f6WBæ÷&ÖÂã33#’Óã““Cs ¢÷WFW"Æö÷ ¢fW'FW‚#2ãcsbã#sCÓS ¢fW'FW‚#Bã#RÓC ¢fW'FW‚#2ãcsbã#sCÓC ¢VæFÆö÷ ¢VæFf6W@¢f6WBæ÷&ÖÂã33#’Óã““Cs ¢÷WFW"Æö÷ ¢fW'FW‚#Bã#RÓC ¢fW'FW‚#2ãcsbã#sCÓS ¢fW'FW‚#Bã#RÓS ¢VæFÆö÷ ¢VæFf6W@¢f6WBæ÷&ÖÂãs“#ƒ3"Óãc“CB ¢÷WFW"Æö÷ ¢fW'FW‚#"ã“rãc#RÓC ¢fW'FW‚#2ãbãƒƒ3ƒƒ2ÓS ¢fW'FW‚#2ãbãƒƒ3ƒƒ2ÓC ¢VæFÆö÷ ¢VæFf6W@¢f6WBæ÷&ÖÂãs“#ƒ3"Óãc“CB ¢÷WFW"Æö÷ ¢fW'FW‚#2ãbãƒƒ3ƒƒ2ÓS ¢fW'FW‚#"ã“rãc#RÓC ¢fW'FW‚#"ã“rãc#RÓS ¢VæFÆö÷ ¢VæFf6W@¢f6WBæ÷&ÖÂÓ¢÷WFW"Æö÷ ¢fW'FW‚#Rã#rÓã3#3S#BÓC ¢fW'FW‚#Rã#rã3#3S#BÓC ¢fW'FW‚#Rã#RÓC ¢VæFÆö÷ ¢VæFf6W@¢f6WBæ÷&ÖÂÓ¢÷WFW"Æö÷ ¢fW'FW‚#Rãƒ2Óãc#RÓC ¢fW'FW‚#Rã#rã3#3S#BÓC ¢fW'FW‚#Rã#rÓã3#3S#BÓC ¢VæFÆö÷ ¢VæFf6W@¢f6WBæ÷&ÖÂÓ¢÷WFW"Æö÷ ¢fW'FW‚#Rãƒ2Óãc#RÓC ¢fW'FW‚#Rãƒ2ãc#RÓC ¢fW'FW‚#Rã#rã3#3S#BÓC ¢VæFÆö÷ ¢VæFf6W@¢f6WBæ÷&ÖÂÓ¢÷WFW"Æö÷ ¢fW'FW‚#BãƒƒBÓãƒƒ3ƒƒ2ÓC ¢fW'FW‚#Rãƒ2ãc#RÓC ¢fW'FW‚#Rãƒ2Óãc#RÓC ¢VæFÆö÷ ¢VæFf6W@¢f6WBæ÷&ÖÂÓ¢÷WFW"Æö÷ ¢fW'FW‚#BãƒƒBÓãƒƒ3ƒƒ2ÓC ¢fW'FW‚#BãƒƒBãƒƒ3ƒƒ2ÓC ¢fW'FW‚#Rãƒ2ãc#RÓC ¢VæFÆö÷ ¢VæFf6W@¢f6WBæ÷&ÖÂÓ¢÷WFW"Æö÷ ¢fW'FW‚#Bãc#RÓãƒ#S2ÓC ¢fW'FW‚#BãƒƒBãƒƒ3ƒƒ2ÓC ¢fW'FW‚#BãƒƒBÓãƒƒ3ƒƒ2ÓC ¢VæFÆö÷ ¢VæFf6W@¢f6WBæ÷&ÖÂÓ¢÷WFW"Æö÷ ¢fW'FW‚#Bãc#RÓãƒ#S2ÓC ¢fW'FW‚#Bãc#Rãƒ#S2ÓC ¢fW'FW‚#BãƒƒBãƒƒ3ƒƒ2ÓC ¢VæFÆö÷ ¢VæFf6W@¢f6WBæ÷&ÖÂÓ¢÷WFW"Æö÷ ¢fW'FW‚#Bã3#BÓã#sCÓC ¢fW'FW‚#Bãc#Rãƒ#S2ÓC ¢fW'FW‚#Bãc#RÓãƒ#S2ÓC ¢VæFÆö÷ ¢VæFf6W@¢f6WBæ÷&ÖÂÓ¢÷WFW"Æö÷ ¢fW'FW‚#Bã3#BÓã#sCÓC ¢fW'FW‚#Bã3#Bã#sCÓC ¢fW'FW‚#Bãc#Rãƒ#S2ÓC ¢VæFÆö÷ ¢VæFf6W@¢f6WBæ÷&ÖÂÓ¢÷WFW"Æö÷ ¢fW'FW‚#BÓã#RÓC ¢fW'FW‚#Bã3#Bã#sCÓC ¢fW'FW‚#Bã3#BÓã#sCÓC ¢VæFÆö÷ ¢VæFf6W@¢f6WBæ÷&ÖÂÓ¢÷WFW"Æö÷ ¢fW'FW‚#BÓã#RÓC ¢fW'FW‚#Bã#RÓC ¢fW'FW‚#Bã3#Bã#sCÓC ¢VæFÆö÷ ¢VæFf6W@¢f6WBæ÷&ÖÂÓ¢÷WFW"Æö÷ ¢fW'FW‚#2ãcsbÓã#sCÓC ¢fW'FW‚#Bã#RÓC ¢fW'FW‚#BÓã#RÓC ¢VæFÆö÷ ¢VæFf6W@¢f6WBæ÷&ÖÂÓ¢÷WFW"Æö÷ ¢fW'FW‚#2ãcsbÓã#sCÓC ¢fW'FW‚#2ãcsbã#sCÓC ¢fW'FW‚#Bã#RÓC ¢VæFÆö÷ ¢VæFf6W@¢f6WBæ÷&ÖÂÓ¢÷WFW"Æö÷ ¢fW'FW‚#2ã3sRÓãƒ#S2ÓC ¢fW'FW‚#2ãcsbã#sCÓC ¢fW'FW‚#2ãcsbÓã#sCÓC ¢VæFÆö÷ ¢VæFf6W@¢f6WBæ÷&ÖÂÓ¢÷WFW"Æö÷ ¢fW'FW‚#2ã3sRÓãƒ#S2ÓC ¢fW'FW‚#2ã3sRãƒ#S2ÓC ¢fW'FW‚#2ãcsbã#sCÓC ¢VæFÆö÷ ¢VæFf6W@¢f6WBæ÷&ÖÂÓ¢÷WFW"Æö÷ ¢fW'FW‚#2ãbÓãƒƒ3ƒƒ2ÓC ¢fW'FW‚#2ã3sRãƒ#S2ÓC ¢fW'FW‚#2ã3sRÓãƒ#S2ÓC ¢VæFÆö÷ ¢VæFf6W@¢f6WBæ÷&ÖÂÓ¢÷WFW"Æö÷ ¢fW'FW‚#2ãbÓãƒƒ3ƒƒ2ÓC ¢fW'FW‚#2ãbãƒƒ3ƒƒ2ÓC ¢fW'FW‚#2ã3sRãƒ#S2ÓC ¢VæFÆö÷ ¢VæFf6W@¢f6WBæ÷&ÖÂÓ¢÷WFW"Æö÷ ¢fW'FW‚#"ã“rÓãc#RÓC ¢fW'FW‚#2ãbãƒƒ3ƒƒ2ÓC ¢fW'FW‚#2ãbÓãƒƒ3ƒƒ2ÓC ¢VæFÆö÷ ¢VæFf6W@¢f6WBæ÷&ÖÂÓ¢÷WFW"Æö÷ ¢fW'FW‚#"ã“rÓãc#RÓC ¢fW'FW‚#"ã“rãc#RÓC ¢fW'FW‚#2ãbãƒƒ3ƒƒ2ÓC ¢VæFÆö÷ ¢VæFf6W@¢f6WBæ÷&ÖÂÓ¢÷WFW"Æö÷ ¢fW'FW‚#"ãs“2Óã3#3S#BÓC ¢fW'FW‚#"ã“rãc#RÓC ¢fW'FW‚#"ã“rÓãc#RÓC ¢VæFÆö÷ ¢VæFf6W@¢f6WBæ÷&ÖÂÓ¢÷WFW"Æö÷ ¢fW'FW‚#"ãs“2Óã3#3S#BÓC ¢fW'FW‚#"ãs“2ã3#3S#BÓC ¢fW'FW‚#"ã“rãc#RÓC ¢VæFÆö÷ ¢VæFf6W@¢f6WBæ÷&ÖÂÓÓ¢÷WFW"Æö÷ ¢fW'FW‚#"ãs“2ã3#3S#BÓC ¢fW'FW‚#"ãs“2Óã3#3S#BÓC ¢fW'FW‚#"ãsRÓC ¢VæFÆö÷ ¢VæFf6W@¢f6WBæ÷&ÖÂÓã““#ƒ2ã3sS2 ¢÷WFW"Æö÷ ¢fW'FW‚#Rã#rÓã3#3S#BÓS ¢fW'FW‚#Rã#RÓC ¢fW'FW‚#Rã#RÓS ¢VæFÆö÷ ¢VæFf6W@¢f6WBæ÷&ÖÂÓã““#ƒ2ã3sS2 ¢÷WFW"Æö÷ ¢fW'FW‚#Rã#RÓC ¢fW'FW‚#Rã#rÓã3#3S#BÓS ¢fW'FW‚#Rã#rÓã3#3S#BÓC ¢VæFÆö÷ ¢VæFf6W@¢f6WBæ÷&ÖÂÓã3ƒ3#"ã“#3cc ¢÷WFW"Æö÷ ¢fW'FW‚#Bãc#RÓãƒ#S2ÓS ¢fW'FW‚#Bã3#BÓã#sCÓC ¢fW'FW‚#Bãc#RÓãƒ#S2ÓC ¢VæFÆö÷ ¢VæFf6W@¢f6WBæ÷&ÖÂÓã3ƒ3#"ã“#3cc ¢÷WFW"Æö÷ ¢fW'FW‚#Bã3#BÓã#sCÓC ¢fW'FW‚#Bãc#RÓãƒ#S2ÓS ¢fW'FW‚#Bã3#BÓã#sCÓS ¢VæFÆö÷ ¢VæFf6W@¢f6WBæ÷&ÖÂÓã“#Cƒ#bã3ƒ3’ ¢÷WFW"Æö÷ ¢fW'FW‚#Rãƒ2Óãc#RÓS ¢fW'FW‚#Rã#rÓã3#3S#BÓC ¢fW'FW‚#Rã#rÓã3#3S#BÓS ¢VæFÆö÷ ¢VæFf6W@¢f6WBæ÷&ÖÂÓã“#Cƒ#bã3ƒ3’ ¢÷WFW"Æö÷ ¢fW'FW‚#Rã#rÓã3#3S#BÓC ¢fW'FW‚#Rãƒ2Óãc#RÓS ¢fW'FW‚#Rãƒ2Óãc#RÓC ¢VæFÆö÷ ¢VæFf6W@¢f6WBæ÷&ÖÂã3ƒ3#"Óã“#3cc ¢÷WFW"Æö÷ ¢fW'FW‚#2ã3sRãƒ#S2ÓS ¢fW'FW‚#2ãcsbã#sCÓC ¢fW'FW‚#2ã3sRãƒ#S2ÓC ¢VæFÆö÷ ¢VæFf6W@¢f6WBæ÷&ÖÂã3ƒ3#"Óã“#3cc ¢÷WFW"Æö÷ ¢fW'FW‚#2ãcsbã#sCÓC ¢fW'FW‚#2ã3sRãƒ#S2ÓS ¢fW'FW‚#2ãcsbã#sCÓS ¢VæFÆö÷ ¢VæFf6W@¢f6WBæ÷&ÖÂãs“#ƒ3"ãc“CB ¢÷WFW"Æö÷ ¢fW'FW‚#2ãbÓãƒƒ3ƒƒ2ÓC ¢fW'FW‚#"ã“rÓãc#RÓS ¢fW'FW‚#"ã“rÓãc#RÓC ¢VæFÆö÷ ¢VæFf6W@¢f6WBæ÷&ÖÂãs“#ƒ3"ãc“CB ¢÷WFW"Æö÷ ¢fW'FW‚#"ã“rÓãc#RÓS ¢fW'FW‚#2ãbÓãƒƒ3ƒƒ2ÓC ¢fW'FW‚#2ãbÓãƒƒ3ƒƒ2ÓS ¢VæFÆö÷ ¢VæFf6W@¢f6WBæ÷&ÖÂÓãcƒSƒrãs“3Cƒ‚ ¢÷WFW"Æö÷ ¢fW'FW‚#BãƒƒBÓãƒƒ3ƒƒ2ÓS ¢fW'FW‚#Bãc#RÓãƒ#S2ÓC ¢fW'FW‚#BãƒƒBÓãƒƒ3ƒƒ2ÓC ¢VæFÆö÷ ¢VæFf6W@¢f6WBæ÷&ÖÂÓãcƒSƒrãs“3Cƒ‚ ¢÷WFW"Æö÷ ¢fW'FW‚#Bãc#RÓãƒ#S2ÓC ¢fW'FW‚#BãƒƒBÓãƒƒ3ƒƒ2ÓS ¢fW'FW‚#Bãc#RÓãƒ#S2ÓS ¢VæFÆö÷ ¢VæFf6W@¢f6WBæ÷&ÖÂÓã3ƒ#“ƒ2Óã“#3sSR ¢÷WFW"Æö÷ ¢fW'FW‚c"ã3#3R‚ãS“RÓS ¢fW'FW‚c"ãc#R‚ãCrÓC ¢fW'FW‚c"ã3#3R‚ãS“RÓC ¢VæFÆö÷ ¢VæFf6W@¢f6WBæ÷&ÖÂÓã3ƒ#“ƒ2Óã“#3sSRÓ ¢÷WFW"Æö÷ ¢fW'FW‚c"ãc#R‚ãCrÓC ¢fW'FW‚c"ã3#3R‚ãS“RÓS ¢fW'FW‚c"ãc#R‚ãCrÓS ¢VæFÆö÷ ¢VæFf6W@¢f6WBæ÷&ÖÂã#ƒsC’Óã““csr ¢÷WFW"Æö÷ ¢fW'FW‚cãcscR‚ãS“RÓS ¢fW'FW‚c"‚ãc3rÓC ¢fW'FW‚cãcscR‚ãS“RÓC ¢VæFÆö÷ ¢VæFf6W@¢f6WBæ÷&ÖÂã#ƒsC’Óã““csr ¢÷WFW"Æö÷ ¢fW'FW‚c"‚ãc3rÓC ¢fW'FW‚cãcscR‚ãS“RÓS ¢fW'FW‚c"‚ãc3rÓS ¢VæFÆö÷ ¢VæFf6W@¢f6WBæ÷&ÖÂÓã3sc"ã““#ƒ ¢÷WFW"Æö÷ ¢fW'FW‚c"ã3#3Rbã‚ÓS ¢fW'FW‚c"bã3rÓC ¢fW'FW‚c"ã3#3Rbã‚ÓC ¢VæFÆö÷ ¢VæFf6W@¢f6WBæ÷&ÖÂÓã3sc"ã““#ƒ ¢÷WFW"Æö÷ ¢fW'FW‚c"bã3rÓC ¢fW'FW‚c"ã3#3Rbã‚ÓS ¢fW'FW‚c"bã3rÓS ¢VæFÆö÷ ¢VæFf6W@¢f6WBæ÷&ÖÂãc“CRÓãs“#ƒS" ¢÷WFW"Æö÷ ¢fW'FW‚cãc‚ã#sÓS ¢fW'FW‚cã3sR‚ãCrÓC ¢fW'FW‚cãc‚ã#sÓC ¢VæFÆö÷ ¢VæFf6W@¢f6WBæ÷&ÖÂãc“CRÓãs“#ƒS" ¢÷WFW"Æö÷ ¢fW'FW‚cã3sR‚ãCrÓC ¢fW'FW‚cãc‚ã#sÓS ¢fW'FW‚cã3sR‚ãCrÓS ¢VæFÆö÷ ¢VæFf6W@¢f6WBæ÷&ÖÂã““CRã3sSb ¢÷WFW"Æö÷ ¢fW'FW‚cãs“#brãcBÓC ¢fW'FW‚cãsRrã3ƒrÓS ¢fW'FW‚cãsRrã3ƒrÓC ¢VæFÆö÷ ¢VæFf6W@¢f6WBæ÷&ÖÂã““CRã3sSb ¢÷WFW"Æö÷ ¢fW'FW‚cãsRrã3ƒrÓS ¢fW'FW‚cãs“#brãcBÓC ¢fW'FW‚cãs“#brãcBÓS ¢VæFÆö÷ ¢VæFf6W@¢f6WBæ÷&ÖÂÓãs“3SSrÓãcƒC“b ¢÷WFW"Æö÷ ¢fW'FW‚c2ãƒ#R‚ã"ÓS ¢fW'FW‚c"ãƒƒ3’‚ã#sÓC ¢fW'FW‚c"ãƒƒ3’‚ã#sÓS ¢VæFÆö÷ ¢VæFf6W@¢f6WBæ÷&ÖÂÓãs“3SSrÓãcƒC“b ¢÷WFW"Æö÷ ¢fW'FW‚c"ãƒƒ3’‚ã#sÓC ¢fW'FW‚c2ãƒ#R‚ã"ÓS ¢fW'FW‚c2ãƒ#R‚ã"ÓC ¢VæFÆö÷ ¢VæFf6W@¢f6WBæ÷&ÖÂÓã“#Cƒ‚ã3ƒ#ƒ ¢÷WFW"Æö÷ ¢fW'FW‚c2ãƒ#Rbãsc"ÓS ¢fW'FW‚c2ã#sBrãcBÓC ¢fW'FW‚c2ã#sBrãcBÓS ¢VæFÆö÷ ¢VæFf6W@¢f6WBæ÷&ÖÂÓã“#Cƒ‚ã3ƒ#ƒ ¢÷WFW"Æö÷ ¢fW'FW‚c2ã#sBrãcBÓC ¢fW'FW‚c2ãƒ#Rbãsc"ÓS ¢fW'FW‚c2ãƒ#Rbãsc"ÓC ¢VæFÆö÷ ¢VæFf6W@¢f6WBæ÷&ÖÂÓãcsCƒBãs“C33" ¢÷WFW"Æö÷ ¢fW'FW‚c"ãƒƒ3’bãS2ÓS ¢fW'FW‚c"ãc#Rbã3RÓC ¢fW'FW‚c"ãƒƒ3’bãS2ÓC ¢VæFÆö÷ ¢VæFf6W@¢f6WBæ÷&ÖÂÓãcsCƒBãs“C33" ¢÷WFW"Æö÷ ¢fW'FW‚c"ãc#Rbã3RÓC ¢fW'FW‚c"ãƒƒ3’bãS2ÓS ¢fW'FW‚c"ãc#Rbã3RÓS ¢VæFÆö÷ ¢VæFf6W@¢f6WBæ÷&ÖÂÓã#ƒsC’Óã““csr ¢÷WFW"Æö÷ ¢fW'FW‚c"‚ãc3rÓS ¢fW'FW‚c"ã3#3R‚ãS“RÓC ¢fW'FW‚c"‚ãc3rÓC ¢VæFÆö÷ ¢VæFf6W@¢f6WBæ÷&ÖÂÓã#ƒsC’Óã““csrÓ ¢÷WFW"Æö÷ ¢fW'FW‚c"ã3#3R‚ãS“RÓC ¢fW'FW‚c"‚ãc3rÓS ¢fW'FW‚c"ã3#3R‚ãS“RÓS ¢VæFÆö÷ ¢VæFf6W@¢f6WBæ÷&ÖÂÓã““CRã3sSb ¢÷WFW"Æö÷ ¢fW'FW‚c2ã#sBrãcBÓS ¢fW'FW‚c2ã#Rrã3ƒrÓC ¢fW'FW‚c2ã#Rrã3ƒrÓS ¢VæFÆö÷ ¢VæFf6W@¢f6WBæ÷&ÖÂÓã““CRã3sSb ¢÷WFW"Æö÷ ¢fW'FW‚c2ã#Rrã3ƒrÓC ¢fW'FW‚c2ã#sBrãcBÓS ¢fW'FW‚c2ã#sBrãcBÓC ¢VæFÆö÷ ¢VæFf6W@¢f6WBæ÷&ÖÂãs“3SSrÓãcƒC“b ¢÷WFW"Æö÷ ¢fW'FW‚cã“sR‚ã"ÓC ¢fW'FW‚cãc‚ã#sÓS ¢fW'FW‚cãc‚ã#sÓC ¢VæFÆö÷ ¢VæFf6W@¢f6WBæ÷&ÖÂãs“3SSrÓãcƒC“b ¢÷WFW"Æö÷ ¢fW'FW‚cãc‚ã#sÓS ¢fW'FW‚cã“sR‚ã"ÓC ¢fW'FW‚cã“sR‚ã"ÓS ¢VæFÆö÷ ¢VæFf6W@¢f6WBæ÷&ÖÂÓ¢÷WFW"Æö÷ ¢fW'FW‚c2ã#sBrãcBÓC ¢fW'FW‚c2ã#sBrãsÓC ¢fW'FW‚c2ã#Rrã3ƒrÓC ¢VæFÆö÷ ¢VæFf6W@¢f6WBæ÷&ÖÂÓ¢÷WFW"Æö÷ ¢fW'FW‚c2ãƒ#Rbãsc"ÓC ¢fW'FW‚c2ã#sBrãsÓC ¢fW'FW‚c2ã#sBrãcBÓC ¢VæFÆö÷ ¢VæFf6W@¢f6WBæ÷&ÖÂÓ¢÷WFW"Æö÷ ¢fW'FW‚c2ãƒ#Rbãsc"ÓC ¢fW'FW‚c2ãƒ#R‚ã"ÓC ¢fW'FW‚c2ã#sBrãsÓC ¢VæFÆö÷ ¢VæFf6W@¢f6WBæ÷&ÖÂÓ¢÷WFW"Æö÷ ¢fW'FW‚c"ãƒƒ3’bãS2ÓC ¢fW'FW‚c2ãƒ#R‚ã"ÓC ¢fW'FW‚c2ãƒ#Rbãsc"ÓC ¢VæFÆö÷ ¢VæFf6W@¢f6WBæ÷&ÖÂÓ¢÷WFW"Æö÷ ¢fW'FW‚c"ãƒƒ3’bãS2ÓC ¢fW'FW‚c"ãƒƒ3’‚ã#sÓC ¢fW'FW‚c2ãƒ#R‚ã"ÓC ¢VæFÆö÷ ¢VæFf6W@¢f6WBæ÷&ÖÂÓ¢÷WFW"Æö÷ ¢fW'FW‚c"ãc#Rbã3RÓC ¢fW'FW‚c"ãƒƒ3’‚ã#sÓC ¢fW'FW‚c"ãƒƒ3’bãS2ÓC ¢VæFÆö÷ ¢VæFf6W@¢f6WBæ÷&ÖÂÓ¢÷WFW"Æö÷ ¢fW'FW‚c"ãc#Rbã3RÓC ¢fW'FW‚c"ãc#R‚ãCrÓC ¢fW'FW‚c"ãƒƒ3’‚ã#sÓC ¢VæFÆö÷ ¢VæFf6W@¢f6WBæ÷&ÖÂÓ¢÷WFW"Æö÷ ¢fW'FW‚c"ã3#3Rbã‚ÓC ¢fW'FW‚c"ãc#R‚ãCrÓC ¢fW'FW‚c"ãc#Rbã3RÓC ¢VæFÆö÷ ¢VæFf6W@¢f6WBæ÷&ÖÂÓ¢÷WFW"Æö÷ ¢fW'FW‚c"ã3#3Rbã‚ÓC ¢fW'FW‚c"ã3#3R‚ãS“RÓC ¢fW'FW‚c"ãc#R‚ãCrÓC ¢VæFÆö÷ ¢VæFf6W@¢f6WBæ÷&ÖÂÓ¢÷WFW"Æö÷ ¢fW'FW‚c"bã3rÓC ¢fW'FW‚c"ã3#3R‚ãS“RÓC ¢fW'FW‚c"ã3#3Rbã‚ÓC ¢VæFÆö÷ ¢VæFf6W@¢f6WBæ÷&ÖÂÓ¢÷WFW"Æö÷ ¢fW'FW‚c"bã3rÓC ¢fW'FW‚c"‚ãc3rÓC ¢fW'FW‚c"ã3#3R‚ãS“RÓC ¢VæFÆö÷ ¢VæFf6W@¢f6WBæ÷&ÖÂÓ¢÷WFW"Æö÷ ¢fW'FW‚cãcscRbã‚ÓC ¢fW'FW‚c"‚ãc3rÓC ¢fW'FW‚c"bã3rÓC ¢VæFÆö÷ ¢VæFf6W@¢f6WBæ÷&ÖÂÓ¢÷WFW"Æö÷ ¢fW'FW‚cãcscRbã‚ÓC ¢fW'FW‚cãcscR‚ãS“RÓC ¢fW'FW‚c"‚ãc3rÓC ¢VæFÆö÷ ¢VæFf6W@¢f6WBæ÷&ÖÂÓ¢÷WFW"Æö÷ ¢fW'FW‚cã3sRbã3RÓC ¢fW'FW‚cãcscR‚ãS“RÓC ¢fW'FW‚cãcscRbã‚ÓC ¢VæFÆö÷ ¢VæFf6W@¢f6WBæ÷&ÖÂÓ¢÷WFW"Æö÷ ¢fW'FW‚cã3sRbã3RÓC ¢fW'FW‚cã3sR‚ãCrÓC ¢fW'FW‚cãcscR‚ãS“RÓC ¢VæFÆö÷ ¢VæFf6W@¢f6WBæ÷&ÖÂÓ¢÷WFW"Æö÷ ¢fW'FW‚cãcbãS2ÓC ¢fW'FW‚cã3sR‚ãCrÓC ¢fW'FW‚cã3sRbã3RÓC ¢VæFÆö÷ ¢VæFf6W@¢f6WBæ÷&ÖÂÓ¢÷WFW"Æö÷ ¢fW'FW‚cãcbãS2ÓC ¢fW'FW‚cãc‚ã#sÓC ¢fW'FW‚cã3sR‚ãCrÓC ¢VæFÆö÷ ¢VæFf6W@¢f6WBæ÷&ÖÂÓ¢÷WFW"Æö÷ ¢fW'FW‚cã“sRbãsc"ÓC ¢fW'FW‚cãc‚ã#sÓC ¢fW'FW‚cãcbãS2ÓC ¢VæFÆö÷ ¢VæFf6W@¢f6WBæ÷&ÖÂÓ¢÷WFW"Æö÷ ¢fW'FW‚cã“sRbãsc"ÓC ¢fW'FW‚cã“sR‚ã"ÓC ¢fW'FW‚cãc‚ã#sÓC ¢VæFÆö÷ ¢VæFf6W@¢f6WBæ÷&ÖÂÓ¢÷WFW"Æö÷ ¢fW'FW‚cãs“#brãcBÓC ¢fW'FW‚cã“sR‚ã"ÓC ¢fW'FW‚cã“sRbãsc"ÓC ¢VæFÆö÷ ¢VæFf6W@¢f6WBæ÷&ÖÂÓ¢÷WFW"Æö÷ ¢fW'FW‚cãs“#brãcBÓC ¢fW'FW‚cãs“#brãsÓC ¢fW'FW‚cã“sR‚ã"ÓC ¢VæFÆö÷ ¢VæFf6W@¢f6WBæ÷&ÖÂÓÓ¢÷WFW"Æö÷ ¢fW'FW‚cãs“#brãsÓC ¢fW'FW‚cãs“#brãcBÓC ¢fW'FW‚cãsRrã3ƒrÓC ¢VæFÆö÷ ¢VæFf6W@¢f6WBæ÷&ÖÂÓãc“CRÓãs“#ƒS" ¢÷WFW"Æö÷ ¢fW'FW‚c"ãc#R‚ãCrÓS ¢fW'FW‚c"ãƒƒ3’‚ã#sÓC ¢fW'FW‚c"ãc#R‚ãCrÓC ¢VæFÆö÷ ¢VæFf6W@¢f6WBæ÷&ÖÂÓãc“CRÓãs“#ƒS"Ó ¢÷WFW"Æö÷ ¢fW'FW‚c"ãƒƒ3’‚ã#sÓC ¢fW'FW‚c"ãc#R‚ãCrÓS ¢fW'FW‚c"ãƒƒ3’‚ã#sÓS ¢VæFÆö÷ ¢VæFf6W@¢f6WBæ÷&ÖÂãs“3SSrãcƒC“b ¢÷WFW"Æö÷ ¢fW'FW‚cãcbãS2ÓC ¢fW'FW‚cã“sRbãsc"ÓS ¢fW'FW‚cã“sRbãsc"ÓC ¢VæFÆö÷ ¢VæFf6W@¢f6WBæ÷&ÖÂãs“3SSrãcƒC“b ¢÷WFW"Æö÷ ¢fW'FW‚cã“sRbãsc"ÓS ¢fW'FW‚cãcbãS2ÓC ¢fW'FW‚cãcbãS2ÓS ¢VæFÆö÷ ¢VæFf6W@¢f6WBæ÷&ÖÂã“#3c3’Óã3ƒ3#cB ¢÷WFW"Æö÷ ¢fW'FW‚cãs“#brãsÓC ¢fW'FW‚cã“sR‚ã"ÓS ¢fW'FW‚cã“sR‚ã"ÓC ¢VæFÆö÷ ¢VæFf6W@¢f6WBæ÷&ÖÂã“#3c3’Óã3ƒ3#cB ¢÷WFW"Æö÷ ¢fW'FW‚cã“sR‚ã"ÓS ¢fW'FW‚cãs“#brãsÓC ¢fW'FW‚cãs“#brãsÓS ¢VæFÆö÷ ¢VæFf6W@¢f6WBæ÷&ÖÂÓã“#3c3’Óã3ƒ3#cB ¢÷WFW"Æö÷ ¢fW'FW‚c2ã#sBrãsÓS ¢fW'FW‚c2ãƒ#R‚ã"ÓC ¢fW'FW‚c2ãƒ#R‚ã"ÓS ¢VæFÆö÷ ¢VæFf6W@¢f6WBæ÷&ÖÂÓã“#3c3’Óã3ƒ3#cB ¢÷WFW"Æö÷ ¢fW'FW‚c2ãƒ#R‚ã"ÓC ¢fW'FW‚c2ã#sBrãsÓS ¢fW'FW‚c2ã#sBrãsÓC ¢VæFÆö÷ ¢VæFf6W@¢f6WBæ÷&ÖÂã“#Cƒ‚ã3ƒ#ƒ ¢÷WFW"Æö÷ ¢fW'FW‚cã“sRbãsc"ÓC ¢fW'FW‚cãs“#brãcBÓS ¢fW'FW‚cãs“#brãcBÓC ¢VæFÆö÷ ¢VæFf6W@¢f6WBæ÷&ÖÂã“#Cƒ‚ã3ƒ#ƒ ¢÷WFW"Æö÷ ¢fW'FW‚cãs“#brãcBÓS ¢fW'FW‚cã“sRbãsc"ÓC ¢fW'FW‚cã“sRbãsc"ÓS ¢VæFÆö÷ ¢VæFf6W@¢f6WBæ÷&ÖÂÓã3ƒ#“ƒ2ã“#3sSR ¢÷WFW"Æö÷ ¢fW'FW‚c"ãc#Rbã3RÓS ¢fW'FW‚c"ã3#3Rbã‚ÓC ¢fW'FW‚c"ãc#Rbã3RÓC ¢VæFÆö÷ ¢VæFf6W@¢f6WBæ÷&ÖÂÓã3ƒ#“ƒ2ã“#3sSR ¢÷WFW"Æö÷ ¢fW'FW‚c"ã3#3Rbã‚ÓC ¢fW'FW‚c"ãc#Rbã3RÓS ¢fW'FW‚c"ã3#3Rbã‚ÓS ¢VæFÆö÷ ¢VæFf6W@¢f6WBæ÷&ÖÂã““CcrÓã33b ¢÷WFW"Æö÷ ¢fW'FW‚cãsRrã3ƒrÓC ¢fW'FW‚cãs“#brãsÓS ¢fW'FW‚cãs“#brãsÓC ¢VæFÆö÷ ¢VæFf6W@¢f6WBæ÷&ÖÂã““CcrÓã33b ¢÷WFW"Æö÷ ¢fW'FW‚cãs“#brãsÓS ¢fW'FW‚cãsRrã3ƒrÓC ¢fW'FW‚cãsRrã3ƒrÓS ¢VæFÆö÷ ¢VæFf6W@¢f6WBæ÷&ÖÂã3ƒ#“ƒ2Óã“#3sSR ¢÷WFW"Æö÷ ¢fW'FW‚cã3sR‚ãCrÓS ¢fW'FW‚cãcscR‚ãS“RÓC ¢fW'FW‚cã3sR‚ãCrÓC ¢VæFÆö÷ ¢VæFf6W@¢f6WBæ÷&ÖÂã3ƒ#“ƒ2Óã“#3sSR ¢÷WFW"Æö÷ ¢fW'FW‚cãcscR‚ãS“RÓC ¢fW'FW‚cã3sR‚ãCrÓS ¢fW'FW‚cãcscR‚ãS“RÓS ¢VæFÆö÷ ¢VæFf6W@¢f6WBæ÷&ÖÂÓã““CcrÓã33b ¢÷WFW"Æö÷ ¢fW'FW‚c2ã#Rrã3ƒrÓS ¢fW'FW‚c2ã#sBrãsÓC ¢fW'FW‚c2ã#sBrãsÓS ¢VæFÆö÷ ¢VæFf6W@¢f6WBæ÷&ÖÂÓã““CcrÓã33b ¢÷WFW"Æö÷ ¢fW'FW‚c2ã#sBrãsÓC ¢fW'FW‚c2ã#Rrã3ƒrÓS ¢fW'FW‚c2ã#Rrã3ƒrÓC ¢VæFÆö÷ ¢VæFf6W@¢f6WBæ÷&ÖÂã3sc"ã““#ƒÓ ¢÷WFW"Æö÷ ¢fW'FW‚c"bã3rÓS ¢fW'FW‚cãcscRbã‚ÓC ¢fW'FW‚c"bã3rÓC ¢VæFÆö÷ ¢VæFf6W@¢f6WBæ÷&ÖÂã3sc"ã““#ƒ ¢÷WFW"Æö÷ ¢fW'FW‚cãcscRbã‚ÓC ¢fW'FW‚c"bã3rÓS ¢fW'FW‚cãcscRbã‚ÓS ¢VæFÆö÷ ¢VæFf6W@¢f6WBæ÷&ÖÂÓãs“3SSrãcƒC“b ¢÷WFW"Æö÷ ¢fW'FW‚c"ãƒƒ3’bãS2ÓS ¢fW'FW‚c2ãƒ#Rbãsc"ÓC ¢fW'FW‚c2ãƒ#Rbãsc"ÓS ¢VæFÆö÷ ¢VæFf6W@¢f6WBæ÷&ÖÂÓãs“3SSrãcƒC“b ¢÷WFW"Æö÷ ¢fW'FW‚c2ãƒ#Rbãsc"ÓC ¢fW'FW‚c"ãƒƒ3’bãS2ÓS ¢fW'FW‚c"ãƒƒ3’bãS2ÓC ¢VæFÆö÷ ¢VæFf6W@¢f6WBæ÷&ÖÂã3ƒ#“ƒ2ã“#3sSRÓ ¢÷WFW"Æö÷ ¢fW'FW‚cãcscRbã‚ÓS ¢fW'FW‚cã3sRbã3RÓC ¢fW'FW‚cãcscRbã‚ÓC ¢VæFÆö÷ ¢VæFf6W@¢f6WBæ÷&ÖÂã3ƒ#“ƒ2ã“#3sSR ¢÷WFW"Æö÷ ¢fW'FW‚cã3sRbã3RÓC ¢fW'FW‚cãcscRbã‚ÓS ¢fW'FW‚cã3sRbã3RÓS ¢VæFÆö÷ ¢VæFf6W@¢f6WBæ÷&ÖÂãcsCƒBãs“C33"Ó ¢÷WFW"Æö÷ ¢fW'FW‚cã3sRbã3RÓS ¢fW'FW‚cãcbãS2ÓC ¢fW'FW‚cã3sRbã3RÓC ¢VæFÆö÷ ¢VæFf6W@¢f6WBæ÷&ÖÂãcsCƒBãs“C33" ¢÷WFW"Æö÷ ¢fW'FW‚cãcbãS2ÓC ¢fW'FW‚cã3sRbã3RÓS ¢fW'FW‚cãcbãS2ÓS ¢VæFÆö÷ ¢VæFf6W@¢f6WBæ÷&ÖÂãc“CRÓãs“#ƒS" ¢÷WFW"Æö÷ ¢fW'FW‚Óc"ãƒƒ3’‚ã#sÓS ¢fW'FW‚Óc"ãc#R‚ãCrÓC ¢fW'FW‚Óc"ãƒƒ3’‚ã#sÓC ¢VæFÆö÷ ¢VæFf6W@¢f6WBæ÷&ÖÂãc“CRÓãs“#ƒS" ¢÷WFW"Æö÷ ¢fW'FW‚Óc"ãc#R‚ãCrÓC ¢fW'FW‚Óc"ãƒƒ3’‚ã#sÓS ¢fW'FW‚Óc"ãc#R‚ãCrÓS ¢VæFÆö÷ ¢VæFf6W@¢f6WBæ÷&ÖÂã“#3c3’Óã3ƒ3#cB ¢÷WFW"Æö÷ ¢fW'FW‚Óc2ã#sBrãsÓC ¢fW'FW‚Óc2ãƒ#R‚ã"ÓS ¢fW'FW‚Óc2ãƒ#R‚ã"ÓC ¢VæFÆö÷ ¢VæFf6W@¢f6WBæ÷&ÖÂã“#3c3’Óã3ƒ3#cB ¢÷WFW"Æö÷ ¢fW'FW‚Óc2ãƒ#R‚ã"ÓS ¢fW'FW‚Óc2ã#sBrãsÓC ¢fW'FW‚Óc2ã#sBrãsÓS ¢VæFÆö÷ ¢VæFf6W@¢f6WBæ÷&ÖÂÓãc“CRÓãs“#ƒS" ¢÷WFW"Æö÷ ¢fW'FW‚Ócã3sR‚ãCrÓS ¢fW'FW‚Ócãc‚ã#sÓC ¢fW'FW‚Ócã3sR‚ãCrÓC ¢VæFÆö÷ ¢VæFf6W@¢f6WBæ÷&ÖÂÓãc“CRÓãs“#ƒS"Ó ¢÷WFW"Æö÷ ¢fW'FW‚Ócãc‚ã#sÓC ¢fW'FW‚Ócã3sR‚ãCrÓS ¢fW'FW‚Ócãc‚ã#sÓS ¢VæFÆö÷ ¢VæFf6W@¢f6WBæ÷&ÖÂÓã3ƒ#“ƒ2Óã“#3sSR ¢÷WFW"Æö÷ ¢fW'FW‚ÓcãcscR‚ãS“RÓS ¢fW'FW‚Ócã3sR‚ãCrÓC ¢fW'FW‚ÓcãcscR‚ãS“RÓC ¢VæFÆö÷ ¢VæFf6W@¢f6WBæ÷&ÖÂÓã3ƒ#“ƒ2Óã“#3sSRÓ ¢÷WFW"Æö÷ ¢fW'FW‚Ócã3sR‚ãCrÓC ¢fW'FW‚ÓcãcscR‚ãS“RÓS ¢fW'FW‚Ócã3sR‚ãCrÓS ¢VæFÆö÷ ¢VæFf6W@¢f6WBæ÷&ÖÂã““CcrÓã33b ¢÷WFW"Æö÷ ¢fW'FW‚Óc2ã#Rrã3ƒrÓC ¢fW'FW‚Óc2ã#sBrãsÓS ¢fW'FW‚Óc2ã#sBrãsÓC ¢VæFÆö÷ ¢VæFf6W@¢f6WBæ÷&ÖÂã““CcrÓã33b ¢÷WFW"Æö÷ ¢fW'FW‚Óc2ã#sBrãsÓS ¢fW'FW‚Óc2ã#Rrã3ƒrÓC ¢fW'FW‚Óc2ã#Rrã3ƒrÓS ¢VæFÆö÷ ¢VæFf6W@¢f6WBæ÷&ÖÂÓã““CcrÓã33b ¢÷WFW"Æö÷ ¢fW'FW‚ÓcãsRrã3ƒrÓS ¢fW'FW‚Ócãs“#brãsÓC ¢fW'FW‚Ócãs“#brãsÓS ¢VæFÆö÷ ¢VæFf6W@¢f6WBæ÷&ÖÂÓã““CcrÓã33b ¢÷WFW"Æö÷ ¢fW'FW‚Ócãs“#brãsÓC ¢fW'FW‚ÓcãsRrã3ƒrÓS ¢fW'FW‚ÓcãsRrã3ƒrÓC ¢VæFÆö÷ ¢VæFf6W@¢f6WBæ÷&ÖÂã3ƒ#“ƒ2ã“#3sSRÓ ¢÷WFW"Æö÷ ¢fW'FW‚Óc"ã3#3Rbã‚ÓS ¢fW'FW‚Óc"ãc#Rbã3RÓC ¢fW'FW‚Óc"ã3#3Rbã‚ÓC ¢VæFÆö÷ ¢VæFf6W@¢f6WBæ÷&ÖÂã3ƒ#“ƒ2ã“#3sSR ¢÷WFW"Æö÷ ¢fW'FW‚Óc"ãc#Rbã3RÓC ¢fW'FW‚Óc"ã3#3Rbã‚ÓS ¢fW'FW‚Óc"ãc#Rbã3RÓS ¢VæFÆö÷ ¢VæFf6W@¢f6WBæ÷&ÖÂã“#Cƒ‚ã3ƒ#ƒ ¢÷WFW"Æö÷ ¢fW'FW‚Óc2ãƒ#Rbãsc"ÓC ¢fW'FW‚Óc2ã#sBrãcBÓS ¢fW'FW‚Óc2ã#sBrãcBÓC ¢VæFÆö÷ ¢VæFf6W@¢f6WBæ÷&ÖÂã“#Cƒ‚ã3ƒ#ƒ ¢÷WFW"Æö÷ ¢fW'FW‚Óc2ã#sBrãcBÓS ¢fW'FW‚Óc2ãƒ#Rbãsc"ÓC ¢fW'FW‚Óc2ãƒ#Rbãsc"ÓS ¢VæFÆö÷ ¢VæFf6W@¢f6WBæ÷&ÖÂÓã3ƒ#“ƒ2ã“#3sSR ¢÷WFW"Æö÷ ¢fW'FW‚Ócã3sRbã3RÓS ¢fW'FW‚ÓcãcscRbã‚ÓC ¢fW'FW‚Ócã3sRbã3RÓC ¢VæFÆö÷ ¢VæFf6W@¢f6WBæ÷&ÖÂÓã3ƒ#“ƒ2ã“#3sSR ¢÷WFW"Æö÷ ¢fW'FW‚ÓcãcscRbã‚ÓC ¢fW'FW‚Ócã3sRbã3RÓS ¢fW'FW‚ÓcãcscRbã‚ÓS ¢VæFÆö÷ ¢VæFf6W@¢f6WBæ÷&ÖÂãs“3SSrÓãcƒC“b ¢÷WFW"Æö÷ ¢fW'FW‚Óc2ãƒ#R‚ã"ÓC ¢fW'FW‚Óc"ãƒƒ3’‚ã#sÓS ¢fW'FW‚Óc"ãƒƒ3’‚ã#sÓC ¢VæFÆö÷ ¢VæFf6W@¢f6WBæ÷&ÖÂãs“3SSrÓãcƒC“b ¢÷WFW"Æö÷ ¢fW'FW‚Óc"ãƒƒ3’‚ã#sÓS ¢fW'FW‚Óc2ãƒ#R‚ã"ÓC ¢fW'FW‚Óc2ãƒ#R‚ã"ÓS ¢VæFÆö÷ ¢VæFf6W@¢f6WBæ÷&ÖÂÓã3sc"ã““#ƒ ¢÷WFW"Æö÷ ¢fW'FW‚ÓcãcscRbã‚ÓS ¢fW'FW‚Óc"bã3rÓC ¢fW'FW‚ÓcãcscRbã‚ÓC ¢VæFÆö÷ ¢VæFf6W@¢f6WBæ÷&ÖÂÓã3sc"ã““#ƒ ¢÷WFW"Æö÷ ¢fW'FW‚Óc"bã3rÓC ¢fW'FW‚ÓcãcscRbã‚ÓS ¢fW'FW‚Óc"bã3rÓS ¢VæFÆö÷ ¢VæFf6W@¢f6WBæ÷&ÖÂã““CRã3sSb ¢÷WFW"Æö÷ ¢fW'FW‚Óc2ã#sBrãcBÓC ¢fW'FW‚Óc2ã#Rrã3ƒrÓS ¢fW'FW‚Óc2ã#Rrã3ƒrÓC ¢VæFÆö÷ ¢VæFf6W@¢f6WBæ÷&ÖÂã““CRã3sSb ¢÷WFW"Æö÷ ¢fW'FW‚Óc2ã#Rrã3ƒrÓS ¢fW'FW‚Óc2ã#sBrãcBÓC ¢fW'FW‚Óc2ã#sBrãcBÓS ¢VæFÆö÷ ¢VæFf6W@¢f6WBæ÷&ÖÂÓã“#3c3’Óã3ƒ3#cB ¢÷WFW"Æö÷ ¢fW'FW‚Ócãs“#brãsÓS ¢fW'FW‚Ócã“sR‚ã"ÓC ¢fW'FW‚Ócã“sR‚ã"ÓS ¢VæFÆö÷ ¢VæFf6W@¢f6WBæ÷&ÖÂÓã“#3c3’Óã3ƒ3#cB ¢÷WFW"Æö÷ ¢fW'FW‚Ócã“sR‚ã"ÓC ¢fW'FW‚Ócãs“#brãsÓS ¢fW'FW‚Ócãs“#brãsÓC ¢VæFÆö÷ ¢VæFf6W@¢f6WBæ÷&ÖÂÓã#ƒsC’Óã““csr ¢÷WFW"Æö÷ ¢fW'FW‚Óc"‚ãc3rÓS ¢fW'FW‚ÓcãcscR‚ãS“RÓC ¢fW'FW‚Óc"‚ãc3rÓC ¢VæFÆö÷ ¢VæFf6W@¢f6WBæ÷&ÖÂÓã#ƒsC’Óã““csrÓ ¢÷WFW"Æö÷ ¢fW'FW‚ÓcãcscR‚ãS“RÓC ¢fW'FW‚Óc"‚ãc3rÓS ¢fW'FW‚ÓcãcscR‚ãS“RÓS ¢VæFÆö÷ ¢VæFf6W@¢f6WBæ÷&ÖÂã3sc"ã““#ƒÓ ¢÷WFW"Æö÷ ¢fW'FW‚Óc"bã3rÓS ¢fW'FW‚Óc"ã3#3Rbã‚ÓC ¢fW'FW‚Óc"bã3rÓC ¢VæFÆö÷ ¢VæFf6W@¢f6WBæ÷&ÖÂã3sc"ã““#ƒ ¢÷WFW"Æö÷ ¢fW'FW‚Óc"ã3#3Rbã‚ÓC ¢fW'FW‚Óc"bã3rÓS ¢fW'FW‚Óc"ã3#3Rbã‚ÓS ¢VæFÆö÷ ¢VæFf6W@¢f6WBæ÷&ÖÂÓã““CRã3sSb ¢÷WFW"Æö÷ ¢fW'FW‚Ócãs“#brãcBÓS ¢fW'FW‚ÓcãsRrã3ƒrÓC ¢fW'FW‚ÓcãsRrã3ƒrÓS ¢VæFÆö÷ ¢VæFf6W@¢f6WBæ÷&ÖÂÓã““CRã3sSb ¢÷WFW"Æö÷ ¢fW'FW‚ÓcãsRrã3ƒrÓC ¢fW'FW‚Ócãs“#brãcBÓS ¢fW'FW‚Ócãs“#brãcBÓC ¢VæFÆö÷ ¢VæFf6W@¢f6WBæ÷&ÖÂÓã“#Cƒ‚ã3ƒ#ƒ ¢÷WFW"Æö÷ ¢fW'FW‚Ócã“sRbãsc"ÓS ¢fW'FW‚Ócãs“#brãcBÓC ¢fW'FW‚Ócãs“#brãcBÓS ¢VæFÆö÷ ¢VæFf6W@¢f6WBæ÷&ÖÂÓã“#Cƒ‚ã3ƒ#ƒ ¢÷WFW"Æö÷ ¢fW'FW‚Ócãs“#brãcBÓC ¢fW'FW‚Ócã“sRbãsc"ÓS ¢fW'FW‚Ócã“sRbãsc"ÓC ¢VæFÆö÷ ¢VæFf6W@¢f6WBæ÷&ÖÂÓãs“3SSrÓãcƒC“b ¢÷WFW"Æö÷ ¢fW'FW‚Ócã“sR‚ã"ÓS ¢fW'FW‚Ócãc‚ã#sÓC ¢fW'FW‚Ócãc‚ã#sÓS ¢VæFÆö÷ ¢VæFf6W@¢f6WBæ÷&ÖÂÓãs“3SSrÓãcƒC“b ¢÷WFW"Æö÷ ¢fW'FW‚Ócãc‚ã#sÓC ¢fW'FW‚Ócã“sR‚ã"ÓS ¢fW'FW‚Ócã“sR‚ã"ÓC ¢VæFÆö÷ ¢VæFf6W@¢f6WBæ÷&ÖÂãcsCƒBãs“C33"Ó ¢÷WFW"Æö÷ ¢fW'FW‚Óc"ãc#Rbã3RÓS ¢fW'FW‚Óc"ãƒƒ3’bãS2ÓC ¢fW'FW‚Óc"ãc#Rbã3RÓC ¢VæFÆö÷ ¢VæFf6W@¢f6WBæ÷&ÖÂãcsCƒBãs“C33" ¢÷WFW"Æö÷ ¢fW'FW‚Óc"ãƒƒ3’bãS2ÓC ¢fW'FW‚Óc"ãc#Rbã3RÓS ¢fW'FW‚Óc"ãƒƒ3’bãS2ÓS ¢VæFÆö÷ ¢VæFf6W@¢f6WBæ÷&ÖÂãs“3SSrãcƒC“b ¢÷WFW"Æö÷ ¢fW'FW‚Óc"ãƒƒ3’bãS2ÓC ¢fW'FW‚Óc2ãƒ#Rbãsc"ÓS ¢fW'FW‚Óc2ãƒ#Rbãsc"ÓC ¢VæFÆö÷ ¢VæFf6W@¢f6WBæ÷&ÖÂãs“3SSrãcƒC“b ¢÷WFW"Æö÷ ¢fW'FW‚Óc2ãƒ#Rbãsc"ÓS ¢fW'FW‚Óc"ãƒƒ3’bãS2ÓC ¢fW'FW‚Óc"ãƒƒ3’bãS2ÓS ¢VæFÆö÷ ¢VæFf6W@¢f6WBæ÷&ÖÂã#ƒsC’Óã““csr ¢÷WFW"Æö÷ ¢fW'FW‚Óc"ã3#3R‚ãS“RÓS ¢fW'FW‚Óc"‚ãc3rÓC ¢fW'FW‚Óc"ã3#3R‚ãS“RÓC ¢VæFÆö÷ ¢VæFf6W@¢f6WBæ÷&ÖÂã#ƒsC’Óã““csr ¢÷WFW"Æö÷ ¢fW'FW‚Óc"‚ãc3rÓC ¢fW'FW‚Óc"ã3#3R‚ãS“RÓS ¢fW'FW‚Óc"‚ãc3rÓS ¢VæFÆö÷ ¢VæFf6W@¢f6WBæ÷&ÖÂã3ƒ#“ƒ2Óã“#3sSR ¢÷WFW"Æö÷ ¢fW'FW‚Óc"ãc#R‚ãCrÓS ¢fW'FW‚Óc"ã3#3R‚ãS“RÓC ¢fW'FW‚Óc"ãc#R‚ãCrÓC ¢VæFÆö÷ ¢VæFf6W@¢f6WBæ÷&ÖÂã3ƒ#“ƒ2Óã“#3sSR ¢÷WFW"Æö÷ ¢fW'FW‚Óc"ã3#3R‚ãS“RÓC ¢fW'FW‚Óc"ãc#R‚ãCrÓS ¢fW'FW‚Óc"ã3#3R‚ãS“RÓS ¢VæFÆö÷ ¢VæFf6W@¢f6WBæ÷&ÖÂÓãs“3SSrãcƒC“b ¢÷WFW"Æö÷ ¢fW'FW‚ÓcãcbãS2ÓS ¢fW'FW‚Ócã“sRbãsc"ÓC ¢fW'FW‚Ócã“sRbãsc"ÓS ¢VæFÆö÷ ¢VæFf6W@¢f6WBæ÷&ÖÂÓãs“3SSrãcƒC“b ¢÷WFW"Æö÷ ¢fW'FW‚Ócã“sRbãsc"ÓC ¢fW'FW‚ÓcãcbãS2ÓS ¢fW'FW‚ÓcãcbãS2ÓC ¢VæFÆö÷ ¢VæFf6W@¢f6WBæ÷&ÖÂÓãcsCƒBãs“C33" ¢÷WFW"Æö÷ ¢fW'FW‚ÓcãcbãS2ÓS ¢fW'FW‚Ócã3sRbã3RÓC ¢fW'FW‚ÓcãcbãS2ÓC ¢VæFÆö÷ ¢VæFf6W@¢f6WBæ÷&ÖÂÓãcsCƒBãs“C33" ¢÷WFW"Æö÷ ¢fW'FW‚Ócã3sRbã3RÓC ¢fW'FW‚ÓcãcbãS2ÓS ¢fW'FW‚Ócã3sRbã3RÓS ¢VæFÆö÷ ¢VæFf6W@¢f6WBæ÷&ÖÂÓ¢÷WFW"Æö÷ ¢fW'FW‚Ócãs“#brãcBÓC ¢fW'FW‚Ócãs“#brãsÓC ¢fW'FW‚ÓcãsRrã3ƒrÓC ¢VæFÆö÷ ¢VæFf6W@¢f6WBæ÷&ÖÂÓ¢÷WFW"Æö÷ ¢fW'FW‚Ócã“sRbãsc"ÓC ¢fW'FW‚Ócãs“#brãsÓC ¢fW'FW‚Ócãs“#brãcBÓC ¢VæFÆö÷ ¢VæFf6W@¢f6WBæ÷&ÖÂÓ¢÷WFW"Æö÷ ¢fW'FW‚Ócã“sRbãsc"ÓC ¢fW'FW‚Ócã“sR‚ã"ÓC ¢fW'FW‚Ócãs“#brãsÓC ¢VæFÆö÷ ¢VæFf6W@¢f6WBæ÷&ÖÂÓ¢÷WFW"Æö÷ ¢fW'FW‚ÓcãcbãS2ÓC ¢fW'FW‚Ócã“sR‚ã"ÓC ¢fW'FW‚Ócã“sRbãsc"ÓC ¢VæFÆö÷ ¢VæFf6W@¢f6WBæ÷&ÖÂÓ¢÷WFW"Æö÷ ¢fW'FW‚ÓcãcbãS2ÓC ¢fW'FW‚Ócãc‚ã#sÓC ¢fW'FW‚Ócã“sR‚ã"ÓC ¢VæFÆö÷ ¢VæFf6W@¢f6WBæ÷&ÖÂÓ¢÷WFW"Æö÷ ¢fW'FW‚Ócã3sRbã3RÓC ¢fW'FW‚Ócãc‚ã#sÓC ¢fW'FW‚ÓcãcbãS2ÓC ¢VæFÆö÷ ¢VæFf6W@¢f6WBæ÷&ÖÂÓ¢÷WFW"Æö÷ ¢fW'FW‚Ócã3sRbã3RÓC ¢fW'FW‚Ócã3sR‚ãCrÓC ¢fW'FW‚Ócãc‚ã#sÓC ¢VæFÆö÷ ¢VæFf6W@¢f6WBæ÷&ÖÂÓ¢÷WFW"Æö÷ ¢fW'FW‚ÓcãcscRbã‚ÓC ¢fW'FW‚Ócã3sR‚ãCrÓC ¢fW'FW‚Ócã3sRbã3RÓC ¢VæFÆö÷ ¢VæFf6W@¢f6WBæ÷&ÖÂÓ¢÷WFW"Æö÷ ¢fW'FW‚ÓcãcscRbã‚ÓC ¢fW'FW‚ÓcãcscR‚ãS“RÓC ¢fW'FW‚Ócã3sR‚ãCrÓC ¢VæFÆö÷ ¢VæFf6W@¢f6WBæ÷&ÖÂÓ¢÷WFW"Æö÷ ¢fW'FW‚Óc"bã3rÓC ¢fW'FW‚ÓcãcscR‚ãS“RÓC ¢fW'FW‚ÓcãcscRbã‚ÓC ¢VæFÆö÷ ¢VæFf6W@¢f6WBæ÷&ÖÂÓ¢÷WFW"Æö÷ ¢fW'FW‚Óc"bã3rÓC ¢fW'FW‚Óc"‚ãc3rÓC ¢fW'FW‚ÓcãcscR‚ãS“RÓC ¢VæFÆö÷ ¢VæFf6W@¢f6WBæ÷&ÖÂÓ¢÷WFW"Æö÷ ¢fW'FW‚Óc"ã3#3Rbã‚ÓC ¢fW'FW‚Óc"‚ãc3rÓC ¢fW'FW‚Óc"bã3rÓC ¢VæFÆö÷ ¢VæFf6W@¢f6WBæ÷&ÖÂÓ¢÷WFW"Æö÷ ¢fW'FW‚Óc"ã3#3Rbã‚ÓC ¢fW'FW‚Óc"ã3#3R‚ãS“RÓC ¢fW'FW‚Óc"‚ãc3rÓC ¢VæFÆö÷ ¢VæFf6W@¢f6WBæ÷&ÖÂÓ¢÷WFW"Æö÷ ¢fW'FW‚Óc"ãc#Rbã3RÓC ¢fW'FW‚Óc"ã3#3R‚ãS“RÓC ¢fW'FW‚Óc"ã3#3Rbã‚ÓC ¢VæFÆö÷ ¢VæFf6W@¢f6WBæ÷&ÖÂÓ¢÷WFW"Æö÷ ¢fW'FW‚Óc"ãc#Rbã3RÓC ¢fW'FW‚Óc"ãc#R‚ãCrÓC ¢fW'FW‚Óc"ã3#3R‚ãS“RÓC ¢VæFÆö÷ ¢VæFf6W@¢f6WBæ÷&ÖÂÓ¢÷WFW"Æö÷ ¢fW'FW‚Óc"ãƒƒ3’bãS2ÓC ¢fW'FW‚Óc"ãc#R‚ãCrÓC ¢fW'FW‚Óc"ãc#Rbã3RÓC ¢VæFÆö÷ ¢VæFf6W@¢f6WBæ÷&ÖÂÓ¢÷WFW"Æö÷ ¢fW'FW‚Óc"ãƒƒ3’bãS2ÓC ¢fW'FW‚Óc"ãƒƒ3’‚ã#sÓC ¢fW'FW‚Óc"ãc#R‚ãCrÓC ¢VæFÆö÷ ¢VæFf6W@¢f6WBæ÷&ÖÂÓ¢÷WFW"Æö÷ ¢fW'FW‚Óc2ãƒ#Rbãsc"ÓC ¢fW'FW‚Óc"ãƒƒ3’‚ã#sÓC ¢fW'FW‚Óc"ãƒƒ3’bãS2ÓC ¢VæFÆö÷ ¢VæFf6W@¢f6WBæ÷&ÖÂÓ¢÷WFW"Æö÷ ¢fW'FW‚Óc2ãƒ#Rbãsc"ÓC ¢fW'FW‚Óc2ãƒ#R‚ã"ÓC ¢fW'FW‚Óc"ãƒƒ3’‚ã#sÓC ¢VæFÆö÷ ¢VæFf6W@¢f6WBæ÷&ÖÂÓ¢÷WFW"Æö÷ ¢fW'FW‚Óc2ã#sBrãcBÓC ¢fW'FW‚Óc2ãƒ#R‚ã"ÓC ¢fW'FW‚Óc2ãƒ#Rbãsc"ÓC ¢VæFÆö÷ ¢VæFf6W@¢f6WBæ÷&ÖÂÓ¢÷WFW"Æö÷ ¢fW'FW‚Óc2ã#sBrãcBÓC ¢fW'FW‚Óc2ã#sBrãsÓC ¢fW'FW‚Óc2ãƒ#R‚ã"ÓC ¢VæFÆö÷ ¢VæFf6W@¢f6WBæ÷&ÖÂÓÓ¢÷WFW"Æö÷ ¢fW'FW‚Óc2ã#sBrãsÓC ¢fW'FW‚Óc2ã#sBrãcBÓC ¢fW'FW‚Óc2ã#Rrã3ƒrÓC ¢VæFÆö÷ ¢VæFf6W@¢f6WBæ÷&ÖÂÓã““#ƒ2Óã3sS2 ¢÷WFW"Æö÷ ¢fW'FW‚Ó#"ãsRÓS ¢fW'FW‚Ó#"ãs“2ã3#3S#BÓC ¢fW'FW‚Ó#"ãs“2ã3#3S#BÓS ¢VæFÆö÷ ¢VæFf6W@¢f6WBæ÷&ÖÂÓã““#ƒ2Óã3sS2 ¢÷WFW"Æö÷ ¢fW'FW‚Ó#"ãs“2ã3#3S#BÓC ¢fW'FW‚Ó#"ãsRÓS ¢fW'FW‚Ó#"ãsRÓC ¢VæFÆö÷ ¢VæFf6W@¢f6WBæ÷&ÖÂã3ƒ3#"ã“#3ccÓ ¢÷WFW"Æö÷ ¢fW'FW‚Ó#Bã3#BÓã#sCÓS ¢fW'FW‚Ó#Bãc#RÓãƒ#S2ÓC ¢fW'FW‚Ó#Bã3#BÓã#sCÓC ¢VæFÆö÷ ¢VæFf6W@¢f6WBæ÷&ÖÂã3ƒ3#"ã“#3cc ¢÷WFW"Æö÷ ¢fW'FW‚Ó#Bãc#RÓãƒ#S2ÓC ¢fW'FW‚Ó#Bã3#BÓã#sCÓS ¢fW'FW‚Ó#Bãc#RÓãƒ#S2ÓS ¢VæFÆö÷ ¢VæFf6W@¢f6WBæ÷&ÖÂã““#ƒ2ã3sS2 ¢÷WFW"Æö÷ ¢fW'FW‚Ó#Rã#rÓã3#3S#BÓC ¢fW'FW‚Ó#Rã#RÓS ¢fW'FW‚Ó#Rã#RÓC ¢VæFÆö÷ ¢VæFf6W@¢f6WBæ÷&ÖÂã““#ƒ2ã3sS2 ¢÷WFW"Æö÷ ¢fW'FW‚Ó#Rã#RÓS ¢fW'FW‚Ó#Rã#rÓã3#3S#BÓC ¢fW'FW‚Ó#Rã#rÓã3#3S#BÓS ¢VæFÆö÷ ¢VæFf6W@¢f6WBæ÷&ÖÂã33#’ã““CsÓ ¢÷WFW"Æö÷ ¢fW'FW‚Ó#BÓã#RÓS ¢fW'FW‚Ó#Bã3#BÓã#sCÓC ¢fW'FW‚Ó#BÓã#RÓC ¢VæFÆö÷ ¢VæFf6W@¢f6WBæ÷&ÖÂã33#’ã““Cs ¢÷WFW"Æö÷ ¢fW'FW‚Ó#Bã3#BÓã#sCÓC ¢fW'FW‚Ó#BÓã#RÓS ¢fW'FW‚Ó#Bã3#BÓã#sCÓS ¢VæFÆö÷ ¢VæFf6W@¢f6WBæ÷&ÖÂÓãcƒSƒrÓãs“3Cƒ‚ ¢÷WFW"Æö÷ ¢fW'FW‚Ó#2ã3sRãƒ#S2ÓS ¢fW'FW‚Ó#2ãbãƒƒ3ƒƒ2ÓC ¢fW'FW‚Ó#2ã3sRãƒ#S2ÓC ¢VæFÆö÷ ¢VæFf6W@¢f6WBæ÷&ÖÂÓãcƒSƒrÓãs“3Cƒ‚Ó ¢÷WFW"Æö÷ ¢fW'FW‚Ó#2ãbãƒƒ3ƒƒ2ÓC ¢fW'FW‚Ó#2ã3sRãƒ#S2ÓS ¢fW'FW‚Ó#2ãbãƒƒ3ƒƒ2ÓS ¢VæFÆö÷ ¢VæFf6W@¢f6WBæ÷&ÖÂÓãcƒSƒrãs“3Cƒ‚ ¢÷WFW"Æö÷ ¢fW'FW‚Ó#2ãbÓãƒƒ3ƒƒ2ÓS ¢fW'FW‚Ó#2ã3sRÓãƒ#S2ÓC ¢fW'FW‚Ó#2ãbÓãƒƒ3ƒƒ2ÓC ¢VæFÆö÷ ¢VæFf6W@¢f6WBæ÷&ÖÂÓãcƒSƒrãs“3Cƒ‚ ¢÷WFW"Æö÷ ¢fW'FW‚Ó#2ã3sRÓãƒ#S2ÓC ¢fW'FW‚Ó#2ãbÓãƒƒ3ƒƒ2ÓS ¢fW'FW‚Ó#2ã3sRÓãƒ#S2ÓS ¢VæFÆö÷ ¢VæFf6W@¢f6WBæ÷&ÖÂãcƒSƒrãs“3Cƒ‚Ó ¢÷WFW"Æö÷ ¢fW'FW‚Ó#Bãc#RÓãƒ#S2ÓS ¢fW'FW‚Ó#BãƒƒBÓãƒƒ3ƒƒ2ÓC ¢fW'FW‚Ó#Bãc#RÓãƒ#S2ÓC ¢VæFÆö÷ ¢VæFf6W@¢f6WBæ÷&ÖÂãcƒSƒrãs“3Cƒ‚ ¢÷WFW"Æö÷ ¢fW'FW‚Ó#BãƒƒBÓãƒƒ3ƒƒ2ÓC ¢fW'FW‚Ó#Bãc#RÓãƒ#S2ÓS ¢fW'FW‚Ó#BãƒƒBÓãƒƒ3ƒƒ2ÓS ¢VæFÆö÷ ¢VæFf6W@¢f6WBæ÷&ÖÂãs“#ƒ3"ãc“CB ¢÷WFW"Æö÷ ¢fW'FW‚Ó#BãƒƒBÓãƒƒ3ƒƒ2ÓC ¢fW'FW‚Ó#Rãƒ2Óãc#RÓS ¢fW'FW‚Ó#Rãƒ2Óãc#RÓC ¢VæFÆö÷ ¢VæFf6W@¢f6WBæ÷&ÖÂãs“#ƒ3"ãc“CB ¢÷WFW"Æö÷ ¢fW'FW‚Ó#Rãƒ2Óãc#RÓS ¢fW'FW‚Ó#BãƒƒBÓãƒƒ3ƒƒ2ÓC ¢fW'FW‚Ó#BãƒƒBÓãƒƒ3ƒƒ2ÓS ¢VæFÆö÷ ¢VæFf6W@¢f6WBæ÷&ÖÂÓã“#Cƒ#bÓã3ƒ3’ ¢÷WFW"Æö÷ ¢fW'FW‚Ó#"ãs“2ã3#3S#BÓS ¢fW'FW‚Ó#"ã“rãc#RÓC ¢fW'FW‚Ó#"ã“rãc#RÓS ¢VæFÆö÷ ¢VæFf6W@¢f6WBæ÷&ÖÂÓã“#Cƒ#bÓã3ƒ3’ ¢÷WFW"Æö÷ ¢fW'FW‚Ó#"ã“rãc#RÓC ¢fW'FW‚Ó#"ãs“2ã3#3S#BÓS ¢fW'FW‚Ó#"ãs“2ã3#3S#BÓC ¢VæFÆö÷ ¢VæFf6W@¢f6WBæ÷&ÖÂãs“#ƒ3"Óãc“CB ¢÷WFW"Æö÷ ¢fW'FW‚Ó#Rãƒ2ãc#RÓC ¢fW'FW‚Ó#BãƒƒBãƒƒ3ƒƒ2ÓS ¢fW'FW‚Ó#BãƒƒBãƒƒ3ƒƒ2ÓC ¢VæFÆö÷ ¢VæFf6W@¢f6WBæ÷&ÖÂãs“#ƒ3"Óãc“CB ¢÷WFW"Æö÷ ¢fW'FW‚Ó#BãƒƒBãƒƒ3ƒƒ2ÓS ¢fW'FW‚Ó#Rãƒ2ãc#RÓC ¢fW'FW‚Ó#Rãƒ2ãc#RÓS ¢VæFÆö÷ ¢VæFf6W@¢f6WBæ÷&ÖÂÓã“#Cƒ#bã3ƒ3’ ¢÷WFW"Æö÷ ¢fW'FW‚Ó#"ã“rÓãc#RÓS ¢fW'FW‚Ó#"ãs“2Óã3#3S#BÓC ¢fW'FW‚Ó#"ãs“2Óã3#3S#BÓS ¢VæFÆö÷ ¢VæFf6W@¢f6WBæ÷&ÖÂÓã“#Cƒ#bã3ƒ3’ ¢÷WFW"Æö÷ ¢fW'FW‚Ó#"ãs“2Óã3#3S#BÓC ¢fW'FW‚Ó#"ã“rÓãc#RÓS ¢fW'FW‚Ó#"ã“rÓãc#RÓC ¢VæFÆö÷ ¢VæFf6W@¢f6WBæ÷&ÖÂã“#Cƒ#bã3ƒ3’ ¢÷WFW"Æö÷ ¢fW'FW‚Ó#Rãƒ2Óãc#RÓC ¢fW'FW‚Ó#Rã#rÓã3#3S#BÓS ¢fW'FW‚Ó#Rã#rÓã3#3S#BÓC ¢VæFÆö÷ ¢VæFf6W@¢f6WBæ÷&ÖÂã“#Cƒ#bã3ƒ3’ ¢÷WFW"Æö÷ ¢fW'FW‚Ó#Rã#rÓã3#3S#BÓS ¢fW'FW‚Ó#Rãƒ2Óãc#RÓC ¢fW'FW‚Ó#Rãƒ2Óãc#RÓS ¢VæFÆö÷ ¢VæFf6W@¢f6WBæ÷&ÖÂã33#’Óã““Cs ¢÷WFW"Æö÷ ¢fW'FW‚Ó#Bã3#Bã#sCÓS ¢fW'FW‚Ó#Bã#RÓC ¢fW'FW‚Ó#Bã3#Bã#sCÓC ¢VæFÆö÷ ¢VæFf6W@¢f6WBæ÷&ÖÂã33#’Óã““Cs ¢÷WFW"Æö÷ ¢fW'FW‚Ó#Bã#RÓC ¢fW'FW‚Ó#Bã3#Bã#sCÓS ¢fW'FW‚Ó#Bã#RÓS ¢VæFÆö÷ ¢VæFf6W@¢f6WBæ÷&ÖÂÓã33#’ã““Cs ¢÷WFW"Æö÷ ¢fW'FW‚Ó#2ãcsbÓã#sCÓS ¢fW'FW‚Ó#BÓã#RÓC ¢fW'FW‚Ó#2ãcsbÓã#sCÓC ¢VæFÆö÷ ¢VæFf6W@¢f6WBæ÷&ÖÂÓã33#’ã““Cs ¢÷WFW"Æö÷ ¢fW'FW‚Ó#BÓã#RÓC ¢fW'FW‚Ó#2ãcsbÓã#sCÓS ¢fW'FW‚Ó#BÓã#RÓS ¢VæFÆö÷ ¢VæFf6W@¢f6WBæ÷&ÖÂÓã33#’Óã““Cs ¢÷WFW"Æö÷ ¢fW'FW‚Ó#Bã#RÓS ¢fW'FW‚Ó#2ãcsbã#sCÓC ¢fW'FW‚Ó#Bã#RÓC ¢VæFÆö÷ ¢VæFf6W@¢f6WBæ÷&ÖÂÓã33#’Óã““CsÓ ¢÷WFW"Æö÷ ¢fW'FW‚Ó#2ãcsbã#sCÓC ¢fW'FW‚Ó#Bã#RÓS ¢fW'FW‚Ó#2ãcsbã#sCÓS ¢VæFÆö÷ ¢VæFf6W@¢f6WBæ÷&ÖÂÓã““#ƒ2ã3sS2 ¢÷WFW"Æö÷ ¢fW'FW‚Ó#"ãs“2Óã3#3S#BÓS ¢fW'FW‚Ó#"ãsRÓC ¢fW'FW‚Ó#"ãsRÓS ¢VæFÆö÷ ¢VæFf6W@¢f6WBæ÷&ÖÂÓã““#ƒ2ã3sS2 ¢÷WFW"Æö÷ ¢fW'FW‚Ó#"ãsRÓC ¢fW'FW‚Ó#"ãs“2Óã3#3S#BÓS ¢fW'FW‚Ó#"ãs“2Óã3#3S#BÓC ¢VæFÆö÷ ¢VæFf6W@¢f6WBæ÷&ÖÂÓãs“#ƒ3"ãc“CB ¢÷WFW"Æö÷ ¢fW'FW‚Ó#2ãbÓãƒƒ3ƒƒ2ÓS ¢fW'FW‚Ó#"ã“rÓãc#RÓC ¢fW'FW‚Ó#"ã“rÓãc#RÓS ¢VæFÆö÷ ¢VæFf6W@¢f6WBæ÷&ÖÂÓãs“#ƒ3"ãc“CB ¢÷WFW"Æö÷ ¢fW'FW‚Ó#"ã“rÓãc#RÓC ¢fW'FW‚Ó#2ãbÓãƒƒ3ƒƒ2ÓS ¢fW'FW‚Ó#2ãbÓãƒƒ3ƒƒ2ÓC ¢VæFÆö÷ ¢VæFf6W@¢f6WBæ÷&ÖÂã““#ƒ2Óã3sS2 ¢÷WFW"Æö÷ ¢fW'FW‚Ó#Rã#RÓC ¢fW'FW‚Ó#Rã#rã3#3S#BÓS ¢fW'FW‚Ó#Rã#rã3#3S#BÓC ¢VæFÆö÷ ¢VæFf6W@¢f6WBæ÷&ÖÂã““#ƒ2Óã3sS2 ¢÷WFW"Æö÷ ¢fW'FW‚Ó#Rã#rã3#3S#BÓS ¢fW'FW‚Ó#Rã#RÓC ¢fW'FW‚Ó#Rã#RÓS ¢VæFÆö÷ ¢VæFf6W@¢f6WBæ÷&ÖÂã“#Cƒ#bÓã3ƒ3’ ¢÷WFW"Æö÷ ¢fW'FW‚Ó#Rã#rã3#3S#BÓC ¢fW'FW‚Ó#Rãƒ2ãc#RÓS ¢fW'FW‚Ó#Rãƒ2ãc#RÓC ¢VæFÆö÷ ¢VæFf6W@¢f6WBæ÷&ÖÂã“#Cƒ#bÓã3ƒ3’ ¢÷WFW"Æö÷ ¢fW'FW‚Ó#Rãƒ2ãc#RÓS ¢fW'FW‚Ó#Rã#rã3#3S#BÓC ¢fW'FW‚Ó#Rã#rã3#3S#BÓS ¢VæFÆö÷ ¢VæFf6W@¢f6WBæ÷&ÖÂÓã3ƒ3#"ã“#3cc ¢÷WFW"Æö÷ ¢fW'FW‚Ó#2ã3sRÓãƒ#S2ÓS ¢fW'FW‚Ó#2ãcsbÓã#sCÓC ¢fW'FW‚Ó#2ã3sRÓãƒ#S2ÓC ¢VæFÆö÷ ¢VæFf6W@¢f6WBæ÷&ÖÂÓã3ƒ3#"ã“#3cc ¢÷WFW"Æö÷ ¢fW'FW‚Ó#2ãcsbÓã#sCÓC ¢fW'FW‚Ó#2ã3sRÓãƒ#S2ÓS ¢fW'FW‚Ó#2ãcsbÓã#sCÓS ¢VæFÆö÷ ¢VæFf6W@¢f6WBæ÷&ÖÂÓãs“#ƒ3"Óãc“CB ¢÷WFW"Æö÷ ¢fW'FW‚Ó#"ã“rãc#RÓS ¢fW'FW‚Ó#2ãbãƒƒ3ƒƒ2ÓC ¢fW'FW‚Ó#2ãbãƒƒ3ƒƒ2ÓS ¢VæFÆö÷ ¢VæFf6W@¢f6WBæ÷&ÖÂÓãs“#ƒ3"Óãc“CB ¢÷WFW"Æö÷ ¢fW'FW‚Ó#2ãbãƒƒ3ƒƒ2ÓC ¢fW'FW‚Ó#"ã“rãc#RÓS ¢fW'FW‚Ó#"ã“rãc#RÓC ¢VæFÆö÷ ¢VæFf6W@¢f6WBæ÷&ÖÂã3ƒ3#"Óã“#3cc ¢÷WFW"Æö÷ ¢fW'FW‚Ó#Bãc#Rãƒ#S2ÓS ¢fW'FW‚Ó#Bã3#Bã#sCÓC ¢fW'FW‚Ó#Bãc#Rãƒ#S2ÓC ¢VæFÆö÷ ¢VæFf6W@¢f6WBæ÷&ÖÂã3ƒ3#"Óã“#3cc ¢÷WFW"Æö÷ ¢fW'FW‚Ó#Bã3#Bã#sCÓC ¢fW'FW‚Ó#Bãc#Rãƒ#S2ÓS ¢fW'FW‚Ó#Bã3#Bã#sCÓS ¢VæFÆö÷ ¢VæFf6W@¢f6WBæ÷&ÖÂãcƒSƒrÓãs“3Cƒ‚ ¢÷WFW"Æö÷ ¢fW'FW‚Ó#BãƒƒBãƒƒ3ƒƒ2ÓS ¢fW'FW‚Ó#Bãc#Rãƒ#S2ÓC ¢fW'FW‚Ó#BãƒƒBãƒƒ3ƒƒ2ÓC ¢VæFÆö÷ ¢VæFf6W@¢f6WBæ÷&ÖÂãcƒSƒrÓãs“3Cƒ‚ ¢÷WFW"Æö÷ ¢fW'FW‚Ó#Bãc#Rãƒ#S2ÓC ¢fW'FW‚Ó#BãƒƒBãƒƒ3ƒƒ2ÓS ¢fW'FW‚Ó#Bãc#Rãƒ#S2ÓS ¢VæFÆö÷ ¢VæFf6W@¢f6WBæ÷&ÖÂÓã3ƒ3#"Óã“#3cc ¢÷WFW"Æö÷ ¢fW'FW‚Ó#2ãcsbã#sCÓS ¢fW'FW‚Ó#2ã3sRãƒ#S2ÓC ¢fW'FW‚Ó#2ãcsbã#sCÓC ¢VæFÆö÷ ¢VæFf6W@¢f6WBæ÷&ÖÂÓã3ƒ3#"Óã“#3ccÓ ¢÷WFW"Æö÷ ¢fW'FW‚Ó#2ã3sRãƒ#S2ÓC ¢fW'FW‚Ó#2ãcsbã#sCÓS ¢fW'FW‚Ó#2ã3sRãƒ#S2ÓS ¢VæFÆö÷ ¢VæFf6W@¢f6WBæ÷&ÖÂÓ¢÷WFW"Æö÷ ¢fW'FW‚Ó#"ãs“2Óã3#3S#BÓC ¢fW'FW‚Ó#"ãs“2ã3#3S#BÓC ¢fW'FW‚Ó#"ãsRÓC ¢VæFÆö÷ ¢VæFf6W@¢f6WBæ÷&ÖÂÓ¢÷WFW"Æö÷ ¢fW'FW‚Ó#"ã“rÓãc#RÓC ¢fW'FW‚Ó#"ãs“2ã3#3S#BÓC ¢fW'FW‚Ó#"ãs“2Óã3#3S#BÓC ¢VæFÆö÷ ¢VæFf6W@¢f6WBæ÷&ÖÂÓ¢÷WFW"Æö÷ ¢fW'FW‚Ó#"ã“rÓãc#RÓC ¢fW'FW‚Ó#"ã“rãc#RÓC ¢fW'FW‚Ó#"ãs“2ã3#3S#BÓC ¢VæFÆö÷ ¢VæFf6W@¢f6WBæ÷&ÖÂÓ¢÷WFW"Æö÷ ¢fW'FW‚Ó#2ãbÓãƒƒ3ƒƒ2ÓC ¢fW'FW‚Ó#"ã“rãc#RÓC ¢fW'FW‚Ó#"ã“rÓãc#RÓC ¢VæFÆö÷ ¢VæFf6W@¢f6WBæ÷&ÖÂÓ¢÷WFW"Æö÷ ¢fW'FW‚Ó#2ãbÓãƒƒ3ƒƒ2ÓC ¢fW'FW‚Ó#2ãbãƒƒ3ƒƒ2ÓC ¢fW'FW‚Ó#"ã“rãc#RÓC ¢VæFÆö÷ ¢VæFf6W@¢f6WBæ÷&ÖÂÓ¢÷WFW"Æö÷ ¢fW'FW‚Ó#2ã3sRÓãƒ#S2ÓC ¢fW'FW‚Ó#2ãbãƒƒ3ƒƒ2ÓC ¢fW'FW‚Ó#2ãbÓãƒƒ3ƒƒ2ÓC ¢VæFÆö÷ ¢VæFf6W@¢f6WBæ÷&ÖÂÓ¢÷WFW"Æö÷ ¢fW'FW‚Ó#2ã3sRÓãƒ#S2ÓC ¢fW'FW‚Ó#2ã3sRãƒ#S2ÓC ¢fW'FW‚Ó#2ãbãƒƒ3ƒƒ2ÓC ¢VæFÆö÷ ¢VæFf6W@¢f6WBæ÷&ÖÂÓ¢÷WFW"Æö÷ ¢fW'FW‚Ó#2ãcsbÓã#sCÓC ¢fW'FW‚Ó#2ã3sRãƒ#S2ÓC ¢fW'FW‚Ó#2ã3sRÓãƒ#S2ÓC ¢VæFÆö÷ ¢VæFf6W@¢f6WBæ÷&ÖÂÓ¢÷WFW"Æö÷ ¢fW'FW‚Ó#2ãcsbÓã#sCÓC ¢fW'FW‚Ó#2ãcsbã#sCÓC ¢fW'FW‚Ó#2ã3sRãƒ#S2ÓC ¢VæFÆö÷ ¢VæFf6W@¢f6WBæ÷&ÖÂÓ¢÷WFW"Æö÷ ¢fW'FW‚Ó#BÓã#RÓC ¢fW'FW‚Ó#2ãcsbã#sCÓC ¢fW'FW‚Ó#2ãcsbÓã#sCÓC ¢VæFÆö÷ ¢VæFf6W@¢f6WBæ÷&ÖÂÓ¢÷WFW"Æö÷ ¢fW'FW‚Ó#BÓã#RÓC ¢fW'FW‚Ó#Bã#RÓC ¢fW'FW‚Ó#2ãcsbã#sCÓC ¢VæFÆö÷ ¢VæFf6W@¢f6WBæ÷&ÖÂÓ¢÷WFW"Æö÷ ¢fW'FW‚Ó#Bã3#BÓã#sCÓC ¢fW'FW‚Ó#Bã#RÓC ¢fW'FW‚Ó#BÓã#RÓC ¢VæFÆö÷ ¢VæFf6W@¢f6WBæ÷&ÖÂÓ¢÷WFW"Æö÷ ¢fW'FW‚Ó#Bã3#BÓã#sCÓC ¢fW'FW‚Ó#Bã3#Bã#sCÓC ¢fW'FW‚Ó#Bã#RÓC ¢VæFÆö÷ ¢VæFf6W@¢f6WBæ÷&ÖÂÓ¢÷WFW"Æö÷ ¢fW'FW‚Ó#Bãc#RÓãƒ#S2ÓC ¢fW'FW‚Ó#Bã3#Bã#sCÓC ¢fW'FW‚Ó#Bã3#BÓã#sCÓC ¢VæFÆö÷ ¢VæFf6W@¢f6WBæ÷&ÖÂÓ¢÷WFW"Æö÷ ¢fW'FW‚Ó#Bãc#RÓãƒ#S2ÓC ¢fW'FW‚Ó#Bãc#Rãƒ#S2ÓC ¢fW'FW‚Ó#Bã3#Bã#sCÓC ¢VæFÆö÷ ¢VæFf6W@¢f6WBæ÷&ÖÂÓ¢÷WFW"Æö÷ ¢fW'FW‚Ó#BãƒƒBÓãƒƒ3ƒƒ2ÓC ¢fW'FW‚Ó#Bãc#Rãƒ#S2ÓC ¢fW'FW‚Ó#Bãc#RÓãƒ#S2ÓC ¢VæFÆö÷ ¢VæFf6W@¢f6WBæ÷&ÖÂÓ¢÷WFW"Æö÷ ¢fW'FW‚Ó#BãƒƒBÓãƒƒ3ƒƒ2ÓC ¢fW'FW‚Ó#BãƒƒBãƒƒ3ƒƒ2ÓC ¢fW'FW‚Ó#Bãc#Rãƒ#S2ÓC ¢VæFÆö÷ ¢VæFf6W@¢f6WBæ÷&ÖÂÓ¢÷WFW"Æö÷ ¢fW'FW‚Ó#Rãƒ2Óãc#RÓC ¢fW'FW‚Ó#BãƒƒBãƒƒ3ƒƒ2ÓC ¢fW'FW‚Ó#BãƒƒBÓãƒƒ3ƒƒ2ÓC ¢VæFÆö÷ ¢VæFf6W@¢f6WBæ÷&ÖÂÓ¢÷WFW"Æö÷ ¢fW'FW‚Ó#Rãƒ2Óãc#RÓC ¢fW'FW‚Ó#Rãƒ2ãc#RÓC ¢fW'FW‚Ó#BãƒƒBãƒƒ3ƒƒ2ÓC ¢VæFÆö÷ ¢VæFf6W@¢f6WBæ÷&ÖÂÓ¢÷WFW"Æö÷ ¢fW'FW‚Ó#Rã#rÓã3#3S#BÓC ¢fW'FW‚Ó#Rãƒ2ãc#RÓC ¢fW'FW‚Ó#Rãƒ2Óãc#RÓC ¢VæFÆö÷ ¢VæFf6W@¢f6WBæ÷&ÖÂÓ¢÷WFW"Æö÷ ¢fW'FW‚Ó#Rã#rÓã3#3S#BÓC ¢fW'FW‚Ó#Rã#rã3#3S#BÓC ¢fW'FW‚Ó#Rãƒ2ãc#RÓC ¢VæFÆö÷ ¢VæFf6W@¢f6WBæ÷&ÖÂÓÓ¢÷WFW"Æö÷ ¢fW'FW‚Ó#Rã#rã3#3S#BÓC ¢fW'FW‚Ó#Rã#rÓã3#3S#BÓC ¢fW'FW‚Ó#Rã#RÓC ¢VæFÆö÷ ¢VæFf6W@¢f6WBæ÷&ÖÂã#ƒsC’ã““csrÓ ¢÷WFW"Æö÷ ¢fW'FW‚Óc"Ó‚ãc3rÓS ¢fW'FW‚Óc"ã3#3RÓ‚ãS“RÓC ¢fW'FW‚Óc"Ó‚ãc3rÓC ¢VæFÆö÷ ¢VæFf6W@¢f6WBæ÷&ÖÂã#ƒsC’ã““csr ¢÷WFW"Æö÷ ¢fW'FW‚Óc"ã3#3RÓ‚ãS“RÓC ¢fW'FW‚Óc"Ó‚ãc3rÓS ¢fW'FW‚Óc"ã3#3RÓ‚ãS“RÓS ¢VæFÆö÷ ¢VæFf6W@¢f6WBæ÷&ÖÂÓãs“3SSrãcƒC“b ¢÷WFW"Æö÷ ¢fW'FW‚ÓcãcÓ‚ã#sÓS ¢fW'FW‚Ócã“sRÓ‚ã"ÓC ¢fW'FW‚Ócã“sRÓ‚ã"ÓS ¢VæFÆö÷ ¢VæFf6W@¢f6WBæ÷&ÖÂÓãs“3SSrãcƒC“b ¢÷WFW"Æö÷ ¢fW'FW‚Ócã“sRÓ‚ã"ÓC ¢fW'FW‚ÓcãcÓ‚ã#sÓS ¢fW'FW‚ÓcãcÓ‚ã#sÓC ¢VæFÆö÷ ¢VæFf6W@¢f6WBæ÷&ÖÂÓã#ƒsC’ã““csr ¢÷WFW"Æö÷ ¢fW'FW‚ÓcãcscRÓ‚ãS“RÓS ¢fW'FW‚Óc"Ó‚ãc3rÓC ¢fW'FW‚ÓcãcscRÓ‚ãS“RÓC ¢VæFÆö÷ ¢VæFf6W@¢f6WBæ÷&ÖÂÓã#ƒsC’ã““csr ¢÷WFW"Æö÷ ¢fW'FW‚Óc"Ó‚ãc3rÓC ¢fW'FW‚ÓcãcscRÓ‚ãS“RÓS ¢fW'FW‚Óc"Ó‚ãc3rÓS ¢VæFÆö÷ ¢VæFf6W@¢f6WBæ÷&ÖÂÓãc“CRãs“#ƒS" ¢÷WFW"Æö÷ ¢fW'FW‚ÓcãcÓ‚ã#sÓS ¢fW'FW‚Ócã3sRÓ‚ãCrÓC ¢fW'FW‚ÓcãcÓ‚ã#sÓC ¢VæFÆö÷ ¢VæFf6W@¢f6WBæ÷&ÖÂÓãc“CRãs“#ƒS" ¢÷WFW"Æö÷ ¢fW'FW‚Ócã3sRÓ‚ãCrÓC ¢fW'FW‚ÓcãcÓ‚ã#sÓS ¢fW'FW‚Ócã3sRÓ‚ãCrÓS ¢VæFÆö÷ ¢VæFf6W@¢f6WBæ÷&ÖÂã3ƒ#“ƒ2ã“#3sSRÓ ¢÷WFW"Æö÷ ¢fW'FW‚Óc"ã3#3RÓ‚ãS“RÓS ¢fW'FW‚Óc"ãc#RÓ‚ãCrÓC ¢fW'FW‚Óc"ã3#3RÓ‚ãS“RÓC ¢VæFÆö÷ ¢VæFf6W@¢f6WBæ÷&ÖÂã3ƒ#“ƒ2ã“#3sSR ¢÷WFW"Æö÷ ¢fW'FW‚Óc"ãc#RÓ‚ãCrÓC ¢fW'FW‚Óc"ã3#3RÓ‚ãS“RÓS ¢fW'FW‚Óc"ãc#RÓ‚ãCrÓS ¢VæFÆö÷ ¢VæFf6W@¢f6WBæ÷&ÖÂÓ¢÷WFW"Æö÷ ¢fW'FW‚Ócãs“#bÓrãsÓC ¢fW'FW‚Ócãs“#bÓrãcBÓC ¢fW'FW‚ÓcãsRÓrã3ƒrÓC ¢VæFÆö÷ ¢VæFf6W@¢f6WBæ÷&ÖÂÓ¢÷WFW"Æö÷ ¢fW'FW‚Ócã“sRÓ‚ã"ÓC ¢fW'FW‚Ócãs“#bÓrãcBÓC ¢fW'FW‚Ócãs“#bÓrãsÓC ¢VæFÆö÷ ¢VæFf6W@¢f6WBæ÷&ÖÂÓ¢÷WFW"Æö÷ ¢fW'FW‚Ócã“sRÓ‚ã"ÓC ¢fW'FW‚Ócã“sRÓbãsc"ÓC ¢fW'FW‚Ócãs“#bÓrãcBÓC ¢VæFÆö÷ ¢VæFf6W@¢f6WBæ÷&ÖÂÓ¢÷WFW"Æö÷ ¢fW'FW‚ÓcãcÓ‚ã#sÓC ¢fW'FW‚Ócã“sRÓbãsc"ÓC ¢fW'FW‚Ócã“sRÓ‚ã"ÓC ¢VæFÆö÷ ¢VæFf6W@¢f6WBæ÷&ÖÂÓ¢÷WFW"Æö÷ ¢fW'FW‚ÓcãcÓ‚ã#sÓC ¢fW'FW‚ÓcãcÓbãS2ÓC ¢fW'FW‚Ócã“sRÓbãsc"ÓC ¢VæFÆö÷ ¢VæFf6W@¢f6WBæ÷&ÖÂÓ¢÷WFW"Æö÷ ¢fW'FW‚Ócã3sRÓ‚ãCrÓC ¢fW'FW‚ÓcãcÓbãS2ÓC ¢fW'FW‚ÓcãcÓ‚ã#sÓC ¢VæFÆö÷ ¢VæFf6W@¢f6WBæ÷&ÖÂÓ¢÷WFW"Æö÷ ¢fW'FW‚Ócã3sRÓ‚ãCrÓC ¢fW'FW‚Ócã3sRÓbã3RÓC ¢fW'FW‚ÓcãcÓbãS2ÓC ¢VæFÆö÷ ¢VæFf6W@¢f6WBæ÷&ÖÂÓ¢÷WFW"Æö÷ ¢fW'FW‚ÓcãcscRÓ‚ãS“RÓC ¢fW'FW‚Ócã3sRÓbã3RÓC ¢fW'FW‚Ócã3sRÓ‚ãCrÓC ¢VæFÆö÷ ¢VæFf6W@¢f6WBæ÷&ÖÂÓ¢÷WFW"Æö÷ ¢fW'FW‚ÓcãcscRÓ‚ãS“RÓC ¢fW'FW‚ÓcãcscRÓbã‚ÓC ¢fW'FW‚Ócã3sRÓbã3RÓC ¢VæFÆö÷ ¢VæFf6W@¢f6WBæ÷&ÖÂÓ¢÷WFW"Æö÷ ¢fW'FW‚Óc"Ó‚ãc3rÓC ¢fW'FW‚ÓcãcscRÓbã‚ÓC ¢fW'FW‚ÓcãcscRÓ‚ãS“RÓC ¢VæFÆö÷ ¢VæFf6W@¢f6WBæ÷&ÖÂÓ¢÷WFW"Æö÷ ¢fW'FW‚Óc"Ó‚ãc3rÓC ¢fW'FW‚Óc"Óbã3rÓC ¢fW'FW‚ÓcãcscRÓbã‚ÓC ¢VæFÆö÷ ¢VæFf6W@¢f6WBæ÷&ÖÂÓ¢÷WFW"Æö÷ ¢fW'FW‚Óc"ã3#3RÓ‚ãS“RÓC ¢fW'FW‚Óc"Óbã3rÓC ¢fW'FW‚Óc"Ó‚ãc3rÓC ¢VæFÆö÷ ¢VæFf6W@¢f6WBæ÷&ÖÂÓ¢÷WFW"Æö÷ ¢fW'FW‚Óc"ã3#3RÓ‚ãS“RÓC ¢fW'FW‚Óc"ã3#3RÓbã‚ÓC ¢fW'FW‚Óc"Óbã3rÓC ¢VæFÆö÷ ¢VæFf6W@¢f6WBæ÷&ÖÂÓ¢÷WFW"Æö÷ ¢fW'FW‚Óc"ãc#RÓ‚ãCrÓC ¢fW'FW‚Óc"ã3#3RÓbã‚ÓC ¢fW'FW‚Óc"ã3#3RÓ‚ãS“RÓC ¢VæFÆö÷ ¢VæFf6W@¢f6WBæ÷&ÖÂÓ¢÷WFW"Æö÷ ¢fW'FW‚Óc"ãc#RÓ‚ãCrÓC ¢fW'FW‚Óc"ãc#RÓbã3RÓC ¢fW'FW‚Óc"ã3#3RÓbã‚ÓC ¢VæFÆö÷ ¢VæFf6W@¢f6WBæ÷&ÖÂÓ¢÷WFW"Æö÷ ¢fW'FW‚Óc"ãƒƒ3’Ó‚ã#sÓC ¢fW'FW‚Óc"ãc#RÓbã3RÓC ¢fW'FW‚Óc"ãc#RÓ‚ãCrÓC ¢VæFÆö÷ ¢VæFf6W@¢f6WBæ÷&ÖÂÓ¢÷WFW"Æö÷ ¢fW'FW‚Óc"ãƒƒ3’Ó‚ã#sÓC ¢fW'FW‚Óc"ãƒƒ3’ÓbãS2ÓC ¢fW'FW‚Óc"ãc#RÓbã3RÓC ¢VæFÆö÷ ¢VæFf6W@¢f6WBæ÷&ÖÂÓ¢÷WFW"Æö÷ ¢fW'FW‚Óc2ãƒ#RÓ‚ã"ÓC ¢fW'FW‚Óc"ãƒƒ3’ÓbãS2ÓC ¢fW'FW‚Óc"ãƒƒ3’Ó‚ã#sÓC ¢VæFÆö÷ ¢VæFf6W@¢f6WBæ÷&ÖÂÓ¢÷WFW"Æö÷ ¢fW'FW‚Óc2ãƒ#RÓ‚ã"ÓC ¢fW'FW‚Óc2ãƒ#RÓbãsc"ÓC ¢fW'FW‚Óc"ãƒƒ3’ÓbãS2ÓC ¢VæFÆö÷ ¢VæFf6W@¢f6WBæ÷&ÖÂÓ¢÷WFW"Æö÷ ¢fW'FW‚Óc2ã#sBÓrãsÓC ¢fW'FW‚Óc2ãƒ#RÓbãsc"ÓC ¢fW'FW‚Óc2ãƒ#RÓ‚ã"ÓC ¢VæFÆö÷ ¢VæFf6W@¢f6WBæ÷&ÖÂÓ¢÷WFW"Æö÷ ¢fW'FW‚Óc2ã#sBÓrãsÓC ¢fW'FW‚Óc2ã#sBÓrãcBÓC ¢fW'FW‚Óc2ãƒ#RÓbãsc"ÓC ¢VæFÆö÷ ¢VæFf6W@¢f6WBæ÷&ÖÂÓÓ¢÷WFW"Æö÷ ¢fW'FW‚Óc2ã#sBÓrãcBÓC ¢fW'FW‚Óc2ã#sBÓrãsÓC ¢fW'FW‚Óc2ã#RÓrã3ƒrÓC ¢VæFÆö÷ ¢VæFf6W@¢f6WBæ÷&ÖÂãc“CRãs“#ƒS"Ó ¢÷WFW"Æö÷ ¢fW'FW‚Óc"ãc#RÓ‚ãCrÓS ¢fW'FW‚Óc"ãƒƒ3’Ó‚ã#sÓC ¢fW'FW‚Óc"ãc#RÓ‚ãCrÓC ¢VæFÆö÷ ¢VæFf6W@¢f6WBæ÷&ÖÂãc“CRãs“#ƒS" ¢÷WFW"Æö÷ ¢fW'FW‚Óc"ãƒƒ3’Ó‚ã#sÓC ¢fW'FW‚Óc"ãc#RÓ‚ãCrÓS ¢fW'FW‚Óc"ãƒƒ3’Ó‚ã#sÓS ¢VæFÆö÷ ¢VæFf6W@¢f6WBæ÷&ÖÂãs“3SSrãcƒC“b ¢÷WFW"Æö÷ ¢fW'FW‚Óc"ãƒƒ3’Ó‚ã#sÓC ¢fW'FW‚Óc2ãƒ#RÓ‚ã"ÓS ¢fW'FW‚Óc2ãƒ#RÓ‚ã"ÓC ¢VæFÆö÷ ¢VæFf6W@¢f6WBæ÷&ÖÂãs“3SSrãcƒC“b ¢÷WFW"Æö÷ ¢fW'FW‚Óc2ãƒ#RÓ‚ã"ÓS ¢fW'FW‚Óc"ãƒƒ3’Ó‚ã#sÓC ¢fW'FW‚Óc"ãƒƒ3’Ó‚ã#sÓS ¢VæFÆö÷ ¢VæFf6W@¢f6WBæ÷&ÖÂÓã3ƒ#“ƒ2ã“#3sSR ¢÷WFW"Æö÷ ¢fW'FW‚Ócã3sRÓ‚ãCrÓS ¢fW'FW‚ÓcãcscRÓ‚ãS“RÓC ¢fW'FW‚Ócã3sRÓ‚ãCrÓC ¢VæFÆö÷ ¢VæFf6W@¢f6WBæ÷&ÖÂÓã3ƒ#“ƒ2ã“#3sSR ¢÷WFW"Æö÷ ¢fW'FW‚ÓcãcscRÓ‚ãS“RÓC ¢fW'FW‚Ócã3sRÓ‚ãCrÓS ¢fW'FW‚ÓcãcscRÓ‚ãS“RÓS ¢VæFÆö÷ ¢VæFf6W@¢f6WBæ÷&ÖÂã““CRÓã3sSb ¢÷WFW"Æö÷ ¢fW'FW‚Óc2ã#RÓrã3ƒrÓC ¢fW'FW‚Óc2ã#sBÓrãcBÓS ¢fW'FW‚Óc2ã#sBÓrãcBÓC ¢VæFÆö÷ ¢VæFf6W@¢f6WBæ÷&ÖÂã““CRÓã3sSb ¢÷WFW"Æö÷ ¢fW'FW‚Óc2ã#sBÓrãcBÓS ¢fW'FW‚Óc2ã#RÓrã3ƒrÓC ¢fW'FW‚Óc2ã#RÓrã3ƒrÓS ¢VæFÆö÷ ¢VæFf6W@¢f6WBæ÷&ÖÂã3ƒ#“ƒ2Óã“#3sSR ¢÷WFW"Æö÷ ¢fW'FW‚Óc"ãc#RÓbã3RÓS ¢fW'FW‚Óc"ã3#3RÓbã‚ÓC ¢fW'FW‚Óc"ãc#RÓbã3RÓC ¢VæFÆö÷ ¢VæFf6W@¢f6WBæ÷&ÖÂã3ƒ#“ƒ2Óã“#3sSR ¢÷WFW"Æö÷ ¢fW'FW‚Óc"ã3#3RÓbã‚ÓC ¢fW'FW‚Óc"ãc#RÓbã3RÓS ¢fW'FW‚Óc"ã3#3RÓbã‚ÓS ¢VæFÆö÷ ¢VæFf6W@¢f6WBæ÷&ÖÂÓã“#3c3’ã3ƒ3#cB ¢÷WFW"Æö÷ ¢fW'FW‚Ócã“sRÓ‚ã"ÓS ¢fW'FW‚Ócãs“#bÓrãsÓC ¢fW'FW‚Ócãs“#bÓrãsÓS ¢VæFÆö÷ ¢VæFf6W@¢f6WBæ÷&ÖÂÓã“#3c3’ã3ƒ3#cB ¢÷WFW"Æö÷ ¢fW'FW‚Ócãs“#bÓrãsÓC ¢fW'FW‚Ócã“sRÓ‚ã"ÓS ¢fW'FW‚Ócã“sRÓ‚ã"ÓC ¢VæFÆö÷ ¢VæFf6W@¢f6WBæ÷&ÖÂã“#Cƒ‚Óã3ƒ#ƒ ¢÷WFW"Æö÷ ¢fW'FW‚Óc2ã#sBÓrãcBÓC ¢fW'FW‚Óc2ãƒ#RÓbãsc"ÓS ¢fW'FW‚Óc2ãƒ#RÓbãsc"ÓC ¢VæFÆö÷ ¢VæFf6W@¢f6WBæ÷&ÖÂã“#Cƒ‚Óã3ƒ#ƒ ¢÷WFW"Æö÷ ¢fW'FW‚Óc2ãƒ#RÓbãsc"ÓS ¢fW'FW‚Óc2ã#sBÓrãcBÓC ¢fW'FW‚Óc2ã#sBÓrãcBÓS ¢VæFÆö÷ ¢VæFf6W@¢f6WBæ÷&ÖÂãcsCƒBÓãs“C33" ¢÷WFW"Æö÷ ¢fW'FW‚Óc"ãƒƒ3’ÓbãS2ÓS ¢fW'FW‚Óc"ãc#RÓbã3RÓC ¢fW'FW‚Óc"ãƒƒ3’ÓbãS2ÓC ¢VæFÆö÷ ¢VæFf6W@¢f6WBæ÷&ÖÂãcsCƒBÓãs“C33" ¢÷WFW"Æö÷ ¢fW'FW‚Óc"ãc#RÓbã3RÓC ¢fW'FW‚Óc"ãƒƒ3’ÓbãS2ÓS ¢fW'FW‚Óc"ãc#RÓbã3RÓS ¢VæFÆö÷ ¢VæFf6W@¢f6WBæ÷&ÖÂÓã“#Cƒ‚Óã3ƒ#ƒ ¢÷WFW"Æö÷ ¢fW'FW‚Ócãs“#bÓrãcBÓS ¢fW'FW‚Ócã“sRÓbãsc"ÓC ¢fW'FW‚Ócã“sRÓbãsc"ÓS ¢VæFÆö÷ ¢VæFf6W@¢f6WBæ÷&ÖÂÓã“#Cƒ‚Óã3ƒ#ƒ ¢÷WFW"Æö÷ ¢fW'FW‚Ócã“sRÓbãsc"ÓC ¢fW'FW‚Ócãs“#bÓrãcBÓS ¢fW'FW‚Ócãs“#bÓrãcBÓC ¢VæFÆö÷ ¢VæFf6W@¢f6WBæ÷&ÖÂã“#3c3’ã3ƒ3#cB ¢÷WFW"Æö÷ ¢fW'FW‚Óc2ãƒ#RÓ‚ã"ÓC ¢fW'FW‚Óc2ã#sBÓrãsÓS ¢fW'FW‚Óc2ã#sBÓrãsÓC ¢VæFÆö÷ ¢VæFf6W@¢f6WBæ÷&ÖÂã“#3c3’ã3ƒ3#cB ¢÷WFW"Æö÷ ¢fW'FW‚Óc2ã#sBÓrãsÓS ¢fW'FW‚Óc2ãƒ#RÓ‚ã"ÓC ¢fW'FW‚Óc2ãƒ#RÓ‚ã"ÓS ¢VæFÆö÷ ¢VæFf6W@¢f6WBæ÷&ÖÂÓãs“3SSrÓãcƒC“b ¢÷WFW"Æö÷ ¢fW'FW‚Ócã“sRÓbãsc"ÓS ¢fW'FW‚ÓcãcÓbãS2ÓC ¢fW'FW‚ÓcãcÓbãS2ÓS ¢VæFÆö÷ ¢VæFf6W@¢f6WBæ÷&ÖÂÓãs“3SSrÓãcƒC“b ¢÷WFW"Æö÷ ¢fW'FW‚ÓcãcÓbãS2ÓC ¢fW'FW‚Ócã“sRÓbãsc"ÓS ¢fW'FW‚Ócã“sRÓbãsc"ÓC ¢VæFÆö÷ ¢VæFf6W@¢f6WBæ÷&ÖÂÓã““Ccrã33b ¢÷WFW"Æö÷ ¢fW'FW‚Ócãs“#bÓrãsÓS ¢fW'FW‚ÓcãsRÓrã3ƒrÓC ¢fW'FW‚ÓcãsRÓrã3ƒrÓS ¢VæFÆö÷ ¢VæFf6W@¢f6WBæ÷&ÖÂÓã““Ccrã33b ¢÷WFW"Æö÷ ¢fW'FW‚ÓcãsRÓrã3ƒrÓC ¢fW'FW‚Ócãs“#bÓrãsÓS ¢fW'FW‚Ócãs“#bÓrãsÓC ¢VæFÆö÷ ¢VæFf6W@¢f6WBæ÷&ÖÂãs“3SSrÓãcƒC“b ¢÷WFW"Æö÷ ¢fW'FW‚Óc2ãƒ#RÓbãsc"ÓC ¢fW'FW‚Óc"ãƒƒ3’ÓbãS2ÓS ¢fW'FW‚Óc"ãƒƒ3’ÓbãS2ÓC ¢VæFÆö÷ ¢VæFf6W@¢f6WBæ÷&ÖÂãs“3SSrÓãcƒC“b ¢÷WFW"Æö÷ ¢fW'FW‚Óc"ãƒƒ3’ÓbãS2ÓS ¢fW'FW‚Óc2ãƒ#RÓbãsc"ÓC ¢fW'FW‚Óc2ãƒ#RÓbãsc"ÓS ¢VæFÆö÷ ¢VæFf6W@¢f6WBæ÷&ÖÂã““Ccrã33b ¢÷WFW"Æö÷ ¢fW'FW‚Óc2ã#sBÓrãsÓC ¢fW'FW‚Óc2ã#RÓrã3ƒrÓS ¢fW'FW‚Óc2ã#RÓrã3ƒrÓC ¢VæFÆö÷ ¢VæFf6W@¢f6WBæ÷&ÖÂã““Ccrã33b ¢÷WFW"Æö÷ ¢fW'FW‚Óc2ã#RÓrã3ƒrÓS ¢fW'FW‚Óc2ã#sBÓrãsÓC ¢fW'FW‚Óc2ã#sBÓrãsÓS ¢VæFÆö÷ ¢VæFf6W@¢f6WBæ÷&ÖÂÓã3sc"Óã““#ƒ ¢÷WFW"Æö÷ ¢fW'FW‚Óc"Óbã3rÓS ¢fW'FW‚ÓcãcscRÓbã‚ÓC ¢fW'FW‚Óc"Óbã3rÓC ¢VæFÆö÷ ¢VæFf6W@¢f6WBæ÷&ÖÂÓã3sc"Óã““#ƒÓ ¢÷WFW"Æö÷ ¢fW'FW‚ÓcãcscRÓbã‚ÓC ¢fW'FW‚Óc"Óbã3rÓS ¢fW'FW‚ÓcãcscRÓbã‚ÓS ¢VæFÆö÷ ¢VæFf6W@¢f6WBæ÷&ÖÂÓã““CRÓã3sSb ¢÷WFW"Æö÷ ¢fW'FW‚ÓcãsRÓrã3ƒrÓS ¢fW'FW‚Ócãs“#bÓrãcBÓC ¢fW'FW‚Ócãs“#bÓrãcBÓS ¢VæFÆö÷ ¢VæFf6W@¢f6WBæ÷&ÖÂÓã““CRÓã3sSb ¢÷WFW"Æö÷ ¢fW'FW‚Ócãs“#bÓrãcBÓC ¢fW'FW‚ÓcãsRÓrã3ƒrÓS ¢fW'FW‚ÓcãsRÓrã3ƒrÓC ¢VæFÆö÷ ¢VæFf6W@¢f6WBæ÷&ÖÂã3sc"Óã““#ƒ ¢÷WFW"Æö÷ ¢fW'FW‚Óc"ã3#3RÓbã‚ÓS ¢fW'FW‚Óc"Óbã3rÓC ¢fW'FW‚Óc"ã3#3RÓbã‚ÓC ¢VæFÆö÷ ¢VæFf6W@¢f6WBæ÷&ÖÂã3sc"Óã““#ƒ ¢÷WFW"Æö÷ ¢fW'FW‚Óc"Óbã3rÓC ¢fW'FW‚Óc"ã3#3RÓbã‚ÓS ¢fW'FW‚Óc"Óbã3rÓS ¢VæFÆö÷ ¢VæFf6W@¢f6WBæ÷&ÖÂÓãcsCƒBÓãs“C33" ¢÷WFW"Æö÷ ¢fW'FW‚Ócã3sRÓbã3RÓS ¢fW'FW‚ÓcãcÓbãS2ÓC ¢fW'FW‚Ócã3sRÓbã3RÓC ¢VæFÆö÷ ¢VæFf6W@¢f6WBæ÷&ÖÂÓãcsCƒBÓãs“C33"Ó ¢÷WFW"Æö÷ ¢fW'FW‚ÓcãcÓbãS2ÓC ¢fW'FW‚Ócã3sRÓbã3RÓS ¢fW'FW‚ÓcãcÓbãS2ÓS ¢VæFÆö÷ ¢VæFf6W@¢f6WBæ÷&ÖÂÓã3ƒ#“ƒ2Óã“#3sSR ¢÷WFW"Æö÷ ¢fW'FW‚ÓcãcscRÓbã‚ÓS ¢fW'FW‚Ócã3sRÓbã3RÓC ¢fW'FW‚ÓcãcscRÓbã‚ÓC ¢VæFÆö÷ ¢VæFf6W@¢f6WBæ÷&ÖÂÓã3ƒ#“ƒ2Óã“#3sSRÓ ¢÷WFW"Æö÷ ¢fW'FW‚Ócã3sRÓbã3RÓC ¢fW'FW‚ÓcãcscRÓbã‚ÓS ¢fW'FW‚Ócã3sRÓbã3RÓS ¢VæFÆö÷ ¢VæFf6W@¢f6WBæ÷&ÖÂÓã“#3c3’ã3ƒ3#cB ¢÷WFW"Æö÷ ¢fW'FW‚c2ãƒ#RÓ‚ã"ÓS ¢fW'FW‚c2ã#sBÓrãsÓC ¢fW'FW‚c2ã#sBÓrãsÓS ¢VæFÆö÷ ¢VæFf6W@¢f6WBæ÷&ÖÂÓã“#3c3’ã3ƒ3#cB ¢÷WFW"Æö÷ ¢fW'FW‚c2ã#sBÓrãsÓC ¢fW'FW‚c2ãƒ#RÓ‚ã"ÓS ¢fW'FW‚c2ãƒ#RÓ‚ã"ÓC ¢VæFÆö÷ ¢VæFf6W@¢f6WBæ÷&ÖÂãc“CRãs“#ƒS"Ó ¢÷WFW"Æö÷ ¢fW'FW‚cã3sRÓ‚ãCrÓS ¢fW'FW‚cãcÓ‚ã#sÓC ¢fW'FW‚cã3sRÓ‚ãCrÓC ¢VæFÆö÷ ¢VæFf6W@¢f6WBæ÷&ÖÂãc“CRãs“#ƒS" ¢÷WFW"Æö÷ ¢fW'FW‚cãcÓ‚ã#sÓC ¢fW'FW‚cã3sRÓ‚ãCrÓS ¢fW'FW‚cãcÓ‚ã#sÓS ¢VæFÆö÷ ¢VæFf6W@¢f6WBæ÷&ÖÂÓãc“CRãs“#ƒS" ¢÷WFW"Æö÷ ¢fW'FW‚c"ãƒƒ3’Ó‚ã#sÓS ¢fW'FW‚c"ãc#RÓ‚ãCrÓC ¢fW'FW‚c"ãƒƒ3’Ó‚ã#sÓC ¢VæFÆö÷ ¢VæFf6W@¢f6WBæ÷&ÖÂÓãc“CRãs“#ƒS" ¢÷WFW"Æö÷ ¢fW'FW‚c"ãc#RÓ‚ãCrÓC ¢fW'FW‚c"ãƒƒ3’Ó‚ã#sÓS ¢fW'FW‚c"ãc#RÓ‚ãCrÓS ¢VæFÆö÷ ¢VæFf6W@¢f6WBæ÷&ÖÂã3ƒ#“ƒ2ã“#3sSRÓ ¢÷WFW"Æö÷ ¢fW'FW‚cãcscRÓ‚ãS“RÓS ¢fW'FW‚cã3sRÓ‚ãCrÓC ¢fW'FW‚cãcscRÓ‚ãS“RÓC ¢VæFÆö÷ ¢VæFf6W@¢f6WBæ÷&ÖÂã3ƒ#“ƒ2ã“#3sSR ¢÷WFW"Æö÷ ¢fW'FW‚cã3sRÓ‚ãCrÓC ¢fW'FW‚cãcscRÓ‚ãS“RÓS ¢fW'FW‚cã3sRÓ‚ãCrÓS ¢VæFÆö÷ ¢VæFf6W@¢f6WBæ÷&ÖÂÓãs“3SSrãcƒC“b ¢÷WFW"Æö÷ ¢fW'FW‚c"ãƒƒ3’Ó‚ã#sÓS ¢fW'FW‚c2ãƒ#RÓ‚ã"ÓC ¢fW'FW‚c2ãƒ#RÓ‚ã"ÓS ¢VæFÆö÷ ¢VæFf6W@¢f6WBæ÷&ÖÂÓãs“3SSrãcƒC“b ¢÷WFW"Æö÷ ¢fW'FW‚c2ãƒ#RÓ‚ã"ÓC ¢fW'FW‚c"ãƒƒ3’Ó‚ã#sÓS ¢fW'FW‚c"ãƒƒ3’Ó‚ã#sÓC ¢VæFÆö÷ ¢VæFf6W@¢f6WBæ÷&ÖÂã““Ccrã33b ¢÷WFW"Æö÷ ¢fW'FW‚cãs“#bÓrãsÓC ¢fW'FW‚cãsRÓrã3ƒrÓS ¢fW'FW‚cãsRÓrã3ƒrÓC ¢VæFÆö÷ ¢VæFf6W@¢f6WBæ÷&ÖÂã““Ccrã33b ¢÷WFW"Æö÷ ¢fW'FW‚cãsRÓrã3ƒrÓS ¢fW'FW‚cãs“#bÓrãsÓC ¢fW'FW‚cãs“#bÓrãsÓS ¢VæFÆö÷ ¢VæFf6W@¢f6WBæ÷&ÖÂã#ƒsC’ã““csrÓ ¢÷WFW"Æö÷ ¢fW'FW‚c"Ó‚ãc3rÓS ¢fW'FW‚cãcscRÓ‚ãS“RÓC ¢fW'FW‚c"Ó‚ãc3rÓC ¢VæFÆö÷ ¢VæFf6W@¢f6WBæ÷&ÖÂã#ƒsC’ã““csr ¢÷WFW"Æö÷ ¢fW'FW‚cãcscRÓ‚ãS“RÓC ¢fW'FW‚c"Ó‚ãc3rÓS ¢fW'FW‚cãcscRÓ‚ãS“RÓS ¢VæFÆö÷ ¢VæFf6W@¢f6WBæ÷&ÖÂÓã““Ccrã33b ¢÷WFW"Æö÷ ¢fW'FW‚c2ã#sBÓrãsÓS ¢fW'FW‚c2ã#RÓrã3ƒrÓC ¢fW'FW‚c2ã#RÓrã3ƒrÓS ¢VæFÆö÷ ¢VæFf6W@¢f6WBæ÷&ÖÂÓã““Ccrã33b ¢÷WFW"Æö÷ ¢fW'FW‚c2ã#RÓrã3ƒrÓC ¢fW'FW‚c2ã#sBÓrãsÓS ¢fW'FW‚c2ã#sBÓrãsÓC ¢VæFÆö÷ ¢VæFf6W@¢f6WBæ÷&ÖÂÓ¢÷WFW"Æö÷ ¢fW'FW‚c2ã#sBÓrãsÓC ¢fW'FW‚c2ã#sBÓrãcBÓC ¢fW'FW‚c2ã#RÓrã3ƒrÓC ¢VæFÆö÷ ¢VæFf6W@¢f6WBæ÷&ÖÂÓ¢÷WFW"Æö÷ ¢fW'FW‚c2ãƒ#RÓ‚ã"ÓC ¢fW'FW‚c2ã#sBÓrãcBÓC ¢fW'FW‚c2ã#sBÓrãsÓC ¢VæFÆö÷ ¢VæFf6W@¢f6WBæ÷&ÖÂÓ¢÷WFW"Æö÷ ¢fW'FW‚c2ãƒ#RÓ‚ã"ÓC ¢fW'FW‚c2ãƒ#RÓbãsc"ÓC ¢fW'FW‚c2ã#sBÓrãcBÓC ¢VæFÆö÷ ¢VæFf6W@¢f6WBæ÷&ÖÂÓ¢÷WFW"Æö÷ ¢fW'FW‚c"ãƒƒ3’Ó‚ã#sÓC ¢fW'FW‚c2ãƒ#RÓbãsc"ÓC ¢fW'FW‚c2ãƒ#RÓ‚ã"ÓC ¢VæFÆö÷ ¢VæFf6W@¢f6WBæ÷&ÖÂÓ¢÷WFW"Æö÷ ¢fW'FW‚c"ãƒƒ3’Ó‚ã#sÓC ¢fW'FW‚c"ãƒƒ3’ÓbãS2ÓC ¢fW'FW‚c2ãƒ#RÓbãsc"ÓC ¢VæFÆö÷ ¢VæFf6W@¢f6WBæ÷&ÖÂÓ¢÷WFW"Æö÷ ¢fW'FW‚c"ãc#RÓ‚ãCrÓC ¢fW'FW‚c"ãƒƒ3’ÓbãS2ÓC ¢fW'FW‚c"ãƒƒ3’Ó‚ã#sÓC ¢VæFÆö÷ ¢VæFf6W@¢f6WBæ÷&ÖÂÓ¢÷WFW"Æö÷ ¢fW'FW‚c"ãc#RÓ‚ãCrÓC ¢fW'FW‚c"ãc#RÓbã3RÓC ¢fW'FW‚c"ãƒƒ3’ÓbãS2ÓC ¢VæFÆö÷ ¢VæFf6W@¢f6WBæ÷&ÖÂÓ¢÷WFW"Æö÷ ¢fW'FW‚c"ã3#3RÓ‚ãS“RÓC ¢fW'FW‚c"ãc#RÓbã3RÓC ¢fW'FW‚c"ãc#RÓ‚ãCrÓC ¢VæFÆö÷ ¢VæFf6W@¢f6WBæ÷&ÖÂÓ¢÷WFW"Æö÷ ¢fW'FW‚c"ã3#3RÓ‚ãS“RÓC ¢fW'FW‚c"ã3#3RÓbã‚ÓC ¢fW'FW‚c"ãc#RÓbã3RÓC ¢VæFÆö÷ ¢VæFf6W@¢f6WBæ÷&ÖÂÓ¢÷WFW"Æö÷ ¢fW'FW‚c"Ó‚ãc3rÓC ¢fW'FW‚c"ã3#3RÓbã‚ÓC ¢fW'FW‚c"ã3#3RÓ‚ãS“RÓC ¢VæFÆö÷ ¢VæFf6W@¢f6WBæ÷&ÖÂÓ¢÷WFW"Æö÷ ¢fW'FW‚c"Ó‚ãc3rÓC ¢fW'FW‚c"Óbã3rÓC ¢fW'FW‚c"ã3#3RÓbã‚ÓC ¢VæFÆö÷ ¢VæFf6W@¢f6WBæ÷&ÖÂÓ¢÷WFW"Æö÷ ¢fW'FW‚cãcscRÓ‚ãS“RÓC ¢fW'FW‚c"Óbã3rÓC ¢fW'FW‚c"Ó‚ãc3rÓC ¢VæFÆö÷ ¢VæFf6W@¢f6WBæ÷&ÖÂÓ¢÷WFW"Æö÷ ¢fW'FW‚cãcscRÓ‚ãS“RÓC ¢fW'FW‚cãcscRÓbã‚ÓC ¢fW'FW‚c"Óbã3rÓC ¢VæFÆö÷ ¢VæFf6W@¢f6WBæ÷&ÖÂÓ¢÷WFW"Æö÷ ¢fW'FW‚cã3sRÓ‚ãCrÓC ¢fW'FW‚cãcscRÓbã‚ÓC ¢fW'FW‚cãcscRÓ‚ãS“RÓC ¢VæFÆö÷ ¢VæFf6W@¢f6WBæ÷&ÖÂÓ¢÷WFW"Æö÷ ¢fW'FW‚cã3sRÓ‚ãCrÓC ¢fW'FW‚cã3sRÓbã3RÓC ¢fW'FW‚cãcscRÓbã‚ÓC ¢VæFÆö÷ ¢VæFf6W@¢f6WBæ÷&ÖÂÓ¢÷WFW"Æö÷ ¢fW'FW‚cãcÓ‚ã#sÓC ¢fW'FW‚cã3sRÓbã3RÓC ¢fW'FW‚cã3sRÓ‚ãCrÓC ¢VæFÆö÷ ¢VæFf6W@¢f6WBæ÷&ÖÂÓ¢÷WFW"Æö÷ ¢fW'FW‚cãcÓ‚ã#sÓC ¢fW'FW‚cãcÓbãS2ÓC ¢fW'FW‚cã3sRÓbã3RÓC ¢VæFÆö÷ ¢VæFf6W@¢f6WBæ÷&ÖÂÓ¢÷WFW"Æö÷ ¢fW'FW‚cã“sRÓ‚ã"ÓC ¢fW'FW‚cãcÓbãS2ÓC ¢fW'FW‚cãcÓ‚ã#sÓC ¢VæFÆö÷ ¢VæFf6W@¢f6WBæ÷&ÖÂÓ¢÷WFW"Æö÷ ¢fW'FW‚cã“sRÓ‚ã"ÓC ¢fW'FW‚cã“sRÓbãsc"ÓC ¢fW'FW‚cãcÓbãS2ÓC ¢VæFÆö÷ ¢VæFf6W@¢f6WBæ÷&ÖÂÓ¢÷WFW"Æö÷ ¢fW'FW‚cãs“#bÓrãsÓC ¢fW'FW‚cã“sRÓbãsc"ÓC ¢fW'FW‚cã“sRÓ‚ã"ÓC ¢VæFÆö÷ ¢VæFf6W@¢f6WBæ÷&ÖÂÓ¢÷WFW"Æö÷ ¢fW'FW‚cãs“#bÓrãsÓC ¢fW'FW‚cãs“#bÓrãcBÓC ¢fW'FW‚cã“sRÓbãsc"ÓC ¢VæFÆö÷ ¢VæFf6W@¢f6WBæ÷&ÖÂÓÓ¢÷WFW"Æö÷ ¢fW'FW‚cãs“#bÓrãcBÓC ¢fW'FW‚cãs“#bÓrãsÓC ¢fW'FW‚cãsRÓrã3ƒrÓC ¢VæFÆö÷ ¢VæFf6W@¢f6WBæ÷&ÖÂÓãcsCƒBÓãs“C33" ¢÷WFW"Æö÷ ¢fW'FW‚c"ãc#RÓbã3RÓS ¢fW'FW‚c"ãƒƒ3’ÓbãS2ÓC ¢fW'FW‚c"ãc#RÓbã3RÓC ¢VæFÆö÷ ¢VæFf6W@¢f6WBæ÷&ÖÂÓãcsCƒBÓãs“C33"Ó ¢÷WFW"Æö÷ ¢fW'FW‚c"ãƒƒ3’ÓbãS2ÓC ¢fW'FW‚c"ãc#RÓbã3RÓS ¢fW'FW‚c"ãƒƒ3’ÓbãS2ÓS ¢VæFÆö÷ ¢VæFf6W@¢f6WBæ÷&ÖÂÓã“#Cƒ‚Óã3ƒ#ƒ ¢÷WFW"Æö÷ ¢fW'FW‚c2ã#sBÓrãcBÓS ¢fW'FW‚c2ãƒ#RÓbãsc"ÓC ¢fW'FW‚c2ãƒ#RÓbãsc"ÓS ¢VæFÆö÷ ¢VæFf6W@¢f6WBæ÷&ÖÂÓã“#Cƒ‚Óã3ƒ#ƒ ¢÷WFW"Æö÷ ¢fW'FW‚c2ãƒ#RÓbãsc"ÓC ¢fW'FW‚c2ã#sBÓrãcBÓS ¢fW'FW‚c2ã#sBÓrãcBÓC ¢VæFÆö÷ ¢VæFf6W@¢f6WBæ÷&ÖÂã3sc"Óã““#ƒ ¢÷WFW"Æö÷ ¢fW'FW‚cãcscRÓbã‚ÓS ¢fW'FW‚c"Óbã3rÓC ¢fW'FW‚cãcscRÓbã‚ÓC ¢VæFÆö÷ ¢VæFf6W@¢f6WBæ÷&ÖÂã3sc"Óã““#ƒ ¢÷WFW"Æö÷ ¢fW'FW‚c"Óbã3rÓC ¢fW'FW‚cãcscRÓbã‚ÓS ¢fW'FW‚c"Óbã3rÓS ¢VæFÆö÷ ¢VæFf6W@¢f6WBæ÷&ÖÂÓã““CRÓã3sSb ¢÷WFW"Æö÷ ¢fW'FW‚c2ã#RÓrã3ƒrÓS ¢fW'FW‚c2ã#sBÓrãcBÓC ¢fW'FW‚c2ã#sBÓrãcBÓS ¢VæFÆö÷ ¢VæFf6W@¢f6WBæ÷&ÖÂÓã““CRÓã3sSb ¢÷WFW"Æö÷ ¢fW'FW‚c2ã#sBÓrãcBÓC ¢fW'FW‚c2ã#RÓrã3ƒrÓS ¢fW'FW‚c2ã#RÓrã3ƒrÓC ¢VæFÆö÷ ¢VæFf6W@¢f6WBæ÷&ÖÂÓã3sc"Óã““#ƒ ¢÷WFW"Æö÷ ¢fW'FW‚c"Óbã3rÓS ¢fW'FW‚c"ã3#3RÓbã‚ÓC ¢fW'FW‚c"Óbã3rÓC ¢VæFÆö÷ ¢VæFf6W@¢f6WBæ÷&ÖÂÓã3sc"Óã““#ƒÓ ¢÷WFW"Æö÷ ¢fW'FW‚c"ã3#3RÓbã‚ÓC ¢fW'FW‚c"Óbã3rÓS ¢fW'FW‚c"ã3#3RÓbã‚ÓS ¢VæFÆö÷ ¢VæFf6W@¢f6WBæ÷&ÖÂã““CRÓã3sSb ¢÷WFW"Æö÷ ¢fW'FW‚cãsRÓrã3ƒrÓC ¢fW'FW‚cãs“#bÓrãcBÓS ¢fW'FW‚cãs“#bÓrãcBÓC ¢VæFÆö÷ ¢VæFf6W@¢f6WBæ÷&ÖÂã““CRÓã3sSb ¢÷WFW"Æö÷ ¢fW'FW‚cãs“#bÓrãcBÓS ¢fW'FW‚cãsRÓrã3ƒrÓC ¢fW'FW‚cãsRÓrã3ƒrÓS ¢VæFÆö÷ ¢VæFf6W@¢f6WBæ÷&ÖÂãs“3SSrãcƒC“b ¢÷WFW"Æö÷ ¢fW'FW‚cãcÓ‚ã#sÓC ¢fW'FW‚cã“sRÓ‚ã"ÓS ¢fW'FW‚cã“sRÓ‚ã"ÓC ¢VæFÆö÷ ¢VæFf6W@¢f6WBæ÷&ÖÂãs“3SSrãcƒC“b ¢÷WFW"Æö÷ ¢fW'FW‚cã“sRÓ‚ã"ÓS ¢fW'FW‚cãcÓ‚ã#sÓC ¢fW'FW‚cãcÓ‚ã#sÓS ¢VæFÆö÷ ¢VæFf6W@¢f6WBæ÷&ÖÂÓãs“3SSrÓãcƒC“b ¢÷WFW"Æö÷ ¢fW'FW‚c2ãƒ#RÓbãsc"ÓS ¢fW'FW‚c"ãƒƒ3’ÓbãS2ÓC ¢fW'FW‚c"ãƒƒ3’ÓbãS2ÓS ¢VæFÆö÷ ¢VæFf6W@¢f6WBæ÷&ÖÂÓãs“3SSrÓãcƒC“b ¢÷WFW"Æö÷ ¢fW'FW‚c"ãƒƒ3’ÓbãS2ÓC ¢fW'FW‚c2ãƒ#RÓbãsc"ÓS ¢fW'FW‚c2ãƒ#RÓbãsc"ÓC ¢VæFÆö÷ ¢VæFf6W@¢f6WBæ÷&ÖÂÓã#ƒsC’ã““csr ¢÷WFW"Æö÷ ¢fW'FW‚c"ã3#3RÓ‚ãS“RÓS ¢fW'FW‚c"Ó‚ãc3rÓC ¢fW'FW‚c"ã3#3RÓ‚ãS“RÓC ¢VæFÆö÷ ¢VæFf6W@¢f6WBæ÷&ÖÂÓã#ƒsC’ã““csr ¢÷WFW"Æö÷ ¢fW'FW‚c"Ó‚ãc3rÓC ¢fW'FW‚c"ã3#3RÓ‚ãS“RÓS ¢fW'FW‚c"Ó‚ãc3rÓS ¢VæFÆö÷ ¢VæFf6W@¢f6WBæ÷&ÖÂÓã3ƒ#“ƒ2ã“#3sSR ¢÷WFW"Æö÷ ¢fW'FW‚c"ãc#RÓ‚ãCrÓS ¢fW'FW‚c"ã3#3RÓ‚ãS“RÓC ¢fW'FW‚c"ãc#RÓ‚ãCrÓC ¢VæFÆö÷ ¢VæFf6W@¢f6WBæ÷&ÖÂÓã3ƒ#“ƒ2ã“#3sSR ¢÷WFW"Æö÷ ¢fW'FW‚c"ã3#3RÓ‚ãS“RÓC ¢fW'FW‚c"ãc#RÓ‚ãCrÓS ¢fW'FW‚c"ã3#3RÓ‚ãS“RÓS ¢VæFÆö÷ ¢VæFf6W@¢f6WBæ÷&ÖÂãs“3SSrÓãcƒC“b ¢÷WFW"Æö÷ ¢fW'FW‚cã“sRÓbãsc"ÓC ¢fW'FW‚cãcÓbãS2ÓS ¢fW'FW‚cãcÓbãS2ÓC ¢VæFÆö÷ ¢VæFf6W@¢f6WBæ÷&ÖÂãs“3SSrÓãcƒC“b ¢÷WFW"Æö÷ ¢fW'FW‚cãcÓbãS2ÓS ¢fW'FW‚cã“sRÓbãsc"ÓC ¢fW'FW‚cã“sRÓbãsc"ÓS ¢VæFÆö÷ ¢VæFf6W@¢f6WBæ÷&ÖÂÓã3ƒ#“ƒ2Óã“#3sSR ¢÷WFW"Æö÷ ¢fW'FW‚c"ã3#3RÓbã‚ÓS ¢fW'FW‚c"ãc#RÓbã3RÓC ¢fW'FW‚c"ã3#3RÓbã‚ÓC ¢VæFÆö÷ ¢VæFf6W@¢f6WBæ÷&ÖÂÓã3ƒ#“ƒ2Óã“#3sSRÓ ¢÷WFW"Æö÷ ¢fW'FW‚c"ãc#RÓbã3RÓC ¢fW'FW‚c"ã3#3RÓbã‚ÓS ¢fW'FW‚c"ãc#RÓbã3RÓS ¢VæFÆö÷ ¢VæFf6W@¢f6WBæ÷&ÖÂã“#3c3’ã3ƒ3#cB ¢÷WFW"Æö÷ ¢fW'FW‚cã“sRÓ‚ã"ÓC ¢fW'FW‚cãs“#bÓrãsÓS ¢fW'FW‚cãs“#bÓrãsÓC ¢VæFÆö÷ ¢VæFf6W@¢f6WBæ÷&ÖÂã“#3c3’ã3ƒ3#cB ¢÷WFW"Æö÷ ¢fW'FW‚cãs“#bÓrãsÓS ¢fW'FW‚cã“sRÓ‚ã"ÓC ¢fW'FW‚cã“sRÓ‚ã"ÓS ¢VæFÆö÷ ¢VæFf6W@¢f6WBæ÷&ÖÂã“#Cƒ‚Óã3ƒ#ƒ ¢÷WFW"Æö÷ ¢fW'FW‚cãs“#bÓrãcBÓC ¢fW'FW‚cã“sRÓbãsc"ÓS ¢fW'FW‚cã“sRÓbãsc"ÓC ¢VæFÆö÷ ¢VæFf6W@¢f6WBæ÷&ÖÂã“#Cƒ‚Óã3ƒ#ƒ ¢÷WFW"Æö÷ ¢fW'FW‚cã“sRÓbãsc"ÓS ¢fW'FW‚cãs“#bÓrãcBÓC ¢fW'FW‚cãs“#bÓrãcBÓS ¢VæFÆö÷ ¢VæFf6W@¢f6WBæ÷&ÖÂãcsCƒBÓãs“C33" ¢÷WFW"Æö÷ ¢fW'FW‚cãcÓbãS2ÓS ¢fW'FW‚cã3sRÓbã3RÓC ¢fW'FW‚cãcÓbãS2ÓC ¢VæFÆö÷ ¢VæFf6W@¢f6WBæ÷&ÖÂãcsCƒBÓãs“C33" ¢÷WFW"Æö÷ ¢fW'FW‚cã3sRÓbã3RÓC ¢fW'FW‚cãcÓbãS2ÓS ¢fW'FW‚cã3sRÓbã3RÓS ¢VæFÆö÷ ¢VæFf6W@¢f6WBæ÷&ÖÂã3ƒ#“ƒ2Óã“#3sSR ¢÷WFW"Æö÷ ¢fW'FW‚cã3sRÓbã3RÓS ¢fW'FW‚cãcscRÓbã‚ÓC ¢fW'FW‚cã3sRÓbã3RÓC ¢VæFÆö÷ ¢VæFf6W@¢f6WBæ÷&ÖÂã3ƒ#“ƒ2Óã“#3sSR ¢÷WFW"Æö÷ ¢fW'FW‚cãcscRÓbã‚ÓC ¢fW'FW‚cã3sRÓbã3RÓS ¢fW'FW‚cãcscRÓbã‚ÓS ¢VæFÆö÷ ¢VæFf6W@¢f6WBæ÷&ÖÂÓãs“#ƒ3"Óãc“CB ¢÷WFW"Æö÷ ¢fW'FW‚#Rãƒ2ãc#RC ¢fW'FW‚#BãƒƒBãƒƒ3ƒƒ2S ¢fW'FW‚#BãƒƒBãƒƒ3ƒƒ2C ¢VæFÆö÷ ¢VæFf6W@¢f6WBæ÷&ÖÂÓãs“#ƒ3"Óãc“CB ¢÷WFW"Æö÷ ¢fW'FW‚#BãƒƒBãƒƒ3ƒƒ2S ¢fW'FW‚#Rãƒ2ãc#RC ¢fW'FW‚#Rãƒ2ãc#RS ¢VæFÆö÷ ¢VæFf6W@¢f6WBæ÷&ÖÂÓã““#ƒ2ã3sS2 ¢÷WFW"Æö÷ ¢fW'FW‚#Rã#rÓã3#3S#BC ¢fW'FW‚#Rã#RS ¢fW'FW‚#Rã#RC ¢VæFÆö÷ ¢VæFf6W@¢f6WBæ÷&ÖÂÓã““#ƒ2ã3sS2 ¢÷WFW"Æö÷ ¢fW'FW‚#Rã#RS ¢fW'FW‚#Rã#rÓã3#3S#BC ¢fW'FW‚#Rã#rÓã3#3S#BS ¢VæFÆö÷ ¢VæFf6W@¢f6WBæ÷&ÖÂÓãs“#ƒ3"ãc“CB ¢÷WFW"Æö÷ ¢fW'FW‚#BãƒƒBÓãƒƒ3ƒƒ2C ¢fW'FW‚#Rãƒ2Óãc#RS ¢fW'FW‚#Rãƒ2Óãc#RC ¢VæFÆö÷ ¢VæFf6W@¢f6WBæ÷&ÖÂÓãs“#ƒ3"ãc“CB ¢÷WFW"Æö÷ ¢fW'FW‚#Rãƒ2Óãc#RS ¢fW'FW‚#BãƒƒBÓãƒƒ3ƒƒ2C ¢fW'FW‚#BãƒƒBÓãƒƒ3ƒƒ2S ¢VæFÆö÷ ¢VæFf6W@¢f6WBæ÷&ÖÂÓã33#’ã““Cs ¢÷WFW"Æö÷ ¢fW'FW‚#Bã3#BÓã#sCC ¢fW'FW‚#BÓã#RS ¢fW'FW‚#Bã3#BÓã#sCS ¢VæFÆö÷ ¢VæFf6W@¢f6WBæ÷&ÖÂÓã33#’ã““Cs ¢÷WFW"Æö÷ ¢fW'FW‚#BÓã#RS ¢fW'FW‚#Bã3#BÓã#sCC ¢fW'FW‚#BÓã#RC ¢VæFÆö÷ ¢VæFf6W@¢f6WBæ÷&ÖÂÓã““#ƒ2Óã3sS2 ¢÷WFW"Æö÷ ¢fW'FW‚#Rã#RC ¢fW'FW‚#Rã#rã3#3S#BS ¢fW'FW‚#Rã#rã3#3S#BC ¢VæFÆö÷ ¢VæFf6W@¢f6WBæ÷&ÖÂÓã““#ƒ2Óã3sS2 ¢÷WFW"Æö÷ ¢fW'FW‚#Rã#rã3#3S#BS ¢fW'FW‚#Rã#RC ¢fW'FW‚#Rã#RS ¢VæFÆö÷ ¢VæFf6W@¢f6WBæ÷&ÖÂã“#Cƒ#bã3ƒ3’ ¢÷WFW"Æö÷ ¢fW'FW‚#"ã“rÓãc#RS ¢fW'FW‚#"ãs“2Óã3#3S#BC ¢fW'FW‚#"ãs“2Óã3#3S#BS ¢VæFÆö÷ ¢VæFf6W@¢f6WBæ÷&ÖÂã“#Cƒ#bã3ƒ3’ ¢÷WFW"Æö÷ ¢fW'FW‚#"ãs“2Óã3#3S#BC ¢fW'FW‚#"ã“rÓãc#RS ¢fW'FW‚#"ã“rÓãc#RC ¢VæFÆö÷ ¢VæFf6W@¢f6WBæ÷&ÖÂãcƒSƒrÓãs“3Cƒ‚ ¢÷WFW"Æö÷ ¢fW'FW‚#2ãbãƒƒ3ƒƒ2C ¢fW'FW‚#2ã3sRãƒ#S2S ¢fW'FW‚#2ãbãƒƒ3ƒƒ2S ¢VæFÆö÷ ¢VæFf6W@¢f6WBæ÷&ÖÂãcƒSƒrÓãs“3Cƒ‚ ¢÷WFW"Æö÷ ¢fW'FW‚#2ã3sRãƒ#S2S ¢fW'FW‚#2ãbãƒƒ3ƒƒ2C ¢fW'FW‚#2ã3sRãƒ#S2C ¢VæFÆö÷ ¢VæFf6W@¢f6WBæ÷&ÖÂãcƒSƒrãs“3Cƒ‚Ó ¢÷WFW"Æö÷ ¢fW'FW‚#2ã3sRÓãƒ#S2C ¢fW'FW‚#2ãbÓãƒƒ3ƒƒ2S ¢fW'FW‚#2ã3sRÓãƒ#S2S ¢VæFÆö÷ ¢VæFf6W@¢f6WBæ÷&ÖÂãcƒSƒrãs“3Cƒ‚ ¢÷WFW"Æö÷ ¢fW'FW‚#2ãbÓãƒƒ3ƒƒ2S ¢fW'FW‚#2ã3sRÓãƒ#S2C ¢fW'FW‚#2ãbÓãƒƒ3ƒƒ2C ¢VæFÆö÷ ¢VæFf6W@¢f6WBæ÷&ÖÂã3ƒ3#"Óã“#3cc ¢÷WFW"Æö÷ ¢fW'FW‚#2ã3sRãƒ#S2C ¢fW'FW‚#2ãcsbã#sCS ¢fW'FW‚#2ã3sRãƒ#S2S ¢VæFÆö÷ ¢VæFf6W@¢f6WBæ÷&ÖÂã3ƒ3#"Óã“#3cc ¢÷WFW"Æö÷ ¢fW'FW‚#2ãcsbã#sCS ¢fW'FW‚#2ã3sRãƒ#S2C ¢fW'FW‚#2ãcsbã#sCC ¢VæFÆö÷ ¢VæFf6W@¢f6WBæ÷&ÖÂÓãcƒSƒrãs“3Cƒ‚ ¢÷WFW"Æö÷ ¢fW'FW‚#BãƒƒBÓãƒƒ3ƒƒ2C ¢fW'FW‚#Bãc#RÓãƒ#S2S ¢fW'FW‚#BãƒƒBÓãƒƒ3ƒƒ2S ¢VæFÆö÷ ¢VæFf6W@¢f6WBæ÷&ÖÂÓãcƒSƒrãs“3Cƒ‚ ¢÷WFW"Æö÷ ¢fW'FW‚#Bãc#RÓãƒ#S2S ¢fW'FW‚#BãƒƒBÓãƒƒ3ƒƒ2C ¢fW'FW‚#Bãc#RÓãƒ#S2C ¢VæFÆö÷ ¢VæFf6W@¢f6WBæ÷&ÖÂã““#ƒ2ã3sS2 ¢÷WFW"Æö÷ ¢fW'FW‚#"ãs“2Óã3#3S#BS ¢fW'FW‚#"ãsRC ¢fW'FW‚#"ãsRS ¢VæFÆö÷ ¢VæFf6W@¢f6WBæ÷&ÖÂã““#ƒ2ã3sS2 ¢÷WFW"Æö÷ ¢fW'FW‚#"ãsRC ¢fW'FW‚#"ãs“2Óã3#3S#BS ¢fW'FW‚#"ãs“2Óã3#3S#BC ¢VæFÆö÷ ¢VæFf6W@¢f6WBæ÷&ÖÂÓã“#Cƒ#bã3ƒ3’ ¢÷WFW"Æö÷ ¢fW'FW‚#Rãƒ2Óãc#RC ¢fW'FW‚#Rã#rÓã3#3S#BS ¢fW'FW‚#Rã#rÓã3#3S#BC ¢VæFÆö÷ ¢VæFf6W@¢f6WBæ÷&ÖÂÓã“#Cƒ#bã3ƒ3’ ¢÷WFW"Æö÷ ¢fW'FW‚#Rã#rÓã3#3S#BS ¢fW'FW‚#Rãƒ2Óãc#RC ¢fW'FW‚#Rãƒ2Óãc#RS ¢VæFÆö÷ ¢VæFf6W@¢f6WBæ÷&ÖÂÓã33#’Óã““Cs ¢÷WFW"Æö÷ ¢fW'FW‚#Bã#RC ¢fW'FW‚#Bã3#Bã#sCS ¢fW'FW‚#Bã#RS ¢VæFÆö÷ ¢VæFf6W@¢f6WBæ÷&ÖÂÓã33#’Óã““CsÓ ¢÷WFW"Æö÷ ¢fW'FW‚#Bã3#Bã#sCS ¢fW'FW‚#Bã#RC ¢fW'FW‚#Bã3#Bã#sCC ¢VæFÆö÷ ¢VæFf6W@¢f6WBæ÷&ÖÂã33#’ã““CsÓ ¢÷WFW"Æö÷ ¢fW'FW‚#BÓã#RC ¢fW'FW‚#2ãcsbÓã#sCS ¢fW'FW‚#BÓã#RS ¢VæFÆö÷ ¢VæFf6W@¢f6WBæ÷&ÖÂã33#’ã““Cs ¢÷WFW"Æö÷ ¢fW'FW‚#2ãcsbÓã#sCS ¢fW'FW‚#BÓã#RC ¢fW'FW‚#2ãcsbÓã#sCC ¢VæFÆö÷ ¢VæFf6W@¢f6WBæ÷&ÖÂãs“#ƒ3"Óãc“CB ¢÷WFW"Æö÷ ¢fW'FW‚#"ã“rãc#RS ¢fW'FW‚#2ãbãƒƒ3ƒƒ2C ¢fW'FW‚#2ãbãƒƒ3ƒƒ2S ¢VæFÆö÷ ¢VæFf6W@¢f6WBæ÷&ÖÂãs“#ƒ3"Óãc“CB ¢÷WFW"Æö÷ ¢fW'FW‚#2ãbãƒƒ3ƒƒ2C ¢fW'FW‚#"ã“rãc#RS ¢fW'FW‚#"ã“rãc#RC ¢VæFÆö÷ ¢VæFf6W@¢f6WBæ÷&ÖÂã“#Cƒ#bÓã3ƒ3’ ¢÷WFW"Æö÷ ¢fW'FW‚#"ãs“2ã3#3S#BS ¢fW'FW‚#"ã“rãc#RC ¢fW'FW‚#"ã“rãc#RS ¢VæFÆö÷ ¢VæFf6W@¢f6WBæ÷&ÖÂã“#Cƒ#bÓã3ƒ3’ ¢÷WFW"Æö÷ ¢fW'FW‚#"ã“rãc#RC ¢fW'FW‚#"ãs“2ã3#3S#BS ¢fW'FW‚#"ãs“2ã3#3S#BC ¢VæFÆö÷ ¢VæFf6W@¢f6WBæ÷&ÖÂã33#’Óã““Cs ¢÷WFW"Æö÷ ¢fW'FW‚#2ãcsbã#sCC ¢fW'FW‚#Bã#RS ¢fW'FW‚#2ãcsbã#sCS ¢VæFÆö÷ ¢VæFf6W@¢f6WBæ÷&ÖÂã33#’Óã““Cs ¢÷WFW"Æö÷ ¢fW'FW‚#Bã#RS ¢fW'FW‚#2ãcsbã#sCC ¢fW'FW‚#Bã#RC ¢VæFÆö÷ ¢VæFf6W@¢f6WBæ÷&ÖÂÓã3ƒ3#"ã“#3cc ¢÷WFW"Æö÷ ¢fW'FW‚#Bãc#RÓãƒ#S2C ¢fW'FW‚#Bã3#BÓã#sCS ¢fW'FW‚#Bãc#RÓãƒ#S2S ¢VæFÆö÷ ¢VæFf6W@¢f6WBæ÷&ÖÂÓã3ƒ3#"ã“#3cc ¢÷WFW"Æö÷ ¢fW'FW‚#Bã3#BÓã#sCS ¢fW'FW‚#Bãc#RÓãƒ#S2C ¢fW'FW‚#Bã3#BÓã#sCC ¢VæFÆö÷ ¢VæFf6W@¢f6WBæ÷&ÖÂã““#ƒ2Óã3sS2 ¢÷WFW"Æö÷ ¢fW'FW‚#"ãsRS ¢fW'FW‚#"ãs“2ã3#3S#BC ¢fW'FW‚#"ãs“2ã3#3S#BS ¢VæFÆö÷ ¢VæFf6W@¢f6WBæ÷&ÖÂã““#ƒ2Óã3sS2 ¢÷WFW"Æö÷ ¢fW'FW‚#"ãs“2ã3#3S#BC ¢fW'FW‚#"ãsRS ¢fW'FW‚#"ãsRC ¢VæFÆö÷ ¢VæFf6W@¢f6WBæ÷&ÖÂãs“#ƒ3"ãc“CB ¢÷WFW"Æö÷ ¢fW'FW‚#2ãbÓãƒƒ3ƒƒ2S ¢fW'FW‚#"ã“rÓãc#RC ¢fW'FW‚#"ã“rÓãc#RS ¢VæFÆö÷ ¢VæFf6W@¢f6WBæ÷&ÖÂãs“#ƒ3"ãc“CB ¢÷WFW"Æö÷ ¢fW'FW‚#"ã“rÓãc#RC ¢fW'FW‚#2ãbÓãƒƒ3ƒƒ2S ¢fW'FW‚#2ãbÓãƒƒ3ƒƒ2C ¢VæFÆö÷ ¢VæFf6W@¢f6WBæ÷&ÖÂÓãcƒSƒrÓãs“3Cƒ‚ ¢÷WFW"Æö÷ ¢fW'FW‚#Bãc#Rãƒ#S2C ¢fW'FW‚#BãƒƒBãƒƒ3ƒƒ2S ¢fW'FW‚#Bãc#Rãƒ#S2S ¢VæFÆö÷ ¢VæFf6W@¢f6WBæ÷&ÖÂÓãcƒSƒrÓãs“3Cƒ‚Ó ¢÷WFW"Æö÷ ¢fW'FW‚#BãƒƒBãƒƒ3ƒƒ2S ¢fW'FW‚#Bãc#Rãƒ#S2C ¢fW'FW‚#BãƒƒBãƒƒ3ƒƒ2C ¢VæFÆö÷ ¢VæFf6W@¢f6WBæ÷&ÖÂÓã“#Cƒ#bÓã3ƒ3’ ¢÷WFW"Æö÷ ¢fW'FW‚#Rã#rã3#3S#BC ¢fW'FW‚#Rãƒ2ãc#RS ¢fW'FW‚#Rãƒ2ãc#RC ¢VæFÆö÷ ¢VæFf6W@¢f6WBæ÷&ÖÂÓã“#Cƒ#bÓã3ƒ3’ ¢÷WFW"Æö÷ ¢fW'FW‚#Rãƒ2ãc#RS ¢fW'FW‚#Rã#rã3#3S#BC ¢fW'FW‚#Rã#rã3#3S#BS ¢VæFÆö÷ ¢VæFf6W@¢f6WBæ÷&ÖÂã3ƒ3#"ã“#3ccÓ ¢÷WFW"Æö÷ ¢fW'FW‚#2ãcsbÓã#sCC ¢fW'FW‚#2ã3sRÓãƒ#S2S ¢fW'FW‚#2ãcsbÓã#sCS ¢VæFÆö÷ ¢VæFf6W@¢f6WBæ÷&ÖÂã3ƒ3#"ã“#3cc ¢÷WFW"Æö÷ ¢fW'FW‚#2ã3sRÓãƒ#S2S ¢fW'FW‚#2ãcsbÓã#sCC ¢fW'FW‚#2ã3sRÓãƒ#S2C ¢VæFÆö÷ ¢VæFf6W@¢f6WBæ÷&ÖÂÓã3ƒ3#"Óã“#3cc ¢÷WFW"Æö÷ ¢fW'FW‚#Bã3#Bã#sCC ¢fW'FW‚#Bãc#Rãƒ#S2S ¢fW'FW‚#Bã3#Bã#sCS ¢VæFÆö÷ ¢VæFf6W@¢f6WBæ÷&ÖÂÓã3ƒ3#"Óã“#3ccÓ ¢÷WFW"Æö÷ ¢fW'FW‚#Bãc#Rãƒ#S2S ¢fW'FW‚#Bã3#Bã#sCC ¢fW'FW‚#Bãc#Rãƒ#S2C ¢VæFÆö÷ ¢VæFf6W@¢f6WBæ÷&ÖÂ¢÷WFW"Æö÷ ¢fW'FW‚#Rã#rã3#3S#BC ¢fW'FW‚#Rã#rÓã3#3S#BC ¢fW'FW‚#Rã#RC ¢VæFÆö÷ ¢VæFf6W@¢f6WBæ÷&ÖÂ¢÷WFW"Æö÷ ¢fW'FW‚#Rãƒ2ãc#RC ¢fW'FW‚#Rã#rÓã3#3S#BC ¢fW'FW‚#Rã#rã3#3S#BC ¢VæFÆö÷ ¢VæFf6W@¢f6WBæ÷&ÖÂ¢÷WFW"Æö÷ ¢fW'FW‚#Rãƒ2ãc#RC ¢fW'FW‚#Rãƒ2Óãc#RC ¢fW'FW‚#Rã#rÓã3#3S#BC ¢VæFÆö÷ ¢VæFf6W@¢f6WBæ÷&ÖÂ¢÷WFW"Æö÷ ¢fW'FW‚#BãƒƒBãƒƒ3ƒƒ2C ¢fW'FW‚#Rãƒ2Óãc#RC ¢fW'FW‚#Rãƒ2ãc#RC ¢VæFÆö÷ ¢VæFf6W@¢f6WBæ÷&ÖÂ¢÷WFW"Æö÷ ¢fW'FW‚#BãƒƒBãƒƒ3ƒƒ2C ¢fW'FW‚#BãƒƒBÓãƒƒ3ƒƒ2C ¢fW'FW‚#Rãƒ2Óãc#RC ¢VæFÆö÷ ¢VæFf6W@¢f6WBæ÷&ÖÂ¢÷WFW"Æö÷ ¢fW'FW‚#Bãc#Rãƒ#S2C ¢fW'FW‚#BãƒƒBÓãƒƒ3ƒƒ2C ¢fW'FW‚#BãƒƒBãƒƒ3ƒƒ2C ¢VæFÆö÷ ¢VæFf6W@¢f6WBæ÷&ÖÂ¢÷WFW"Æö÷ ¢fW'FW‚#Bãc#Rãƒ#S2C ¢fW'FW‚#Bãc#RÓãƒ#S2C ¢fW'FW‚#BãƒƒBÓãƒƒ3ƒƒ2C ¢VæFÆö÷ ¢VæFf6W@¢f6WBæ÷&ÖÂ¢÷WFW"Æö÷ ¢fW'FW‚#Bã3#Bã#sCC ¢fW'FW‚#Bãc#RÓãƒ#S2C ¢fW'FW‚#Bãc#Rãƒ#S2C ¢VæFÆö÷ ¢VæFf6W@¢f6WBæ÷&ÖÂ¢÷WFW"Æö÷ ¢fW'FW‚#Bã3#Bã#sCC ¢fW'FW‚#Bã3#BÓã#sCC ¢fW'FW‚#Bãc#RÓãƒ#S2C ¢VæFÆö÷ ¢VæFf6W@¢f6WBæ÷&ÖÂ¢÷WFW"Æö÷ ¢fW'FW‚#Bã#RC ¢fW'FW‚#Bã3#BÓã#sCC ¢fW'FW‚#Bã3#Bã#sCC ¢VæFÆö÷ ¢VæFf6W@¢f6WBæ÷&ÖÂ¢÷WFW"Æö÷ ¢fW'FW‚#Bã#RC ¢fW'FW‚#BÓã#RC ¢fW'FW‚#Bã3#BÓã#sCC ¢VæFÆö÷ ¢VæFf6W@¢f6WBæ÷&ÖÂÓ¢÷WFW"Æö÷ ¢fW'FW‚#2ãcsbã#sCC ¢fW'FW‚#BÓã#RC ¢fW'FW‚#Bã#RC ¢VæFÆö÷ ¢VæFf6W@¢f6WBæ÷&ÖÂ¢÷WFW"Æö÷ ¢fW'FW‚#2ãcsbã#sCC ¢fW'FW‚#2ãcsbÓã#sCC ¢fW'FW‚#BÓã#RC ¢VæFÆö÷ ¢VæFf6W@¢f6WBæ÷&ÖÂÓ¢÷WFW"Æö÷ ¢fW'FW‚#2ã3sRãƒ#S2C ¢fW'FW‚#2ãcsbÓã#sCC ¢fW'FW‚#2ãcsbã#sCC ¢VæFÆö÷ ¢VæFf6W@¢f6WBæ÷&ÖÂ¢÷WFW"Æö÷ ¢fW'FW‚#2ã3sRãƒ#S2C ¢fW'FW‚#2ã3sRÓãƒ#S2C ¢fW'FW‚#2ãcsbÓã#sCC ¢VæFÆö÷ ¢VæFf6W@¢f6WBæ÷&ÖÂÓ¢÷WFW"Æö÷ ¢fW'FW‚#2ãbãƒƒ3ƒƒ2C ¢fW'FW‚#2ã3sRÓãƒ#S2C ¢fW'FW‚#2ã3sRãƒ#S2C ¢VæFÆö÷ ¢VæFf6W@¢f6WBæ÷&ÖÂ¢÷WFW"Æö÷ ¢fW'FW‚#2ãbãƒƒ3ƒƒ2C ¢fW'FW‚#2ãbÓãƒƒ3ƒƒ2C ¢fW'FW‚#2ã3sRÓãƒ#S2C ¢VæFÆö÷ ¢VæFf6W@¢f6WBæ÷&ÖÂÓ¢÷WFW"Æö÷ ¢fW'FW‚#"ã“rãc#RC ¢fW'FW‚#2ãbÓãƒƒ3ƒƒ2C ¢fW'FW‚#2ãbãƒƒ3ƒƒ2C ¢VæFÆö÷ ¢VæFf6W@¢f6WBæ÷&ÖÂ¢÷WFW"Æö÷ ¢fW'FW‚#"ã“rãc#RC ¢fW'FW‚#"ã“rÓãc#RC ¢fW'FW‚#2ãbÓãƒƒ3ƒƒ2C ¢VæFÆö÷ ¢VæFf6W@¢f6WBæ÷&ÖÂÓ¢÷WFW"Æö÷ ¢fW'FW‚#"ãs“2ã3#3S#BC ¢fW'FW‚#"ã“rÓãc#RC ¢fW'FW‚#"ã“rãc#RC ¢VæFÆö÷ ¢VæFf6W@¢f6WBæ÷&ÖÂ¢÷WFW"Æö÷ ¢fW'FW‚#"ãs“2ã3#3S#BC ¢fW'FW‚#"ãs“2Óã3#3S#BC ¢fW'FW‚#"ã“rÓãc#RC ¢VæFÆö÷ ¢VæFf6W@¢f6WBæ÷&ÖÂÓ¢÷WFW"Æö÷ ¢fW'FW‚#"ãs“2Óã3#3S#BC ¢fW'FW‚#"ãs“2ã3#3S#BC ¢fW'FW‚#"ãsRC ¢VæFÆö÷ ¢VæFf6W@¢f6WBæ÷&ÖÂãs“3SSrÓãcƒC“b ¢÷WFW"Æö÷ ¢fW'FW‚cã“sR‚ã"S ¢fW'FW‚cãc‚ã#sC ¢fW'FW‚cãc‚ã#sS ¢VæFÆö÷ ¢VæFf6W@¢f6WBæ÷&ÖÂãs“3SSrÓãcƒC“b ¢÷WFW"Æö÷ ¢fW'FW‚cãc‚ã#sC ¢fW'FW‚cã“sR‚ã"S ¢fW'FW‚cã“sR‚ã"C ¢VæFÆö÷ ¢VæFf6W@¢f6WBæ÷&ÖÂÓãs“3SSrãcƒC“b ¢÷WFW"Æö÷ ¢fW'FW‚c"ãƒƒ3’bãS2C ¢fW'FW‚c2ãƒ#Rbãsc"S ¢fW'FW‚c2ãƒ#Rbãsc"C ¢VæFÆö÷ ¢VæFf6W@¢f6WBæ÷&ÖÂÓãs“3SSrãcƒC“b ¢÷WFW"Æö÷ ¢fW'FW‚c2ãƒ#Rbãsc"S ¢fW'FW‚c"ãƒƒ3’bãS2C ¢fW'FW‚c"ãƒƒ3’bãS2S ¢VæFÆö÷ ¢VæFf6W@¢f6WBæ÷&ÖÂ¢÷WFW"Æö÷ ¢fW'FW‚c2ã#sBrãsC ¢fW'FW‚c2ã#sBrãcBC ¢fW'FW‚c2ã#Rrã3ƒrC ¢VæFÆö÷ ¢VæFf6W@¢f6WBæ÷&ÖÂ¢÷WFW"Æö÷ ¢fW'FW‚c2ãƒ#R‚ã"C ¢fW'FW‚c2ã#sBrãcBC ¢fW'FW‚c2ã#sBrãsC ¢VæFÆö÷ ¢VæFf6W@¢f6WBæ÷&ÖÂ¢÷WFW"Æö÷ ¢fW'FW‚c2ãƒ#R‚ã"C ¢fW'FW‚c2ãƒ#Rbãsc"C ¢fW'FW‚c2ã#sBrãcBC ¢VæFÆö÷ ¢VæFf6W@¢f6WBæ÷&ÖÂ¢÷WFW"Æö÷ ¢fW'FW‚c"ãƒƒ3’‚ã#sC ¢fW'FW‚c2ãƒ#Rbãsc"C ¢fW'FW‚c2ãƒ#R‚ã"C ¢VæFÆö÷ ¢VæFf6W@¢f6WBæ÷&ÖÂ¢÷WFW"Æö÷ ¢fW'FW‚c"ãƒƒ3’‚ã#sC ¢fW'FW‚c"ãƒƒ3’bãS2C ¢fW'FW‚c2ãƒ#Rbãsc"C ¢VæFÆö÷ ¢VæFf6W@¢f6WBæ÷&ÖÂ¢÷WFW"Æö÷ ¢fW'FW‚c"ãc#R‚ãCrC ¢fW'FW‚c"ãƒƒ3’bãS2C ¢fW'FW‚c"ãƒƒ3’‚ã#sC ¢VæFÆö÷ ¢VæFf6W@¢f6WBæ÷&ÖÂ¢÷WFW"Æö÷ ¢fW'FW‚c"ãc#R‚ãCrC ¢fW'FW‚c"ãc#Rbã3RC ¢fW'FW‚c"ãƒƒ3’bãS2C ¢VæFÆö÷ ¢VæFf6W@¢f6WBæ÷&ÖÂ¢÷WFW"Æö÷ ¢fW'FW‚c"ã3#3R‚ãS“RC ¢fW'FW‚c"ãc#Rbã3RC ¢fW'FW‚c"ãc#R‚ãCrC ¢VæFÆö÷ ¢VæFf6W@¢f6WBæ÷&ÖÂ¢÷WFW"Æö÷ ¢fW'FW‚c"ã3#3R‚ãS“RC ¢fW'FW‚c"ã3#3Rbã‚C ¢fW'FW‚c"ãc#Rbã3RC ¢VæFÆö÷ ¢VæFf6W@¢f6WBæ÷&ÖÂ¢÷WFW"Æö÷ ¢fW'FW‚c"‚ãc3rC ¢fW'FW‚c"ã3#3Rbã‚C ¢fW'FW‚c"ã3#3R‚ãS“RC ¢VæFÆö÷ ¢VæFf6W@¢f6WBæ÷&ÖÂ¢÷WFW"Æö÷ ¢fW'FW‚c"‚ãc3rC ¢fW'FW‚c"bã3rC ¢fW'FW‚c"ã3#3Rbã‚C ¢VæFÆö÷ ¢VæFf6W@¢f6WBæ÷&ÖÂÓ¢÷WFW"Æö÷ ¢fW'FW‚cãcscR‚ãS“RC ¢fW'FW‚c"bã3rC ¢fW'FW‚c"‚ãc3rC ¢VæFÆö÷ ¢VæFf6W@¢f6WBæ÷&ÖÂ¢÷WFW"Æö÷ ¢fW'FW‚cãcscR‚ãS“RC ¢fW'FW‚cãcscRbã‚C ¢fW'FW‚c"bã3rC ¢VæFÆö÷ ¢VæFf6W@¢f6WBæ÷&ÖÂÓ¢÷WFW"Æö÷ ¢fW'FW‚cã3sR‚ãCrC ¢fW'FW‚cãcscRbã‚C ¢fW'FW‚cãcscR‚ãS“RC ¢VæFÆö÷ ¢VæFf6W@¢f6WBæ÷&ÖÂ¢÷WFW"Æö÷ ¢fW'FW‚cã3sR‚ãCrC ¢fW'FW‚cã3sRbã3RC ¢fW'FW‚cãcscRbã‚C ¢VæFÆö÷ ¢VæFf6W@¢f6WBæ÷&ÖÂÓ¢÷WFW"Æö÷ ¢fW'FW‚cãc‚ã#sC ¢fW'FW‚cã3sRbã3RC ¢fW'FW‚cã3sR‚ãCrC ¢VæFÆö÷ ¢VæFf6W@¢f6WBæ÷&ÖÂ¢÷WFW"Æö÷ ¢fW'FW‚cãc‚ã#sC ¢fW'FW‚cãcbãS2C ¢fW'FW‚cã3sRbã3RC ¢VæFÆö÷ ¢VæFf6W@¢f6WBæ÷&ÖÂÓ¢÷WFW"Æö÷ ¢fW'FW‚cã“sR‚ã"C ¢fW'FW‚cãcbãS2C ¢fW'FW‚cãc‚ã#sC ¢VæFÆö÷ ¢VæFf6W@¢f6WBæ÷&ÖÂ¢÷WFW"Æö÷ ¢fW'FW‚cã“sR‚ã"C ¢fW'FW‚cã“sRbãsc"C ¢fW'FW‚cãcbãS2C ¢VæFÆö÷ ¢VæFf6W@¢f6WBæ÷&ÖÂÓ¢÷WFW"Æö÷ ¢fW'FW‚cãs“#brãsC ¢fW'FW‚cã“sRbãsc"C ¢fW'FW‚cã“sR‚ã"C ¢VæFÆö÷ ¢VæFf6W@¢f6WBæ÷&ÖÂ¢÷WFW"Æö÷ ¢fW'FW‚cãs“#brãsC ¢fW'FW‚cãs“#brãcBC ¢fW'FW‚cã“sRbãsc"C ¢VæFÆö÷ ¢VæFf6W@¢f6WBæ÷&ÖÂÓ¢÷WFW"Æö÷ ¢fW'FW‚cãs“#brãcBC ¢fW'FW‚cãs“#brãsC ¢fW'FW‚cãsRrã3ƒrC ¢VæFÆö÷ ¢VæFf6W@¢f6WBæ÷&ÖÂãc“CRÓãs“#ƒS" ¢÷WFW"Æö÷ ¢fW'FW‚cãc‚ã#sC ¢fW'FW‚cã3sR‚ãCrS ¢fW'FW‚cãc‚ã#sS ¢VæFÆö÷ ¢VæFf6W@¢f6WBæ÷&ÖÂãc“CRÓãs“#ƒS" ¢÷WFW"Æö÷ ¢fW'FW‚cã3sR‚ãCrS ¢fW'FW‚cãc‚ã#sC ¢fW'FW‚cã3sR‚ãCrC ¢VæFÆö÷ ¢VæFf6W@¢f6WBæ÷&ÖÂÓãc“CRÓãs“#ƒS" ¢÷WFW"Æö÷ ¢fW'FW‚c"ãc#R‚ãCrC ¢fW'FW‚c"ãƒƒ3’‚ã#sS ¢fW'FW‚c"ãc#R‚ãCrS ¢VæFÆö÷ ¢VæFf6W@¢f6WBæ÷&ÖÂÓãc“CRÓãs“#ƒS"Ó ¢÷WFW"Æö÷ ¢fW'FW‚c"ãƒƒ3’‚ã#sS ¢fW'FW‚c"ãc#R‚ãCrC ¢fW'FW‚c"ãƒƒ3’‚ã#sC ¢VæFÆö÷ ¢VæFf6W@¢f6WBæ÷&ÖÂÓãs“3SSrÓãcƒC“b ¢÷WFW"Æö÷ ¢fW'FW‚c2ãƒ#R‚ã"C ¢fW'FW‚c"ãƒƒ3’‚ã#sS ¢fW'FW‚c"ãƒƒ3’‚ã#sC ¢VæFÆö÷ ¢VæFf6W@¢f6WBæ÷&ÖÂÓãs“3SSrÓãcƒC“b ¢÷WFW"Æö÷ ¢fW'FW‚c"ãƒƒ3’‚ã#sS ¢fW'FW‚c2ãƒ#R‚ã"C ¢fW'FW‚c2ãƒ#R‚ã"S ¢VæFÆö÷ ¢VæFf6W@¢f6WBæ÷&ÖÂã““CcrÓã33b ¢÷WFW"Æö÷ ¢fW'FW‚cãsRrã3ƒrS ¢fW'FW‚cãs“#brãsC ¢fW'FW‚cãs“#brãsS ¢VæFÆö÷ ¢VæFf6W@¢f6WBæ÷&ÖÂã““CcrÓã33b ¢÷WFW"Æö÷ ¢fW'FW‚cãs“#brãsC ¢fW'FW‚cãsRrã3ƒrS ¢fW'FW‚cãsRrã3ƒrC ¢VæFÆö÷ ¢VæFf6W@¢f6WBæ÷&ÖÂÓã#ƒsC’Óã““csr ¢÷WFW"Æö÷ ¢fW'FW‚c"‚ãc3rC ¢fW'FW‚c"ã3#3R‚ãS“RS ¢fW'FW‚c"‚ãc3rS ¢VæFÆö÷ ¢VæFf6W@¢f6WBæ÷&ÖÂÓã#ƒsC’Óã““csrÓ ¢÷WFW"Æö÷ ¢fW'FW‚c"ã3#3R‚ãS“RS ¢fW'FW‚c"‚ãc3rC ¢fW'FW‚c"ã3#3R‚ãS“RC ¢VæFÆö÷ ¢VæFf6W@¢f6WBæ÷&ÖÂÓã“#3c3’Óã3ƒ3#cB ¢÷WFW"Æö÷ ¢fW'FW‚c2ã#sBrãsC ¢fW'FW‚c2ãƒ#R‚ã"S ¢fW'FW‚c2ãƒ#R‚ã"C ¢VæFÆö÷ ¢VæFf6W@¢f6WBæ÷&ÖÂÓã“#3c3’Óã3ƒ3#cB ¢÷WFW"Æö÷ ¢fW'FW‚c2ãƒ#R‚ã"S ¢fW'FW‚c2ã#sBrãsC ¢fW'FW‚c2ã#sBrãsS ¢VæFÆö÷ ¢VæFf6W@¢f6WBæ÷&ÖÂã#ƒsC’Óã““csr ¢÷WFW"Æö÷ ¢fW'FW‚cãcscR‚ãS“RC ¢fW'FW‚c"‚ãc3rS ¢fW'FW‚cãcscR‚ãS“RS ¢VæFÆö÷ ¢VæFf6W@¢f6WBæ÷&ÖÂã#ƒsC’Óã““csr ¢÷WFW"Æö÷ ¢fW'FW‚c"‚ãc3rS ¢fW'FW‚cãcscR‚ãS“RC ¢fW'FW‚c"‚ãc3rC ¢VæFÆö÷ ¢VæFf6W@¢f6WBæ÷&ÖÂã3ƒ#“ƒ2Óã“#3sSR ¢÷WFW"Æö÷ ¢fW'FW‚cã3sR‚ãCrC ¢fW'FW‚cãcscR‚ãS“RS ¢fW'FW‚cã3sR‚ãCrS ¢VæFÆö÷ ¢VæFf6W@¢f6WBæ÷&ÖÂã3ƒ#“ƒ2Óã“#3sSR ¢÷WFW"Æö÷ ¢fW'FW‚cãcscR‚ãS“RS ¢fW'FW‚cã3sR‚ãCrC ¢fW'FW‚cãcscR‚ãS“RC ¢VæFÆö÷ ¢VæFf6W@¢f6WBæ÷&ÖÂÓã““CcrÓã33b ¢÷WFW"Æö÷ ¢fW'FW‚c2ã#Rrã3ƒrC ¢fW'FW‚c2ã#sBrãsS ¢fW'FW‚c2ã#sBrãsC ¢VæFÆö÷ ¢VæFf6W@¢f6WBæ÷&ÖÂÓã““CcrÓã33b ¢÷WFW"Æö÷ ¢fW'FW‚c2ã#sBrãsS ¢fW'FW‚c2ã#Rrã3ƒrC ¢fW'FW‚c2ã#Rrã3ƒrS ¢VæFÆö÷ ¢VæFf6W@¢f6WBæ÷&ÖÂÓãcsCƒBãs“C33" ¢÷WFW"Æö÷ ¢fW'FW‚c"ãƒƒ3’bãS2C ¢fW'FW‚c"ãc#Rbã3RS ¢fW'FW‚c"ãƒƒ3’bãS2S ¢VæFÆö÷ ¢VæFf6W@¢f6WBæ÷&ÖÂÓãcsCƒBãs“C33" ¢÷WFW"Æö÷ ¢fW'FW‚c"ãc#Rbã3RS ¢fW'FW‚c"ãƒƒ3’bãS2C ¢fW'FW‚c"ãc#Rbã3RC ¢VæFÆö÷ ¢VæFf6W@¢f6WBæ÷&ÖÂÓã“#Cƒ‚ã3ƒ#ƒ ¢÷WFW"Æö÷ ¢fW'FW‚c2ãƒ#Rbãsc"C ¢fW'FW‚c2ã#sBrãcBS ¢fW'FW‚c2ã#sBrãcBC ¢VæFÆö÷ ¢VæFf6W@¢f6WBæ÷&ÖÂÓã“#Cƒ‚ã3ƒ#ƒ ¢÷WFW"Æö÷ ¢fW'FW‚c2ã#sBrãcBS ¢fW'FW‚c2ãƒ#Rbãsc"C ¢fW'FW‚c2ãƒ#Rbãsc"S ¢VæFÆö÷ ¢VæFf6W@¢f6WBæ÷&ÖÂÓã3ƒ#“ƒ2Óã“#3sSR ¢÷WFW"Æö÷ ¢fW'FW‚c"ã3#3R‚ãS“RC ¢fW'FW‚c"ãc#R‚ãCrS ¢fW'FW‚c"ã3#3R‚ãS“RS ¢VæFÆö÷ ¢VæFf6W@¢f6WBæ÷&ÖÂÓã3ƒ#“ƒ2Óã“#3sSRÓ ¢÷WFW"Æö÷ ¢fW'FW‚c"ãc#R‚ãCrS ¢fW'FW‚c"ã3#3R‚ãS“RC ¢fW'FW‚c"ãc#R‚ãCrC ¢VæFÆö÷ ¢VæFf6W@¢f6WBæ÷&ÖÂã3sc"ã““#ƒÓ ¢÷WFW"Æö÷ ¢fW'FW‚c"bã3rC ¢fW'FW‚cãcscRbã‚S ¢fW'FW‚c"bã3rS ¢VæFÆö÷ ¢VæFf6W@¢f6WBæ÷&ÖÂã3sc"ã““#ƒ ¢÷WFW"Æö÷ ¢fW'FW‚cãcscRbã‚S ¢fW'FW‚c"bã3rC ¢fW'FW‚cãcscRbã‚C ¢VæFÆö÷ ¢VæFf6W@¢f6WBæ÷&ÖÂÓã““CRã3sSb ¢÷WFW"Æö÷ ¢fW'FW‚c2ã#sBrãcBC ¢fW'FW‚c2ã#Rrã3ƒrS ¢fW'FW‚c2ã#Rrã3ƒrC ¢VæFÆö÷ ¢VæFf6W@¢f6WBæ÷&ÖÂÓã““CRã3sSb ¢÷WFW"Æö÷ ¢fW'FW‚c2ã#Rrã3ƒrS ¢fW'FW‚c2ã#sBrãcBC ¢fW'FW‚c2ã#sBrãcBS ¢VæFÆö÷ ¢VæFf6W@¢f6WBæ÷&ÖÂÓã3sc"ã““#ƒ ¢÷WFW"Æö÷ ¢fW'FW‚c"ã3#3Rbã‚C ¢fW'FW‚c"bã3rS ¢fW'FW‚c"ã3#3Rbã‚S ¢VæFÆö÷ ¢VæFf6W@¢f6WBæ÷&ÖÂÓã3sc"ã““#ƒ ¢÷WFW"Æö÷ ¢fW'FW‚c"bã3rS ¢fW'FW‚c"ã3#3Rbã‚C ¢fW'FW‚c"bã3rC ¢VæFÆö÷ ¢VæFf6W@¢f6WBæ÷&ÖÂã““CRã3sSb ¢÷WFW"Æö÷ ¢fW'FW‚cãs“#brãcBS ¢fW'FW‚cãsRrã3ƒrC ¢fW'FW‚cãsRrã3ƒrS ¢VæFÆö÷ ¢VæFf6W@¢f6WBæ÷&ÖÂã““CRã3sSb ¢÷WFW"Æö÷ ¢fW'FW‚cãsRrã3ƒrC ¢fW'FW‚cãs“#brãcBS ¢fW'FW‚cãs“#brãcBC ¢VæFÆö÷ ¢VæFf6W@¢f6WBæ÷&ÖÂã3ƒ#“ƒ2ã“#3sSRÓ ¢÷WFW"Æö÷ ¢fW'FW‚cãcscRbã‚C ¢fW'FW‚cã3sRbã3RS ¢fW'FW‚cãcscRbã‚S ¢VæFÆö÷ ¢VæFf6W@¢f6WBæ÷&ÖÂã3ƒ#“ƒ2ã“#3sSR ¢÷WFW"Æö÷ ¢fW'FW‚cã3sRbã3RS ¢fW'FW‚cãcscRbã‚C ¢fW'FW‚cã3sRbã3RC ¢VæFÆö÷ ¢VæFf6W@¢f6WBæ÷&ÖÂãcsCƒBãs“C33"Ó ¢÷WFW"Æö÷ ¢fW'FW‚cã3sRbã3RC ¢fW'FW‚cãcbãS2S ¢fW'FW‚cã3sRbã3RS ¢VæFÆö÷ ¢VæFf6W@¢f6WBæ÷&ÖÂãcsCƒBãs“C33" ¢÷WFW"Æö÷ ¢fW'FW‚cãcbãS2S ¢fW'FW‚cã3sRbã3RC ¢fW'FW‚cãcbãS2C ¢VæFÆö÷ ¢VæFf6W@¢f6WBæ÷&ÖÂÓã3ƒ#“ƒ2ã“#3sSR ¢÷WFW"Æö÷ ¢fW'FW‚c"ãc#Rbã3RC ¢fW'FW‚c"ã3#3Rbã‚S ¢fW'FW‚c"ãc#Rbã3RS ¢VæFÆö÷ ¢VæFf6W@¢f6WBæ÷&ÖÂÓã3ƒ#“ƒ2ã“#3sSR ¢÷WFW"Æö÷ ¢fW'FW‚c"ã3#3Rbã‚S ¢fW'FW‚c"ãc#Rbã3RC ¢fW'FW‚c"ã3#3Rbã‚C ¢VæFÆö÷ ¢VæFf6W@¢f6WBæ÷&ÖÂã“#3c3’Óã3ƒ3#cB ¢÷WFW"Æö÷ ¢fW'FW‚cãs“#brãsS ¢fW'FW‚cã“sR‚ã"C ¢fW'FW‚cã“sR‚ã"S ¢VæFÆö÷ ¢VæFf6W@¢f6WBæ÷&ÖÂã“#3c3’Óã3ƒ3#cB ¢÷WFW"Æö÷ ¢fW'FW‚cã“sR‚ã"C ¢fW'FW‚cãs“#brãsS ¢fW'FW‚cãs“#brãsC ¢VæFÆö÷ ¢VæFf6W@¢f6WBæ÷&ÖÂãs“3SSrãcƒC“b ¢÷WFW"Æö÷ ¢fW'FW‚cãcbãS2S ¢fW'FW‚cã“sRbãsc"C ¢fW'FW‚cã“sRbãsc"S ¢VæFÆö÷ ¢VæFf6W@¢f6WBæ÷&ÖÂãs“3SSrãcƒC“b ¢÷WFW"Æö÷ ¢fW'FW‚cã“sRbãsc"C ¢fW'FW‚cãcbãS2S ¢fW'FW‚cãcbãS2C ¢VæFÆö÷ ¢VæFf6W@¢f6WBæ÷&ÖÂã“#Cƒ‚ã3ƒ#ƒ ¢÷WFW"Æö÷ ¢fW'FW‚cã“sRbãsc"S ¢fW'FW‚cãs“#brãcBC ¢fW'FW‚cãs“#brãcBS ¢VæFÆö÷ ¢VæFf6W@¢f6WBæ÷&ÖÂã“#Cƒ‚ã3ƒ#ƒ ¢÷WFW"Æö÷ ¢fW'FW‚cãs“#brãcBC ¢fW'FW‚cã“sRbãsc"S ¢fW'FW‚cã“sRbãsc"C ¢VæFÆö÷ ¢VæFf6W@¢f6WBæ÷&ÖÂã#ƒsC’Óã““csr ¢÷WFW"Æö÷ ¢fW'FW‚Óc"ã3#3R‚ãS“RC ¢fW'FW‚Óc"‚ãc3rS ¢fW'FW‚Óc"ã3#3R‚ãS“RS ¢VæFÆö÷ ¢VæFf6W@¢f6WBæ÷&ÖÂã#ƒsC’Óã““csr ¢÷WFW"Æö÷ ¢fW'FW‚Óc"‚ãc3rS ¢fW'FW‚Óc"ã3#3R‚ãS“RC ¢fW'FW‚Óc"‚ãc3rC ¢VæFÆö÷ ¢VæFf6W@¢f6WBæ÷&ÖÂÓãs“3SSrÓãcƒC“b ¢÷WFW"Æö÷ ¢fW'FW‚Ócã“sR‚ã"C ¢fW'FW‚Ócãc‚ã#sS ¢fW'FW‚Ócãc‚ã#sC ¢VæFÆö÷ ¢VæFf6W@¢f6WBæ÷&ÖÂÓãs“3SSrÓãcƒC“b ¢÷WFW"Æö÷ ¢fW'FW‚Ócãc‚ã#sS ¢fW'FW‚Ócã“sR‚ã"C ¢fW'FW‚Ócã“sR‚ã"S ¢VæFÆö÷ ¢VæFf6W@¢f6WBæ÷&ÖÂÓãc“CRÓãs“#ƒS" ¢÷WFW"Æö÷ ¢fW'FW‚Ócã3sR‚ãCrC ¢fW'FW‚Ócãc‚ã#sS ¢fW'FW‚Ócã3sR‚ãCrS ¢VæFÆö÷ ¢VæFf6W@¢f6WBæ÷&ÖÂÓãc“CRÓãs“#ƒS"Ó ¢÷WFW"Æö÷ ¢fW'FW‚Ócãc‚ã#sS ¢fW'FW‚Ócã3sR‚ãCrC ¢fW'FW‚Ócãc‚ã#sC ¢VæFÆö÷ ¢VæFf6W@¢f6WBæ÷&ÖÂã3ƒ#“ƒ2Óã“#3sSR ¢÷WFW"Æö÷ ¢fW'FW‚Óc"ãc#R‚ãCrC ¢fW'FW‚Óc"ã3#3R‚ãS“RS ¢fW'FW‚Óc"ãc#R‚ãCrS ¢VæFÆö÷ ¢VæFf6W@¢f6WBæ÷&ÖÂã3ƒ#“ƒ2Óã“#3sSR ¢÷WFW"Æö÷ ¢fW'FW‚Óc"ã3#3R‚ãS“RS ¢fW'FW‚Óc"ãc#R‚ãCrC ¢fW'FW‚Óc"ã3#3R‚ãS“RC ¢VæFÆö÷ ¢VæFf6W@¢f6WBæ÷&ÖÂÓã3ƒ#“ƒ2ã“#3sSR ¢÷WFW"Æö÷ ¢fW'FW‚Ócã3sRbã3RC ¢fW'FW‚ÓcãcscRbã‚S ¢fW'FW‚Ócã3sRbã3RS ¢VæFÆö÷ ¢VæFf6W@¢f6WBæ÷&ÖÂÓã3ƒ#“ƒ2ã“#3sSR ¢÷WFW"Æö÷ ¢fW'FW‚ÓcãcscRbã‚S ¢fW'FW‚Ócã3sRbã3RC ¢fW'FW‚ÓcãcscRbã‚C ¢VæFÆö÷ ¢VæFf6W@¢f6WBæ÷&ÖÂãc“CRÓãs“#ƒS" ¢÷WFW"Æö÷ ¢fW'FW‚Óc"ãƒƒ3’‚ã#sC ¢fW'FW‚Óc"ãc#R‚ãCrS ¢fW'FW‚Óc"ãƒƒ3’‚ã#sS ¢VæFÆö÷ ¢VæFf6W@¢f6WBæ÷&ÖÂãc“CRÓãs“#ƒS" ¢÷WFW"Æö÷ ¢fW'FW‚Óc"ãc#R‚ãCrS ¢fW'FW‚Óc"ãƒƒ3’‚ã#sC ¢fW'FW‚Óc"ãc#R‚ãCrC ¢VæFÆö÷ ¢VæFf6W@¢f6WBæ÷&ÖÂÓã3ƒ#“ƒ2Óã“#3sSR ¢÷WFW"Æö÷ ¢fW'FW‚ÓcãcscR‚ãS“RC ¢fW'FW‚Ócã3sR‚ãCrS ¢fW'FW‚ÓcãcscR‚ãS“RS ¢VæFÆö÷ ¢VæFf6W@¢f6WBæ÷&ÖÂÓã3ƒ#“ƒ2Óã“#3sSRÓ ¢÷WFW"Æö÷ ¢fW'FW‚Ócã3sR‚ãCrS ¢fW'FW‚ÓcãcscR‚ãS“RC ¢fW'FW‚Ócã3sR‚ãCrC ¢VæFÆö÷ ¢VæFf6W@¢f6WBæ÷&ÖÂã““CRã3sSb ¢÷WFW"Æö÷ ¢fW'FW‚Óc2ã#sBrãcBS ¢fW'FW‚Óc2ã#Rrã3ƒrC ¢fW'FW‚Óc2ã#Rrã3ƒrS ¢VæFÆö÷ ¢VæFf6W@¢f6WBæ÷&ÖÂã““CRã3sSb ¢÷WFW"Æö÷ ¢fW'FW‚Óc2ã#Rrã3ƒrC ¢fW'FW‚Óc2ã#sBrãcBS ¢fW'FW‚Óc2ã#sBrãcBC ¢VæFÆö÷ ¢VæFf6W@¢f6WBæ÷&ÖÂÓãcsCƒBãs“C33" ¢÷WFW"Æö÷ ¢fW'FW‚ÓcãcbãS2C ¢fW'FW‚Ócã3sRbã3RS ¢fW'FW‚ÓcãcbãS2S ¢VæFÆö÷ ¢VæFf6W@¢f6WBæ÷&ÖÂÓãcsCƒBãs“C33" ¢÷WFW"Æö÷ ¢fW'FW‚Ócã3sRbã3RS ¢fW'FW‚ÓcãcbãS2C ¢fW'FW‚Ócã3sRbã3RC ¢VæFÆö÷ ¢VæFf6W@¢f6WBæ÷&ÖÂãs“3SSrãcƒC“b ¢÷WFW"Æö÷ ¢fW'FW‚Óc"ãƒƒ3’bãS2S ¢fW'FW‚Óc2ãƒ#Rbãsc"C ¢fW'FW‚Óc2ãƒ#Rbãsc"S ¢VæFÆö÷ ¢VæFf6W@¢f6WBæ÷&ÖÂãs“3SSrãcƒC“b ¢÷WFW"Æö÷ ¢fW'FW‚Óc2ãƒ#Rbãsc"C ¢fW'FW‚Óc"ãƒƒ3’bãS2S ¢fW'FW‚Óc"ãƒƒ3’bãS2C ¢VæFÆö÷ ¢VæFf6W@¢f6WBæ÷&ÖÂÓã“#3c3’Óã3ƒ3#cB ¢÷WFW"Æö÷ ¢fW'FW‚Ócãs“#brãsC ¢fW'FW‚Ócã“sR‚ã"S ¢fW'FW‚Ócã“sR‚ã"C ¢VæFÆö÷ ¢VæFf6W@¢f6WBæ÷&ÖÂÓã“#3c3’Óã3ƒ3#cB ¢÷WFW"Æö÷ ¢fW'FW‚Ócã“sR‚ã"S ¢fW'FW‚Ócãs“#brãsC ¢fW'FW‚Ócãs“#brãsS ¢VæFÆö÷ ¢VæFf6W@¢f6WBæ÷&ÖÂã3ƒ#“ƒ2ã“#3sSRÓ ¢÷WFW"Æö÷ ¢fW'FW‚Óc"ã3#3Rbã‚C ¢fW'FW‚Óc"ãc#Rbã3RS ¢fW'FW‚Óc"ã3#3Rbã‚S ¢VæFÆö÷ ¢VæFf6W@¢f6WBæ÷&ÖÂã3ƒ#“ƒ2ã“#3sSR ¢÷WFW"Æö÷ ¢fW'FW‚Óc"ãc#Rbã3RS ¢fW'FW‚Óc"ã3#3Rbã‚C ¢fW'FW‚Óc"ãc#Rbã3RC ¢VæFÆö÷ ¢VæFf6W@¢f6WBæ÷&ÖÂã“#Cƒ‚ã3ƒ#ƒ ¢÷WFW"Æö÷ ¢fW'FW‚Óc2ãƒ#Rbãsc"S ¢fW'FW‚Óc2ã#sBrãcBC ¢fW'FW‚Óc2ã#sBrãcBS ¢VæFÆö÷ ¢VæFf6W@¢f6WBæ÷&ÖÂã“#Cƒ‚ã3ƒ#ƒ ¢÷WFW"Æö÷ ¢fW'FW‚Óc2ã#sBrãcBC ¢fW'FW‚Óc2ãƒ#Rbãsc"S ¢fW'FW‚Óc2ãƒ#Rbãsc"C ¢VæFÆö÷ ¢VæFf6W@¢f6WBæ÷&ÖÂ¢÷WFW"Æö÷ ¢fW'FW‚Ócãs“#brãsC ¢fW'FW‚Ócãs“#brãcBC ¢fW'FW‚ÓcãsRrã3ƒrC ¢VæFÆö÷ ¢VæFf6W@¢f6WBæ÷&ÖÂ¢÷WFW"Æö÷ ¢fW'FW‚Ócã“sR‚ã"C ¢fW'FW‚Ócãs“#brãcBC ¢fW'FW‚Ócãs“#brãsC ¢VæFÆö÷ ¢VæFf6W@¢f6WBæ÷&ÖÂ¢÷WFW"Æö÷ ¢fW'FW‚Ócã“sR‚ã"C ¢fW'FW‚Ócã“sRbãsc"C ¢fW'FW‚Ócãs“#brãcBC ¢VæFÆö÷ ¢VæFf6W@¢f6WBæ÷&ÖÂ¢÷WFW"Æö÷ ¢fW'FW‚Ócãc‚ã#sC ¢fW'FW‚Ócã“sRbãsc"C ¢fW'FW‚Ócã“sR‚ã"C ¢VæFÆö÷ ¢VæFf6W@¢f6WBæ÷&ÖÂ¢÷WFW"Æö÷ ¢fW'FW‚Ócãc‚ã#sC ¢fW'FW‚ÓcãcbãS2C ¢fW'FW‚Ócã“sRbãsc"C ¢VæFÆö÷ ¢VæFf6W@¢f6WBæ÷&ÖÂ¢÷WFW"Æö÷ ¢fW'FW‚Ócã3sR‚ãCrC ¢fW'FW‚ÓcãcbãS2C ¢fW'FW‚Ócãc‚ã#sC ¢VæFÆö÷ ¢VæFf6W@¢f6WBæ÷&ÖÂ¢÷WFW"Æö÷ ¢fW'FW‚Ócã3sR‚ãCrC ¢fW'FW‚Ócã3sRbã3RC ¢fW'FW‚ÓcãcbãS2C ¢VæFÆö÷ ¢VæFf6W@¢f6WBæ÷&ÖÂ¢÷WFW"Æö÷ ¢fW'FW‚ÓcãcscR‚ãS“RC ¢fW'FW‚Ócã3sRbã3RC ¢fW'FW‚Ócã3sR‚ãCrC ¢VæFÆö÷ ¢VæFf6W@¢f6WBæ÷&ÖÂ¢÷WFW"Æö÷ ¢fW'FW‚ÓcãcscR‚ãS“RC ¢fW'FW‚ÓcãcscRbã‚C ¢fW'FW‚Ócã3sRbã3RC ¢VæFÆö÷ ¢VæFf6W@¢f6WBæ÷&ÖÂ¢÷WFW"Æö÷ ¢fW'FW‚Óc"‚ãc3rC ¢fW'FW‚ÓcãcscRbã‚C ¢fW'FW‚ÓcãcscR‚ãS“RC ¢VæFÆö÷ ¢VæFf6W@¢f6WBæ÷&ÖÂ¢÷WFW"Æö÷ ¢fW'FW‚Óc"‚ãc3rC ¢fW'FW‚Óc"bã3rC ¢fW'FW‚ÓcãcscRbã‚C ¢VæFÆö÷ ¢VæFf6W@¢f6WBæ÷&ÖÂÓ¢÷WFW"Æö÷ ¢fW'FW‚Óc"ã3#3R‚ãS“RC ¢fW'FW‚Óc"bã3rC ¢fW'FW‚Óc"‚ãc3rC ¢VæFÆö÷ ¢VæFf6W@¢f6WBæ÷&ÖÂ¢÷WFW"Æö÷ ¢fW'FW‚Óc"ã3#3R‚ãS“RC ¢fW'FW‚Óc"ã3#3Rbã‚C ¢fW'FW‚Óc"bã3rC ¢VæFÆö÷ ¢VæFf6W@¢f6WBæ÷&ÖÂÓ¢÷WFW"Æö÷ ¢fW'FW‚Óc"ãc#R‚ãCrC ¢fW'FW‚Óc"ã3#3Rbã‚C ¢fW'FW‚Óc"ã3#3R‚ãS“RC ¢VæFÆö÷ ¢VæFf6W@¢f6WBæ÷&ÖÂ¢÷WFW"Æö÷ ¢fW'FW‚Óc"ãc#R‚ãCrC ¢fW'FW‚Óc"ãc#Rbã3RC ¢fW'FW‚Óc"ã3#3Rbã‚C ¢VæFÆö÷ ¢VæFf6W@¢f6WBæ÷&ÖÂÓ¢÷WFW"Æö÷ ¢fW'FW‚Óc"ãƒƒ3’‚ã#sC ¢fW'FW‚Óc"ãc#Rbã3RC ¢fW'FW‚Óc"ãc#R‚ãCrC ¢VæFÆö÷ ¢VæFf6W@¢f6WBæ÷&ÖÂ¢÷WFW"Æö÷ ¢fW'FW‚Óc"ãƒƒ3’‚ã#sC ¢fW'FW‚Óc"ãƒƒ3’bãS2C ¢fW'FW‚Óc"ãc#Rbã3RC ¢VæFÆö÷ ¢VæFf6W@¢f6WBæ÷&ÖÂÓ¢÷WFW"Æö÷ ¢fW'FW‚Óc2ãƒ#R‚ã"C ¢fW'FW‚Óc"ãƒƒ3’bãS2C ¢fW'FW‚Óc"ãƒƒ3’‚ã#sC ¢VæFÆö÷ ¢VæFf6W@¢f6WBæ÷&ÖÂ¢÷WFW"Æö÷ ¢fW'FW‚Óc2ãƒ#R‚ã"C ¢fW'FW‚Óc2ãƒ#Rbãsc"C ¢fW'FW‚Óc"ãƒƒ3’bãS2C ¢VæFÆö÷ ¢VæFf6W@¢f6WBæ÷&ÖÂÓ¢÷WFW"Æö÷ ¢fW'FW‚Óc2ã#sBrãsC ¢fW'FW‚Óc2ãƒ#Rbãsc"C ¢fW'FW‚Óc2ãƒ#R‚ã"C ¢VæFÆö÷ ¢VæFf6W@¢f6WBæ÷&ÖÂ¢÷WFW"Æö÷ ¢fW'FW‚Óc2ã#sBrãsC ¢fW'FW‚Óc2ã#sBrãcBC ¢fW'FW‚Óc2ãƒ#Rbãsc"C ¢VæFÆö÷ ¢VæFf6W@¢f6WBæ÷&ÖÂÓ¢÷WFW"Æö÷ ¢fW'FW‚Óc2ã#sBrãcBC ¢fW'FW‚Óc2ã#sBrãsC ¢fW'FW‚Óc2ã#Rrã3ƒrC ¢VæFÆö÷ ¢VæFf6W@¢f6WBæ÷&ÖÂãs“3SSrÓãcƒC“b ¢÷WFW"Æö÷ ¢fW'FW‚Óc2ãƒ#R‚ã"S ¢fW'FW‚Óc"ãƒƒ3’‚ã#sC ¢fW'FW‚Óc"ãƒƒ3’‚ã#sS ¢VæFÆö÷ ¢VæFf6W@¢f6WBæ÷&ÖÂãs“3SSrÓãcƒC“b ¢÷WFW"Æö÷ ¢fW'FW‚Óc"ãƒƒ3’‚ã#sC ¢fW'FW‚Óc2ãƒ#R‚ã"S ¢fW'FW‚Óc2ãƒ#R‚ã"C ¢VæFÆö÷ ¢VæFf6W@¢f6WBæ÷&ÖÂãcsCƒBãs“C33"Ó ¢÷WFW"Æö÷ ¢fW'FW‚Óc"ãc#Rbã3RC ¢fW'FW‚Óc"ãƒƒ3’bãS2S ¢fW'FW‚Óc"ãc#Rbã3RS ¢VæFÆö÷ ¢VæFf6W@¢f6WBæ÷&ÖÂãcsCƒBãs“C33" ¢÷WFW"Æö÷ ¢fW'FW‚Óc"ãƒƒ3’bãS2S ¢fW'FW‚Óc"ãc#Rbã3RC ¢fW'FW‚Óc"ãƒƒ3’bãS2C ¢VæFÆö÷ ¢VæFf6W@¢f6WBæ÷&ÖÂÓã“#Cƒ‚ã3ƒ#ƒ ¢÷WFW"Æö÷ ¢fW'FW‚Ócã“sRbãsc"C ¢fW'FW‚Ócãs“#brãcBS ¢fW'FW‚Ócãs“#brãcBC ¢VæFÆö÷ ¢VæFf6W@¢f6WBæ÷&ÖÂÓã“#Cƒ‚ã3ƒ#ƒ ¢÷WFW"Æö÷ ¢fW'FW‚Ócãs“#brãcBS ¢fW'FW‚Ócã“sRbãsc"C ¢fW'FW‚Ócã“sRbãsc"S ¢VæFÆö÷ ¢VæFf6W@¢f6WBæ÷&ÖÂã“#3c3’Óã3ƒ3#cB ¢÷WFW"Æö÷ ¢fW'FW‚Óc2ã#sBrãsS ¢fW'FW‚Óc2ãƒ#R‚ã"C ¢fW'FW‚Óc2ãƒ#R‚ã"S ¢VæFÆö÷ ¢VæFf6W@¢f6WBæ÷&ÖÂã“#3c3’Óã3ƒ3#cB ¢÷WFW"Æö÷ ¢fW'FW‚Óc2ãƒ#R‚ã"C ¢fW'FW‚Óc2ã#sBrãsS ¢fW'FW‚Óc2ã#sBrãsC ¢VæFÆö÷ ¢VæFf6W@¢f6WBæ÷&ÖÂÓãs“3SSrãcƒC“b ¢÷WFW"Æö÷ ¢fW'FW‚ÓcãcbãS2C ¢fW'FW‚Ócã“sRbãsc"S ¢fW'FW‚Ócã“sRbãsc"C ¢VæFÆö÷ ¢VæFf6W@¢f6WBæ÷&ÖÂÓãs“3SSrãcƒC“b ¢÷WFW"Æö÷ ¢fW'FW‚Ócã“sRbãsc"S ¢fW'FW‚ÓcãcbãS2C ¢fW'FW‚ÓcãcbãS2S ¢VæFÆö÷ ¢VæFf6W@¢f6WBæ÷&ÖÂÓã““CcrÓã33b ¢÷WFW"Æö÷ ¢fW'FW‚ÓcãsRrã3ƒrC ¢fW'FW‚Ócãs“#brãsS ¢fW'FW‚Ócãs“#brãsC ¢VæFÆö÷ ¢VæFf6W@¢f6WBæ÷&ÖÂÓã““CcrÓã33b ¢÷WFW"Æö÷ ¢fW'FW‚Ócãs“#brãsS ¢fW'FW‚ÓcãsRrã3ƒrC ¢fW'FW‚ÓcãsRrã3ƒrS ¢VæFÆö÷ ¢VæFf6W@¢f6WBæ÷&ÖÂÓã#ƒsC’Óã““csr ¢÷WFW"Æö÷ ¢fW'FW‚Óc"‚ãc3rC ¢fW'FW‚ÓcãcscR‚ãS“RS ¢fW'FW‚Óc"‚ãc3rS ¢VæFÆö÷ ¢VæFf6W@¢f6WBæ÷&ÖÂÓã#ƒsC’Óã““csrÓ ¢÷WFW"Æö÷ ¢fW'FW‚ÓcãcscR‚ãS“RS ¢fW'FW‚Óc"‚ãc3rC ¢fW'FW‚ÓcãcscR‚ãS“RC ¢VæFÆö÷ ¢VæFf6W@¢f6WBæ÷&ÖÂã““CcrÓã33b ¢÷WFW"Æö÷ ¢fW'FW‚Óc2ã#Rrã3ƒrS ¢fW'FW‚Óc2ã#sBrãsC ¢fW'FW‚Óc2ã#sBrãsS ¢VæFÆö÷ ¢VæFf6W@¢f6WBæ÷&ÖÂã““CcrÓã33b ¢÷WFW"Æö÷ ¢fW'FW‚Óc2ã#sBrãsC ¢fW'FW‚Óc2ã#Rrã3ƒrS ¢fW'FW‚Óc2ã#Rrã3ƒrC ¢VæFÆö÷ ¢VæFf6W@¢f6WBæ÷&ÖÂÓã““CRã3sSb ¢÷WFW"Æö÷ ¢fW'FW‚Ócãs“#brãcBC ¢fW'FW‚ÓcãsRrã3ƒrS ¢fW'FW‚ÓcãsRrã3ƒrC ¢VæFÆö÷ ¢VæFf6W@¢f6WBæ÷&ÖÂÓã““CRã3sSb ¢÷WFW"Æö÷ ¢fW'FW‚ÓcãsRrã3ƒrS ¢fW'FW‚Ócãs“#brãcBC ¢fW'FW‚Ócãs“#brãcBS ¢VæFÆö÷ ¢VæFf6W@¢f6WBæ÷&ÖÂÓã3sc"ã““#ƒ ¢÷WFW"Æö÷ ¢fW'FW‚ÓcãcscRbã‚C ¢fW'FW‚Óc"bã3rS ¢fW'FW‚ÓcãcscRbã‚S ¢VæFÆö÷ ¢VæFf6W@¢f6WBæ÷&ÖÂÓã3sc"ã““#ƒ ¢÷WFW"Æö÷ ¢fW'FW‚Óc"bã3rS ¢fW'FW‚ÓcãcscRbã‚C ¢fW'FW‚Óc"bã3rC ¢VæFÆö÷ ¢VæFf6W@¢f6WBæ÷&ÖÂã3sc"ã““#ƒÓ ¢÷WFW"Æö÷ ¢fW'FW‚Óc"bã3rC ¢fW'FW‚Óc"ã3#3Rbã‚S ¢fW'FW‚Óc"bã3rS ¢VæFÆö÷ ¢VæFf6W@¢f6WBæ÷&ÖÂã3sc"ã““#ƒ ¢÷WFW"Æö÷ ¢fW'FW‚Óc"ã3#3Rbã‚S ¢fW'FW‚Óc"bã3rC ¢fW'FW‚Óc"ã3#3Rbã‚C ¢VæFÆö÷ ¢VæFf6W@¢f6WBæ÷&ÖÂ¢÷WFW"Æö÷ ¢fW'FW‚Ó#"ãs“2ã3#3S#BC ¢fW'FW‚Ó#"ãs“2Óã3#3S#BC ¢fW'FW‚Ó#"ãsRC ¢VæFÆö÷ ¢VæFf6W@¢f6WBæ÷&ÖÂ¢÷WFW"Æö÷ ¢fW'FW‚Ó#"ã“rãc#RC ¢fW'FW‚Ó#"ãs“2Óã3#3S#BC ¢fW'FW‚Ó#"ãs“2ã3#3S#BC ¢VæFÆö÷ ¢VæFf6W@¢f6WBæ÷&ÖÂ¢÷WFW"Æö÷ ¢fW'FW‚Ó#"ã“rãc#RC ¢fW'FW‚Ó#"ã“rÓãc#RC ¢fW'FW‚Ó#"ãs“2Óã3#3S#BC ¢VæFÆö÷ ¢VæFf6W@¢f6WBæ÷&ÖÂ¢÷WFW"Æö÷ ¢fW'FW‚Ó#2ãbãƒƒ3ƒƒ2C ¢fW'FW‚Ó#"ã“rÓãc#RC ¢fW'FW‚Ó#"ã“rãc#RC ¢VæFÆö÷ ¢VæFf6W@¢f6WBæ÷&ÖÂ¢÷WFW"Æö÷ ¢fW'FW‚Ó#2ãbãƒƒ3ƒƒ2C ¢fW'FW‚Ó#2ãbÓãƒƒ3ƒƒ2C ¢fW'FW‚Ó#"ã“rÓãc#RC ¢VæFÆö÷ ¢VæFf6W@¢f6WBæ÷&ÖÂ¢÷WFW"Æö÷ ¢fW'FW‚Ó#2ã3sRãƒ#S2C ¢fW'FW‚Ó#2ãbÓãƒƒ3ƒƒ2C ¢fW'FW‚Ó#2ãbãƒƒ3ƒƒ2C ¢VæFÆö÷ ¢VæFf6W@¢f6WBæ÷&ÖÂ¢÷WFW"Æö÷ ¢fW'FW‚Ó#2ã3sRãƒ#S2C ¢fW'FW‚Ó#2ã3sRÓãƒ#S2C ¢fW'FW‚Ó#2ãbÓãƒƒ3ƒƒ2C ¢VæFÆö÷ ¢VæFf6W@¢f6WBæ÷&ÖÂ¢÷WFW"Æö÷ ¢fW'FW‚Ó#2ãcsbã#sCC ¢fW'FW‚Ó#2ã3sRÓãƒ#S2C ¢fW'FW‚Ó#2ã3sRãƒ#S2C ¢VæFÆö÷ ¢VæFf6W@¢f6WBæ÷&ÖÂ¢÷WFW"Æö÷ ¢fW'FW‚Ó#2ãcsbã#sCC ¢fW'FW‚Ó#2ãcsbÓã#sCC ¢fW'FW‚Ó#2ã3sRÓãƒ#S2C ¢VæFÆö÷ ¢VæFf6W@¢f6WBæ÷&ÖÂ¢÷WFW"Æö÷ ¢fW'FW‚Ó#Bã#RC ¢fW'FW‚Ó#2ãcsbÓã#sCC ¢fW'FW‚Ó#2ãcsbã#sCC ¢VæFÆö÷ ¢VæFf6W@¢f6WBæ÷&ÖÂ¢÷WFW"Æö÷ ¢fW'FW‚Ó#Bã#RC ¢fW'FW‚Ó#BÓã#RC ¢fW'FW‚Ó#2ãcsbÓã#sCC ¢VæFÆö÷ ¢VæFf6W@¢f6WBæ÷&ÖÂÓ¢÷WFW"Æö÷ ¢fW'FW‚Ó#Bã3#Bã#sCC ¢fW'FW‚Ó#BÓã#RC ¢fW'FW‚Ó#Bã#RC ¢VæFÆö÷ ¢VæFf6W@¢f6WBæ÷&ÖÂ¢÷WFW"Æö÷ ¢fW'FW‚Ó#Bã3#Bã#sCC ¢fW'FW‚Ó#Bã3#BÓã#sCC ¢fW'FW‚Ó#BÓã#RC ¢VæFÆö÷ ¢VæFf6W@¢f6WBæ÷&ÖÂÓ¢÷WFW"Æö÷ ¢fW'FW‚Ó#Bãc#Rãƒ#S2C ¢fW'FW‚Ó#Bã3#BÓã#sCC ¢fW'FW‚Ó#Bã3#Bã#sCC ¢VæFÆö÷ ¢VæFf6W@¢f6WBæ÷&ÖÂ¢÷WFW"Æö÷ ¢fW'FW‚Ó#Bãc#Rãƒ#S2C ¢fW'FW‚Ó#Bãc#RÓãƒ#S2C ¢fW'FW‚Ó#Bã3#BÓã#sCC ¢VæFÆö÷ ¢VæFf6W@¢f6WBæ÷&ÖÂÓ¢÷WFW"Æö÷ ¢fW'FW‚Ó#BãƒƒBãƒƒ3ƒƒ2C ¢fW'FW‚Ó#Bãc#RÓãƒ#S2C ¢fW'FW‚Ó#Bãc#Rãƒ#S2C ¢VæFÆö÷ ¢VæFf6W@¢f6WBæ÷&ÖÂ¢÷WFW"Æö÷ ¢fW'FW‚Ó#BãƒƒBãƒƒ3ƒƒ2C ¢fW'FW‚Ó#BãƒƒBÓãƒƒ3ƒƒ2C ¢fW'FW‚Ó#Bãc#RÓãƒ#S2C ¢VæFÆö÷ ¢VæFf6W@¢f6WBæ÷&ÖÂÓ¢÷WFW"Æö÷ ¢fW'FW‚Ó#Rãƒ2ãc#RC ¢fW'FW‚Ó#BãƒƒBÓãƒƒ3ƒƒ2C ¢fW'FW‚Ó#BãƒƒBãƒƒ3ƒƒ2C ¢VæFÆö÷ ¢VæFf6W@¢f6WBæ÷&ÖÂ¢÷WFW"Æö÷ ¢fW'FW‚Ó#Rãƒ2ãc#RC ¢fW'FW‚Ó#Rãƒ2Óãc#RC ¢fW'FW‚Ó#BãƒƒBÓãƒƒ3ƒƒ2C ¢VæFÆö÷ ¢VæFf6W@¢f6WBæ÷&ÖÂÓ¢÷WFW"Æö÷ ¢fW'FW‚Ó#Rã#rã3#3S#BC ¢fW'FW‚Ó#Rãƒ2Óãc#RC ¢fW'FW‚Ó#Rãƒ2ãc#RC ¢VæFÆö÷ ¢VæFf6W@¢f6WBæ÷&ÖÂ¢÷WFW"Æö÷ ¢fW'FW‚Ó#Rã#rã3#3S#BC ¢fW'FW‚Ó#Rã#rÓã3#3S#BC ¢fW'FW‚Ó#Rãƒ2Óãc#RC ¢VæFÆö÷ ¢VæFf6W@¢f6WBæ÷&ÖÂÓ¢÷WFW"Æö÷ ¢fW'FW‚Ó#Rã#rÓã3#3S#BC ¢fW'FW‚Ó#Rã#rã3#3S#BC ¢fW'FW‚Ó#Rã#RC ¢VæFÆö÷ ¢VæFf6W@¢f6WBæ÷&ÖÂã3ƒ3#"Óã“#3cc ¢÷WFW"Æö÷ ¢fW'FW‚Ó#Bãc#Rãƒ#S2C ¢fW'FW‚Ó#Bã3#Bã#sCS ¢fW'FW‚Ó#Bãc#Rãƒ#S2S ¢VæFÆö÷ ¢VæFf6W@¢f6WBæ÷&ÖÂã3ƒ3#"Óã“#3cc ¢÷WFW"Æö÷ ¢fW'FW‚Ó#Bã3#Bã#sCS ¢fW'FW‚Ó#Bãc#Rãƒ#S2C ¢fW'FW‚Ó#Bã3#Bã#sCC ¢VæFÆö÷ ¢VæFf6W@¢f6WBæ÷&ÖÂãs“#ƒ3"Óãc“CB ¢÷WFW"Æö÷ ¢fW'FW‚Ó#Rãƒ2ãc#RS ¢fW'FW‚Ó#BãƒƒBãƒƒ3ƒƒ2C ¢fW'FW‚Ó#BãƒƒBãƒƒ3ƒƒ2S ¢VæFÆö÷ ¢VæFf6W@¢f6WBæ÷&ÖÂãs“#ƒ3"Óãc“CB ¢÷WFW"Æö÷ ¢fW'FW‚Ó#BãƒƒBãƒƒ3ƒƒ2C ¢fW'FW‚Ó#Rãƒ2ãc#RS ¢fW'FW‚Ó#Rãƒ2ãc#RC ¢VæFÆö÷ ¢VæFf6W@¢f6WBæ÷&ÖÂã““#ƒ2Óã3sS2 ¢÷WFW"Æö÷ ¢fW'FW‚Ó#Rã#RS ¢fW'FW‚Ó#Rã#rã3#3S#BC ¢fW'FW‚Ó#Rã#rã3#3S#BS ¢VæFÆö÷ ¢VæFf6W@¢f6WBæ÷&ÖÂã““#ƒ2Óã3sS2 ¢÷WFW"Æö÷ ¢fW'FW‚Ó#Rã#rã3#3S#BC ¢fW'FW‚Ó#Rã#RS ¢fW'FW‚Ó#Rã#RC ¢VæFÆö÷ ¢VæFf6W@¢f6WBæ÷&ÖÂã33#’Óã““Cs ¢÷WFW"Æö÷ ¢fW'FW‚Ó#Bã3#Bã#sCC ¢fW'FW‚Ó#Bã#RS ¢fW'FW‚Ó#Bã3#Bã#sCS ¢VæFÆö÷ ¢VæFf6W@¢f6WBæ÷&ÖÂã33#’Óã““Cs ¢÷WFW"Æö÷ ¢fW'FW‚Ó#Bã#RS ¢fW'FW‚Ó#Bã3#Bã#sCC ¢fW'FW‚Ó#Bã#RC ¢VæFÆö÷ ¢VæFf6W@¢f6WBæ÷&ÖÂÓãcƒSƒrãs“3Cƒ‚ ¢÷WFW"Æö÷ ¢fW'FW‚Ó#2ãbÓãƒƒ3ƒƒ2C ¢fW'FW‚Ó#2ã3sRÓãƒ#S2S ¢fW'FW‚Ó#2ãbÓãƒƒ3ƒƒ2S ¢VæFÆö÷ ¢VæFf6W@¢f6WBæ÷&ÖÂÓãcƒSƒrãs“3Cƒ‚ ¢÷WFW"Æö÷ ¢fW'FW‚Ó#2ã3sRÓãƒ#S2S ¢fW'FW‚Ó#2ãbÓãƒƒ3ƒƒ2C ¢fW'FW‚Ó#2ã3sRÓãƒ#S2C ¢VæFÆö÷ ¢VæFf6W@¢f6WBæ÷&ÖÂã““#ƒ2ã3sS2 ¢÷WFW"Æö÷ ¢fW'FW‚Ó#Rã#rÓã3#3S#BS ¢fW'FW‚Ó#Rã#RC ¢fW'FW‚Ó#Rã#RS ¢VæFÆö÷ ¢VæFf6W@¢f6WBæ÷&ÖÂã““#ƒ2ã3sS2 ¢÷WFW"Æö÷ ¢fW'FW‚Ó#Rã#RC ¢fW'FW‚Ó#Rã#rÓã3#3S#BS ¢fW'FW‚Ó#Rã#rÓã3#3S#BC ¢VæFÆö÷ ¢VæFf6W@¢f6WBæ÷&ÖÂÓãcƒSƒrÓãs“3Cƒ‚ ¢÷WFW"Æö÷ ¢fW'FW‚Ó#2ã3sRãƒ#S2C ¢fW'FW‚Ó#2ãbãƒƒ3ƒƒ2S ¢fW'FW‚Ó#2ã3sRãƒ#S2S ¢VæFÆö÷ ¢VæFf6W@¢f6WBæ÷&ÖÂÓãcƒSƒrÓãs“3Cƒ‚Ó ¢÷WFW"Æö÷ ¢fW'FW‚Ó#2ãbãƒƒ3ƒƒ2S ¢fW'FW‚Ó#2ã3sRãƒ#S2C ¢fW'FW‚Ó#2ãbãƒƒ3ƒƒ2C ¢VæFÆö÷ ¢VæFf6W@¢f6WBæ÷&ÖÂÓã3ƒ3#"ã“#3cc ¢÷WFW"Æö÷ ¢fW'FW‚Ó#2ã3sRÓãƒ#S2C ¢fW'FW‚Ó#2ãcsbÓã#sCS ¢fW'FW‚Ó#2ã3sRÓãƒ#S2S ¢VæFÆö÷ ¢VæFf6W@¢f6WBæ÷&ÖÂÓã3ƒ3#"ã“#3cc ¢÷WFW"Æö÷ ¢fW'FW‚Ó#2ãcsbÓã#sCS ¢fW'FW‚Ó#2ã3sRÓãƒ#S2C ¢fW'FW‚Ó#2ãcsbÓã#sCC ¢VæFÆö÷ ¢VæFf6W@¢f6WBæ÷&ÖÂãs“#ƒ3"ãc“CB ¢÷WFW"Æö÷ ¢fW'FW‚Ó#BãƒƒBÓãƒƒ3ƒƒ2S ¢fW'FW‚Ó#Rãƒ2Óãc#RC ¢fW'FW‚Ó#Rãƒ2Óãc#RS ¢VæFÆö÷ ¢VæFf6W@¢f6WBæ÷&ÖÂãs“#ƒ3"ãc“CB ¢÷WFW"Æö÷ ¢fW'FW‚Ó#Rãƒ2Óãc#RC ¢fW'FW‚Ó#BãƒƒBÓãƒƒ3ƒƒ2S ¢fW'FW‚Ó#BãƒƒBÓãƒƒ3ƒƒ2C ¢VæFÆö÷ ¢VæFf6W@¢f6WBæ÷&ÖÂãcƒSƒrÓãs“3Cƒ‚ ¢÷WFW"Æö÷ ¢fW'FW‚Ó#BãƒƒBãƒƒ3ƒƒ2C ¢fW'FW‚Ó#Bãc#Rãƒ#S2S ¢fW'FW‚Ó#BãƒƒBãƒƒ3ƒƒ2S ¢VæFÆö÷ ¢VæFf6W@¢f6WBæ÷&ÖÂãcƒSƒrÓãs“3Cƒ‚ ¢÷WFW"Æö÷ ¢fW'FW‚Ó#Bãc#Rãƒ#S2S ¢fW'FW‚Ó#BãƒƒBãƒƒ3ƒƒ2C ¢fW'FW‚Ó#Bãc#Rãƒ#S2C ¢VæFÆö÷ ¢VæFf6W@¢f6WBæ÷&ÖÂÓã“#Cƒ#bÓã3ƒ3’ ¢÷WFW"Æö÷ ¢fW'FW‚Ó#"ãs“2ã3#3S#BC ¢fW'FW‚Ó#"ã“rãc#RS ¢fW'FW‚Ó#"ã“rãc#RC ¢VæFÆö÷ ¢VæFf6W@¢f6WBæ÷&ÖÂÓã“#Cƒ#bÓã3ƒ3’ ¢÷WFW"Æö÷ ¢fW'FW‚Ó#"ã“rãc#RS ¢fW'FW‚Ó#"ãs“2ã3#3S#BC ¢fW'FW‚Ó#"ãs“2ã3#3S#BS ¢VæFÆö÷ ¢VæFf6W@¢f6WBæ÷&ÖÂã“#Cƒ#bÓã3ƒ3’ ¢÷WFW"Æö÷ ¢fW'FW‚Ó#Rã#rã3#3S#BS ¢fW'FW‚Ó#Rãƒ2ãc#RC ¢fW'FW‚Ó#Rãƒ2ãc#RS ¢VæFÆö÷ ¢VæFf6W@¢f6WBæ÷&ÖÂã“#Cƒ#bÓã3ƒ3’ ¢÷WFW"Æö÷ ¢fW'FW‚Ó#Rãƒ2ãc#RC ¢fW'FW‚Ó#Rã#rã3#3S#BS ¢fW'FW‚Ó#Rã#rã3#3S#BC ¢VæFÆö÷ ¢VæFf6W@¢f6WBæ÷&ÖÂã33#’ã““CsÓ ¢÷WFW"Æö÷ ¢fW'FW‚Ó#BÓã#RC ¢fW'FW‚Ó#Bã3#BÓã#sCS ¢fW'FW‚Ó#BÓã#RS ¢VæFÆö÷ ¢VæFf6W@¢f6WBæ÷&ÖÂã33#’ã““Cs ¢÷WFW"Æö÷ ¢fW'FW‚Ó#Bã3#BÓã#sCS ¢fW'FW‚Ó#BÓã#RC ¢fW'FW‚Ó#Bã3#BÓã#sCC ¢VæFÆö÷ ¢VæFf6W@¢f6WBæ÷&ÖÂÓã33#’Óã““Cs ¢÷WFW"Æö÷ ¢fW'FW‚Ó#Bã#RC ¢fW'FW‚Ó#2ãcsbã#sCS ¢fW'FW‚Ó#Bã#RS ¢VæFÆö÷ ¢VæFf6W@¢f6WBæ÷&ÖÂÓã33#’Óã““CsÓ ¢÷WFW"Æö÷ ¢fW'FW‚Ó#2ãcsbã#sCS ¢fW'FW‚Ó#Bã#RC ¢fW'FW‚Ó#2ãcsbã#sCC ¢VæFÆö÷ ¢VæFf6W@¢f6WBæ÷&ÖÂÓãs“#ƒ3"ãc“CB ¢÷WFW"Æö÷ ¢fW'FW‚Ó#2ãbÓãƒƒ3ƒƒ2C ¢fW'FW‚Ó#"ã“rÓãc#RS ¢fW'FW‚Ó#"ã“rÓãc#RC ¢VæFÆö÷ ¢VæFf6W@¢f6WBæ÷&ÖÂÓãs“#ƒ3"ãc“CB ¢÷WFW"Æö÷ ¢fW'FW‚Ó#"ã“rÓãc#RS ¢fW'FW‚Ó#2ãbÓãƒƒ3ƒƒ2C ¢fW'FW‚Ó#2ãbÓãƒƒ3ƒƒ2S ¢VæFÆö÷ ¢VæFf6W@¢f6WBæ÷&ÖÂÓã“#Cƒ#bã3ƒ3’ ¢÷WFW"Æö÷ ¢fW'FW‚Ó#"ã“rÓãc#RC ¢fW'FW‚Ó#"ãs“2Óã3#3S#BS ¢fW'FW‚Ó#"ãs“2Óã3#3S#BC ¢VæFÆö÷ ¢VæFf6W@¢f6WBæ÷&ÖÂÓã“#Cƒ#bã3ƒ3’ ¢÷WFW"Æö÷ ¢fW'FW‚Ó#"ãs“2Óã3#3S#BS ¢fW'FW‚Ó#"ã“rÓãc#RC ¢fW'FW‚Ó#"ã“rÓãc#RS ¢VæFÆö÷ ¢VæFf6W@¢f6WBæ÷&ÖÂÓã““#ƒ2Óã3sS2 ¢÷WFW"Æö÷ ¢fW'FW‚Ó#"ãsRC ¢fW'FW‚Ó#"ãs“2ã3#3S#BS ¢fW'FW‚Ó#"ãs“2ã3#3S#BC ¢VæFÆö÷ ¢VæFf6W@¢f6WBæ÷&ÖÂÓã““#ƒ2Óã3sS2 ¢÷WFW"Æö÷ ¢fW'FW‚Ó#"ãs“2ã3#3S#BS ¢fW'FW‚Ó#"ãsRC ¢fW'FW‚Ó#"ãsRS ¢VæFÆö÷ ¢VæFf6W@¢f6WBæ÷&ÖÂÓã““#ƒ2ã3sS2 ¢÷WFW"Æö÷ ¢fW'FW‚Ó#"ãs“2Óã3#3S#BC ¢fW'FW‚Ó#"ãsRS ¢fW'FW‚Ó#"ãsRC ¢VæFÆö÷ ¢VæFf6W@¢f6WBæ÷&ÖÂÓã““#ƒ2ã3sS2 ¢÷WFW"Æö÷ ¢fW'FW‚Ó#"ãsRS ¢fW'FW‚Ó#"ãs“2Óã3#3S#BC ¢fW'FW‚Ó#"ãs“2Óã3#3S#BS ¢VæFÆö÷ ¢VæFf6W@¢f6WBæ÷&ÖÂÓãs“#ƒ3"Óãc“CB ¢÷WFW"Æö÷ ¢fW'FW‚Ó#"ã“rãc#RC ¢fW'FW‚Ó#2ãbãƒƒ3ƒƒ2S ¢fW'FW‚Ó#2ãbãƒƒ3ƒƒ2C ¢VæFÆö÷ ¢VæFf6W@¢f6WBæ÷&ÖÂÓãs“#ƒ3"Óãc“CB ¢÷WFW"Æö÷ ¢fW'FW‚Ó#2ãbãƒƒ3ƒƒ2S ¢fW'FW‚Ó#"ã“rãc#RC ¢fW'FW‚Ó#"ã“rãc#RS ¢VæFÆö÷ ¢VæFf6W@¢f6WBæ÷&ÖÂãcƒSƒrãs“3Cƒ‚Ó ¢÷WFW"Æö÷ ¢fW'FW‚Ó#Bãc#RÓãƒ#S2C ¢fW'FW‚Ó#BãƒƒBÓãƒƒ3ƒƒ2S ¢fW'FW‚Ó#Bãc#RÓãƒ#S2S ¢VæFÆö÷ ¢VæFf6W@¢f6WBæ÷&ÖÂãcƒSƒrãs“3Cƒ‚ ¢÷WFW"Æö÷ ¢fW'FW‚Ó#BãƒƒBÓãƒƒ3ƒƒ2S ¢fW'FW‚Ó#Bãc#RÓãƒ#S2C ¢fW'FW‚Ó#BãƒƒBÓãƒƒ3ƒƒ2C ¢VæFÆö÷ ¢VæFf6W@¢f6WBæ÷&ÖÂã“#Cƒ#bã3ƒ3’ ¢÷WFW"Æö÷ ¢fW'FW‚Ó#Rãƒ2Óãc#RS ¢fW'FW‚Ó#Rã#rÓã3#3S#BC ¢fW'FW‚Ó#Rã#rÓã3#3S#BS ¢VæFÆö÷ ¢VæFf6W@¢f6WBæ÷&ÖÂã“#Cƒ#bã3ƒ3’ ¢÷WFW"Æö÷ ¢fW'FW‚Ó#Rã#rÓã3#3S#BC ¢fW'FW‚Ó#Rãƒ2Óãc#RS ¢fW'FW‚Ó#Rãƒ2Óãc#RC ¢VæFÆö÷ ¢VæFf6W@¢f6WBæ÷&ÖÂÓã3ƒ3#"Óã“#3cc ¢÷WFW"Æö÷ ¢fW'FW‚Ó#2ãcsbã#sCC ¢fW'FW‚Ó#2ã3sRãƒ#S2S ¢fW'FW‚Ó#2ãcsbã#sCS ¢VæFÆö÷ ¢VæFf6W@¢f6WBæ÷&ÖÂÓã3ƒ3#"Óã“#3ccÓ ¢÷WFW"Æö÷ ¢fW'FW‚Ó#2ã3sRãƒ#S2S ¢fW'FW‚Ó#2ãcsbã#sCC ¢fW'FW‚Ó#2ã3sRãƒ#S2C ¢VæFÆö÷ ¢VæFf6W@¢f6WBæ÷&ÖÂÓã33#’ã““Cs ¢÷WFW"Æö÷ ¢fW'FW‚Ó#2ãcsbÓã#sCC ¢fW'FW‚Ó#BÓã#RS ¢fW'FW‚Ó#2ãcsbÓã#sCS ¢VæFÆö÷ ¢VæFf6W@¢f6WBæ÷&ÖÂÓã33#’ã““Cs ¢÷WFW"Æö÷ ¢fW'FW‚Ó#BÓã#RS ¢fW'FW‚Ó#2ãcsbÓã#sCC ¢fW'FW‚Ó#BÓã#RC ¢VæFÆö÷ ¢VæFf6W@¢f6WBæ÷&ÖÂã3ƒ3#"ã“#3ccÓ ¢÷WFW"Æö÷ ¢fW'FW‚Ó#Bã3#BÓã#sCC ¢fW'FW‚Ó#Bãc#RÓãƒ#S2S ¢fW'FW‚Ó#Bã3#BÓã#sCS ¢VæFÆö÷ ¢VæFf6W@¢f6WBæ÷&ÖÂã3ƒ3#"ã“#3cc ¢÷WFW"Æö÷ ¢fW'FW‚Ó#Bãc#RÓãƒ#S2S ¢fW'FW‚Ó#Bã3#BÓã#sCC ¢fW'FW‚Ó#Bãc#RÓãƒ#S2C ¢VæFÆö÷ ¢VæFf6W@¢f6WBæ÷&ÖÂÓãs“3SSrãcƒC“b ¢÷WFW"Æö÷ ¢fW'FW‚ÓcãcÓ‚ã#sC ¢fW'FW‚Ócã“sRÓ‚ã"S ¢fW'FW‚Ócã“sRÓ‚ã"C ¢VæFÆö÷ ¢VæFf6W@¢f6WBæ÷&ÖÂÓãs“3SSrãcƒC“b ¢÷WFW"Æö÷ ¢fW'FW‚Ócã“sRÓ‚ã"S ¢fW'FW‚ÓcãcÓ‚ã#sC ¢fW'FW‚ÓcãcÓ‚ã#sS ¢VæFÆö÷ ¢VæFf6W@¢f6WBæ÷&ÖÂãs“3SSrÓãcƒC“b ¢÷WFW"Æö÷ ¢fW'FW‚Óc2ãƒ#RÓbãsc"S ¢fW'FW‚Óc"ãƒƒ3’ÓbãS2C ¢fW'FW‚Óc"ãƒƒ3’ÓbãS2S ¢VæFÆö÷ ¢VæFf6W@¢f6WBæ÷&ÖÂãs“3SSrÓãcƒC“b ¢÷WFW"Æö÷ ¢fW'FW‚Óc"ãƒƒ3’ÓbãS2C ¢fW'FW‚Óc2ãƒ#RÓbãsc"S ¢fW'FW‚Óc2ãƒ#RÓbãsc"C ¢VæFÆö÷ ¢VæFf6W@¢f6WBæ÷&ÖÂãc“CRãs“#ƒS"Ó ¢÷WFW"Æö÷ ¢fW'FW‚Óc"ãc#RÓ‚ãCrC ¢fW'FW‚Óc"ãƒƒ3’Ó‚ã#sS ¢fW'FW‚Óc"ãc#RÓ‚ãCrS ¢VæFÆö÷ ¢VæFf6W@¢f6WBæ÷&ÖÂãc“CRãs“#ƒS" ¢÷WFW"Æö÷ ¢fW'FW‚Óc"ãƒƒ3’Ó‚ã#sS ¢fW'FW‚Óc"ãc#RÓ‚ãCrC ¢fW'FW‚Óc"ãƒƒ3’Ó‚ã#sC ¢VæFÆö÷ ¢VæFf6W@¢f6WBæ÷&ÖÂÓã“#3c3’ã3ƒ3#cB ¢÷WFW"Æö÷ ¢fW'FW‚Ócã“sRÓ‚ã"C ¢fW'FW‚Ócãs“#bÓrãsS ¢fW'FW‚Ócãs“#bÓrãsC ¢VæFÆö÷ ¢VæFf6W@¢f6WBæ÷&ÖÂÓã“#3c3’ã3ƒ3#cB ¢÷WFW"Æö÷ ¢fW'FW‚Ócãs“#bÓrãsS ¢fW'FW‚Ócã“sRÓ‚ã"C ¢fW'FW‚Ócã“sRÓ‚ã"S ¢VæFÆö÷ ¢VæFf6W@¢f6WBæ÷&ÖÂÓãc“CRãs“#ƒS" ¢÷WFW"Æö÷ ¢fW'FW‚ÓcãcÓ‚ã#sC ¢fW'FW‚Ócã3sRÓ‚ãCrS ¢fW'FW‚ÓcãcÓ‚ã#sS ¢VæFÆö÷ ¢VæFf6W@¢f6WBæ÷&ÖÂÓãc“CRãs“#ƒS" ¢÷WFW"Æö÷ ¢fW'FW‚Ócã3sRÓ‚ãCrS ¢fW'FW‚ÓcãcÓ‚ã#sC ¢fW'FW‚Ócã3sRÓ‚ãCrC ¢VæFÆö÷ ¢VæFf6W@¢f6WBæ÷&ÖÂã#ƒsC’ã““csrÓ ¢÷WFW"Æö÷ ¢fW'FW‚Óc"Ó‚ãc3rC ¢fW'FW‚Óc"ã3#3RÓ‚ãS“RS ¢fW'FW‚Óc"Ó‚ãc3rS ¢VæFÆö÷ ¢VæFf6W@¢f6WBæ÷&ÖÂã#ƒsC’ã““csr ¢÷WFW"Æö÷ ¢fW'FW‚Óc"ã3#3RÓ‚ãS“RS ¢fW'FW‚Óc"Ó‚ãc3rC ¢fW'FW‚Óc"ã3#3RÓ‚ãS“RC ¢VæFÆö÷ ¢VæFf6W@¢f6WBæ÷&ÖÂã“#3c3’ã3ƒ3#cB ¢÷WFW"Æö÷ ¢fW'FW‚Óc2ãƒ#RÓ‚ã"S ¢fW'FW‚Óc2ã#sBÓrãsC ¢fW'FW‚Óc2ã#sBÓrãsS ¢VæFÆö÷ ¢VæFf6W@¢f6WBæ÷&ÖÂã“#3c3’ã3ƒ3#cB ¢÷WFW"Æö÷ ¢fW'FW‚Óc2ã#sBÓrãsC ¢fW'FW‚Óc2ãƒ#RÓ‚ã"S ¢fW'FW‚Óc2ãƒ#RÓ‚ã"C ¢VæFÆö÷ ¢VæFf6W@¢f6WBæ÷&ÖÂÓã3ƒ#“ƒ2ã“#3sSR ¢÷WFW"Æö÷ ¢fW'FW‚Ócã3sRÓ‚ãCrC ¢fW'FW‚ÓcãcscRÓ‚ãS“RS ¢fW'FW‚Ócã3sRÓ‚ãCrS ¢VæFÆö÷ ¢VæFf6W@¢f6WBæ÷&ÖÂÓã3ƒ#“ƒ2ã“#3sSR ¢÷WFW"Æö÷ ¢fW'FW‚ÓcãcscRÓ‚ãS“RS ¢fW'FW‚Ócã3sRÓ‚ãCrC ¢fW'FW‚ÓcãcscRÓ‚ãS“RC ¢VæFÆö÷ ¢VæFf6W@¢f6WBæ÷&ÖÂÓã““Ccrã33b ¢÷WFW"Æö÷ ¢fW'FW‚Ócãs“#bÓrãsC ¢fW'FW‚ÓcãsRÓrã3ƒrS ¢fW'FW‚ÓcãsRÓrã3ƒrC ¢VæFÆö÷ ¢VæFf6W@¢f6WBæ÷&ÖÂÓã““Ccrã33b ¢÷WFW"Æö÷ ¢fW'FW‚ÓcãsRÓrã3ƒrS ¢fW'FW‚Ócãs“#bÓrãsC ¢fW'FW‚Ócãs“#bÓrãsS ¢VæFÆö÷ ¢VæFf6W@¢f6WBæ÷&ÖÂã3ƒ#“ƒ2Óã“#3sSR ¢÷WFW"Æö÷ ¢fW'FW‚Óc"ãc#RÓbã3RC ¢fW'FW‚Óc"ã3#3RÓbã‚S ¢fW'FW‚Óc"ãc#RÓbã3RS ¢VæFÆö÷ ¢VæFf6W@¢f6WBæ÷&ÖÂã3ƒ#“ƒ2Óã“#3sSR ¢÷WFW"Æö÷ ¢fW'FW‚Óc"ã3#3RÓbã‚S ¢fW'FW‚Óc"ãc#RÓbã3RC ¢fW'FW‚Óc"ã3#3RÓbã‚C ¢VæFÆö÷ ¢VæFf6W@¢f6WBæ÷&ÖÂã““Ccrã33b ¢÷WFW"Æö÷ ¢fW'FW‚Óc2ã#sBÓrãsS ¢fW'FW‚Óc2ã#RÓrã3ƒrC ¢fW'FW‚Óc2ã#RÓrã3ƒrS ¢VæFÆö÷ ¢VæFf6W@¢f6WBæ÷&ÖÂã““Ccrã33b ¢÷WFW"Æö÷ ¢fW'FW‚Óc2ã#RÓrã3ƒrC ¢fW'FW‚Óc2ã#sBÓrãsS ¢fW'FW‚Óc2ã#sBÓrãsC ¢VæFÆö÷ ¢VæFf6W@¢f6WBæ÷&ÖÂã“#Cƒ‚Óã3ƒ#ƒ ¢÷WFW"Æö÷ ¢fW'FW‚Óc2ã#sBÓrãcBS ¢fW'FW‚Óc2ãƒ#RÓbãsc"C ¢fW'FW‚Óc2ãƒ#RÓbãsc"S ¢VæFÆö÷ ¢VæFf6W@¢f6WBæ÷&ÖÂã“#Cƒ‚Óã3ƒ#ƒ ¢÷WFW"Æö÷ ¢fW'FW‚Óc2ãƒ#RÓbãsc"C ¢fW'FW‚Óc2ã#sBÓrãcBS ¢fW'FW‚Óc2ã#sBÓrãcBC ¢VæFÆö÷ ¢VæFf6W@¢f6WBæ÷&ÖÂãcsCƒBÓãs“C33" ¢÷WFW"Æö÷ ¢fW'FW‚Óc"ãƒƒ3’ÓbãS2C ¢fW'FW‚Óc"ãc#RÓbã3RS ¢fW'FW‚Óc"ãƒƒ3’ÓbãS2S ¢VæFÆö÷ ¢VæFf6W@¢f6WBæ÷&ÖÂãcsCƒBÓãs“C33" ¢÷WFW"Æö÷ ¢fW'FW‚Óc"ãc#RÓbã3RS ¢fW'FW‚Óc"ãƒƒ3’ÓbãS2C ¢fW'FW‚Óc"ãc#RÓbã3RC ¢VæFÆö÷ ¢VæFf6W@¢f6WBæ÷&ÖÂãs“3SSrãcƒC“b ¢÷WFW"Æö÷ ¢fW'FW‚Óc"ãƒƒ3’Ó‚ã#sS ¢fW'FW‚Óc2ãƒ#RÓ‚ã"C ¢fW'FW‚Óc2ãƒ#RÓ‚ã"S ¢VæFÆö÷ ¢VæFf6W@¢f6WBæ÷&ÖÂãs“3SSrãcƒC“b ¢÷WFW"Æö÷ ¢fW'FW‚Óc2ãƒ#RÓ‚ã"C ¢fW'FW‚Óc"ãƒƒ3’Ó‚ã#sS ¢fW'FW‚Óc"ãƒƒ3’Ó‚ã#sC ¢VæFÆö÷ ¢VæFf6W@¢f6WBæ÷&ÖÂã3ƒ#“ƒ2ã“#3sSRÓ ¢÷WFW"Æö÷ ¢fW'FW‚Óc"ã3#3RÓ‚ãS“RC ¢fW'FW‚Óc"ãc#RÓ‚ãCrS ¢fW'FW‚Óc"ã3#3RÓ‚ãS“RS ¢VæFÆö÷ ¢VæFf6W@¢f6WBæ÷&ÖÂã3ƒ#“ƒ2ã“#3sSR ¢÷WFW"Æö÷ ¢fW'FW‚Óc"ãc#RÓ‚ãCrS ¢fW'FW‚Óc"ã3#3RÓ‚ãS“RC ¢fW'FW‚Óc"ãc#RÓ‚ãCrC ¢VæFÆö÷ ¢VæFf6W@¢f6WBæ÷&ÖÂÓã3sc"Óã““#ƒ ¢÷WFW"Æö÷ ¢fW'FW‚Óc"Óbã3rC ¢fW'FW‚ÓcãcscRÓbã‚S ¢fW'FW‚Óc"Óbã3rS ¢VæFÆö÷ ¢VæFf6W@¢f6WBæ÷&ÖÂÓã3sc"Óã““#ƒÓ ¢÷WFW"Æö÷ ¢fW'FW‚ÓcãcscRÓbã‚S ¢fW'FW‚Óc"Óbã3rC ¢fW'FW‚ÓcãcscRÓbã‚C ¢VæFÆö÷ ¢VæFf6W@¢f6WBæ÷&ÖÂã““CRÓã3sSb ¢÷WFW"Æö÷ ¢fW'FW‚Óc2ã#RÓrã3ƒrS ¢fW'FW‚Óc2ã#sBÓrãcBC ¢fW'FW‚Óc2ã#sBÓrãcBS ¢VæFÆö÷ ¢VæFf6W@¢f6WBæ÷&ÖÂã““CRÓã3sSb ¢÷WFW"Æö÷ ¢fW'FW‚Óc2ã#sBÓrãcBC ¢fW'FW‚Óc2ã#RÓrã3ƒrS ¢fW'FW‚Óc2ã#RÓrã3ƒrC ¢VæFÆö÷ ¢VæFf6W@¢f6WBæ÷&ÖÂÓã3ƒ#“ƒ2Óã“#3sSR ¢÷WFW"Æö÷ ¢fW'FW‚ÓcãcscRÓbã‚C ¢fW'FW‚Ócã3sRÓbã3RS ¢fW'FW‚ÓcãcscRÓbã‚S ¢VæFÆö÷ ¢VæFf6W@¢f6WBæ÷&ÖÂÓã3ƒ#“ƒ2Óã“#3sSRÓ ¢÷WFW"Æö÷ ¢fW'FW‚Ócã3sRÓbã3RS ¢fW'FW‚ÓcãcscRÓbã‚C ¢fW'FW‚Ócã3sRÓbã3RC ¢VæFÆö÷ ¢VæFf6W@¢f6WBæ÷&ÖÂÓã#ƒsC’ã““csr ¢÷WFW"Æö÷ ¢fW'FW‚ÓcãcscRÓ‚ãS“RC ¢fW'FW‚Óc"Ó‚ãc3rS ¢fW'FW‚ÓcãcscRÓ‚ãS“RS ¢VæFÆö÷ ¢VæFf6W@¢f6WBæ÷&ÖÂÓã#ƒsC’ã““csr ¢÷WFW"Æö÷ ¢fW'FW‚Óc"Ó‚ãc3rS ¢fW'FW‚ÓcãcscRÓ‚ãS“RC ¢fW'FW‚Óc"Ó‚ãc3rC ¢VæFÆö÷ ¢VæFf6W@¢f6WBæ÷&ÖÂã3sc"Óã““#ƒ ¢÷WFW"Æö÷ ¢fW'FW‚Óc"ã3#3RÓbã‚C ¢fW'FW‚Óc"Óbã3rS ¢fW'FW‚Óc"ã3#3RÓbã‚S ¢VæFÆö÷ ¢VæFf6W@¢f6WBæ÷&ÖÂã3sc"Óã““#ƒ ¢÷WFW"Æö÷ ¢fW'FW‚Óc"Óbã3rS ¢fW'FW‚Óc"ã3#3RÓbã‚C ¢fW'FW‚Óc"Óbã3rC ¢VæFÆö÷ ¢VæFf6W@¢f6WBæ÷&ÖÂÓã““CRÓã3sSb ¢÷WFW"Æö÷ ¢fW'FW‚ÓcãsRÓrã3ƒrC ¢fW'FW‚Ócãs“#bÓrãcBS ¢fW'FW‚Ócãs“#bÓrãcBC ¢VæFÆö÷ ¢VæFf6W@¢f6WBæ÷&ÖÂÓã““CRÓã3sSb ¢÷WFW"Æö÷ ¢fW'FW‚Ócãs“#bÓrãcBS ¢fW'FW‚ÓcãsRÓrã3ƒrC ¢fW'FW‚ÓcãsRÓrã3ƒrS ¢VæFÆö÷ ¢VæFf6W@¢f6WBæ÷&ÖÂÓã“#Cƒ‚Óã3ƒ#ƒ ¢÷WFW"Æö÷ ¢fW'FW‚Ócãs“#bÓrãcBC ¢fW'FW‚Ócã“sRÓbãsc"S ¢fW'FW‚Ócã“sRÓbãsc"C ¢VæFÆö÷ ¢VæFf6W@¢f6WBæ÷&ÖÂÓã“#Cƒ‚Óã3ƒ#ƒ ¢÷WFW"Æö÷ ¢fW'FW‚Ócã“sRÓbãsc"S ¢fW'FW‚Ócãs“#bÓrãcBC ¢fW'FW‚Ócãs“#bÓrãcBS ¢VæFÆö÷ ¢VæFf6W@¢f6WBæ÷&ÖÂÓãcsCƒBÓãs“C33" ¢÷WFW"Æö÷ ¢fW'FW‚Ócã3sRÓbã3RC ¢fW'FW‚ÓcãcÓbãS2S ¢fW'FW‚Ócã3sRÓbã3RS ¢VæFÆö÷ ¢VæFf6W@¢f6WBæ÷&ÖÂÓãcsCƒBÓãs“C33"Ó ¢÷WFW"Æö÷ ¢fW'FW‚ÓcãcÓbãS2S ¢fW'FW‚Ócã3sRÓbã3RC ¢fW'FW‚ÓcãcÓbãS2C ¢VæFÆö÷ ¢VæFf6W@¢f6WBæ÷&ÖÂÓãs“3SSrÓãcƒC“b ¢÷WFW"Æö÷ ¢fW'FW‚Ócã“sRÓbãsc"C ¢fW'FW‚ÓcãcÓbãS2S ¢fW'FW‚ÓcãcÓbãS2C ¢VæFÆö÷ ¢VæFf6W@¢f6WBæ÷&ÖÂÓãs“3SSrÓãcƒC“b ¢÷WFW"Æö÷ ¢fW'FW‚ÓcãcÓbãS2S ¢fW'FW‚Ócã“sRÓbãsc"C ¢fW'FW‚Ócã“sRÓbãsc"S ¢VæFÆö÷ ¢VæFf6W@¢f6WBæ÷&ÖÂ¢÷WFW"Æö÷ ¢fW'FW‚Ócãs“#bÓrãcBC ¢fW'FW‚Ócãs“#bÓrãsC ¢fW'FW‚ÓcãsRÓrã3ƒrC ¢VæFÆö÷ ¢VæFf6W@¢f6WBæ÷&ÖÂ¢÷WFW"Æö÷ ¢fW'FW‚Ócã“sRÓbãsc"C ¢fW'FW‚Ócãs“#bÓrãsC ¢fW'FW‚Ócãs“#bÓrãcBC ¢VæFÆö÷ ¢VæFf6W@¢f6WBæ÷&ÖÂ¢÷WFW"Æö÷ ¢fW'FW‚Ócã“sRÓbãsc"C ¢fW'FW‚Ócã“sRÓ‚ã"C ¢fW'FW‚Ócãs“#bÓrãsC ¢VæFÆö÷ ¢VæFf6W@¢f6WBæ÷&ÖÂ¢÷WFW"Æö÷ ¢fW'FW‚ÓcãcÓbãS2C ¢fW'FW‚Ócã“sRÓ‚ã"C ¢fW'FW‚Ócã“sRÓbãsc"C ¢VæFÆö÷ ¢VæFf6W@¢f6WBæ÷&ÖÂ¢÷WFW"Æö÷ ¢fW'FW‚ÓcãcÓbãS2C ¢fW'FW‚ÓcãcÓ‚ã#sC ¢fW'FW‚Ócã“sRÓ‚ã"C ¢VæFÆö÷ ¢VæFf6W@¢f6WBæ÷&ÖÂ¢÷WFW"Æö÷ ¢fW'FW‚Ócã3sRÓbã3RC ¢fW'FW‚ÓcãcÓ‚ã#sC ¢fW'FW‚ÓcãcÓbãS2C ¢VæFÆö÷ ¢VæFf6W@¢f6WBæ÷&ÖÂ¢÷WFW"Æö÷ ¢fW'FW‚Ócã3sRÓbã3RC ¢fW'FW‚Ócã3sRÓ‚ãCrC ¢fW'FW‚ÓcãcÓ‚ã#sC ¢VæFÆö÷ ¢VæFf6W@¢f6WBæ÷&ÖÂ¢÷WFW"Æö÷ ¢fW'FW‚ÓcãcscRÓbã‚C ¢fW'FW‚Ócã3sRÓ‚ãCrC ¢fW'FW‚Ócã3sRÓbã3RC ¢VæFÆö÷ ¢VæFf6W@¢f6WBæ÷&ÖÂ¢÷WFW"Æö÷ ¢fW'FW‚ÓcãcscRÓbã‚C ¢fW'FW‚ÓcãcscRÓ‚ãS“RC ¢fW'FW‚Ócã3sRÓ‚ãCrC ¢VæFÆö÷ ¢VæFf6W@¢f6WBæ÷&ÖÂ¢÷WFW"Æö÷ ¢fW'FW‚Óc"Óbã3rC ¢fW'FW‚ÓcãcscRÓ‚ãS“RC ¢fW'FW‚ÓcãcscRÓbã‚C ¢VæFÆö÷ ¢VæFf6W@¢f6WBæ÷&ÖÂ¢÷WFW"Æö÷ ¢fW'FW‚Óc"Óbã3rC ¢fW'FW‚Óc"Ó‚ãc3rC ¢fW'FW‚ÓcãcscRÓ‚ãS“RC ¢VæFÆö÷ ¢VæFf6W@¢f6WBæ÷&ÖÂÓ¢÷WFW"Æö÷ ¢fW'FW‚Óc"ã3#3RÓbã‚C ¢fW'FW‚Óc"Ó‚ãc3rC ¢fW'FW‚Óc"Óbã3rC ¢VæFÆö÷ ¢VæFf6W@¢f6WBæ÷&ÖÂ¢÷WFW"Æö÷ ¢fW'FW‚Óc"ã3#3RÓbã‚C ¢fW'FW‚Óc"ã3#3RÓ‚ãS“RC ¢fW'FW‚Óc"Ó‚ãc3rC ¢VæFÆö÷ ¢VæFf6W@¢f6WBæ÷&ÖÂÓ¢÷WFW"Æö÷ ¢fW'FW‚Óc"ãc#RÓbã3RC ¢fW'FW‚Óc"ã3#3RÓ‚ãS“RC ¢fW'FW‚Óc"ã3#3RÓbã‚C ¢VæFÆö÷ ¢VæFf6W@¢f6WBæ÷&ÖÂ¢÷WFW"Æö÷ ¢fW'FW‚Óc"ãc#RÓbã3RC ¢fW'FW‚Óc"ãc#RÓ‚ãCrC ¢fW'FW‚Óc"ã3#3RÓ‚ãS“RC ¢VæFÆö÷ ¢VæFf6W@¢f6WBæ÷&ÖÂÓ¢÷WFW"Æö÷ ¢fW'FW‚Óc"ãƒƒ3’ÓbãS2C ¢fW'FW‚Óc"ãc#RÓ‚ãCrC ¢fW'FW‚Óc"ãc#RÓbã3RC ¢VæFÆö÷ ¢VæFf6W@¢f6WBæ÷&ÖÂ¢÷WFW"Æö÷ ¢fW'FW‚Óc"ãƒƒ3’ÓbãS2C ¢fW'FW‚Óc"ãƒƒ3’Ó‚ã#sC ¢fW'FW‚Óc"ãc#RÓ‚ãCrC ¢VæFÆö÷ ¢VæFf6W@¢f6WBæ÷&ÖÂÓ¢÷WFW"Æö÷ ¢fW'FW‚Óc2ãƒ#RÓbãsc"C ¢fW'FW‚Óc"ãƒƒ3’Ó‚ã#sC ¢fW'FW‚Óc"ãƒƒ3’ÓbãS2C ¢VæFÆö÷ ¢VæFf6W@¢f6WBæ÷&ÖÂ¢÷WFW"Æö÷ ¢fW'FW‚Óc2ãƒ#RÓbãsc"C ¢fW'FW‚Óc2ãƒ#RÓ‚ã"C ¢fW'FW‚Óc"ãƒƒ3’Ó‚ã#sC ¢VæFÆö÷ ¢VæFf6W@¢f6WBæ÷&ÖÂÓ¢÷WFW"Æö÷ ¢fW'FW‚Óc2ã#sBÓrãcBC ¢fW'FW‚Óc2ãƒ#RÓ‚ã"C ¢fW'FW‚Óc2ãƒ#RÓbãsc"C ¢VæFÆö÷ ¢VæFf6W@¢f6WBæ÷&ÖÂ¢÷WFW"Æö÷ ¢fW'FW‚Óc2ã#sBÓrãcBC ¢fW'FW‚Óc2ã#sBÓrãsC ¢fW'FW‚Óc2ãƒ#RÓ‚ã"C ¢VæFÆö÷ ¢VæFf6W@¢f6WBæ÷&ÖÂÓ¢÷WFW"Æö÷ ¢fW'FW‚Óc2ã#sBÓrãsC ¢fW'FW‚Óc2ã#sBÓrãcBC ¢fW'FW‚Óc2ã#RÓrã3ƒrC ¢VæFÆö÷ ¢VæFf6W@¢f6WBæ÷&ÖÂÓã3ƒ#“ƒ2ã“#3sSR ¢÷WFW"Æö÷ ¢fW'FW‚c"ãc#RÓ‚ãCrC ¢fW'FW‚c"ã3#3RÓ‚ãS“RS ¢fW'FW‚c"ãc#RÓ‚ãCrS ¢VæFÆö÷ ¢VæFf6W@¢f6WBæ÷&ÖÂÓã3ƒ#“ƒ2ã“#3sSR ¢÷WFW"Æö÷ ¢fW'FW‚c"ã3#3RÓ‚ãS“RS ¢fW'FW‚c"ãc#RÓ‚ãCrC ¢fW'FW‚c"ã3#3RÓ‚ãS“RC ¢VæFÆö÷ ¢VæFf6W@¢f6WBæ÷&ÖÂÓã3sc"Óã““#ƒ ¢÷WFW"Æö÷ ¢fW'FW‚c"Óbã3rC ¢fW'FW‚c"ã3#3RÓbã‚S ¢fW'FW‚c"Óbã3rS ¢VæFÆö÷ ¢VæFf6W@¢f6WBæ÷&ÖÂÓã3sc"Óã““#ƒÓ ¢÷WFW"Æö÷ ¢fW'FW‚c"ã3#3RÓbã‚S ¢fW'FW‚c"Óbã3rC ¢fW'FW‚c"ã3#3RÓbã‚C ¢VæFÆö÷ ¢VæFf6W@¢f6WBæ÷&ÖÂãc“CRãs“#ƒS"Ó ¢÷WFW"Æö÷ ¢fW'FW‚cã3sRÓ‚ãCrC ¢fW'FW‚cãcÓ‚ã#sS ¢fW'FW‚cã3sRÓ‚ãCrS ¢VæFÆö÷ ¢VæFf6W@¢f6WBæ÷&ÖÂãc“CRãs“#ƒS" ¢÷WFW"Æö÷ ¢fW'FW‚cãcÓ‚ã#sS ¢fW'FW‚cã3sRÓ‚ãCrC ¢fW'FW‚cãcÓ‚ã#sC ¢VæFÆö÷ ¢VæFf6W@¢f6WBæ÷&ÖÂã3ƒ#“ƒ2Óã“#3sSR ¢÷WFW"Æö÷ ¢fW'FW‚cã3sRÓbã3RC ¢fW'FW‚cãcscRÓbã‚S ¢fW'FW‚cã3sRÓbã3RS ¢VæFÆö÷ ¢VæFf6W@¢f6WBæ÷&ÖÂã3ƒ#“ƒ2Óã“#3sSR ¢÷WFW"Æö÷ ¢fW'FW‚cãcscRÓbã‚S ¢fW'FW‚cã3sRÓbã3RC ¢fW'FW‚cãcscRÓbã‚C ¢VæFÆö÷ ¢VæFf6W@¢f6WBæ÷&ÖÂã““CRÓã3sSb ¢÷WFW"Æö÷ ¢fW'FW‚cãsRÓrã3ƒrS ¢fW'FW‚cãs“#bÓrãcBC ¢fW'FW‚cãs“#bÓrãcBS ¢VæFÆö÷ ¢VæFf6W@¢f6WBæ÷&ÖÂã““CRÓã3sSb ¢÷WFW"Æö÷ ¢fW'FW‚cãs“#bÓrãcBC ¢fW'FW‚cãsRÓrã3ƒrS ¢fW'FW‚cãsRÓrã3ƒrC ¢VæFÆö÷ ¢VæFf6W@¢f6WBæ÷&ÖÂÓã““Ccrã33b ¢÷WFW"Æö÷ ¢fW'FW‚c2ã#sBÓrãsC ¢fW'FW‚c2ã#RÓrã3ƒrS ¢fW'FW‚c2ã#RÓrã3ƒrC ¢VæFÆö÷ ¢VæFf6W@¢f6WBæ÷&ÖÂÓã““Ccrã33b ¢÷WFW"Æö÷ ¢fW'FW‚c2ã#RÓrã3ƒrS ¢fW'FW‚c2ã#sBÓrãsC ¢fW'FW‚c2ã#sBÓrãsS ¢VæFÆö÷ ¢VæFf6W@¢f6WBæ÷&ÖÂÓãcsCƒBÓãs“C33" ¢÷WFW"Æö÷ ¢fW'FW‚c"ãc#RÓbã3RC ¢fW'FW‚c"ãƒƒ3’ÓbãS2S ¢fW'FW‚c"ãc#RÓbã3RS ¢VæFÆö÷ ¢VæFf6W@¢f6WBæ÷&ÖÂÓãcsCƒBÓãs“C33"Ó ¢÷WFW"Æö÷ ¢fW'FW‚c"ãƒƒ3’ÓbãS2S ¢fW'FW‚c"ãc#RÓbã3RC ¢fW'FW‚c"ãƒƒ3’ÓbãS2C ¢VæFÆö÷ ¢VæFf6W@¢f6WBæ÷&ÖÂÓã#ƒsC’ã““csr ¢÷WFW"Æö÷ ¢fW'FW‚c"ã3#3RÓ‚ãS“RC ¢fW'FW‚c"Ó‚ãc3rS ¢fW'FW‚c"ã3#3RÓ‚ãS“RS ¢VæFÆö÷ ¢VæFf6W@¢f6WBæ÷&ÖÂÓã#ƒsC’ã““csr ¢÷WFW"Æö÷ ¢fW'FW‚c"Ó‚ãc3rS ¢fW'FW‚c"ã3#3RÓ‚ãS“RC ¢fW'FW‚c"Ó‚ãc3rC ¢VæFÆö÷ ¢VæFf6W@¢f6WBæ÷&ÖÂã“#3c3’ã3ƒ3#cB ¢÷WFW"Æö÷ ¢fW'FW‚cã“sRÓ‚ã"S ¢fW'FW‚cãs“#bÓrãsC ¢fW'FW‚cãs“#bÓrãsS ¢VæFÆö÷ ¢VæFf6W@¢f6WBæ÷&ÖÂã“#3c3’ã3ƒ3#cB ¢÷WFW"Æö÷ ¢fW'FW‚cãs“#bÓrãsC ¢fW'FW‚cã“sRÓ‚ã"S ¢fW'FW‚cã“sRÓ‚ã"C ¢VæFÆö÷ ¢VæFf6W@¢f6WBæ÷&ÖÂÓã““CRÓã3sSb ¢÷WFW"Æö÷ ¢fW'FW‚c2ã#RÓrã3ƒrC ¢fW'FW‚c2ã#sBÓrãcBS ¢fW'FW‚c2ã#sBÓrãcBC ¢VæFÆö÷ ¢VæFf6W@¢f6WBæ÷&ÖÂÓã““CRÓã3sSb ¢÷WFW"Æö÷ ¢fW'FW‚c2ã#sBÓrãcBS ¢fW'FW‚c2ã#RÓrã3ƒrC ¢fW'FW‚c2ã#RÓrã3ƒrS ¢VæFÆö÷ ¢VæFf6W@¢f6WBæ÷&ÖÂãs“3SSrãcƒC“b ¢÷WFW"Æö÷ ¢fW'FW‚cãcÓ‚ã#sS ¢fW'FW‚cã“sRÓ‚ã"C ¢fW'FW‚cã“sRÓ‚ã"S ¢VæFÆö÷ ¢VæFf6W@¢f6WBæ÷&ÖÂãs“3SSrãcƒC“b ¢÷WFW"Æö÷ ¢fW'FW‚cã“sRÓ‚ã"C ¢fW'FW‚cãcÓ‚ã#sS ¢fW'FW‚cãcÓ‚ã#sC ¢VæFÆö÷ ¢VæFf6W@¢f6WBæ÷&ÖÂÓã“#Cƒ‚Óã3ƒ#ƒ ¢÷WFW"Æö÷ ¢fW'FW‚c2ã#sBÓrãcBC ¢fW'FW‚c2ãƒ#RÓbãsc"S ¢fW'FW‚c2ãƒ#RÓbãsc"C ¢VæFÆö÷ ¢VæFf6W@¢f6WBæ÷&ÖÂÓã“#Cƒ‚Óã3ƒ#ƒ ¢÷WFW"Æö÷ ¢fW'FW‚c2ãƒ#RÓbãsc"S ¢fW'FW‚c2ã#sBÓrãcBC ¢fW'FW‚c2ã#sBÓrãcBS ¢VæFÆö÷ ¢VæFf6W@¢f6WBæ÷&ÖÂÓãs“3SSrãcƒC“b ¢÷WFW"Æö÷ ¢fW'FW‚c"ãƒƒ3’Ó‚ã#sC ¢fW'FW‚c2ãƒ#RÓ‚ã"S ¢fW'FW‚c2ãƒ#RÓ‚ã"C ¢VæFÆö÷ ¢VæFf6W@¢f6WBæ÷&ÖÂÓãs“3SSrãcƒC“b ¢÷WFW"Æö÷ ¢fW'FW‚c2ãƒ#RÓ‚ã"S ¢fW'FW‚c"ãƒƒ3’Ó‚ã#sC ¢fW'FW‚c"ãƒƒ3’Ó‚ã#sS ¢VæFÆö÷ ¢VæFf6W@¢f6WBæ÷&ÖÂÓãc“CRãs“#ƒS" ¢÷WFW"Æö÷ ¢fW'FW‚c"ãƒƒ3’Ó‚ã#sC ¢fW'FW‚c"ãc#RÓ‚ãCrS ¢fW'FW‚c"ãƒƒ3’Ó‚ã#sS ¢VæFÆö÷ ¢VæFf6W@¢f6WBæ÷&ÖÂÓãc“CRãs“#ƒS" ¢÷WFW"Æö÷ ¢fW'FW‚c"ãc#RÓ‚ãCrS ¢fW'FW‚c"ãƒƒ3’Ó‚ã#sC ¢fW'FW‚c"ãc#RÓ‚ãCrC ¢VæFÆö÷ ¢VæFf6W@¢f6WBæ÷&ÖÂãs“3SSrÓãcƒC“b ¢÷WFW"Æö÷ ¢fW'FW‚cã“sRÓbãsc"S ¢fW'FW‚cãcÓbãS2C ¢fW'FW‚cãcÓbãS2S ¢VæFÆö÷ ¢VæFf6W@¢f6WBæ÷&ÖÂãs“3SSrÓãcƒC“b ¢÷WFW"Æö÷ ¢fW'FW‚cãcÓbãS2C ¢fW'FW‚cã“sRÓbãsc"S ¢fW'FW‚cã“sRÓbãsc"C ¢VæFÆö÷ ¢VæFf6W@¢f6WBæ÷&ÖÂÓã“#3c3’ã3ƒ3#cB ¢÷WFW"Æö÷ ¢fW'FW‚c2ãƒ#RÓ‚ã"C ¢fW'FW‚c2ã#sBÓrãsS ¢fW'FW‚c2ã#sBÓrãsC ¢VæFÆö÷ ¢VæFf6W@¢f6WBæ÷&ÖÂÓã“#3c3’ã3ƒ3#cB ¢÷WFW"Æö÷ ¢fW'FW‚c2ã#sBÓrãsS ¢fW'FW‚c2ãƒ#RÓ‚ã"C ¢fW'FW‚c2ãƒ#RÓ‚ã"S ¢VæFÆö÷ ¢VæFf6W@¢f6WBæ÷&ÖÂã“#Cƒ‚Óã3ƒ#ƒ ¢÷WFW"Æö÷ ¢fW'FW‚cãs“#bÓrãcBS ¢fW'FW‚cã“sRÓbãsc"C ¢fW'FW‚cã“sRÓbãsc"S ¢VæFÆö÷ ¢VæFf6W@¢f6WBæ÷&ÖÂã“#Cƒ‚Óã3ƒ#ƒ ¢÷WFW"Æö÷ ¢fW'FW‚cã“sRÓbãsc"C ¢fW'FW‚cãs“#bÓrãcBS ¢fW'FW‚cãs“#bÓrãcBC ¢VæFÆö÷ ¢VæFf6W@¢f6WBæ÷&ÖÂÓã3ƒ#“ƒ2Óã“#3sSR ¢÷WFW"Æö÷ ¢fW'FW‚c"ã3#3RÓbã‚C ¢fW'FW‚c"ãc#RÓbã3RS ¢fW'FW‚c"ã3#3RÓbã‚S ¢VæFÆö÷ ¢VæFf6W@¢f6WBæ÷&ÖÂÓã3ƒ#“ƒ2Óã“#3sSRÓ ¢÷WFW"Æö÷ ¢fW'FW‚c"ãc#RÓbã3RS ¢fW'FW‚c"ã3#3RÓbã‚C ¢fW'FW‚c"ãc#RÓbã3RC ¢VæFÆö÷ ¢VæFf6W@¢f6WBæ÷&ÖÂã““Ccrã33b ¢÷WFW"Æö÷ ¢fW'FW‚cãs“#bÓrãsS ¢fW'FW‚cãsRÓrã3ƒrC ¢fW'FW‚cãsRÓrã3ƒrS ¢VæFÆö÷ ¢VæFf6W@¢f6WBæ÷&ÖÂã““Ccrã33b ¢÷WFW"Æö÷ ¢fW'FW‚cãsRÓrã3ƒrC ¢fW'FW‚cãs“#bÓrãsS ¢fW'FW‚cãs“#bÓrãsC ¢VæFÆö÷ ¢VæFf6W@¢f6WBæ÷&ÖÂã3ƒ#“ƒ2ã“#3sSRÓ ¢÷WFW"Æö÷ ¢fW'FW‚cãcscRÓ‚ãS“RC ¢fW'FW‚cã3sRÓ‚ãCrS ¢fW'FW‚cãcscRÓ‚ãS“RS ¢VæFÆö÷ ¢VæFf6W@¢f6WBæ÷&ÖÂã3ƒ#“ƒ2ã“#3sSR ¢÷WFW"Æö÷ ¢fW'FW‚cã3sRÓ‚ãCrS ¢fW'FW‚cãcscRÓ‚ãS“RC ¢fW'FW‚cã3sRÓ‚ãCrC ¢VæFÆö÷ ¢VæFf6W@¢f6WBæ÷&ÖÂã#ƒsC’ã““csrÓ ¢÷WFW"Æö÷ ¢fW'FW‚c"Ó‚ãc3rC ¢fW'FW‚cãcscRÓ‚ãS“RS ¢fW'FW‚c"Ó‚ãc3rS ¢VæFÆö÷ ¢VæFf6W@¢f6WBæ÷&ÖÂã#ƒsC’ã““csr ¢÷WFW"Æö÷ ¢fW'FW‚cãcscRÓ‚ãS“RS ¢fW'FW‚c"Ó‚ãc3rC ¢fW'FW‚cãcscRÓ‚ãS“RC ¢VæFÆö÷ ¢VæFf6W@¢f6WBæ÷&ÖÂãcsCƒBÓãs“C33" ¢÷WFW"Æö÷ ¢fW'FW‚cãcÓbãS2C ¢fW'FW‚cã3sRÓbã3RS ¢fW'FW‚cãcÓbãS2S ¢VæFÆö÷ ¢VæFf6W@¢f6WBæ÷&ÖÂãcsCƒBÓãs“C33" ¢÷WFW"Æö÷ ¢fW'FW‚cã3sRÓbã3RS ¢fW'FW‚cãcÓbãS2C ¢fW'FW‚cã3sRÓbã3RC ¢VæFÆö÷ ¢VæFf6W@¢f6WBæ÷&ÖÂÓãs“3SSrÓãcƒC“b ¢÷WFW"Æö÷ ¢fW'FW‚c2ãƒ#RÓbãsc"C ¢fW'FW‚c"ãƒƒ3’ÓbãS2S ¢fW'FW‚c"ãƒƒ3’ÓbãS2C ¢VæFÆö÷ ¢VæFf6W@¢f6WBæ÷&ÖÂÓãs“3SSrÓãcƒC“b ¢÷WFW"Æö÷ ¢fW'FW‚c"ãƒƒ3’ÓbãS2S ¢fW'FW‚c2ãƒ#RÓbãsc"C ¢fW'FW‚c2ãƒ#RÓbãsc"S ¢VæFÆö÷ ¢VæFf6W@¢f6WBæ÷&ÖÂã3sc"Óã““#ƒ ¢÷WFW"Æö÷ ¢fW'FW‚cãcscRÓbã‚C ¢fW'FW‚c"Óbã3rS ¢fW'FW‚cãcscRÓbã‚S ¢VæFÆö÷ ¢VæFf6W@¢f6WBæ÷&ÖÂã3sc"Óã““#ƒ ¢÷WFW"Æö÷ ¢fW'FW‚c"Óbã3rS ¢fW'FW‚cãcscRÓbã‚C ¢fW'FW‚c"Óbã3rC ¢VæFÆö÷ ¢VæFf6W@¢f6WBæ÷&ÖÂ¢÷WFW"Æö÷ ¢fW'FW‚c2ã#sBÓrãcBC ¢fW'FW‚c2ã#sBÓrãsC ¢fW'FW‚c2ã#RÓrã3ƒrC ¢VæFÆö÷ ¢VæFf6W@¢f6WBæ÷&ÖÂ¢÷WFW"Æö÷ ¢fW'FW‚c2ãƒ#RÓbãsc"C ¢fW'FW‚c2ã#sBÓrãsC ¢fW'FW‚c2ã#sBÓrãcBC ¢VæFÆö÷ ¢VæFf6W@¢f6WBæ÷&ÖÂ¢÷WFW"Æö÷ ¢fW'FW‚c2ãƒ#RÓbãsc"C ¢fW'FW‚c2ãƒ#RÓ‚ã"C ¢fW'FW‚c2ã#sBÓrãsC ¢VæFÆö÷ ¢VæFf6W@¢f6WBæ÷&ÖÂ¢÷WFW"Æö÷ ¢fW'FW‚c"ãƒƒ3’ÓbãS2C ¢fW'FW‚c2ãƒ#RÓ‚ã"C ¢fW'FW‚c2ãƒ#RÓbãsc"C ¢VæFÆö÷ ¢VæFf6W@¢f6WBæ÷&ÖÂ¢÷WFW"Æö÷ ¢fW'FW‚c"ãƒƒ3’ÓbãS2C ¢fW'FW‚c"ãƒƒ3’Ó‚ã#sC ¢fW'FW‚c2ãƒ#RÓ‚ã"C ¢VæFÆö÷ ¢VæFf6W@¢f6WBæ÷&ÖÂ¢÷WFW"Æö÷ ¢fW'FW‚c"ãc#RÓbã3RC ¢fW'FW‚c"ãƒƒ3’Ó‚ã#sC ¢fW'FW‚c"ãƒƒ3’ÓbãS2C ¢VæFÆö÷ ¢VæFf6W@¢f6WBæ÷&ÖÂ¢÷WFW"Æö÷ ¢fW'FW‚c"ãc#RÓbã3RC ¢fW'FW‚c"ãc#RÓ‚ãCrC ¢fW'FW‚c"ãƒƒ3’Ó‚ã#sC ¢VæFÆö÷ ¢VæFf6W@¢f6WBæ÷&ÖÂ¢÷WFW"Æö÷ ¢fW'FW‚c"ã3#3RÓbã‚C ¢fW'FW‚c"ãc#RÓ‚ãCrC ¢fW'FW‚c"ãc#RÓbã3RC ¢VæFÆö÷ ¢VæFf6W@¢f6WBæ÷&ÖÂ¢÷WFW"Æö÷ ¢fW'FW‚c"ã3#3RÓbã‚C ¢fW'FW‚c"ã3#3RÓ‚ãS“RC ¢fW'FW‚c"ãc#RÓ‚ãCrC ¢VæFÆö÷ ¢VæFf6W@¢f6WBæ÷&ÖÂ¢÷WFW"Æö÷ ¢fW'FW‚c"Óbã3rC ¢fW'FW‚c"ã3#3RÓ‚ãS“RC ¢fW'FW‚c"ã3#3RÓbã‚C ¢VæFÆö÷ ¢VæFf6W@¢f6WBæ÷&ÖÂ¢÷WFW"Æö÷ ¢fW'FW‚c"Óbã3rC ¢fW'FW‚c"Ó‚ãc3rC ¢fW'FW‚c"ã3#3RÓ‚ãS“RC ¢VæFÆö÷ ¢VæFf6W@¢f6WBæ÷&ÖÂÓ¢÷WFW"Æö÷ ¢fW'FW‚cãcscRÓbã‚C ¢fW'FW‚c"Ó‚ãc3rC ¢fW'FW‚c"Óbã3rC ¢VæFÆö÷ ¢VæFf6W@¢f6WBæ÷&ÖÂ¢÷WFW"Æö÷ ¢fW'FW‚cãcscRÓbã‚C ¢fW'FW‚cãcscRÓ‚ãS“RC ¢fW'FW‚c"Ó‚ãc3rC ¢VæFÆö÷ ¢VæFf6W@¢f6WBæ÷&ÖÂÓ¢÷WFW"Æö÷ ¢fW'FW‚cã3sRÓbã3RC ¢fW'FW‚cãcscRÓ‚ãS“RC ¢fW'FW‚cãcscRÓbã‚C ¢VæFÆö÷ ¢VæFf6W@¢f6WBæ÷&ÖÂ¢÷WFW"Æö÷ ¢fW'FW‚cã3sRÓbã3RC ¢fW'FW‚cã3sRÓ‚ãCrC ¢fW'FW‚cãcscRÓ‚ãS“RC ¢VæFÆö÷ ¢VæFf6W@¢f6WBæ÷&ÖÂÓ¢÷WFW"Æö÷ ¢fW'FW‚cãcÓbãS2C ¢fW'FW‚cã3sRÓ‚ãCrC ¢fW'FW‚cã3sRÓbã3RC ¢VæFÆö÷ ¢VæFf6W@¢f6WBæ÷&ÖÂ¢÷WFW"Æö÷ ¢fW'FW‚cãcÓbãS2C ¢fW'FW‚cãcÓ‚ã#sC ¢fW'FW‚cã3sRÓ‚ãCrC ¢VæFÆö÷ ¢VæFf6W@¢f6WBæ÷&ÖÂÓ¢÷WFW"Æö÷ ¢fW'FW‚cã“sRÓbãsc"C ¢fW'FW‚cãcÓ‚ã#sC ¢fW'FW‚cãcÓbãS2C ¢VæFÆö÷ ¢VæFf6W@¢f6WBæ÷&ÖÂ¢÷WFW"Æö÷ ¢fW'FW‚cã“sRÓbãsc"C ¢fW'FW‚cã“sRÓ‚ã"C ¢fW'FW‚cãcÓ‚ã#sC ¢VæFÆö÷ ¢VæFf6W@¢f6WBæ÷&ÖÂÓ¢÷WFW"Æö÷ ¢fW'FW‚cãs“#bÓrãcBC ¢fW'FW‚cã“sRÓ‚ã"C ¢fW'FW‚cã“sRÓbãsc"C ¢VæFÆö÷ ¢VæFf6W@¢f6WBæ÷&ÖÂ¢÷WFW"Æö÷ ¢fW'FW‚cãs“#bÓrãcBC ¢fW'FW‚cãs“#bÓrãsC ¢fW'FW‚cã“sRÓ‚ã"C ¢VæFÆö÷ ¢VæFf6W@¢f6WBæ÷&ÖÂÓ¢÷WFW"Æö÷ ¢fW'FW‚cãs“#bÓrãsC ¢fW'FW‚cãs“#bÓrãcBC ¢fW'FW‚cãsRÓrã3ƒrC ¢VæFÆö÷ ¢VæFf6W@¢f6WBæ÷&ÖÂãƒƒ“C"ãCs3S’ ¢÷WFW"Æö÷ ¢fW'FW‚#Bãs“srÓãƒSb3 ¢fW'FW‚#BãC“sBÓã#C3s"Ó3 ¢fW'FW‚#BãC“sBÓã#C3s"3 ¢VæFÆö÷ ¢VæFf6W@¢f6WBæ÷&ÖÂãƒƒ“C"ãCs3S’ ¢÷WFW"Æö÷ ¢fW'FW‚#BãC“sBÓã#C3s"Ó3 ¢fW'FW‚#Bãs“srÓãƒSb3 ¢fW'FW‚#Bãs“srÓãƒSbÓ3 ¢VæFÆö÷ ¢VæFf6W@¢f6WBæ÷&ÖÂã“Sc“bã#“3cb ¢÷WFW"Æö÷ ¢fW'FW‚#BãC“sBÓã#C3s"3 ¢fW'FW‚#Bã3#BÓãc3CC2Ó3 ¢fW'FW‚#Bã3#BÓãc3CC23 ¢VæFÆö÷ ¢VæFf6W@¢f6WBæ÷&ÖÂã“Sc“bã#“3cb ¢÷WFW"Æö÷ ¢fW'FW‚#Bã3#BÓãc3CC2Ó3 ¢fW'FW‚#BãC“sBÓã#C3s"3 ¢fW'FW‚#BãC“sBÓã#C3s"Ó3 ¢VæFÆö÷ ¢VæFf6W@¢f6WBæ÷&ÖÂÓã#“#rã“Sc“CR ¢÷WFW"Æö÷ ¢fW'FW‚#‚ãsC3rÓ2ã#cÓ3 ¢fW'FW‚#‚ã3BÓ2ãƒsSR3 ¢fW'FW‚#‚ãsC3rÓ2ã#c3 ¢VæFÆö÷ ¢VæFf6W@¢f6WBæ÷&ÖÂÓã#“#rã“Sc“CR ¢÷WFW"Æö÷ ¢fW'FW‚#‚ã3BÓ2ãƒsSR3 ¢fW'FW‚#‚ãsC3rÓ2ã#cÓ3 ¢fW'FW‚#‚ã3BÓ2ãƒsSRÓ3 ¢VæFÆö÷ ¢VæFf6W@¢f6WBæ÷&ÖÂãss#““‚Óãc3CC‚ ¢÷WFW"Æö÷ ¢fW'FW‚#Bãs“srãƒSb3 ¢fW'FW‚#Rã#’"ã#“ƒÓ3 ¢fW'FW‚#Rã#’"ã#“ƒ3 ¢VæFÆö÷ ¢VæFf6W@¢f6WBæ÷&ÖÂãss#““‚Óãc3CC‚ ¢÷WFW"Æö÷ ¢fW'FW‚#Rã#’"ã#“ƒÓ3 ¢fW'FW‚#Bãs“srãƒSb3 ¢fW'FW‚#Bãs“srãƒSbÓ3 ¢VæFÆö÷ ¢VæFf6W@¢f6WBæ÷&ÖÂÓã““S“"ã“s“C#’ ¢÷WFW"Æö÷ ¢fW'FW‚3ãcƒsbÓãc3CC2Ó3 ¢fW'FW‚3ãsR3 ¢fW'FW‚3ãsRÓ3 ¢VæFÆö÷ ¢VæFf6W@¢f6WBæ÷&ÖÂÓã““S“"ã“s“C#’ ¢÷WFW"Æö÷ ¢fW'FW‚3ãsR3 ¢fW'FW‚3ãcƒsbÓãc3CC2Ó3 ¢fW'FW‚3ãcƒsbÓãc3CC23 ¢VæFÆö÷ ¢VæFf6W@¢f6WBæ÷&ÖÂÓãƒƒ“C"ÓãCs3S’ ¢÷WFW"Æö÷ ¢fW'FW‚3ãS#bã#C3s"Ó3 ¢fW'FW‚3ã##2ãƒSb3 ¢fW'FW‚3ã##2ãƒSbÓ3 ¢VæFÆö÷ ¢VæFf6W@¢f6WBæ÷&ÖÂÓãƒƒ“C"ÓãCs3S’ ¢÷WFW"Æö÷ ¢fW'FW‚3ã##2ãƒSb3 ¢fW'FW‚3ãS#bã#C3s"Ó3 ¢fW'FW‚3ãS#bã#C3s"3 ¢VæFÆö÷ ¢VæFf6W@¢f6WBæ÷&ÖÂÓãƒƒ“C"ãCs3S’ ¢÷WFW"Æö÷ ¢fW'FW‚3ã##2ÓãƒSbÓ3 ¢fW'FW‚3ãS#bÓã#C3s"3 ¢fW'FW‚3ãS#bÓã#C3s"Ó3 ¢VæFÆö÷ ¢VæFf6W@¢f6WBæ÷&ÖÂÓãƒƒ“C"ãCs3S’ ¢÷WFW"Æö÷ ¢fW'FW‚3ãS#bÓã#C3s"3 ¢fW'FW‚3ã##2ÓãƒSbÓ3 ¢fW'FW‚3ã##2ÓãƒSb3 ¢VæFÆö÷ ¢VæFf6W@¢f6WBæ÷&ÖÂã““S“"ã“s“C#’ ¢÷WFW"Æö÷ ¢fW'FW‚#Bã3#BÓãc3CC23 ¢fW'FW‚#Bã#RÓ3 ¢fW'FW‚#Bã#R3 ¢VæFÆö÷ ¢VæFf6W@¢f6WBæ÷&ÖÂã““S“"ã“s“C#’ ¢÷WFW"Æö÷ ¢fW'FW‚#Bã#RÓ3 ¢fW'FW‚#Bã3#BÓãc3CC23 ¢fW'FW‚#Bã3#BÓãc3CC2Ó3 ¢VæFÆö÷ ¢VæFf6W@¢f6WBæ÷&ÖÂã#“#rã“Sc“CRÓ ¢÷WFW"Æö÷ ¢fW'FW‚#bãƒcbÓ2ãƒsSRÓ3 ¢fW'FW‚#bã#Sc2Ó2ã#c3 ¢fW'FW‚#bãƒcbÓ2ãƒsSR3 ¢VæFÆö÷ ¢VæFf6W@¢f6WBæ÷&ÖÂã#“#rã“Sc“CR ¢÷WFW"Æö÷ ¢fW'FW‚#bã#Sc2Ó2ã#c3 ¢fW'FW‚#bãƒcbÓ2ãƒsSRÓ3 ¢fW'FW‚#bã#Sc2Ó2ã#cÓ3 ¢VæFÆö÷ ¢VæFf6W@¢f6WBæ÷&ÖÂÓã““S“"Óã“s“C#’ ¢÷WFW"Æö÷ ¢fW'FW‚3ãsRÓ3 ¢fW'FW‚3ãcƒsbãc3CC23 ¢fW'FW‚3ãcƒsbãc3CC2Ó3 ¢VæFÆö÷ ¢VæFf6W@¢f6WBæ÷&ÖÂÓã““S“"Óã“s“C#’ ¢÷WFW"Æö÷ ¢fW'FW‚3ãcƒsbãc3CC23 ¢fW'FW‚3ãsRÓ3 ¢fW'FW‚3ãsR3 ¢VæFÆö÷ ¢VæFf6W@¢f6WBæ÷&ÖÂã#“#rÓã“Sc“CR ¢÷WFW"Æö÷ ¢fW'FW‚#bã#Sc22ã#cÓ3 ¢fW'FW‚#bãƒcb2ãƒsSR3 ¢fW'FW‚#bã#Sc22ã#c3 ¢VæFÆö÷ ¢VæFf6W@¢f6WBæ÷&ÖÂã#“#rÓã“Sc“CR ¢÷WFW"Æö÷ ¢fW'FW‚#bãƒcb2ãƒsSR3 ¢fW'FW‚#bã#Sc22ã#cÓ3 ¢fW'FW‚#bãƒcb2ãƒsSRÓ3 ¢VæFÆö÷ ¢VæFf6W@¢f6WBæ÷&ÖÂÓã“Sc“bÓã#“3cb ¢÷WFW"Æö÷ ¢fW'FW‚3ãcƒsbãc3CC2Ó3 ¢fW'FW‚3ãS#bã#C3s"3 ¢fW'FW‚3ãS#bã#C3s"Ó3 ¢VæFÆö÷ ¢VæFf6W@¢f6WBæ÷&ÖÂÓã“Sc“bÓã#“3cb ¢÷WFW"Æö÷ ¢fW'FW‚3ãS#bã#C3s"3 ¢fW'FW‚3ãcƒsbãc3CC2Ó3 ¢fW'FW‚3ãcƒsbãc3CC23 ¢VæFÆö÷ ¢VæFf6W@¢f6WBæ÷&ÖÂÓã“Sc“bã#“3cb ¢÷WFW"Æö÷ ¢fW'FW‚3ãS#bÓã#C3s"Ó3 ¢fW'FW‚3ãcƒsbÓãc3CC23 ¢fW'FW‚3ãcƒsbÓãc3CC2Ó3 ¢VæFÆö÷ ¢VæFf6W@¢f6WBæ÷&ÖÂÓã“Sc“bã#“3cb ¢÷WFW"Æö÷ ¢fW'FW‚3ãcƒsbÓãc3CC23 ¢fW'FW‚3ãS#bÓã#C3s"Ó3 ¢fW'FW‚3ãS#bÓã#C3s"3 ¢VæFÆö÷ ¢VæFf6W@¢f6WBæ÷&ÖÂÓãCs3ƒ"ãƒƒ“#’ ¢÷WFW"Æö÷ ¢fW'FW‚#’ã3SbÓ"ãs##‚Ó3 ¢fW'FW‚#‚ãsC3rÓ2ã#c3 ¢fW'FW‚#’ã3SbÓ"ãs##‚3 ¢VæFÆö÷ ¢VæFf6W@¢f6WBæ÷&ÖÂÓãCs3ƒ"ãƒƒ“#’ ¢÷WFW"Æö÷ ¢fW'FW‚#‚ãsC3rÓ2ã#c3 ¢fW'FW‚#’ã3SbÓ"ãs##‚Ó3 ¢fW'FW‚#‚ãsC3rÓ2ã#cÓ3 ¢VæFÆö÷ ¢VæFf6W@¢f6WBæ÷&ÖÂÓã#“#rÓã“Sc“CR ¢÷WFW"Æö÷ ¢fW'FW‚#‚ã3B2ãƒsSRÓ3 ¢fW'FW‚#‚ãsC3r2ã#c3 ¢fW'FW‚#‚ã3B2ãƒsSR3 ¢VæFÆö÷ ¢VæFf6W@¢f6WBæ÷&ÖÂÓã#“#rÓã“Sc“CRÓ ¢÷WFW"Æö÷ ¢fW'FW‚#‚ãsC3r2ã#c3 ¢fW'FW‚#‚ã3B2ãƒsSRÓ3 ¢fW'FW‚#‚ãsC3r2ã#cÓ3 ¢VæFÆö÷ ¢VæFf6W@¢f6WBæ÷&ÖÂã““S“"Óã“s“C#’ ¢÷WFW"Æö÷ ¢fW'FW‚#Bã#R3 ¢fW'FW‚#Bã3#Bãc3CC2Ó3 ¢fW'FW‚#Bã3#Bãc3CC23 ¢VæFÆö÷ ¢VæFf6W@¢f6WBæ÷&ÖÂã““S“"Óã“s“C#’ ¢÷WFW"Æö÷ ¢fW'FW‚#Bã3#Bãc3CC2Ó3 ¢fW'FW‚#Bã#R3 ¢fW'FW‚#Bã#RÓ3 ¢VæFÆö÷ ¢VæFf6W@¢f6WBæ÷&ÖÂÓã“ƒ#s"Óã““SƒB ¢÷WFW"Æö÷ ¢fW'FW‚#rãR2ã#RÓ3 ¢fW'FW‚#‚ã3B2ãƒsSR3 ¢fW'FW‚#rãR2ã#R3 ¢VæFÆö÷ ¢VæFf6W@¢f6WBæ÷&ÖÂÓã“ƒ#s"Óã““SƒBÓ ¢÷WFW"Æö÷ ¢fW'FW‚#‚ã3B2ãƒsSR3 ¢fW'FW‚#rãR2ã#RÓ3 ¢fW'FW‚#‚ã3B2ãƒsSRÓ3 ¢VæFÆö÷ ¢VæFf6W@¢f6WBæ÷&ÖÂã“ƒ#s"Óã““SƒB ¢÷WFW"Æö÷ ¢fW'FW‚#bãƒcb2ãƒsSRÓ3 ¢fW'FW‚#rãR2ã#R3 ¢fW'FW‚#bãƒcb2ãƒsSR3 ¢VæFÆö÷ ¢VæFf6W@¢f6WBæ÷&ÖÂã“ƒ#s"Óã““SƒB ¢÷WFW"Æö÷ ¢fW'FW‚#rãR2ã#R3 ¢fW'FW‚#bãƒcb2ãƒsSRÓ3 ¢fW'FW‚#rãR2ã#RÓ3 ¢VæFÆö÷ ¢VæFf6W@¢f6WBæ÷&ÖÂã“ƒ#s"ã““SƒBÓ ¢÷WFW"Æö÷ ¢fW'FW‚#rãRÓ2ã#RÓ3 ¢fW'FW‚#bãƒcbÓ2ãƒsSR3 ¢fW'FW‚#rãRÓ2ã#R3 ¢VæFÆö÷ ¢VæFf6W@¢f6WBæ÷&ÖÂã“ƒ#s"ã““SƒB ¢÷WFW"Æö÷ ¢fW'FW‚#bãƒcbÓ2ãƒsSR3 ¢fW'FW‚#rãRÓ2ã#RÓ3 ¢fW'FW‚#bãƒcbÓ2ãƒsSRÓ3 ¢VæFÆö÷ ¢VæFf6W@¢f6WBæ÷&ÖÂÓãc3C3ƒ’ãss3B ¢÷WFW"Æö÷ ¢fW'FW‚#’ãs“ƒÓ"ã#“ƒÓ3 ¢fW'FW‚#’ã3SbÓ"ãs##‚3 ¢fW'FW‚#’ãs“ƒÓ"ã#“ƒ3 ¢VæFÆö÷ ¢VæFf6W@¢f6WBæ÷&ÖÂÓãc3C3ƒ’ãss3B ¢÷WFW"Æö÷ ¢fW'FW‚#’ã3SbÓ"ãs##‚3 ¢fW'FW‚#’ãs“ƒÓ"ã#“ƒÓ3 ¢fW'FW‚#’ã3SbÓ"ãs##‚Ó3 ¢VæFÆö÷ ¢VæFf6W@¢f6WBæ÷&ÖÂÓãc3C3ƒ’Óãss3B ¢÷WFW"Æö÷ ¢fW'FW‚#’ã3Sb"ãs##‚Ó3 ¢fW'FW‚#’ãs“ƒ"ã#“ƒ3 ¢fW'FW‚#’ã3Sb"ãs##‚3 ¢VæFÆö÷ ¢VæFf6W@¢f6WBæ÷&ÖÂÓãc3C3ƒ’Óãss3BÓ ¢÷WFW"Æö÷ ¢fW'FW‚#’ãs“ƒ"ã#“ƒ3 ¢fW'FW‚#’ã3Sb"ãs##‚Ó3 ¢fW'FW‚#’ãs“ƒ"ã#“ƒÓ3 ¢VæFÆö÷ ¢VæFf6W@¢f6WBæ÷&ÖÂÓãss#““‚Óãc3CC‚ ¢÷WFW"Æö÷ ¢fW'FW‚3ã##2ãƒSbÓ3 ¢fW'FW‚#’ãs“ƒ"ã#“ƒ3 ¢fW'FW‚#’ãs“ƒ"ã#“ƒÓ3 ¢VæFÆö÷ ¢VæFf6W@¢f6WBæ÷&ÖÂÓãss#““‚Óãc3CC‚ ¢÷WFW"Æö÷ ¢fW'FW‚#’ãs“ƒ"ã#“ƒ3 ¢fW'FW‚3ã##2ãƒSbÓ3 ¢fW'FW‚3ã##2ãƒSb3 ¢VæFÆö÷ ¢VæFf6W@¢f6WBæ÷&ÖÂÓãCs3ƒ"Óãƒƒ“#’ ¢÷WFW"Æö÷ ¢fW'FW‚#‚ãsC3r2ã#cÓ3 ¢fW'FW‚#’ã3Sb"ãs##‚3 ¢fW'FW‚#‚ãsC3r2ã#c3 ¢VæFÆö÷ ¢VæFf6W@¢f6WBæ÷&ÖÂÓãCs3ƒ"Óãƒƒ“#’Ó ¢÷WFW"Æö÷ ¢fW'FW‚#’ã3Sb"ãs##‚3 ¢fW'FW‚#‚ãsC3r2ã#cÓ3 ¢fW'FW‚#’ã3Sb"ãs##‚Ó3 ¢VæFÆö÷ ¢VæFf6W@¢f6WBæ÷&ÖÂÓãss#““‚ãc3CC‚ ¢÷WFW"Æö÷ ¢fW'FW‚#’ãs“ƒÓ"ã#“ƒÓ3 ¢fW'FW‚3ã##2ÓãƒSb3 ¢fW'FW‚3ã##2ÓãƒSbÓ3 ¢VæFÆö÷ ¢VæFf6W@¢f6WBæ÷&ÖÂÓãss#““‚ãc3CC‚ ¢÷WFW"Æö÷ ¢fW'FW‚3ã##2ÓãƒSb3 ¢fW'FW‚#’ãs“ƒÓ"ã#“ƒÓ3 ¢fW'FW‚#’ãs“ƒÓ"ã#“ƒ3 ¢VæFÆö÷ ¢VæFf6W@¢f6WBæ÷&ÖÂÓã“ƒ#s"ã““SƒB ¢÷WFW"Æö÷ ¢fW'FW‚#‚ã3BÓ2ãƒsSRÓ3 ¢fW'FW‚#rãRÓ2ã#R3 ¢fW'FW‚#‚ã3BÓ2ãƒsSR3 ¢VæFÆö÷ ¢VæFf6W@¢f6WBæ÷&ÖÂÓã“ƒ#s"ã““SƒB ¢÷WFW"Æö÷ ¢fW'FW‚#rãRÓ2ã#R3 ¢fW'FW‚#‚ã3BÓ2ãƒsSRÓ3 ¢fW'FW‚#rãRÓ2ã#RÓ3 ¢VæFÆö÷ ¢VæFf6W@¢f6WBæ÷&ÖÂãc3C3ƒ’Óãss3B ¢÷WFW"Æö÷ ¢fW'FW‚#Rã#’"ã#“ƒÓ3 ¢fW'FW‚#Rãc“CB"ãs##‚3 ¢fW'FW‚#Rã#’"ã#“ƒ3 ¢VæFÆö÷ ¢VæFf6W@¢f6WBæ÷&ÖÂãc3C3ƒ’Óãss3B ¢÷WFW"Æö÷ ¢fW'FW‚#Rãc“CB"ãs##‚3 ¢fW'FW‚#Rã#’"ã#“ƒÓ3 ¢fW'FW‚#Rãc“CB"ãs##‚Ó3 ¢VæFÆö÷ ¢VæFf6W@¢f6WBæ÷&ÖÂãCs3ƒ"Óãƒƒ“#’ ¢÷WFW"Æö÷ ¢fW'FW‚#Rãc“CB"ãs##‚Ó3 ¢fW'FW‚#bã#Sc22ã#c3 ¢fW'FW‚#Rãc“CB"ãs##‚3 ¢VæFÆö÷ ¢VæFf6W@¢f6WBæ÷&ÖÂãCs3ƒ"Óãƒƒ“#’ ¢÷WFW"Æö÷ ¢fW'FW‚#bã#Sc22ã#c3 ¢fW'FW‚#Rãc“CB"ãs##‚Ó3 ¢fW'FW‚#bã#Sc22ã#cÓ3 ¢VæFÆö÷ ¢VæFf6W@¢f6WBæ÷&ÖÂãss#““‚ãc3CC‚ ¢÷WFW"Æö÷ ¢fW'FW‚#Rã#’Ó"ã#“ƒ3 ¢fW'FW‚#Bãs“srÓãƒSbÓ3 ¢fW'FW‚#Bãs“srÓãƒSb3 ¢VæFÆö÷ ¢VæFf6W@¢f6WBæ÷&ÖÂãss#““‚ãc3CC‚ ¢÷WFW"Æö÷ ¢fW'FW‚#Bãs“srÓãƒSbÓ3 ¢fW'FW‚#Rã#’Ó"ã#“ƒ3 ¢fW'FW‚#Rã#’Ó"ã#“ƒÓ3 ¢VæFÆö÷ ¢VæFf6W@¢f6WBæ÷&ÖÂãc3C3ƒ’ãss3BÓ ¢÷WFW"Æö÷ ¢fW'FW‚#Rãc“CBÓ"ãs##‚Ó3 ¢fW'FW‚#Rã#’Ó"ã#“ƒ3 ¢fW'FW‚#Rãc“CBÓ"ãs##‚3 ¢VæFÆö÷ ¢VæFf6W@¢f6WBæ÷&ÖÂãc3C3ƒ’ãss3B ¢÷WFW"Æö÷ ¢fW'FW‚#Rã#’Ó"ã#“ƒ3 ¢fW'FW‚#Rãc“CBÓ"ãs##‚Ó3 ¢fW'FW‚#Rã#’Ó"ã#“ƒÓ3 ¢VæFÆö÷ ¢VæFf6W@¢f6WBæ÷&ÖÂãCs3ƒ"ãƒƒ“#’Ó ¢÷WFW"Æö÷ ¢fW'FW‚#bã#Sc2Ó2ã#cÓ3 ¢fW'FW‚#Rãc“CBÓ"ãs##‚3 ¢fW'FW‚#bã#Sc2Ó2ã#c3 ¢VæFÆö÷ ¢VæFf6W@¢f6WBæ÷&ÖÂãCs3ƒ"ãƒƒ“#’ ¢÷WFW"Æö÷ ¢fW'FW‚#Rãc“CBÓ"ãs##‚3 ¢fW'FW‚#bã#Sc2Ó2ã#cÓ3 ¢fW'FW‚#Rãc“CBÓ"ãs##‚Ó3 ¢VæFÆö÷ ¢VæFf6W@¢f6WBæ÷&ÖÂã“Sc“bÓã#“3cb ¢÷WFW"Æö÷ ¢fW'FW‚#Bã3#Bãc3CC23 ¢fW'FW‚#BãC“sBã#C3s"Ó3 ¢fW'FW‚#BãC“sBã#C3s"3 ¢VæFÆö÷ ¢VæFf6W@¢f6WBæ÷&ÖÂã“Sc“bÓã#“3cb ¢÷WFW"Æö÷ ¢fW'FW‚#BãC“sBã#C3s"Ó3 ¢fW'FW‚#Bã3#Bãc3CC23 ¢fW'FW‚#Bã3#Bãc3CC2Ó3 ¢VæFÆö÷ ¢VæFf6W@¢f6WBæ÷&ÖÂãƒƒ“C"ÓãCs3S’ ¢÷WFW"Æö÷ ¢fW'FW‚#BãC“sBã#C3s"3 ¢fW'FW‚#Bãs“srãƒSbÓ3 ¢fW'FW‚#Bãs“srãƒSb3 ¢VæFÆö÷ ¢VæFf6W@¢f6WBæ÷&ÖÂãƒƒ“C"ÓãCs3S’ ¢÷WFW"Æö÷ ¢fW'FW‚#Bãs“srãƒSbÓ3 ¢fW'FW‚#BãC“sBã#C3s"3 ¢fW'FW‚#BãC“sBã#C3s"Ó3 ¢VæFÆö÷ ¢VæFf6W@¢f6WBæ÷&ÖÂãSƒ#CSRãƒ#ƒc2Ó ¢÷WFW"Æö÷ ¢fW'FW‚"ã#R#ãÓ3 ¢fW'FW‚ãcs#ã3s#"3 ¢fW'FW‚"ã#R#ã3 ¢VæFÆö÷ ¢VæFf6W@¢f6WBæ÷&ÖÂãSƒ#CSRãƒ#ƒc2 ¢÷WFW"Æö÷ ¢fW'FW‚ãcs#ã3s#"3 ¢fW'FW‚"ã#R#ãÓ3 ¢fW'FW‚ãcs#ã3s#"Ó3 ¢VæFÆö÷ ¢VæFf6W@¢f6WBæ÷&ÖÂã“3SƒSã3S#3“b ¢÷WFW"Æö÷ ¢fW'FW‚ãƒ3S"#"ã3sƒ23 ¢fW'FW‚ãcr#"ã“sCRÓ3 ¢fW'FW‚ãcr#"ã“sCR3 ¢VæFÆö÷ ¢VæFf6W@¢f6WBæ÷&ÖÂã“3SƒSã3S#3“b ¢÷WFW"Æö÷ ¢fW'FW‚ãcr#"ã“sCRÓ3 ¢fW'FW‚ãƒ3S"#"ã3sƒ23 ¢fW'FW‚ãƒ3S"#"ã3sƒ2Ó3 ¢VæFÆö÷ ¢VæFf6W@¢f6WBæ÷&ÖÂã3S#3“bÓã“3SƒS ¢÷WFW"Æö÷ ¢fW'FW‚"ã3#b#bãs3RÓ3 ¢fW'FW‚"ã“ƒ‚#bã“SR3 ¢fW'FW‚"ã3#b#bãs3R3 ¢VæFÆö÷ ¢VæFf6W@¢f6WBæ÷&ÖÂã3S#3“bÓã“3SƒS ¢÷WFW"Æö÷ ¢fW'FW‚"ã“ƒ‚#bã“SR3 ¢fW'FW‚"ã3#b#bãs3RÓ3 ¢fW'FW‚"ã“ƒ‚#bã“SRÓ3 ¢VæFÆö÷ ¢VæFf6W@¢f6WBæ÷&ÖÂÓã“““Ccrã3#cCS’ ¢÷WFW"Æö÷ ¢fW'FW‚bã“s#"#2ã3“RÓ3 ¢fW'FW‚bã““2#Bã#ƒ23 ¢fW'FW‚bã““2#Bã#ƒ2Ó3 ¢VæFÆö÷ ¢VæFf6W@¢f6WBæ÷&ÖÂÓã“““Ccrã3#cCS’ ¢÷WFW"Æö÷ ¢fW'FW‚bã““2#Bã#ƒ23 ¢fW'FW‚bã“s#"#2ã3“RÓ3 ¢fW'FW‚bã“s#"#2ã3“R3 ¢VæFÆö÷ ¢VæFf6W@¢f6WBæ÷&ÖÂÓãSƒ#CSRÓãƒ#ƒc2 ¢÷WFW"Æö÷ ¢fW'FW‚Rã3sR#bãc32Ó3 ¢fW'FW‚Rãƒ“#’#bã#S“"3 ¢fW'FW‚Rã3sR#bãc323 ¢VæFÆö÷ ¢VæFf6W@¢f6WBæ÷&ÖÂÓãSƒ#CSRÓãƒ#ƒc2Ó ¢÷WFW"Æö÷ ¢fW'FW‚Rãƒ“#’#bã#S“"3 ¢fW'FW‚Rã3sR#bãc32Ó3 ¢fW'FW‚Rãƒ“#’#bã#S“"Ó3 ¢VæFÆö÷ ¢VæFf6W@¢f6WBæ÷&ÖÂÓãcƒ3Ssbãs#“ƒ‚ ¢÷WFW"Æö÷ ¢fW'FW‚bã“3R#ãcs#‚Ó3 ¢fW'FW‚Rãs#ƒR#ã#3s23 ¢fW'FW‚bã“3R#ãcs#‚3 ¢VæFÆö÷ ¢VæFf6W@¢f6WBæ÷&ÖÂÓãcƒ3Ssbãs#“ƒ‚ ¢÷WFW"Æö÷ ¢fW'FW‚Rãs#ƒR#ã#3s23 ¢fW'FW‚bã“3R#ãcs#‚Ó3 ¢fW'FW‚Rãs#ƒR#ã#3s2Ó3 ¢VæFÆö÷ ¢VæFf6W@¢f6WBæ÷&ÖÂÓã3#cCS’Óã“““Ccr ¢÷WFW"Æö÷ ¢fW'FW‚2ãS3sB#rãSƒrÓ3 ¢fW'FW‚BãsC"#rã3s’3 ¢fW'FW‚2ãS3sB#rãSƒr3 ¢VæFÆö÷ ¢VæFf6W@¢f6WBæ÷&ÖÂÓã3#cCS’Óã“““CcrÓ ¢÷WFW"Æö÷ ¢fW'FW‚BãsC"#rã3s’3 ¢fW'FW‚2ãS3sB#rãSƒrÓ3 ¢fW'FW‚BãsC"#rã3s’Ó3 ¢VæFÆö÷ ¢VæFf6W@¢f6WBæ÷&ÖÂÓãƒC“#SrÓãS#s“‚ ¢÷WFW"Æö÷ ¢fW'FW‚bãccC‚#Rã#S3Ó3 ¢fW'FW‚bã3#ƒB#Rãs“C"3 ¢fW'FW‚bã3#ƒB#Rãs“C"Ó3 ¢VæFÆö÷ ¢VæFf6W@¢f6WBæ÷&ÖÂÓãƒC“#SrÓãS#s“‚ ¢÷WFW"Æö÷ ¢fW'FW‚bã3#ƒB#Rãs“C"3 ¢fW'FW‚bãccC‚#Rã#S3Ó3 ¢fW'FW‚bãccC‚#Rã#S33 ¢VæFÆö÷ ¢VæFf6W@¢f6WBæ÷&ÖÂÓãC#ccrÓã“ƒƒ" ¢÷WFW"Æö÷ ¢fW'FW‚Bãs“Cr#bãƒ“3"Ó3 ¢fW'FW‚Rã3sR#bãc323 ¢fW'FW‚Bãs“Cr#bãƒ“3"3 ¢VæFÆö÷ ¢VæFf6W@¢f6WBæ÷&ÖÂÓãC#ccrÓã“ƒƒ"Ó ¢÷WFW"Æö÷ ¢fW'FW‚Rã3sR#bãc323 ¢fW'FW‚Bãs“Cr#bãƒ“3"Ó3 ¢fW'FW‚Rã3sR#bãc32Ó3 ¢VæFÆö÷ ¢VæFf6W@¢f6WBæ÷&ÖÂã“ƒƒ"ÓãC#ccr ¢÷WFW"Æö÷ ¢fW'FW‚ãcs#R#BãƒcB3 ¢fW'FW‚ã“3SB#RãCCrÓ3 ¢fW'FW‚ã“3SB#RãCCr3 ¢VæFÆö÷ ¢VæFf6W@¢f6WBæ÷&ÖÂã“ƒƒ"ÓãC#ccr ¢÷WFW"Æö÷ ¢fW'FW‚ã“3SB#RãCCrÓ3 ¢fW'FW‚ãcs#R#BãƒcB3 ¢fW'FW‚ãcs#R#BãƒcBÓ3 ¢VæFÆö÷ ¢VæFf6W@¢f6WBæ÷&ÖÂã“s3ƒrÓã##sb ¢÷WFW"Æö÷ ¢fW'FW‚ãS#s‚#Bã#3“’3 ¢fW'FW‚ãcs#R#BãƒcBÓ3 ¢fW'FW‚ãcs#R#BãƒcB3 ¢VæFÆö÷ ¢VæFf6W@¢f6WBæ÷&ÖÂã“s3ƒrÓã##sb ¢÷WFW"Æö÷ ¢fW'FW‚ãcs#R#BãƒcBÓ3 ¢fW'FW‚ãS#s‚#Bã#3“’3 ¢fW'FW‚ãS#s‚#Bã#3“’Ó3 ¢VæFÆö÷ ¢VæFf6W@¢f6WBæ÷&ÖÂÓã##sbÓã“s3ƒr ¢÷WFW"Æö÷ ¢fW'FW‚BãsC"#rã3s’Ó3 ¢fW'FW‚Bãs“Cr#bãƒ“3"3 ¢fW'FW‚BãsC"#rã3s’3 ¢VæFÆö÷ ¢VæFf6W@¢f6WBæ÷&ÖÂÓã##sbÓã“s3ƒrÓ ¢÷WFW"Æö÷ ¢fW'FW‚Bãs“Cr#bãƒ“3"3 ¢fW'FW‚BãsC"#rã3s’Ó3 ¢fW'FW‚Bãs“Cr#bãƒ“3"Ó3 ¢VæFÆö÷ ¢VæFf6W@¢f6WBæ÷&ÖÂÓãS#s“‚ãƒC“#Sr ¢÷WFW"Æö÷ ¢fW'FW‚Rãs#ƒR#ã#3s2Ó3 ¢fW'FW‚RãƒsB#ã“’3 ¢fW'FW‚Rãs#ƒR#ã#3s23 ¢VæFÆö÷ ¢VæFf6W@¢f6WBæ÷&ÖÂÓãS#s“‚ãƒC“#Sr ¢÷WFW"Æö÷ ¢fW'FW‚RãƒsB#ã“’3 ¢fW'FW‚Rãs#ƒR#ã#3s2Ó3 ¢fW'FW‚RãƒsB#ã“’Ó3 ¢VæFÆö÷ ¢VæFf6W@¢f6WBæ÷&ÖÂÓã“s3ƒrã##sb ¢÷WFW"Æö÷ ¢fW'FW‚bãƒ#sR#"ãssÓ3 ¢fW'FW‚bã“s#"#2ã3“R3 ¢fW'FW‚bã“s#"#2ã3“RÓ3 ¢VæFÆö÷ ¢VæFf6W@¢f6WBæ÷&ÖÂÓã“s3ƒrã##sb ¢÷WFW"Æö÷ ¢fW'FW‚bã“s#"#2ã3“R3 ¢fW'FW‚bãƒ#sR#"ãssÓ3 ¢fW'FW‚bãƒ#sR#"ãss3 ¢VæFÆö÷ ¢VæFf6W@¢f6WBæ÷&ÖÂãcƒ3SsbÓãs#“ƒ‚ ¢÷WFW"Æö÷ ¢fW'FW‚ã3cR#Rã“SƒbÓ3 ¢fW'FW‚ãssR#bã3“C3 ¢fW'FW‚ã3cR#Rã“Sƒb3 ¢VæFÆö÷ ¢VæFf6W@¢f6WBæ÷&ÖÂãcƒ3SsbÓãs#“ƒ‚ ¢÷WFW"Æö÷ ¢fW'FW‚ãssR#bã3“C3 ¢fW'FW‚ã3cR#Rã“SƒbÓ3 ¢fW'FW‚ãssR#bã3“CÓ3 ¢VæFÆö÷ ¢VæFf6W@¢f6WBæ÷&ÖÂÓã“3SƒSÓã3S#3“b ¢÷WFW"Æö÷ ¢fW'FW‚bãƒƒ“2#BãcSc’Ó3 ¢fW'FW‚bãccC‚#Rã#S33 ¢fW'FW‚bãccC‚#Rã#S3Ó3 ¢VæFÆö÷ ¢VæFf6W@¢f6WBæ÷&ÖÂÓã“3SƒSÓã3S#3“b ¢÷WFW"Æö÷ ¢fW'FW‚bãccC‚#Rã#S33 ¢fW'FW‚bãƒƒ“2#BãcSc’Ó3 ¢fW'FW‚bãƒƒ“2#BãcSc’3 ¢VæFÆö÷ ¢VæFf6W@¢f6WBæ÷&ÖÂÓã3S#3“bã“3SƒS ¢÷WFW"Æö÷ ¢fW'FW‚RãƒsB#ã“’Ó3 ¢fW'FW‚BãS“"#ãcscB3 ¢fW'FW‚RãƒsB#ã“’3 ¢VæFÆö÷ ¢VæFf6W@¢f6WBæ÷&ÖÂÓã3S#3“bã“3SƒS ¢÷WFW"Æö÷ ¢fW'FW‚BãS“"#ãcscB3 ¢fW'FW‚RãƒsB#ã“’Ó3 ¢fW'FW‚BãS“"#ãcscBÓ3 ¢VæFÆö÷ ¢VæFf6W@¢f6WBæ÷&ÖÂã##sbã“s3ƒrÓ ¢÷WFW"Æö÷ ¢fW'FW‚2ã3#S‚#ãS“3RÓ3 ¢fW'FW‚"ãsS2#ãs3ƒ"3 ¢fW'FW‚2ã3#S‚#ãS“3R3 ¢VæFÆö÷ ¢VæFf6W@¢f6WBæ÷&ÖÂã##sbã“s3ƒr ¢÷WFW"Æö÷ ¢fW'FW‚"ãsS2#ãs3ƒ"3 ¢fW'FW‚2ã3#S‚#ãS“3RÓ3 ¢fW'FW‚"ãsS2#ãs3ƒ"Ó3 ¢VæFÆö÷ ¢VæFf6W@¢f6WBæ÷&ÖÂãc#srÓã“ƒcccB ¢÷WFW"Æö÷ ¢fW'FW‚"ã“ƒ‚#bã“SRÓ3 ¢fW'FW‚2ãS3sB#rãSƒr3 ¢fW'FW‚"ã“ƒ‚#bã“SR3 ¢VæFÆö÷ ¢VæFf6W@¢f6WBæ÷&ÖÂãc#srÓã“ƒcccB ¢÷WFW"Æö÷ ¢fW'FW‚2ãS3sB#rãSƒr3 ¢fW'FW‚"ã“ƒ‚#bã“SRÓ3 ¢fW'FW‚2ãS3sB#rãSƒrÓ3 ¢VæFÆö÷ ¢VæFf6W@¢f6WBæ÷&ÖÂãS#s“‚ÓãƒC“#Sr ¢÷WFW"Æö÷ ¢fW'FW‚ãssR#bã3“CÓ3 ¢fW'FW‚"ã3#b#bãs3R3 ¢fW'FW‚ãssR#bã3“C3 ¢VæFÆö÷ ¢VæFf6W@¢f6WBæ÷&ÖÂãS#s“‚ÓãƒC“#Sr ¢÷WFW"Æö÷ ¢fW'FW‚"ã3#b#bãs3R3 ¢fW'FW‚ãssR#bã3“CÓ3 ¢fW'FW‚"ã3#b#bãs3RÓ3 ¢VæFÆö÷ ¢VæFf6W@¢f6WBæ÷&ÖÂãC#ccrã“ƒƒ"Ó ¢÷WFW"Æö÷ ¢fW'FW‚"ãsS2#ãs3ƒ"Ó3 ¢fW'FW‚"ã#R#ã3 ¢fW'FW‚"ãsS2#ãs3ƒ"3 ¢VæFÆö÷ ¢VæFf6W@¢f6WBæ÷&ÖÂãC#ccrã“ƒƒ" ¢÷WFW"Æö÷ ¢fW'FW‚"ã#R#ã3 ¢fW'FW‚"ãsS2#ãs3ƒ"Ó3 ¢fW'FW‚"ã#R#ãÓ3 ¢VæFÆö÷ ¢VæFf6W@¢f6WBæ÷&ÖÂÓã“ƒƒ"ãC#ccr ¢÷WFW"Æö÷ ¢fW'FW‚bãScCb#"ã“rÓ3 ¢fW'FW‚bãƒ#sR#"ãss3 ¢fW'FW‚bãƒ#sR#"ãssÓ3 ¢VæFÆö÷ ¢VæFf6W@¢f6WBæ÷&ÖÂÓã“ƒƒ"ãC#ccr ¢÷WFW"Æö÷ ¢fW'FW‚bãƒ#sR#"ãss3 ¢fW'FW‚bãScCb#"ã“rÓ3 ¢fW'FW‚bãScCb#"ã“r3 ¢VæFÆö÷ ¢VæFf6W@¢f6WBæ÷&ÖÂãƒC“#SrãS#s“‚ ¢÷WFW"Æö÷ ¢fW'FW‚ãsb#ãƒ3s"3 ¢fW'FW‚ãƒ3S"#"ã3sƒ2Ó3 ¢fW'FW‚ãƒ3S"#"ã3sƒ23 ¢VæFÆö÷ ¢VæFf6W@¢f6WBæ÷&ÖÂãƒC“#SrãS#s“‚ ¢÷WFW"Æö÷ ¢fW'FW‚ãƒ3S"#"ã3sƒ2Ó3 ¢fW'FW‚ãsb#ãƒ3s"3 ¢fW'FW‚ãsb#ãƒ3s"Ó3 ¢VæFÆö÷ ¢VæFf6W@¢f6WBæ÷&ÖÂã“ƒcccBãc#sr ¢÷WFW"Æö÷ ¢fW'FW‚ãcr#"ã“sCR3 ¢fW'FW‚ãSr#2ãc3Ó3 ¢fW'FW‚ãSr#2ãc33 ¢VæFÆö÷ ¢VæFf6W@¢f6WBæ÷&ÖÂã“ƒcccBãc#sr ¢÷WFW"Æö÷ ¢fW'FW‚ãSr#2ãc3Ó3 ¢fW'FW‚ãcr#"ã“sCR3 ¢fW'FW‚ãcr#"ã“sCRÓ3 ¢VæFÆö÷ ¢VæFf6W@¢f6WBæ÷&ÖÂãƒ#ƒc2ÓãSƒ#CSR ¢÷WFW"Æö÷ ¢fW'FW‚ã“3SB#RãCCr3 ¢fW'FW‚ã3cR#Rã“SƒbÓ3 ¢fW'FW‚ã3cR#Rã“Sƒb3 ¢VæFÆö÷ ¢VæFf6W@¢f6WBæ÷&ÖÂãƒ#ƒc2ÓãSƒ#CSR ¢÷WFW"Æö÷ ¢fW'FW‚ã3cR#Rã“SƒbÓ3 ¢fW'FW‚ã“3SB#RãCCr3 ¢fW'FW‚ã“3SB#RãCCrÓ3 ¢VæFÆö÷ ¢VæFf6W@¢f6WBæ÷&ÖÂã“““CcrÓã3#cCS’ ¢÷WFW"Æö÷ ¢fW'FW‚ãSr#2ãc33 ¢fW'FW‚ãS#s‚#Bã#3“’Ó3 ¢fW'FW‚ãS#s‚#Bã#3“’3 ¢VæFÆö÷ ¢VæFf6W@¢f6WBæ÷&ÖÂã“““CcrÓã3#cCS’ ¢÷WFW"Æö÷ ¢fW'FW‚ãS#s‚#Bã#3“’Ó3 ¢fW'FW‚ãSr#2ãc33 ¢fW'FW‚ãSr#2ãc3Ó3 ¢VæFÆö÷ ¢VæFf6W@¢f6WBæ÷&ÖÂÓãs#“ƒ‚Óãcƒ3Ssb ¢÷WFW"Æö÷ ¢fW'FW‚bã3#ƒB#Rãs“C"Ó3 ¢fW'FW‚Rãƒ“#’#bã#S“"3 ¢fW'FW‚Rãƒ“#’#bã#S“"Ó3 ¢VæFÆö÷ ¢VæFf6W@¢f6WBæ÷&ÖÂÓãs#“ƒ‚Óãcƒ3Ssb ¢÷WFW"Æö÷ ¢fW'FW‚Rãƒ“#’#bã#S“"3 ¢fW'FW‚bã3#ƒB#Rãs“C"Ó3 ¢fW'FW‚bã3#ƒB#Rãs“C"3 ¢VæFÆö÷ ¢VæFf6W@¢f6WBæ÷&ÖÂÓãƒ#ƒc2ãSƒ#CSR ¢÷WFW"Æö÷ ¢fW'FW‚bã“3R#ãcs#‚Ó3 ¢fW'FW‚bãScCb#"ã“r3 ¢fW'FW‚bãScCb#"ã“rÓ3 ¢VæFÆö÷ ¢VæFf6W@¢f6WBæ÷&ÖÂÓãƒ#ƒc2ãSƒ#CSR ¢÷WFW"Æö÷ ¢fW'FW‚bãScCb#"ã“r3 ¢fW'FW‚bã“3R#ãcs#‚Ó3 ¢fW'FW‚bã“3R#ãcs#‚3 ¢VæFÆö÷ ¢VæFf6W@¢f6WBæ÷&ÖÂãs#“ƒ‚ãcƒ3Ssb ¢÷WFW"Æö÷ ¢fW'FW‚ãcs#ã3s#"3 ¢fW'FW‚ãsb#ãƒ3s"Ó3 ¢fW'FW‚ãsb#ãƒ3s"3 ¢VæFÆö÷ ¢VæFf6W@¢f6WBæ÷&ÖÂãs#“ƒ‚ãcƒ3Ssb ¢÷WFW"Æö÷ ¢fW'FW‚ãsb#ãƒ3s"Ó3 ¢fW'FW‚ãcs#ã3s#"3 ¢fW'FW‚ãcs#ã3s#"Ó3 ¢VæFÆö÷ ¢VæFf6W@¢f6WBæ÷&ÖÂã3#cCS’ã“““CcrÓ ¢÷WFW"Æö÷ ¢fW'FW‚2ã“c#b#ãSs#rÓ3 ¢fW'FW‚2ã3#S‚#ãS“3R3 ¢fW'FW‚2ã“c#b#ãSs#r3 ¢VæFÆö÷ ¢VæFf6W@¢f6WBæ÷&ÖÂã3#cCS’ã“““Ccr ¢÷WFW"Æö÷ ¢fW'FW‚2ã3#S‚#ãS“3R3 ¢fW'FW‚2ã“c#b#ãSs#rÓ3 ¢fW'FW‚2ã3#S‚#ãS“3RÓ3 ¢VæFÆö÷ ¢VæFf6W@¢f6WBæ÷&ÖÂÓãc#srã“ƒcccB ¢÷WFW"Æö÷ ¢fW'FW‚BãS“"#ãcscBÓ3 ¢fW'FW‚2ã“c#b#ãSs#r3 ¢fW'FW‚BãS“"#ãcscB3 ¢VæFÆö÷ ¢VæFf6W@¢f6WBæ÷&ÖÂÓãc#srã“ƒcccB ¢÷WFW"Æö÷ ¢fW'FW‚2ã“c#b#ãSs#r3 ¢fW'FW‚BãS“"#ãcscBÓ3 ¢fW'FW‚2ã“c#b#ãSs#rÓ3 ¢VæFÆö÷ ¢VæFf6W@¢f6WBæ÷&ÖÂÓã“ƒcccBÓãc#sr ¢÷WFW"Æö÷ ¢fW'FW‚bã““2#Bã#ƒ2Ó3 ¢fW'FW‚bãƒƒ“2#BãcSc’3 ¢fW'FW‚bãƒƒ“2#BãcSc’Ó3 ¢VæFÆö÷ ¢VæFf6W@¢f6WBæ÷&ÖÂÓã“ƒcccBÓãc#sr ¢÷WFW"Æö÷ ¢fW'FW‚bãƒƒ“2#BãcSc’3 ¢fW'FW‚bã““2#Bã#ƒ2Ó3 ¢fW'FW‚bã““2#Bã#ƒ23 ¢VæFÆö÷ ¢VæFf6W@¢f6WBæ÷&ÖÂÓãC#ccrã“ƒƒ" ¢÷WFW"Æö÷ ¢fW'FW‚Ó"ã#R#ãÓ3 ¢fW'FW‚Ó"ãsS2#ãs3ƒ"3 ¢fW'FW‚Ó"ã#R#ã3 ¢VæFÆö÷ ¢VæFf6W@¢f6WBæ÷&ÖÂÓãC#ccrã“ƒƒ" ¢÷WFW"Æö÷ ¢fW'FW‚Ó"ãsS2#ãs3ƒ"3 ¢fW'FW‚Ó"ã#R#ãÓ3 ¢fW'FW‚Ó"ãsS2#ãs3ƒ"Ó3 ¢VæFÆö÷ ¢VæFf6W@¢f6WBæ÷&ÖÂÓãcƒ3SsbÓãs#“ƒ‚ ¢÷WFW"Æö÷ ¢fW'FW‚ÓãssR#bã3“CÓ3 ¢fW'FW‚Óã3cR#Rã“Sƒb3 ¢fW'FW‚ÓãssR#bã3“C3 ¢VæFÆö÷ ¢VæFf6W@¢f6WBæ÷&ÖÂÓãcƒ3SsbÓãs#“ƒ‚Ó ¢÷WFW"Æö÷ ¢fW'FW‚Óã3cR#Rã“Sƒb3 ¢fW'FW‚ÓãssR#bã3“CÓ3 ¢fW'FW‚Óã3cR#Rã“SƒbÓ3 ¢VæFÆö÷ ¢VæFf6W@¢f6WBæ÷&ÖÂãs#“ƒ‚Óãcƒ3Ssb ¢÷WFW"Æö÷ ¢fW'FW‚Óbã3#ƒB#Rãs“C"3 ¢fW'FW‚ÓRãƒ“#’#bã#S“"Ó3 ¢fW'FW‚ÓRãƒ“#’#bã#S“"3 ¢VæFÆö÷ ¢VæFf6W@¢f6WBæ÷&ÖÂãs#“ƒ‚Óãcƒ3Ssb ¢÷WFW"Æö÷ ¢fW'FW‚ÓRãƒ“#’#bã#S“"Ó3 ¢fW'FW‚Óbã3#ƒB#Rãs“C"3 ¢fW'FW‚Óbã3#ƒB#Rãs“C"Ó3 ¢VæFÆö÷ ¢VæFf6W@¢f6WBæ÷&ÖÂÓãS#s“‚ÓãƒC“#Sr ¢÷WFW"Æö÷ ¢fW'FW‚Ó"ã3#b#bãs3RÓ3 ¢fW'FW‚ÓãssR#bã3“C3 ¢fW'FW‚Ó"ã3#b#bãs3R3 ¢VæFÆö÷ ¢VæFf6W@¢f6WBæ÷&ÖÂÓãS#s“‚ÓãƒC“#SrÓ ¢÷WFW"Æö÷ ¢fW'FW‚ÓãssR#bã3“C3 ¢fW'FW‚Ó"ã3#b#bãs3RÓ3 ¢fW'FW‚ÓãssR#bã3“CÓ3 ¢VæFÆö÷ ¢VæFf6W@¢f6WBæ÷&ÖÂãcƒ3Ssbãs#“ƒ‚Ó ¢÷WFW"Æö÷ ¢fW'FW‚ÓRãs#ƒR#ã#3s2Ó3 ¢fW'FW‚Óbã“3R#ãcs#‚3 ¢fW'FW‚ÓRãs#ƒR#ã#3s23 ¢VæFÆö÷ ¢VæFf6W@¢f6WBæ÷&ÖÂãcƒ3Ssbãs#“ƒ‚ ¢÷WFW"Æö÷ ¢fW'FW‚Óbã“3R#ãcs#‚3 ¢fW'FW‚ÓRãs#ƒR#ã#3s2Ó3 ¢fW'FW‚Óbã“3R#ãcs#‚Ó3 ¢VæFÆö÷ ¢VæFf6W@¢f6WBæ÷&ÖÂãC#ccrÓã“ƒƒ" ¢÷WFW"Æö÷ ¢fW'FW‚ÓRã3sR#bãc32Ó3 ¢fW'FW‚ÓBãs“Cr#bãƒ“3"3 ¢fW'FW‚ÓRã3sR#bãc323 ¢VæFÆö÷ ¢VæFf6W@¢f6WBæ÷&ÖÂãC#ccrÓã“ƒƒ" ¢÷WFW"Æö÷ ¢fW'FW‚ÓBãs“Cr#bãƒ“3"3 ¢fW'FW‚ÓRã3sR#bãc32Ó3 ¢fW'FW‚ÓBãs“Cr#bãƒ“3"Ó3 ¢VæFÆö÷ ¢VæFf6W@¢f6WBæ÷&ÖÂã3#cCS’Óã“““Ccr ¢÷WFW"Æö÷ ¢fW'FW‚ÓBãsC"#rã3s’Ó3 ¢fW'FW‚Ó2ãS3sB#rãSƒr3 ¢fW'FW‚ÓBãsC"#rã3s’3 ¢VæFÆö÷ ¢VæFf6W@¢f6WBæ÷&ÖÂã3#cCS’Óã“““Ccr ¢÷WFW"Æö÷ ¢fW'FW‚Ó2ãS3sB#rãSƒr3 ¢fW'FW‚ÓBãsC"#rã3s’Ó3 ¢fW'FW‚Ó2ãS3sB#rãSƒrÓ3 ¢VæFÆö÷ ¢VæFf6W@¢f6WBæ÷&ÖÂÓã3S#3“bÓã“3SƒS ¢÷WFW"Æö÷ ¢fW'FW‚Ó"ã“ƒ‚#bã“SRÓ3 ¢fW'FW‚Ó"ã3#b#bãs3R3 ¢fW'FW‚Ó"ã“ƒ‚#bã“SR3 ¢VæFÆö÷ ¢VæFf6W@¢f6WBæ÷&ÖÂÓã3S#3“bÓã“3SƒSÓ ¢÷WFW"Æö÷ ¢fW'FW‚Ó"ã3#b#bãs3R3 ¢fW'FW‚Ó"ã“ƒ‚#bã“SRÓ3 ¢fW'FW‚Ó"ã3#b#bãs3RÓ3 ¢VæFÆö÷ ¢VæFf6W@¢f6WBæ÷&ÖÂÓã##sbã“s3ƒr ¢÷WFW"Æö÷ ¢fW'FW‚Ó"ãsS2#ãs3ƒ"Ó3 ¢fW'FW‚Ó2ã3#S‚#ãS“3R3 ¢fW'FW‚Ó"ãsS2#ãs3ƒ"3 ¢VæFÆö÷ ¢VæFf6W@¢f6WBæ÷&ÖÂÓã##sbã“s3ƒr ¢÷WFW"Æö÷ ¢fW'FW‚Ó2ã3#S‚#ãS“3R3 ¢fW'FW‚Ó"ãsS2#ãs3ƒ"Ó3 ¢fW'FW‚Ó2ã3#S‚#ãS“3RÓ3 ¢VæFÆö÷ ¢VæFf6W@¢f6WBæ÷&ÖÂãSƒ#CSRÓãƒ#ƒc2 ¢÷WFW"Æö÷ ¢fW'FW‚ÓRãƒ“#’#bã#S“"Ó3 ¢fW'FW‚ÓRã3sR#bãc323 ¢fW'FW‚ÓRãƒ“#’#bã#S“"3 ¢VæFÆö÷ ¢VæFf6W@¢f6WBæ÷&ÖÂãSƒ#CSRÓãƒ#ƒc2 ¢÷WFW"Æö÷ ¢fW'FW‚ÓRã3sR#bãc323 ¢fW'FW‚ÓRãƒ“#’#bã#S“"Ó3 ¢fW'FW‚ÓRã3sR#bãc32Ó3 ¢VæFÆö÷ ¢VæFf6W@¢f6WBæ÷&ÖÂÓãs#“ƒ‚ãcƒ3Ssb ¢÷WFW"Æö÷ ¢fW'FW‚Óãcs#ã3s#"Ó3 ¢fW'FW‚Óãsb#ãƒ3s"3 ¢fW'FW‚Óãsb#ãƒ3s"Ó3 ¢VæFÆö÷ ¢VæFf6W@¢f6WBæ÷&ÖÂÓãs#“ƒ‚ãcƒ3Ssb ¢÷WFW"Æö÷ ¢fW'FW‚Óãsb#ãƒ3s"3 ¢fW'FW‚Óãcs#ã3s#"Ó3 ¢fW'FW‚Óãcs#ã3s#"3 ¢VæFÆö÷ ¢VæFf6W@¢f6WBæ÷&ÖÂã“ƒƒ"ãC#ccr ¢÷WFW"Æö÷ ¢fW'FW‚ÓbãScCb#"ã“r3 ¢fW'FW‚Óbãƒ#sR#"ãssÓ3 ¢fW'FW‚Óbãƒ#sR#"ãss3 ¢VæFÆö÷ ¢VæFf6W@¢f6WBæ÷&ÖÂã“ƒƒ"ãC#ccr ¢÷WFW"Æö÷ ¢fW'FW‚Óbãƒ#sR#"ãssÓ3 ¢fW'FW‚ÓbãScCb#"ã“r3 ¢fW'FW‚ÓbãScCb#"ã“rÓ3 ¢VæFÆö÷ ¢VæFf6W@¢f6WBæ÷&ÖÂÓãSƒ#CSRãƒ#ƒc2 ¢÷WFW"Æö÷ ¢fW'FW‚Óãcs#ã3s#"Ó3 ¢fW'FW‚Ó"ã#R#ã3 ¢fW'FW‚Óãcs#ã3s#"3 ¢VæFÆö÷ ¢VæFf6W@¢f6WBæ÷&ÖÂÓãSƒ#CSRãƒ#ƒc2 ¢÷WFW"Æö÷ ¢fW'FW‚Ó"ã#R#ã3 ¢fW'FW‚Óãcs#ã3s#"Ó3 ¢fW'FW‚Ó"ã#R#ãÓ3 ¢VæFÆö÷ ¢VæFf6W@¢f6WBæ÷&ÖÂãƒC“#SrÓãS#s“‚ ¢÷WFW"Æö÷ ¢fW'FW‚ÓbãccC‚#Rã#S33 ¢fW'FW‚Óbã3#ƒB#Rãs“C"Ó3 ¢fW'FW‚Óbã3#ƒB#Rãs“C"3 ¢VæFÆö÷ ¢VæFf6W@¢f6WBæ÷&ÖÂãƒC“#SrÓãS#s“‚ ¢÷WFW"Æö÷ ¢fW'FW‚Óbã3#ƒB#Rãs“C"Ó3 ¢fW'FW‚ÓbãccC‚#Rã#S33 ¢fW'FW‚ÓbãccC‚#Rã#S3Ó3 ¢VæFÆö÷ ¢VæFf6W@¢f6WBæ÷&ÖÂã3S#3“bã“3SƒSÓ ¢÷WFW"Æö÷ ¢fW'FW‚ÓBãS“"#ãcscBÓ3 ¢fW'FW‚ÓRãƒsB#ã“’3 ¢fW'FW‚ÓBãS“"#ãcscB3 ¢VæFÆö÷ ¢VæFf6W@¢f6WBæ÷&ÖÂã3S#3“bã“3SƒS ¢÷WFW"Æö÷ ¢fW'FW‚ÓRãƒsB#ã“’3 ¢fW'FW‚ÓBãS“"#ãcscBÓ3 ¢fW'FW‚ÓRãƒsB#ã“’Ó3 ¢VæFÆö÷ ¢VæFf6W@¢f6WBæ÷&ÖÂÓã3#cCS’ã“““Ccr ¢÷WFW"Æö÷ ¢fW'FW‚Ó2ã3#S‚#ãS“3RÓ3 ¢fW'FW‚Ó2ã“c#b#ãSs#r3 ¢fW'FW‚Ó2ã3#S‚#ãS“3R3 ¢VæFÆö÷ ¢VæFf6W@¢f6WBæ÷&ÖÂÓã3#cCS’ã“““Ccr ¢÷WFW"Æö÷ ¢fW'FW‚Ó2ã“c#b#ãSs#r3 ¢fW'FW‚Ó2ã3#S‚#ãS“3RÓ3 ¢fW'FW‚Ó2ã“c#b#ãSs#rÓ3 ¢VæFÆö÷ ¢VæFf6W@¢f6WBæ÷&ÖÂã##sbÓã“s3ƒr ¢÷WFW"Æö÷ ¢fW'FW‚ÓBãs“Cr#bãƒ“3"Ó3 ¢fW'FW‚ÓBãsC"#rã3s’3 ¢fW'FW‚ÓBãs“Cr#bãƒ“3"3 ¢VæFÆö÷ ¢VæFf6W@¢f6WBæ÷&ÖÂã##sbÓã“s3ƒr ¢÷WFW"Æö÷ ¢fW'FW‚ÓBãsC"#rã3s’3 ¢fW'FW‚ÓBãs“Cr#bãƒ“3"Ó3 ¢fW'FW‚ÓBãsC"#rã3s’Ó3 ¢VæFÆö÷ ¢VæFf6W@¢f6WBæ÷&ÖÂã“s3ƒrã##sb ¢÷WFW"Æö÷ ¢fW'FW‚Óbãƒ#sR#"ãss3 ¢fW'FW‚Óbã“s#"#2ã3“RÓ3 ¢fW'FW‚Óbã“s#"#2ã3“R3 ¢VæFÆö÷ ¢VæFf6W@¢f6WBæ÷&ÖÂã“s3ƒrã##sb ¢÷WFW"Æö÷ ¢fW'FW‚Óbã“s#"#2ã3“RÓ3 ¢fW'FW‚Óbãƒ#sR#"ãss3 ¢fW'FW‚Óbãƒ#sR#"ãssÓ3 ¢VæFÆö÷ ¢VæFf6W@¢f6WBæ÷&ÖÂã“ƒcccBÓãc#sr ¢÷WFW"Æö÷ ¢fW'FW‚Óbã““2#Bã#ƒ23 ¢fW'FW‚Óbãƒƒ“2#BãcSc’Ó3 ¢fW'FW‚Óbãƒƒ“2#BãcSc’3 ¢VæFÆö÷ ¢VæFf6W@¢f6WBæ÷&ÖÂã“ƒcccBÓãc#sr ¢÷WFW"Æö÷ ¢fW'FW‚Óbãƒƒ“2#BãcSc’Ó3 ¢fW'FW‚Óbã““2#Bã#ƒ23 ¢fW'FW‚Óbã““2#Bã#ƒ2Ó3 ¢VæFÆö÷ ¢VæFf6W@¢f6WBæ÷&ÖÂÓã“ƒcccBãc#sr ¢÷WFW"Æö÷ ¢fW'FW‚Óãcr#"ã“sCRÓ3 ¢fW'FW‚ÓãSr#2ãc33 ¢fW'FW‚ÓãSr#2ãc3Ó3 ¢VæFÆö÷ ¢VæFf6W@¢f6WBæ÷&ÖÂÓã“ƒcccBãc#sr ¢÷WFW"Æö÷ ¢fW'FW‚ÓãSr#2ãc33 ¢fW'FW‚Óãcr#"ã“sCRÓ3 ¢fW'FW‚Óãcr#"ã“sCR3 ¢VæFÆö÷ ¢VæFf6W@¢f6WBæ÷&ÖÂã“3SƒSÓã3S#3“b ¢÷WFW"Æö÷ ¢fW'FW‚Óbãƒƒ“2#BãcSc’3 ¢fW'FW‚ÓbãccC‚#Rã#S3Ó3 ¢fW'FW‚ÓbãccC‚#Rã#S33 ¢VæFÆö÷ ¢VæFf6W@¢f6WBæ÷&ÖÂã“3SƒSÓã3S#3“b ¢÷WFW"Æö÷ ¢fW'FW‚ÓbãccC‚#Rã#S3Ó3 ¢fW'FW‚Óbãƒƒ“2#BãcSc’3 ¢fW'FW‚Óbãƒƒ“2#BãcSc’Ó3 ¢VæFÆö÷ ¢VæFf6W@¢f6WBæ÷&ÖÂãc#srã“ƒcccBÓ ¢÷WFW"Æö÷ ¢fW'FW‚Ó2ã“c#b#ãSs#rÓ3 ¢fW'FW‚ÓBãS“"#ãcscB3 ¢fW'FW‚Ó2ã“c#b#ãSs#r3 ¢VæFÆö÷ ¢VæFf6W@¢f6WBæ÷&ÖÂãc#srã“ƒcccB ¢÷WFW"Æö÷ ¢fW'FW‚ÓBãS“"#ãcscB3 ¢fW'FW‚Ó2ã“c#b#ãSs#rÓ3 ¢fW'FW‚ÓBãS“"#ãcscBÓ3 ¢VæFÆö÷ ¢VæFf6W@¢f6WBæ÷&ÖÂÓã“ƒƒ"ÓãC#ccr ¢÷WFW"Æö÷ ¢fW'FW‚Óãcs#R#BãƒcBÓ3 ¢fW'FW‚Óã“3SB#RãCCr3 ¢fW'FW‚Óã“3SB#RãCCrÓ3 ¢VæFÆö÷ ¢VæFf6W@¢f6WBæ÷&ÖÂÓã“ƒƒ"ÓãC#ccr ¢÷WFW"Æö÷ ¢fW'FW‚Óã“3SB#RãCCr3 ¢fW'FW‚Óãcs#R#BãƒcBÓ3 ¢fW'FW‚Óãcs#R#BãƒcB3 ¢VæFÆö÷ ¢VæFf6W@¢f6WBæ÷&ÖÂã“““Ccrã3#cCS’ ¢÷WFW"Æö÷ ¢fW'FW‚Óbã“s#"#2ã3“R3 ¢fW'FW‚Óbã““2#Bã#ƒ2Ó3 ¢fW'FW‚Óbã““2#Bã#ƒ23 ¢VæFÆö÷ ¢VæFf6W@¢f6WBæ÷&ÖÂã“““Ccrã3#cCS’ ¢÷WFW"Æö÷ ¢fW'FW‚Óbã““2#Bã#ƒ2Ó3 ¢fW'FW‚Óbã“s#"#2ã3“R3 ¢fW'FW‚Óbã“s#"#2ã3“RÓ3 ¢VæFÆö÷ ¢VæFf6W@¢f6WBæ÷&ÖÂãS#s“‚ãƒC“#SrÓ ¢÷WFW"Æö÷ ¢fW'FW‚ÓRãƒsB#ã“’Ó3 ¢fW'FW‚ÓRãs#ƒR#ã#3s23 ¢fW'FW‚ÓRãƒsB#ã“’3 ¢VæFÆö÷ ¢VæFf6W@¢f6WBæ÷&ÖÂãS#s“‚ãƒC“#Sr ¢÷WFW"Æö÷ ¢fW'FW‚ÓRãs#ƒR#ã#3s23 ¢fW'FW‚ÓRãƒsB#ã“’Ó3 ¢fW'FW‚ÓRãs#ƒR#ã#3s2Ó3 ¢VæFÆö÷ ¢VæFf6W@¢f6WBæ÷&ÖÂãƒ#ƒc2ãSƒ#CSR ¢÷WFW"Æö÷ ¢fW'FW‚Óbã“3R#ãcs#‚3 ¢fW'FW‚ÓbãScCb#"ã“rÓ3 ¢fW'FW‚ÓbãScCb#"ã“r3 ¢VæFÆö÷ ¢VæFf6W@¢f6WBæ÷&ÖÂãƒ#ƒc2ãSƒ#CSR ¢÷WFW"Æö÷ ¢fW'FW‚ÓbãScCb#"ã“rÓ3 ¢fW'FW‚Óbã“3R#ãcs#‚3 ¢fW'FW‚Óbã“3R#ãcs#‚Ó3 ¢VæFÆö÷ ¢VæFf6W@¢f6WBæ÷&ÖÂÓã“3SƒSã3S#3“b ¢÷WFW"Æö÷ ¢fW'FW‚Óãƒ3S"#"ã3sƒ2Ó3 ¢fW'FW‚Óãcr#"ã“sCR3 ¢fW'FW‚Óãcr#"ã“sCRÓ3 ¢VæFÆö÷ ¢VæFf6W@¢f6WBæ÷&ÖÂÓã“3SƒSã3S#3“b ¢÷WFW"Æö÷ ¢fW'FW‚Óãcr#"ã“sCR3 ¢fW'FW‚Óãƒ3S"#"ã3sƒ2Ó3 ¢fW'FW‚Óãƒ3S"#"ã3sƒ23 ¢VæFÆö÷ ¢VæFf6W@¢f6WBæ÷&ÖÂÓã“““CcrÓã3#cCS’ ¢÷WFW"Æö÷ ¢fW'FW‚ÓãSr#2ãc3Ó3 ¢fW'FW‚ÓãS#s‚#Bã#3“’3 ¢fW'FW‚ÓãS#s‚#Bã#3“’Ó3 ¢VæFÆö÷ ¢VæFf6W@¢f6WBæ÷&ÖÂÓã“““CcrÓã3#cCS’ ¢÷WFW"Æö÷ ¢fW'FW‚ÓãS#s‚#Bã#3“’3 ¢fW'FW‚ÓãSr#2ãc3Ó3 ¢fW'FW‚ÓãSr#2ãc33 ¢VæFÆö÷ ¢VæFf6W@¢f6WBæ÷&ÖÂÓã“s3ƒrÓã##sb ¢÷WFW"Æö÷ ¢fW'FW‚ÓãS#s‚#Bã#3“’Ó3 ¢fW'FW‚Óãcs#R#BãƒcB3 ¢fW'FW‚Óãcs#R#BãƒcBÓ3 ¢VæFÆö÷ ¢VæFf6W@¢f6WBæ÷&ÖÂÓã“s3ƒrÓã##sb ¢÷WFW"Æö÷ ¢fW'FW‚Óãcs#R#BãƒcB3 ¢fW'FW‚ÓãS#s‚#Bã#3“’Ó3 ¢fW'FW‚ÓãS#s‚#Bã#3“’3 ¢VæFÆö÷ ¢VæFf6W@¢f6WBæ÷&ÖÂÓãƒC“#SrãS#s“‚ ¢÷WFW"Æö÷ ¢fW'FW‚Óãsb#ãƒ3s"Ó3 ¢fW'FW‚Óãƒ3S"#"ã3sƒ23 ¢fW'FW‚Óãƒ3S"#"ã3sƒ2Ó3 ¢VæFÆö÷ ¢VæFf6W@¢f6WBæ÷&ÖÂÓãƒC“#SrãS#s“‚ ¢÷WFW"Æö÷ ¢fW'FW‚Óãƒ3S"#"ã3sƒ23 ¢fW'FW‚Óãsb#ãƒ3s"Ó3 ¢fW'FW‚Óãsb#ãƒ3s"3 ¢VæFÆö÷ ¢VæFf6W@¢f6WBæ÷&ÖÂÓãc#srÓã“ƒcccB ¢÷WFW"Æö÷ ¢fW'FW‚Ó2ãS3sB#rãSƒrÓ3 ¢fW'FW‚Ó"ã“ƒ‚#bã“SR3 ¢fW'FW‚Ó2ãS3sB#rãSƒr3 ¢VæFÆö÷ ¢VæFf6W@¢f6WBæ÷&ÖÂÓãc#srÓã“ƒcccBÓ ¢÷WFW"Æö÷ ¢fW'FW‚Ó"ã“ƒ‚#bã“SR3 ¢fW'FW‚Ó2ãS3sB#rãSƒrÓ3 ¢fW'FW‚Ó"ã“ƒ‚#bã“SRÓ3 ¢VæFÆö÷ ¢VæFf6W@¢f6WBæ÷&ÖÂÓãƒ#ƒc2ÓãSƒ#CSR ¢÷WFW"Æö÷ ¢fW'FW‚Óã“3SB#RãCCrÓ3 ¢fW'FW‚Óã3cR#Rã“Sƒb3 ¢fW'FW‚Óã3cR#Rã“SƒbÓ3 ¢VæFÆö÷ ¢VæFf6W@¢f6WBæ÷&ÖÂÓãƒ#ƒc2ÓãSƒ#CSR ¢÷WFW"Æö÷ ¢fW'FW‚Óã3cR#Rã“Sƒb3 ¢fW'FW‚Óã“3SB#RãCCrÓ3 ¢fW'FW‚Óã“3SB#RãCCr3 ¢VæFÆö÷ ¢VæFf6W@¢f6WBæ÷&ÖÂÓã“Sc“bÓã#“3cb ¢÷WFW"Æö÷ ¢fW'FW‚Ó#Bã3#Bãc3CC2Ó3 ¢fW'FW‚Ó#BãC“sBã#C3s"3 ¢fW'FW‚Ó#BãC“sBã#C3s"Ó3 ¢VæFÆö÷ ¢VæFf6W@¢f6WBæ÷&ÖÂÓã“Sc“bÓã#“3cb ¢÷WFW"Æö÷ ¢fW'FW‚Ó#BãC“sBã#C3s"3 ¢fW'FW‚Ó#Bã3#Bãc3CC2Ó3 ¢fW'FW‚Ó#Bã3#Bãc3CC23 ¢VæFÆö÷ ¢VæFf6W@¢f6WBæ÷&ÖÂÓãss#““‚ãc3CC‚ ¢÷WFW"Æö÷ ¢fW'FW‚Ó#Rã#’Ó"ã#“ƒÓ3 ¢fW'FW‚Ó#Bãs“srÓãƒSb3 ¢fW'FW‚Ó#Bãs“srÓãƒSbÓ3 ¢VæFÆö÷ ¢VæFf6W@¢f6WBæ÷&ÖÂÓãss#““‚ãc3CC‚ ¢÷WFW"Æö÷ ¢fW'FW‚Ó#Bãs“srÓãƒSb3 ¢fW'FW‚Ó#Rã#’Ó"ã#“ƒÓ3 ¢fW'FW‚Ó#Rã#’Ó"ã#“ƒ3 ¢VæFÆö÷ ¢VæFf6W@¢f6WBæ÷&ÖÂã#“#rÓã“Sc“CR ¢÷WFW"Æö÷ ¢fW'FW‚Ó#‚ãsC3r2ã#cÓ3 ¢fW'FW‚Ó#‚ã3B2ãƒsSR3 ¢fW'FW‚Ó#‚ãsC3r2ã#c3 ¢VæFÆö÷ ¢VæFf6W@¢f6WBæ÷&ÖÂã#“#rÓã“Sc“CR ¢÷WFW"Æö÷ ¢fW'FW‚Ó#‚ã3B2ãƒsSR3 ¢fW'FW‚Ó#‚ãsC3r2ã#cÓ3 ¢fW'FW‚Ó#‚ã3B2ãƒsSRÓ3 ¢VæFÆö÷ ¢VæFf6W@¢f6WBæ÷&ÖÂãss#““‚Óãc3CC‚ ¢÷WFW"Æö÷ ¢fW'FW‚Ó3ã##2ãƒSb3 ¢fW'FW‚Ó#’ãs“ƒ"ã#“ƒÓ3 ¢fW'FW‚Ó#’ãs“ƒ"ã#“ƒ3 ¢VæFÆö÷ ¢VæFf6W@¢f6WBæ÷&ÖÂãss#““‚Óãc3CC‚ ¢÷WFW"Æö÷ ¢fW'FW‚Ó#’ãs“ƒ"ã#“ƒÓ3 ¢fW'FW‚Ó3ã##2ãƒSb3 ¢fW'FW‚Ó3ã##2ãƒSbÓ3 ¢VæFÆö÷ ¢VæFf6W@¢f6WBæ÷&ÖÂã“Sc“bã#“3cb ¢÷WFW"Æö÷ ¢fW'FW‚Ó3ãS#bÓã#C3s"3 ¢fW'FW‚Ó3ãcƒsbÓãc3CC2Ó3 ¢fW'FW‚Ó3ãcƒsbÓãc3CC23 ¢VæFÆö÷ ¢VæFf6W@¢f6WBæ÷&ÖÂã“Sc“bã#“3cb ¢÷WFW"Æö÷ ¢fW'FW‚Ó3ãcƒsbÓãc3CC2Ó3 ¢fW'FW‚Ó3ãS#bÓã#C3s"3 ¢fW'FW‚Ó3ãS#bÓã#C3s"Ó3 ¢VæFÆö÷ ¢VæFf6W@¢f6WBæ÷&ÖÂãCs3ƒ"Óãƒƒ“#’ ¢÷WFW"Æö÷ ¢fW'FW‚Ó#’ã3Sb"ãs##‚Ó3 ¢fW'FW‚Ó#‚ãsC3r2ã#c3 ¢fW'FW‚Ó#’ã3Sb"ãs##‚3 ¢VæFÆö÷ ¢VæFf6W@¢f6WBæ÷&ÖÂãCs3ƒ"Óãƒƒ“#’ ¢÷WFW"Æö÷ ¢fW'FW‚Ó#‚ãsC3r2ã#c3 ¢fW'FW‚Ó#’ã3Sb"ãs##‚Ó3 ¢fW'FW‚Ó#‚ãsC3r2ã#cÓ3 ¢VæFÆö÷ ¢VæFf6W@¢f6WBæ÷&ÖÂã““S“"Óã“s“C#’ ¢÷WFW"Æö÷ ¢fW'FW‚Ó3ãsR3 ¢fW'FW‚Ó3ãcƒsbãc3CC2Ó3 ¢fW'FW‚Ó3ãcƒsbãc3CC23 ¢VæFÆö÷ ¢VæFf6W@¢f6WBæ÷&ÖÂã““S“"Óã“s“C#’ ¢÷WFW"Æö÷ ¢fW'FW‚Ó3ãcƒsbãc3CC2Ó3 ¢fW'FW‚Ó3ãsR3 ¢fW'FW‚Ó3ãsRÓ3 ¢VæFÆö÷ ¢VæFf6W@¢f6WBæ÷&ÖÂÓã““S“"ã“s“C#’ ¢÷WFW"Æö÷ ¢fW'FW‚Ó#Bã3#BÓãc3CC2Ó3 ¢fW'FW‚Ó#Bã#R3 ¢fW'FW‚Ó#Bã#RÓ3 ¢VæFÆö÷ ¢VæFf6W@¢f6WBæ÷&ÖÂÓã““S“"ã“s“C#’ ¢÷WFW"Æö÷ ¢fW'FW‚Ó#Bã#R3 ¢fW'FW‚Ó#Bã3#BÓãc3CC2Ó3 ¢fW'FW‚Ó#Bã3#BÓãc3CC23 ¢VæFÆö÷ ¢VæFf6W@¢f6WBæ÷&ÖÂãƒƒ“C"ãCs3S’ ¢÷WFW"Æö÷ ¢fW'FW‚Ó3ã##2ÓãƒSb3 ¢fW'FW‚Ó3ãS#bÓã#C3s"Ó3 ¢fW'FW‚Ó3ãS#bÓã#C3s"3 ¢VæFÆö÷ ¢VæFf6W@¢f6WBæ÷&ÖÂãƒƒ“C"ãCs3S’ ¢÷WFW"Æö÷ ¢fW'FW‚Ó3ãS#bÓã#C3s"Ó3 ¢fW'FW‚Ó3ã##2ÓãƒSb3 ¢fW'FW‚Ó3ã##2ÓãƒSbÓ3 ¢VæFÆö÷ ¢VæFf6W@¢f6WBæ÷&ÖÂãƒƒ“C"ÓãCs3S’ ¢÷WFW"Æö÷ ¢fW'FW‚Ó3ãS#bã#C3s"3 ¢fW'FW‚Ó3ã##2ãƒSbÓ3 ¢fW'FW‚Ó3ã##2ãƒSb3 ¢VæFÆö÷ ¢VæFf6W@¢f6WBæ÷&ÖÂãƒƒ“C"ÓãCs3S’ ¢÷WFW"Æö÷ ¢fW'FW‚Ó3ã##2ãƒSbÓ3 ¢fW'FW‚Ó3ãS#bã#C3s"3 ¢fW'FW‚Ó3ãS#bã#C3s"Ó3 ¢VæFÆö÷ ¢VæFf6W@¢f6WBæ÷&ÖÂÓã““S“"Óã“s“C#’ ¢÷WFW"Æö÷ ¢fW'FW‚Ó#Bã#RÓ3 ¢fW'FW‚Ó#Bã3#Bãc3CC23 ¢fW'FW‚Ó#Bã3#Bãc3CC2Ó3 ¢VæFÆö÷ ¢VæFf6W@¢f6WBæ÷&ÖÂÓã““S“"Óã“s“C#’ ¢÷WFW"Æö÷ ¢fW'FW‚Ó#Bã3#Bãc3CC23 ¢fW'FW‚Ó#Bã#RÓ3 ¢fW'FW‚Ó#Bã#R3 ¢VæFÆö÷ ¢VæFf6W@¢f6WBæ÷&ÖÂÓãc3C3ƒ’Óãss3B ¢÷WFW"Æö÷ ¢fW'FW‚Ó#Rãc“CB"ãs##‚Ó3 ¢fW'FW‚Ó#Rã#’"ã#“ƒ3 ¢fW'FW‚Ó#Rãc“CB"ãs##‚3 ¢VæFÆö÷ ¢VæFf6W@¢f6WBæ÷&ÖÂÓãc3C3ƒ’Óãss3BÓ ¢÷WFW"Æö÷ ¢fW'FW‚Ó#Rã#’"ã#“ƒ3 ¢fW'FW‚Ó#Rãc“CB"ãs##‚Ó3 ¢fW'FW‚Ó#Rã#’"ã#“ƒÓ3 ¢VæFÆö÷ ¢VæFf6W@¢f6WBæ÷&ÖÂÓã#“#rã“Sc“CR ¢÷WFW"Æö÷ ¢fW'FW‚Ó#bã#Sc2Ó2ã#cÓ3 ¢fW'FW‚Ó#bãƒcbÓ2ãƒsSR3 ¢fW'FW‚Ó#bã#Sc2Ó2ã#c3 ¢VæFÆö÷ ¢VæFf6W@¢f6WBæ÷&ÖÂÓã#“#rã“Sc“CR ¢÷WFW"Æö÷ ¢fW'FW‚Ó#bãƒcbÓ2ãƒsSR3 ¢fW'FW‚Ó#bã#Sc2Ó2ã#cÓ3 ¢fW'FW‚Ó#bãƒcbÓ2ãƒsSRÓ3 ¢VæFÆö÷ ¢VæFf6W@¢f6WBæ÷&ÖÂã“ƒ#s"ã““SƒBÓ ¢÷WFW"Æö÷ ¢fW'FW‚Ó#rãRÓ2ã#RÓ3 ¢fW'FW‚Ó#‚ã3BÓ2ãƒsSR3 ¢fW'FW‚Ó#rãRÓ2ã#R3 ¢VæFÆö÷ ¢VæFf6W@¢f6WBæ÷&ÖÂã“ƒ#s"ã““SƒB ¢÷WFW"Æö÷ ¢fW'FW‚Ó#‚ã3BÓ2ãƒsSR3 ¢fW'FW‚Ó#rãRÓ2ã#RÓ3 ¢fW'FW‚Ó#‚ã3BÓ2ãƒsSRÓ3 ¢VæFÆö÷ ¢VæFf6W@¢f6WBæ÷&ÖÂã““S“"ã“s“C#’ ¢÷WFW"Æö÷ ¢fW'FW‚Ó3ãcƒsbÓãc3CC23 ¢fW'FW‚Ó3ãsRÓ3 ¢fW'FW‚Ó3ãsR3 ¢VæFÆö÷ ¢VæFf6W@¢f6WBæ÷&ÖÂã““S“"ã“s“C#’ ¢÷WFW"Æö÷ ¢fW'FW‚Ó3ãsRÓ3 ¢fW'FW‚Ó3ãcƒsbÓãc3CC23 ¢fW'FW‚Ó3ãcƒsbÓãc3CC2Ó3 ¢VæFÆö÷ ¢VæFf6W@¢f6WBæ÷&ÖÂÓã#“#rÓã“Sc“CR ¢÷WFW"Æö÷ ¢fW'FW‚Ó#bãƒcb2ãƒsSRÓ3 ¢fW'FW‚Ó#bã#Sc22ã#c3 ¢fW'FW‚Ó#bãƒcb2ãƒsSR3 ¢VæFÆö÷ ¢VæFf6W@¢f6WBæ÷&ÖÂÓã#“#rÓã“Sc“CRÓ ¢÷WFW"Æö÷ ¢fW'FW‚Ó#bã#Sc22ã#c3 ¢fW'FW‚Ó#bãƒcb2ãƒsSRÓ3 ¢fW'FW‚Ó#bã#Sc22ã#cÓ3 ¢VæFÆö÷ ¢VæFf6W@¢f6WBæ÷&ÖÂÓãCs3ƒ"ãƒƒ“#’ ¢÷WFW"Æö÷ ¢fW'FW‚Ó#Rãc“CBÓ"ãs##‚Ó3 ¢fW'FW‚Ó#bã#Sc2Ó2ã#c3 ¢fW'FW‚Ó#Rãc“CBÓ"ãs##‚3 ¢VæFÆö÷ ¢VæFf6W@¢f6WBæ÷&ÖÂÓãCs3ƒ"ãƒƒ“#’ ¢÷WFW"Æö÷ ¢fW'FW‚Ó#bã#Sc2Ó2ã#c3 ¢fW'FW‚Ó#Rãc“CBÓ"ãs##‚Ó3 ¢fW'FW‚Ó#bã#Sc2Ó2ã#cÓ3 ¢VæFÆö÷ ¢VæFf6W@¢f6WBæ÷&ÖÂÓãƒƒ“C"ÓãCs3S’ ¢÷WFW"Æö÷ ¢fW'FW‚Ó#BãC“sBã#C3s"Ó3 ¢fW'FW‚Ó#Bãs“srãƒSb3 ¢fW'FW‚Ó#Bãs“srãƒSbÓ3 ¢VæFÆö÷ ¢VæFf6W@¢f6WBæ÷&ÖÂÓãƒƒ“C"ÓãCs3S’ ¢÷WFW"Æö÷ ¢fW'FW‚Ó#Bãs“srãƒSb3 ¢fW'FW‚Ó#BãC“sBã#C3s"Ó3 ¢fW'FW‚Ó#BãC“sBã#C3s"3 ¢VæFÆö÷ ¢VæFf6W@¢f6WBæ÷&ÖÂã“ƒ#s"Óã““SƒB ¢÷WFW"Æö÷ ¢fW'FW‚Ó#‚ã3B2ãƒsSRÓ3 ¢fW'FW‚Ó#rãR2ã#R3 ¢fW'FW‚Ó#‚ã3B2ãƒsSR3 ¢VæFÆö÷ ¢VæFf6W@¢f6WBæ÷&ÖÂã“ƒ#s"Óã““SƒB ¢÷WFW"Æö÷ ¢fW'FW‚Ó#rãR2ã#R3 ¢fW'FW‚Ó#‚ã3B2ãƒsSRÓ3 ¢fW'FW‚Ó#rãR2ã#RÓ3 ¢VæFÆö÷ ¢VæFf6W@¢f6WBæ÷&ÖÂãc3C3ƒ’ãss3BÓ ¢÷WFW"Æö÷ ¢fW'FW‚Ó#’ã3SbÓ"ãs##‚Ó3 ¢fW'FW‚Ó#’ãs“ƒÓ"ã#“ƒ3 ¢fW'FW‚Ó#’ã3SbÓ"ãs##‚3 ¢VæFÆö÷ ¢VæFf6W@¢f6WBæ÷&ÖÂãc3C3ƒ’ãss3B ¢÷WFW"Æö÷ ¢fW'FW‚Ó#’ãs“ƒÓ"ã#“ƒ3 ¢fW'FW‚Ó#’ã3SbÓ"ãs##‚Ó3 ¢fW'FW‚Ó#’ãs“ƒÓ"ã#“ƒÓ3 ¢VæFÆö÷ ¢VæFf6W@¢f6WBæ÷&ÖÂÓã“ƒ#s"ã““SƒB ¢÷WFW"Æö÷ ¢fW'FW‚Ó#bãƒcbÓ2ãƒsSRÓ3 ¢fW'FW‚Ó#rãRÓ2ã#R3 ¢fW'FW‚Ó#bãƒcbÓ2ãƒsSR3 ¢VæFÆö÷ ¢VæFf6W@¢f6WBæ÷&ÖÂÓã“ƒ#s"ã““SƒB ¢÷WFW"Æö÷ ¢fW'FW‚Ó#rãRÓ2ã#R3 ¢fW'FW‚Ó#bãƒcbÓ2ãƒsSRÓ3 ¢fW'FW‚Ó#rãRÓ2ã#RÓ3 ¢VæFÆö÷ ¢VæFf6W@¢f6WBæ÷&ÖÂÓã“ƒ#s"Óã““SƒB ¢÷WFW"Æö÷ ¢fW'FW‚Ó#rãR2ã#RÓ3 ¢fW'FW‚Ó#bãƒcb2ãƒsSR3 ¢fW'FW‚Ó#rãR2ã#R3 ¢VæFÆö÷ ¢VæFf6W@¢f6WBæ÷&ÖÂÓã“ƒ#s"Óã““SƒBÓ ¢÷WFW"Æö÷ ¢fW'FW‚Ó#bãƒcb2ãƒsSR3 ¢fW'FW‚Ó#rãR2ã#RÓ3 ¢fW'FW‚Ó#bãƒcb2ãƒsSRÓ3 ¢VæFÆö÷ ¢VæFf6W@¢f6WBæ÷&ÖÂãc3C3ƒ’Óãss3B ¢÷WFW"Æö÷ ¢fW'FW‚Ó#’ãs“ƒ"ã#“ƒÓ3 ¢fW'FW‚Ó#’ã3Sb"ãs##‚3 ¢fW'FW‚Ó#’ãs“ƒ"ã#“ƒ3 ¢VæFÆö÷ ¢VæFf6W@¢f6WBæ÷&ÖÂãc3C3ƒ’Óãss3B ¢÷WFW"Æö÷ ¢fW'FW‚Ó#’ã3Sb"ãs##‚3 ¢fW'FW‚Ó#’ãs“ƒ"ã#“ƒÓ3 ¢fW'FW‚Ó#’ã3Sb"ãs##‚Ó3 ¢VæFÆö÷ ¢VæFf6W@¢f6WBæ÷&ÖÂãss#““‚ãc3CC‚ ¢÷WFW"Æö÷ ¢fW'FW‚Ó#’ãs“ƒÓ"ã#“ƒ3 ¢fW'FW‚Ó3ã##2ÓãƒSbÓ3 ¢fW'FW‚Ó3ã##2ÓãƒSb3 ¢VæFÆö÷ ¢VæFf6W@¢f6WBæ÷&ÖÂãss#““‚ãc3CC‚ ¢÷WFW"Æö÷ ¢fW'FW‚Ó3ã##2ÓãƒSbÓ3 ¢fW'FW‚Ó#’ãs“ƒÓ"ã#“ƒ3 ¢fW'FW‚Ó#’ãs“ƒÓ"ã#“ƒÓ3 ¢VæFÆö÷ ¢VæFf6W@¢f6WBæ÷&ÖÂãCs3ƒ"ãƒƒ“#’Ó ¢÷WFW"Æö÷ ¢fW'FW‚Ó#‚ãsC3rÓ2ã#cÓ3 ¢fW'FW‚Ó#’ã3SbÓ"ãs##‚3 ¢fW'FW‚Ó#‚ãsC3rÓ2ã#c3 ¢VæFÆö÷ ¢VæFf6W@¢f6WBæ÷&ÖÂãCs3ƒ"ãƒƒ“#’ ¢÷WFW"Æö÷ ¢fW'FW‚Ó#’ã3SbÓ"ãs##‚3 ¢fW'FW‚Ó#‚ãsC3rÓ2ã#cÓ3 ¢fW'FW‚Ó#’ã3SbÓ"ãs##‚Ó3 ¢VæFÆö÷ ¢VæFf6W@¢f6WBæ÷&ÖÂã#“#rã“Sc“CRÓ ¢÷WFW"Æö÷ ¢fW'FW‚Ó#‚ã3BÓ2ãƒsSRÓ3 ¢fW'FW‚Ó#‚ãsC3rÓ2ã#c3 ¢fW'FW‚Ó#‚ã3BÓ2ãƒsSR3 ¢VæFÆö÷ ¢VæFf6W@¢f6WBæ÷&ÖÂã#“#rã“Sc“CR ¢÷WFW"Æö÷ ¢fW'FW‚Ó#‚ãsC3rÓ2ã#c3 ¢fW'FW‚Ó#‚ã3BÓ2ãƒsSRÓ3 ¢fW'FW‚Ó#‚ãsC3rÓ2ã#cÓ3 ¢VæFÆö÷ ¢VæFf6W@¢f6WBæ÷&ÖÂÓãc3C3ƒ’ãss3B ¢÷WFW"Æö÷ ¢fW'FW‚Ó#Rã#’Ó"ã#“ƒÓ3 ¢fW'FW‚Ó#Rãc“CBÓ"ãs##‚3 ¢fW'FW‚Ó#Rã#’Ó"ã#“ƒ3 ¢VæFÆö÷ ¢VæFf6W@¢f6WBæ÷&ÖÂÓãc3C3ƒ’ãss3B ¢÷WFW"Æö÷ ¢fW'FW‚Ó#Rãc“CBÓ"ãs##‚3 ¢fW'FW‚Ó#Rã#’Ó"ã#“ƒÓ3 ¢fW'FW‚Ó#Rãc“CBÓ"ãs##‚Ó3 ¢VæFÆö÷ ¢VæFf6W@¢f6WBæ÷&ÖÂÓãss#““‚Óãc3CC‚ ¢÷WFW"Æö÷ ¢fW'FW‚Ó#Bãs“srãƒSbÓ3 ¢fW'FW‚Ó#Rã#’"ã#“ƒ3 ¢fW'FW‚Ó#Rã#’"ã#“ƒÓ3 ¢VæFÆö÷ ¢VæFf6W@¢f6WBæ÷&ÖÂÓãss#““‚Óãc3CC‚ ¢÷WFW"Æö÷ ¢fW'FW‚Ó#Rã#’"ã#“ƒ3 ¢fW'FW‚Ó#Bãs“srãƒSbÓ3 ¢fW'FW‚Ó#Bãs“srãƒSb3 ¢VæFÆö÷ ¢VæFf6W@¢f6WBæ÷&ÖÂã“Sc“bÓã#“3cb ¢÷WFW"Æö÷ ¢fW'FW‚Ó3ãcƒsbãc3CC23 ¢fW'FW‚Ó3ãS#bã#C3s"Ó3 ¢fW'FW‚Ó3ãS#bã#C3s"3 ¢VæFÆö÷ ¢VæFf6W@¢f6WBæ÷&ÖÂã“Sc“bÓã#“3cb ¢÷WFW"Æö÷ ¢fW'FW‚Ó3ãS#bã#C3s"Ó3 ¢fW'FW‚Ó3ãcƒsbãc3CC23 ¢fW'FW‚Ó3ãcƒsbãc3CC2Ó3 ¢VæFÆö÷ ¢VæFf6W@¢f6WBæ÷&ÖÂÓãCs3ƒ"Óãƒƒ“#’ ¢÷WFW"Æö÷ ¢fW'FW‚Ó#bã#Sc22ã#cÓ3 ¢fW'FW‚Ó#Rãc“CB"ãs##‚3 ¢fW'FW‚Ó#bã#Sc22ã#c3 ¢VæFÆö÷ ¢VæFf6W@¢f6WBæ÷&ÖÂÓãCs3ƒ"Óãƒƒ“#’Ó ¢÷WFW"Æö÷ ¢fW'FW‚Ó#Rãc“CB"ãs##‚3 ¢fW'FW‚Ó#bã#Sc22ã#cÓ3 ¢fW'FW‚Ó#Rãc“CB"ãs##‚Ó3 ¢VæFÆö÷ ¢VæFf6W@¢f6WBæ÷&ÖÂÓã“Sc“bã#“3cb ¢÷WFW"Æö÷ ¢fW'FW‚Ó#BãC“sBÓã#C3s"Ó3 ¢fW'FW‚Ó#Bã3#BÓãc3CC23 ¢fW'FW‚Ó#Bã3#BÓãc3CC2Ó3 ¢VæFÆö÷ ¢VæFf6W@¢f6WBæ÷&ÖÂÓã“Sc“bã#“3cb ¢÷WFW"Æö÷ ¢fW'FW‚Ó#Bã3#BÓãc3CC23 ¢fW'FW‚Ó#BãC“sBÓã#C3s"Ó3 ¢fW'FW‚Ó#BãC“sBÓã#C3s"3 ¢VæFÆö÷ ¢VæFf6W@¢f6WBæ÷&ÖÂÓãƒƒ“C"ãCs3S’ ¢÷WFW"Æö÷ ¢fW'FW‚Ó#Bãs“srÓãƒSbÓ3 ¢fW'FW‚Ó#BãC“sBÓã#C3s"3 ¢fW'FW‚Ó#BãC“sBÓã#C3s"Ó3 ¢VæFÆö÷ ¢VæFf6W@¢f6WBæ÷&ÖÂÓãƒƒ“C"ãCs3S’ ¢÷WFW"Æö÷ ¢fW'FW‚Ó#BãC“sBÓã#C3s"3 ¢fW'FW‚Ó#Bãs“srÓãƒSbÓ3 ¢fW'FW‚Ó#Bãs“srÓãƒSb3 ¢VæFÆö÷ ¢VæFf6W@¢f6WBæ÷&ÖÂÓãƒ#ƒc2ãSƒ#CSR ¢÷WFW"Æö÷ ¢fW'FW‚Óã3cRÓ#Rã“SƒbÓ3 ¢fW'FW‚Óã“3SBÓ#RãCCr3 ¢fW'FW‚Óã“3SBÓ#RãCCrÓ3 ¢VæFÆö÷ ¢VæFf6W@¢f6WBæ÷&ÖÂÓãƒ#ƒc2ãSƒ#CSR ¢÷WFW"Æö÷ ¢fW'FW‚Óã“3SBÓ#RãCCr3 ¢fW'FW‚Óã3cRÓ#Rã“SƒbÓ3 ¢fW'FW‚Óã3cRÓ#Rã“Sƒb3 ¢VæFÆö÷ ¢VæFf6W@¢f6WBæ÷&ÖÂãcƒ3SsbÓãs#“ƒ‚ ¢÷WFW"Æö÷ ¢fW'FW‚Óbã“3RÓ#ãcs#‚Ó3 ¢fW'FW‚ÓRãs#ƒRÓ#ã#3s23 ¢fW'FW‚Óbã“3RÓ#ãcs#‚3 ¢VæFÆö÷ ¢VæFf6W@¢f6WBæ÷&ÖÂãcƒ3SsbÓãs#“ƒ‚ ¢÷WFW"Æö÷ ¢fW'FW‚ÓRãs#ƒRÓ#ã#3s23 ¢fW'FW‚Óbã“3RÓ#ãcs#‚Ó3 ¢fW'FW‚ÓRãs#ƒRÓ#ã#3s2Ó3 ¢VæFÆö÷ ¢VæFf6W@¢f6WBæ÷&ÖÂã“3SƒSã3S#3“b ¢÷WFW"Æö÷ ¢fW'FW‚ÓbãccC‚Ó#Rã#S33 ¢fW'FW‚Óbãƒƒ“2Ó#BãcSc’Ó3 ¢fW'FW‚Óbãƒƒ“2Ó#BãcSc’3 ¢VæFÆö÷ ¢VæFf6W@¢f6WBæ÷&ÖÂã“3SƒSã3S#3“b ¢÷WFW"Æö÷ ¢fW'FW‚Óbãƒƒ“2Ó#BãcSc’Ó3 ¢fW'FW‚ÓbãccC‚Ó#Rã#S33 ¢fW'FW‚ÓbãccC‚Ó#Rã#S3Ó3 ¢VæFÆö÷ ¢VæFf6W@¢f6WBæ÷&ÖÂã##sbã“s3ƒrÓ ¢÷WFW"Æö÷ ¢fW'FW‚ÓBãsC"Ó#rã3s’Ó3 ¢fW'FW‚ÓBãs“CrÓ#bãƒ“3"3 ¢fW'FW‚ÓBãsC"Ó#rã3s’3 ¢VæFÆö÷ ¢VæFf6W@¢f6WBæ÷&ÖÂã##sbã“s3ƒr ¢÷WFW"Æö÷ ¢fW'FW‚ÓBãs“CrÓ#bãƒ“3"3 ¢fW'FW‚ÓBãsC"Ó#rã3s’Ó3 ¢fW'FW‚ÓBãs“CrÓ#bãƒ“3"Ó3 ¢VæFÆö÷ ¢VæFf6W@¢f6WBæ÷&ÖÂãƒC“#SrãS#s“‚ ¢÷WFW"Æö÷ ¢fW'FW‚Óbã3#ƒBÓ#Rãs“C"3 ¢fW'FW‚ÓbãccC‚Ó#Rã#S3Ó3 ¢fW'FW‚ÓbãccC‚Ó#Rã#S33 ¢VæFÆö÷ ¢VæFf6W@¢f6WBæ÷&ÖÂãƒC“#SrãS#s“‚ ¢÷WFW"Æö÷ ¢fW'FW‚ÓbãccC‚Ó#Rã#S3Ó3 ¢fW'FW‚Óbã3#ƒBÓ#Rãs“C"3 ¢fW'FW‚Óbã3#ƒBÓ#Rãs“C"Ó3 ¢VæFÆö÷ ¢VæFf6W@¢f6WBæ÷&ÖÂã“““CcrÓã3#cCS’ ¢÷WFW"Æö÷ ¢fW'FW‚Óbã““2Ó#Bã#ƒ23 ¢fW'FW‚Óbã“s#"Ó#2ã3“RÓ3 ¢fW'FW‚Óbã“s#"Ó#2ã3“R3 ¢VæFÆö÷ ¢VæFf6W@¢f6WBæ÷&ÖÂã“““CcrÓã3#cCS’ ¢÷WFW"Æö÷ ¢fW'FW‚Óbã“s#"Ó#2ã3“RÓ3 ¢fW'FW‚Óbã““2Ó#Bã#ƒ23 ¢fW'FW‚Óbã““2Ó#Bã#ƒ2Ó3 ¢VæFÆö÷ ¢VæFf6W@¢f6WBæ÷&ÖÂãSƒ#CSRãƒ#ƒc2Ó ¢÷WFW"Æö÷ ¢fW'FW‚ÓRã3sRÓ#bãc32Ó3 ¢fW'FW‚ÓRãƒ“#’Ó#bã#S“"3 ¢fW'FW‚ÓRã3sRÓ#bãc323 ¢VæFÆö÷ ¢VæFf6W@¢f6WBæ÷&ÖÂãSƒ#CSRãƒ#ƒc2 ¢÷WFW"Æö÷ ¢fW'FW‚ÓRãƒ“#’Ó#bã#S“"3 ¢fW'FW‚ÓRã3sRÓ#bãc32Ó3 ¢fW'FW‚ÓRãƒ“#’Ó#bã#S“"Ó3 ¢VæFÆö÷ ¢VæFf6W@¢f6WBæ÷&ÖÂÓã“““Ccrã3#cCS’ ¢÷WFW"Æö÷ ¢fW'FW‚ÓãS#s‚Ó#Bã#3“’Ó3 ¢fW'FW‚ÓãSrÓ#2ãc33 ¢fW'FW‚ÓãSrÓ#2ãc3Ó3 ¢VæFÆö÷ ¢VæFf6W@¢f6WBæ÷&ÖÂÓã“““Ccrã3#cCS’ ¢÷WFW"Æö÷ ¢fW'FW‚ÓãSrÓ#2ãc33 ¢fW'FW‚ÓãS#s‚Ó#Bã#3“’Ó3 ¢fW'FW‚ÓãS#s‚Ó#Bã#3“’3 ¢VæFÆö÷ ¢VæFf6W@¢f6WBæ÷&ÖÂã3#cCS’ã“““CcrÓ ¢÷WFW"Æö÷ ¢fW'FW‚Ó2ãS3sBÓ#rãSƒrÓ3 ¢fW'FW‚ÓBãsC"Ó#rã3s’3 ¢fW'FW‚Ó2ãS3sBÓ#rãSƒr3 ¢VæFÆö÷ ¢VæFf6W@¢f6WBæ÷&ÖÂã3#cCS’ã“““Ccr ¢÷WFW"Æö÷ ¢fW'FW‚ÓBãsC"Ó#rã3s’3 ¢fW'FW‚Ó2ãS3sBÓ#rãSƒrÓ3 ¢fW'FW‚ÓBãsC"Ó#rã3s’Ó3 ¢VæFÆö÷ ¢VæFf6W@¢f6WBæ÷&ÖÂãC#ccrã“ƒƒ"Ó ¢÷WFW"Æö÷ ¢fW'FW‚ÓBãs“CrÓ#bãƒ“3"Ó3 ¢fW'FW‚ÓRã3sRÓ#bãc323 ¢fW'FW‚ÓBãs“CrÓ#bãƒ“3"3 ¢VæFÆö÷ ¢VæFf6W@¢f6WBæ÷&ÖÂãC#ccrã“ƒƒ" ¢÷WFW"Æö÷ ¢fW'FW‚ÓRã3sRÓ#bãc323 ¢fW'FW‚ÓBãs“CrÓ#bãƒ“3"Ó3 ¢fW'FW‚ÓRã3sRÓ#bãc32Ó3 ¢VæFÆö÷ ¢VæFf6W@¢f6WBæ÷&ÖÂãS#s“‚ÓãƒC“#Sr ¢÷WFW"Æö÷ ¢fW'FW‚ÓRãs#ƒRÓ#ã#3s2Ó3 ¢fW'FW‚ÓRãƒsBÓ#ã“’3 ¢fW'FW‚ÓRãs#ƒRÓ#ã#3s23 ¢VæFÆö÷ ¢VæFf6W@¢f6WBæ÷&ÖÂãS#s“‚ÓãƒC“#Sr ¢÷WFW"Æö÷ ¢fW'FW‚ÓRãƒsBÓ#ã“’3 ¢fW'FW‚ÓRãs#ƒRÓ#ã#3s2Ó3 ¢fW'FW‚ÓRãƒsBÓ#ã“’Ó3 ¢VæFÆö÷ ¢VæFf6W@¢f6WBæ÷&ÖÂã“ƒƒ"ÓãC#ccr ¢÷WFW"Æö÷ ¢fW'FW‚Óbãƒ#sRÓ#"ãss3 ¢fW'FW‚ÓbãScCbÓ#"ã“rÓ3 ¢fW'FW‚ÓbãScCbÓ#"ã“r3 ¢VæFÆö÷ ¢VæFf6W@¢f6WBæ÷&ÖÂã“ƒƒ"ÓãC#ccr ¢÷WFW"Æö÷ ¢fW'FW‚ÓbãScCbÓ#"ã“rÓ3 ¢fW'FW‚Óbãƒ#sRÓ#"ãss3 ¢fW'FW‚Óbãƒ#sRÓ#"ãssÓ3 ¢VæFÆö÷ ¢VæFf6W@¢f6WBæ÷&ÖÂÓãC#ccrÓã“ƒƒ" ¢÷WFW"Æö÷ ¢fW'FW‚Ó"ãsS2Ó#ãs3ƒ"Ó3 ¢fW'FW‚Ó"ã#RÓ#ã3 ¢fW'FW‚Ó"ãsS2Ó#ãs3ƒ"3 ¢VæFÆö÷ ¢VæFf6W@¢f6WBæ÷&ÖÂÓãC#ccrÓã“ƒƒ"Ó ¢÷WFW"Æö÷ ¢fW'FW‚Ó"ã#RÓ#ã3 ¢fW'FW‚Ó"ãsS2Ó#ãs3ƒ"Ó3 ¢fW'FW‚Ó"ã#RÓ#ãÓ3 ¢VæFÆö÷ ¢VæFf6W@¢f6WBæ÷&ÖÂã3S#3“bÓã“3SƒS ¢÷WFW"Æö÷ ¢fW'FW‚ÓRãƒsBÓ#ã“’Ó3 ¢fW'FW‚ÓBãS“"Ó#ãcscB3 ¢fW'FW‚ÓRãƒsBÓ#ã“’3 ¢VæFÆö÷ ¢VæFf6W@¢f6WBæ÷&ÖÂã3S#3“bÓã“3SƒS ¢÷WFW"Æö÷ ¢fW'FW‚ÓBãS“"Ó#ãcscB3 ¢fW'FW‚ÓRãƒsBÓ#ã“’Ó3 ¢fW'FW‚ÓBãS“"Ó#ãcscBÓ3 ¢VæFÆö÷ ¢VæFf6W@¢f6WBæ÷&ÖÂã“s3ƒrÓã##sb ¢÷WFW"Æö÷ ¢fW'FW‚Óbã“s#"Ó#2ã3“R3 ¢fW'FW‚Óbãƒ#sRÓ#"ãssÓ3 ¢fW'FW‚Óbãƒ#sRÓ#"ãss3 ¢VæFÆö÷ ¢VæFf6W@¢f6WBæ÷&ÖÂã“s3ƒrÓã##sb ¢÷WFW"Æö÷ ¢fW'FW‚Óbãƒ#sRÓ#"ãssÓ3 ¢fW'FW‚Óbã“s#"Ó#2ã3“R3 ¢fW'FW‚Óbã“s#"Ó#2ã3“RÓ3 ¢VæFÆö÷ ¢VæFf6W@¢f6WBæ÷&ÖÂÓã“ƒƒ"ãC#ccr ¢÷WFW"Æö÷ ¢fW'FW‚Óã“3SBÓ#RãCCrÓ3 ¢fW'FW‚Óãcs#RÓ#BãƒcB3 ¢fW'FW‚Óãcs#RÓ#BãƒcBÓ3 ¢VæFÆö÷ ¢VæFf6W@¢f6WBæ÷&ÖÂÓã“ƒƒ"ãC#ccr ¢÷WFW"Æö÷ ¢fW'FW‚Óãcs#RÓ#BãƒcB3 ¢fW'FW‚Óã“3SBÓ#RãCCrÓ3 ¢fW'FW‚Óã“3SBÓ#RãCCr3 ¢VæFÆö÷ ¢VæFf6W@¢f6WBæ÷&ÖÂÓã“ƒcccBÓãc#sr ¢÷WFW"Æö÷ ¢fW'FW‚ÓãSrÓ#2ãc3Ó3 ¢fW'FW‚ÓãcrÓ#"ã“sCR3 ¢fW'FW‚ÓãcrÓ#"ã“sCRÓ3 ¢VæFÆö÷ ¢VæFf6W@¢f6WBæ÷&ÖÂÓã“ƒcccBÓãc#sr ¢÷WFW"Æö÷ ¢fW'FW‚ÓãcrÓ#"ã“sCR3 ¢fW'FW‚ÓãSrÓ#2ãc3Ó3 ¢fW'FW‚ÓãSrÓ#2ãc33 ¢VæFÆö÷ ¢VæFf6W@¢f6WBæ÷&ÖÂÓã3#cCS’Óã“““Ccr ¢÷WFW"Æö÷ ¢fW'FW‚Ó2ã“c#bÓ#ãSs#rÓ3 ¢fW'FW‚Ó2ã3#S‚Ó#ãS“3R3 ¢fW'FW‚Ó2ã“c#bÓ#ãSs#r3 ¢VæFÆö÷ ¢VæFf6W@¢f6WBæ÷&ÖÂÓã3#cCS’Óã“““CcrÓ ¢÷WFW"Æö÷ ¢fW'FW‚Ó2ã3#S‚Ó#ãS“3R3 ¢fW'FW‚Ó2ã“c#bÓ#ãSs#rÓ3 ¢fW'FW‚Ó2ã3#S‚Ó#ãS“3RÓ3 ¢VæFÆö÷ ¢VæFf6W@¢f6WBæ÷&ÖÂÓãƒC“#SrÓãS#s“‚ ¢÷WFW"Æö÷ ¢fW'FW‚Óãƒ3S"Ó#"ã3sƒ2Ó3 ¢fW'FW‚ÓãsbÓ#ãƒ3s"3 ¢fW'FW‚ÓãsbÓ#ãƒ3s"Ó3 ¢VæFÆö÷ ¢VæFf6W@¢f6WBæ÷&ÖÂÓãƒC“#SrÓãS#s“‚ ¢÷WFW"Æö÷ ¢fW'FW‚ÓãsbÓ#ãƒ3s"3 ¢fW'FW‚Óãƒ3S"Ó#"ã3sƒ2Ó3 ¢fW'FW‚Óãƒ3S"Ó#"ã3sƒ23 ¢VæFÆö÷ ¢VæFf6W@¢f6WBæ÷&ÖÂÓã3S#3“bã“3SƒS ¢÷WFW"Æö÷ ¢fW'FW‚Ó"ã3#bÓ#bãs3RÓ3 ¢fW'FW‚Ó"ã“ƒ‚Ó#bã“SR3 ¢fW'FW‚Ó"ã3#bÓ#bãs3R3 ¢VæFÆö÷ ¢VæFf6W@¢f6WBæ÷&ÖÂÓã3S#3“bã“3SƒS ¢÷WFW"Æö÷ ¢fW'FW‚Ó"ã“ƒ‚Ó#bã“SR3 ¢fW'FW‚Ó"ã3#bÓ#bãs3RÓ3 ¢fW'FW‚Ó"ã“ƒ‚Ó#bã“SRÓ3 ¢VæFÆö÷ ¢VæFf6W@¢f6WBæ÷&ÖÂÓã##sbÓã“s3ƒr ¢÷WFW"Æö÷ ¢fW'FW‚Ó2ã3#S‚Ó#ãS“3RÓ3 ¢fW'FW‚Ó"ãsS2Ó#ãs3ƒ"3 ¢fW'FW‚Ó2ã3#S‚Ó#ãS“3R3 ¢VæFÆö÷ ¢VæFf6W@¢f6WBæ÷&ÖÂÓã##sbÓã“s3ƒrÓ ¢÷WFW"Æö÷ ¢fW'FW‚Ó"ãsS2Ó#ãs3ƒ"3 ¢fW'FW‚Ó2ã3#S‚Ó#ãS“3RÓ3 ¢fW'FW‚Ó"ãsS2Ó#ãs3ƒ"Ó3 ¢VæFÆö÷ ¢VæFf6W@¢f6WBæ÷&ÖÂÓãc#srã“ƒcccB ¢÷WFW"Æö÷ ¢fW'FW‚Ó"ã“ƒ‚Ó#bã“SRÓ3 ¢fW'FW‚Ó2ãS3sBÓ#rãSƒr3 ¢fW'FW‚Ó"ã“ƒ‚Ó#bã“SR3 ¢VæFÆö÷ ¢VæFf6W@¢f6WBæ÷&ÖÂÓãc#srã“ƒcccB ¢÷WFW"Æö÷ ¢fW'FW‚Ó2ãS3sBÓ#rãSƒr3 ¢fW'FW‚Ó"ã“ƒ‚Ó#bã“SRÓ3 ¢fW'FW‚Ó2ãS3sBÓ#rãSƒrÓ3 ¢VæFÆö÷ ¢VæFf6W@¢f6WBæ÷&ÖÂã“ƒcccBãc#sr ¢÷WFW"Æö÷ ¢fW'FW‚Óbãƒƒ“2Ó#BãcSc’3 ¢fW'FW‚Óbã““2Ó#Bã#ƒ2Ó3 ¢fW'FW‚Óbã““2Ó#Bã#ƒ23 ¢VæFÆö÷ ¢VæFf6W@¢f6WBæ÷&ÖÂã“ƒcccBãc#sr ¢÷WFW"Æö÷ ¢fW'FW‚Óbã““2Ó#Bã#ƒ2Ó3 ¢fW'FW‚Óbãƒƒ“2Ó#BãcSc’3 ¢fW'FW‚Óbãƒƒ“2Ó#BãcSc’Ó3 ¢VæFÆö÷ ¢VæFf6W@¢f6WBæ÷&ÖÂÓãS#s“‚ãƒC“#Sr ¢÷WFW"Æö÷ ¢fW'FW‚ÓãssRÓ#bã3“CÓ3 ¢fW'FW‚Ó"ã3#bÓ#bãs3R3 ¢fW'FW‚ÓãssRÓ#bã3“C3 ¢VæFÆö÷ ¢VæFf6W@¢f6WBæ÷&ÖÂÓãS#s“‚ãƒC“#Sr ¢÷WFW"Æö÷ ¢fW'FW‚Ó"ã3#bÓ#bãs3R3 ¢fW'FW‚ÓãssRÓ#bã3“CÓ3 ¢fW'FW‚Ó"ã3#bÓ#bãs3RÓ3 ¢VæFÆö÷ ¢VæFf6W@¢f6WBæ÷&ÖÂÓãcƒ3Ssbãs#“ƒ‚ ¢÷WFW"Æö÷ ¢fW'FW‚Óã3cRÓ#Rã“SƒbÓ3 ¢fW'FW‚ÓãssRÓ#bã3“C3 ¢fW'FW‚Óã3cRÓ#Rã“Sƒb3 ¢VæFÆö÷ ¢VæFf6W@¢f6WBæ÷&ÖÂÓãcƒ3Ssbãs#“ƒ‚ ¢÷WFW"Æö÷ ¢fW'FW‚ÓãssRÓ#bã3“C3 ¢fW'FW‚Óã3cRÓ#Rã“SƒbÓ3 ¢fW'FW‚ÓãssRÓ#bã3“CÓ3 ¢VæFÆö÷ ¢VæFf6W@¢f6WBæ÷&ÖÂÓã“s3ƒrã##sb ¢÷WFW"Æö÷ ¢fW'FW‚Óãcs#RÓ#BãƒcBÓ3 ¢fW'FW‚ÓãS#s‚Ó#Bã#3“’3 ¢fW'FW‚ÓãS#s‚Ó#Bã#3“’Ó3 ¢VæFÆö÷ ¢VæFf6W@¢f6WBæ÷&ÖÂÓã“s3ƒrã##sb ¢÷WFW"Æö÷ ¢fW'FW‚ÓãS#s‚Ó#Bã#3“’3 ¢fW'FW‚Óãcs#RÓ#BãƒcBÓ3 ¢fW'FW‚Óãcs#RÓ#BãƒcB3 ¢VæFÆö÷ ¢VæFf6W@¢f6WBæ÷&ÖÂÓã“3SƒSÓã3S#3“b ¢÷WFW"Æö÷ ¢fW'FW‚ÓãcrÓ#"ã“sCRÓ3 ¢fW'FW‚Óãƒ3S"Ó#"ã3sƒ23 ¢fW'FW‚Óãƒ3S"Ó#"ã3sƒ2Ó3 ¢VæFÆö÷ ¢VæFf6W@¢f6WBæ÷&ÖÂÓã“3SƒSÓã3S#3“b ¢÷WFW"Æö÷ ¢fW'FW‚Óãƒ3S"Ó#"ã3sƒ23 ¢fW'FW‚ÓãcrÓ#"ã“sCRÓ3 ¢fW'FW‚ÓãcrÓ#"ã“sCR3 ¢VæFÆö÷ ¢VæFf6W@¢f6WBæ÷&ÖÂãc#srÓã“ƒcccB ¢÷WFW"Æö÷ ¢fW'FW‚ÓBãS“"Ó#ãcscBÓ3 ¢fW'FW‚Ó2ã“c#bÓ#ãSs#r3 ¢fW'FW‚ÓBãS“"Ó#ãcscB3 ¢VæFÆö÷ ¢VæFf6W@¢f6WBæ÷&ÖÂãc#srÓã“ƒcccB ¢÷WFW"Æö÷ ¢fW'FW‚Ó2ã“c#bÓ#ãSs#r3 ¢fW'FW‚ÓBãS“"Ó#ãcscBÓ3 ¢fW'FW‚Ó2ã“c#bÓ#ãSs#rÓ3 ¢VæFÆö÷ ¢VæFf6W@¢f6WBæ÷&ÖÂãs#“ƒ‚ãcƒ3Ssb ¢÷WFW"Æö÷ ¢fW'FW‚ÓRãƒ“#’Ó#bã#S“"3 ¢fW'FW‚Óbã3#ƒBÓ#Rãs“C"Ó3 ¢fW'FW‚Óbã3#ƒBÓ#Rãs“C"3 ¢VæFÆö÷ ¢VæFf6W@¢f6WBæ÷&ÖÂãs#“ƒ‚ãcƒ3Ssb ¢÷WFW"Æö÷ ¢fW'FW‚Óbã3#ƒBÓ#Rãs“C"Ó3 ¢fW'FW‚ÓRãƒ“#’Ó#bã#S“"3 ¢fW'FW‚ÓRãƒ“#’Ó#bã#S“"Ó3 ¢VæFÆö÷ ¢VæFf6W@¢f6WBæ÷&ÖÂãƒ#ƒc2ÓãSƒ#CSR ¢÷WFW"Æö÷ ¢fW'FW‚ÓbãScCbÓ#"ã“r3 ¢fW'FW‚Óbã“3RÓ#ãcs#‚Ó3 ¢fW'FW‚Óbã“3RÓ#ãcs#‚3 ¢VæFÆö÷ ¢VæFf6W@¢f6WBæ÷&ÖÂãƒ#ƒc2ÓãSƒ#CSR ¢÷WFW"Æö÷ ¢fW'FW‚Óbã“3RÓ#ãcs#‚Ó3 ¢fW'FW‚ÓbãScCbÓ#"ã“r3 ¢fW'FW‚ÓbãScCbÓ#"ã“rÓ3 ¢VæFÆö÷ ¢VæFf6W@¢f6WBæ÷&ÖÂÓãs#“ƒ‚Óãcƒ3Ssb ¢÷WFW"Æö÷ ¢fW'FW‚ÓãsbÓ#ãƒ3s"Ó3 ¢fW'FW‚ÓãcsÓ#ã3s#"3 ¢fW'FW‚ÓãcsÓ#ã3s#"Ó3 ¢VæFÆö÷ ¢VæFf6W@¢f6WBæ÷&ÖÂÓãs#“ƒ‚Óãcƒ3Ssb ¢÷WFW"Æö÷ ¢fW'FW‚ÓãcsÓ#ã3s#"3 ¢fW'FW‚ÓãsbÓ#ãƒ3s"Ó3 ¢fW'FW‚ÓãsbÓ#ãƒ3s"3 ¢VæFÆö÷ ¢VæFf6W@¢f6WBæ÷&ÖÂÓãSƒ#CSRÓãƒ#ƒc2 ¢÷WFW"Æö÷ ¢fW'FW‚Ó"ã#RÓ#ãÓ3 ¢fW'FW‚ÓãcsÓ#ã3s#"3 ¢fW'FW‚Ó"ã#RÓ#ã3 ¢VæFÆö÷ ¢VæFf6W@¢f6WBæ÷&ÖÂÓãSƒ#CSRÓãƒ#ƒc2Ó ¢÷WFW"Æö÷ ¢fW'FW‚ÓãcsÓ#ã3s#"3 ¢fW'FW‚Ó"ã#RÓ#ãÓ3 ¢fW'FW‚ÓãcsÓ#ã3s#"Ó3 ¢VæFÆö÷ ¢VæFf6W@¢f6WBæ÷&ÖÂÓãƒ#ƒc2ÓãSƒ#CSR ¢÷WFW"Æö÷ ¢fW'FW‚bãScCbÓ#"ã“rÓ3 ¢fW'FW‚bã“3RÓ#ãcs#‚3 ¢fW'FW‚bã“3RÓ#ãcs#‚Ó3 ¢VæFÆö÷ ¢VæFf6W@¢f6WBæ÷&ÖÂÓãƒ#ƒc2ÓãSƒ#CSR ¢÷WFW"Æö÷ ¢fW'FW‚bã“3RÓ#ãcs#‚3 ¢fW'FW‚bãScCbÓ#"ã“rÓ3 ¢fW'FW‚bãScCbÓ#"ã“r3 ¢VæFÆö÷ ¢VæFf6W@¢f6WBæ÷&ÖÂãc#srã“ƒcccBÓ ¢÷WFW"Æö÷ ¢fW'FW‚2ãS3sBÓ#rãSƒrÓ3 ¢fW'FW‚"ã“ƒ‚Ó#bã“SR3 ¢fW'FW‚2ãS3sBÓ#rãSƒr3 ¢VæFÆö÷ ¢VæFf6W@¢f6WBæ÷&ÖÂãc#srã“ƒcccB ¢÷WFW"Æö÷ ¢fW'FW‚"ã“ƒ‚Ó#bã“SR3 ¢fW'FW‚2ãS3sBÓ#rãSƒrÓ3 ¢fW'FW‚"ã“ƒ‚Ó#bã“SRÓ3 ¢VæFÆö÷ ¢VæFf6W@¢f6WBæ÷&ÖÂã“ƒcccBÓãc#sr ¢÷WFW"Æö÷ ¢fW'FW‚ãSrÓ#2ãc33 ¢fW'FW‚ãcrÓ#"ã“sCRÓ3 ¢fW'FW‚ãcrÓ#"ã“sCR3 ¢VæFÆö÷ ¢VæFf6W@¢f6WBæ÷&ÖÂã“ƒcccBÓãc#sr ¢÷WFW"Æö÷ ¢fW'FW‚ãcrÓ#"ã“sCRÓ3 ¢fW'FW‚ãSrÓ#2ãc33 ¢fW'FW‚ãSrÓ#2ãc3Ó3 ¢VæFÆö÷ ¢VæFf6W@¢f6WBæ÷&ÖÂãS#s“‚ãƒC“#SrÓ ¢÷WFW"Æö÷ ¢fW'FW‚"ã3#bÓ#bãs3RÓ3 ¢fW'FW‚ãssRÓ#bã3“C3 ¢fW'FW‚"ã3#bÓ#bãs3R3 ¢VæFÆö÷ ¢VæFf6W@¢f6WBæ÷&ÖÂãS#s“‚ãƒC“#Sr ¢÷WFW"Æö÷ ¢fW'FW‚ãssRÓ#bã3“C3 ¢fW'FW‚"ã3#bÓ#bãs3RÓ3 ¢fW'FW‚ãssRÓ#bã3“CÓ3 ¢VæFÆö÷ ¢VæFf6W@¢f6WBæ÷&ÖÂÓãs#“ƒ‚ãcƒ3Ssb ¢÷WFW"Æö÷ ¢fW'FW‚Rãƒ“#’Ó#bã#S“"Ó3 ¢fW'FW‚bã3#ƒBÓ#Rãs“C"3 ¢fW'FW‚bã3#ƒBÓ#Rãs“C"Ó3 ¢VæFÆö÷ ¢VæFf6W@¢f6WBæ÷&ÖÂÓãs#“ƒ‚ãcƒ3Ssb ¢÷WFW"Æö÷ ¢fW'FW‚bã3#ƒBÓ#Rãs“C"3 ¢fW'FW‚Rãƒ“#’Ó#bã#S“"Ó3 ¢fW'FW‚Rãƒ“#’Ó#bã#S“"3 ¢VæFÆö÷ ¢VæFf6W@¢f6WBæ÷&ÖÂÓãc#srÓã“ƒcccB ¢÷WFW"Æö÷ ¢fW'FW‚2ã“c#bÓ#ãSs#rÓ3 ¢fW'FW‚BãS“"Ó#ãcscB3 ¢fW'FW‚2ã“c#bÓ#ãSs#r3 ¢VæFÆö÷ ¢VæFf6W@¢f6WBæ÷&ÖÂÓãc#srÓã“ƒcccBÓ ¢÷WFW"Æö÷ ¢fW'FW‚BãS“"Ó#ãcscB3 ¢fW'FW‚2ã“c#bÓ#ãSs#rÓ3 ¢fW'FW‚BãS“"Ó#ãcscBÓ3 ¢VæFÆö÷ ¢VæFf6W@¢f6WBæ÷&ÖÂÓãC#ccrã“ƒƒ" ¢÷WFW"Æö÷ ¢fW'FW‚Rã3sRÓ#bãc32Ó3 ¢fW'FW‚Bãs“CrÓ#bãƒ“3"3 ¢fW'FW‚Rã3sRÓ#bãc323 ¢VæFÆö÷ ¢VæFf6W@¢f6WBæ÷&ÖÂÓãC#ccrã“ƒƒ" ¢÷WFW"Æö÷ ¢fW'FW‚Bãs“CrÓ#bãƒ“3"3 ¢fW'FW‚Rã3sRÓ#bãc32Ó3 ¢fW'FW‚Bãs“CrÓ#bãƒ“3"Ó3 ¢VæFÆö÷ ¢VæFf6W@¢f6WBæ÷&ÖÂÓã3#cCS’ã“““Ccr ¢÷WFW"Æö÷ ¢fW'FW‚BãsC"Ó#rã3s’Ó3 ¢fW'FW‚2ãS3sBÓ#rãSƒr3 ¢fW'FW‚BãsC"Ó#rã3s’3 ¢VæFÆö÷ ¢VæFf6W@¢f6WBæ÷&ÖÂÓã3#cCS’ã“““Ccr ¢÷WFW"Æö÷ ¢fW'FW‚2ãS3sBÓ#rãSƒr3 ¢fW'FW‚BãsC"Ó#rã3s’Ó3 ¢fW'FW‚2ãS3sBÓ#rãSƒrÓ3 ¢VæFÆö÷ ¢VæFf6W@¢f6WBæ÷&ÖÂãcƒ3Ssbãs#“ƒ‚Ó ¢÷WFW"Æö÷ ¢fW'FW‚ãssRÓ#bã3“CÓ3 ¢fW'FW‚ã3cRÓ#Rã“Sƒb3 ¢fW'FW‚ãssRÓ#bã3“C3 ¢VæFÆö÷ ¢VæFf6W@¢f6WBæ÷&ÖÂãcƒ3Ssbãs#“ƒ‚ ¢÷WFW"Æö÷ ¢fW'FW‚ã3cRÓ#Rã“Sƒb3 ¢fW'FW‚ãssRÓ#bã3“CÓ3 ¢fW'FW‚ã3cRÓ#Rã“SƒbÓ3 ¢VæFÆö÷ ¢VæFf6W@¢f6WBæ÷&ÖÂÓãcƒ3SsbÓãs#“ƒ‚ ¢÷WFW"Æö÷ ¢fW'FW‚Rãs#ƒRÓ#ã#3s2Ó3 ¢fW'FW‚bã“3RÓ#ãcs#‚3 ¢fW'FW‚Rãs#ƒRÓ#ã#3s23 ¢VæFÆö÷ ¢VæFf6W@¢f6WBæ÷&ÖÂÓãcƒ3SsbÓãs#“ƒ‚Ó ¢÷WFW"Æö÷ ¢fW'FW‚bã“3RÓ#ãcs#‚3 ¢fW'FW‚Rãs#ƒRÓ#ã#3s2Ó3 ¢fW'FW‚bã“3RÓ#ãcs#‚Ó3 ¢VæFÆö÷ ¢VæFf6W@¢f6WBæ÷&ÖÂã“““Ccrã3#cCS’ ¢÷WFW"Æö÷ ¢fW'FW‚ãS#s‚Ó#Bã#3“’3 ¢fW'FW‚ãSrÓ#2ãc3Ó3 ¢fW'FW‚ãSrÓ#2ãc33 ¢VæFÆö÷ ¢VæFf6W@¢f6WBæ÷&ÖÂã“““Ccrã3#cCS’ ¢÷WFW"Æö÷ ¢fW'FW‚ãSrÓ#2ãc3Ó3 ¢fW'FW‚ãS#s‚Ó#Bã#3“’3 ¢fW'FW‚ãS#s‚Ó#Bã#3“’Ó3 ¢VæFÆö÷ ¢VæFf6W@¢f6WBæ÷&ÖÂÓãƒC“#SrãS#s“‚ ¢÷WFW"Æö÷ ¢fW'FW‚bã3#ƒBÓ#Rãs“C"Ó3 ¢fW'FW‚bãccC‚Ó#Rã#S33 ¢fW'FW‚bãccC‚Ó#Rã#S3Ó3 ¢VæFÆö÷ ¢VæFf6W@¢f6WBæ÷&ÖÂÓãƒC“#SrãS#s“‚ ¢÷WFW"Æö÷ ¢fW'FW‚bãccC‚Ó#Rã#S33 ¢fW'FW‚bã3#ƒBÓ#Rãs“C"Ó3 ¢fW'FW‚bã3#ƒBÓ#Rãs“C"3 ¢VæFÆö÷ ¢VæFf6W@¢f6WBæ÷&ÖÂÓã“s3ƒrÓã##sb ¢÷WFW"Æö÷ ¢fW'FW‚bã“s#"Ó#2ã3“RÓ3 ¢fW'FW‚bãƒ#sRÓ#"ãss3 ¢fW'FW‚bãƒ#sRÓ#"ãssÓ3 ¢VæFÆö÷ ¢VæFf6W@¢f6WBæ÷&ÖÂÓã“s3ƒrÓã##sb ¢÷WFW"Æö÷ ¢fW'FW‚bãƒ#sRÓ#"ãss3 ¢fW'FW‚bã“s#"Ó#2ã3“RÓ3 ¢fW'FW‚bã“s#"Ó#2ã3“R3 ¢VæFÆö÷ ¢VæFf6W@¢f6WBæ÷&ÖÂÓãSƒ#CSRãƒ#ƒc2 ¢÷WFW"Æö÷ ¢fW'FW‚Rãƒ“#’Ó#bã#S“"Ó3 ¢fW'FW‚Rã3sRÓ#bãc323 ¢fW'FW‚Rãƒ“#’Ó#bã#S“"3 ¢VæFÆö÷ ¢VæFf6W@¢f6WBæ÷&ÖÂÓãSƒ#CSRãƒ#ƒc2 ¢÷WFW"Æö÷ ¢fW'FW‚Rã3sRÓ#bãc323 ¢fW'FW‚Rãƒ“#’Ó#bã#S“"Ó3 ¢fW'FW‚Rã3sRÓ#bãc32Ó3 ¢VæFÆö÷ ¢VæFf6W@¢f6WBæ÷&ÖÂãSƒ#CSRÓãƒ#ƒc2 ¢÷WFW"Æö÷ ¢fW'FW‚ãcsÓ#ã3s#"Ó3 ¢fW'FW‚"ã#RÓ#ã3 ¢fW'FW‚ãcsÓ#ã3s#"3 ¢VæFÆö÷ ¢VæFf6W@¢f6WBæ÷&ÖÂãSƒ#CSRÓãƒ#ƒc2 ¢÷WFW"Æö÷ ¢fW'FW‚"ã#RÓ#ã3 ¢fW'FW‚ãcsÓ#ã3s#"Ó3 ¢fW'FW‚"ã#RÓ#ãÓ3 ¢VæFÆö÷ ¢VæFf6W@¢f6WBæ÷&ÖÂã3#cCS’Óã“““Ccr ¢÷WFW"Æö÷ ¢fW'FW‚2ã3#S‚Ó#ãS“3RÓ3 ¢fW'FW‚2ã“c#bÓ#ãSs#r3 ¢fW'FW‚2ã3#S‚Ó#ãS“3R3 ¢VæFÆö÷ ¢VæFf6W@¢f6WBæ÷&ÖÂã3#cCS’Óã“““Ccr ¢÷WFW"Æö÷ ¢fW'FW‚2ã“c#bÓ#ãSs#r3 ¢fW'FW‚2ã3#S‚Ó#ãS“3RÓ3 ¢fW'FW‚2ã“c#bÓ#ãSs#rÓ3 ¢VæFÆö÷ ¢VæFf6W@¢f6WBæ÷&ÖÂÓãS#s“‚ÓãƒC“#Sr ¢÷WFW"Æö÷ ¢fW'FW‚RãƒsBÓ#ã“’Ó3 ¢fW'FW‚Rãs#ƒRÓ#ã#3s23 ¢fW'FW‚RãƒsBÓ#ã“’3 ¢VæFÆö÷ ¢VæFf6W@¢f6WBæ÷&ÖÂÓãS#s“‚ÓãƒC“#SrÓ ¢÷WFW"Æö÷ ¢fW'FW‚Rãs#ƒRÓ#ã#3s23 ¢fW'FW‚RãƒsBÓ#ã“’Ó3 ¢fW'FW‚Rãs#ƒRÓ#ã#3s2Ó3 ¢VæFÆö÷ ¢VæFf6W@¢f6WBæ÷&ÖÂÓã“ƒƒ"ÓãC#ccr ¢÷WFW"Æö÷ ¢fW'FW‚bãƒ#sRÓ#"ãssÓ3 ¢fW'FW‚bãScCbÓ#"ã“r3 ¢fW'FW‚bãScCbÓ#"ã“rÓ3 ¢VæFÆö÷ ¢VæFf6W@¢f6WBæ÷&ÖÂÓã“ƒƒ"ÓãC#ccr ¢÷WFW"Æö÷ ¢fW'FW‚bãScCbÓ#"ã“r3 ¢fW'FW‚bãƒ#sRÓ#"ãssÓ3 ¢fW'FW‚bãƒ#sRÓ#"ãss3 ¢VæFÆö÷ ¢VæFf6W@¢f6WBæ÷&ÖÂã“s3ƒrã##sb ¢÷WFW"Æö÷ ¢fW'FW‚ãcs#RÓ#BãƒcB3 ¢fW'FW‚ãS#s‚Ó#Bã#3“’Ó3 ¢fW'FW‚ãS#s‚Ó#Bã#3“’3 ¢VæFÆö÷ ¢VæFf6W@¢f6WBæ÷&ÖÂã“s3ƒrã##sb ¢÷WFW"Æö÷ ¢fW'FW‚ãS#s‚Ó#Bã#3“’Ó3 ¢fW'FW‚ãcs#RÓ#BãƒcB3 ¢fW'FW‚ãcs#RÓ#BãƒcBÓ3 ¢VæFÆö÷ ¢VæFf6W@¢f6WBæ÷&ÖÂÓã“ƒcccBãc#sr ¢÷WFW"Æö÷ ¢fW'FW‚bãƒƒ“2Ó#BãcSc’Ó3 ¢fW'FW‚bã““2Ó#Bã#ƒ23 ¢fW'FW‚bã““2Ó#Bã#ƒ2Ó3 ¢VæFÆö÷ ¢VæFf6W@¢f6WBæ÷&ÖÂÓã“ƒcccBãc#sr ¢÷WFW"Æö÷ ¢fW'FW‚bã““2Ó#Bã#ƒ23 ¢fW'FW‚bãƒƒ“2Ó#BãcSc’Ó3 ¢fW'FW‚bãƒƒ“2Ó#BãcSc’3 ¢VæFÆö÷ ¢VæFf6W@¢f6WBæ÷&ÖÂÓã“3SƒSã3S#3“b ¢÷WFW"Æö÷ ¢fW'FW‚bãccC‚Ó#Rã#S3Ó3 ¢fW'FW‚bãƒƒ“2Ó#BãcSc’3 ¢fW'FW‚bãƒƒ“2Ó#BãcSc’Ó3 ¢VæFÆö÷ ¢VæFf6W@¢f6WBæ÷&ÖÂÓã“3SƒSã3S#3“b ¢÷WFW"Æö÷ ¢fW'FW‚bãƒƒ“2Ó#BãcSc’3 ¢fW'FW‚bãccC‚Ó#Rã#S3Ó3 ¢fW'FW‚bãccC‚Ó#Rã#S33 ¢VæFÆö÷ ¢VæFf6W@¢f6WBæ÷&ÖÂã“ƒƒ"ãC#ccr ¢÷WFW"Æö÷ ¢fW'FW‚ã“3SBÓ#RãCCr3 ¢fW'FW‚ãcs#RÓ#BãƒcBÓ3 ¢fW'FW‚ãcs#RÓ#BãƒcB3 ¢VæFÆö÷ ¢VæFf6W@¢f6WBæ÷&ÖÂã“ƒƒ"ãC#ccr ¢÷WFW"Æö÷ ¢fW'FW‚ãcs#RÓ#BãƒcBÓ3 ¢fW'FW‚ã“3SBÓ#RãCCr3 ¢fW'FW‚ã“3SBÓ#RãCCrÓ3 ¢VæFÆö÷ ¢VæFf6W@¢f6WBæ÷&ÖÂÓã##sbã“s3ƒr ¢÷WFW"Æö÷ ¢fW'FW‚Bãs“CrÓ#bãƒ“3"Ó3 ¢fW'FW‚BãsC"Ó#rã3s’3 ¢fW'FW‚Bãs“CrÓ#bãƒ“3"3 ¢VæFÆö÷ ¢VæFf6W@¢f6WBæ÷&ÖÂÓã##sbã“s3ƒr ¢÷WFW"Æö÷ ¢fW'FW‚BãsC"Ó#rã3s’3 ¢fW'FW‚Bãs“CrÓ#bãƒ“3"Ó3 ¢fW'FW‚BãsC"Ó#rã3s’Ó3 ¢VæFÆö÷ ¢VæFf6W@¢f6WBæ÷&ÖÂÓã“““CcrÓã3#cCS’ ¢÷WFW"Æö÷ ¢fW'FW‚bã““2Ó#Bã#ƒ2Ó3 ¢fW'FW‚bã“s#"Ó#2ã3“R3 ¢fW'FW‚bã“s#"Ó#2ã3“RÓ3 ¢VæFÆö÷ ¢VæFf6W@¢f6WBæ÷&ÖÂÓã“““CcrÓã3#cCS’ ¢÷WFW"Æö÷ ¢fW'FW‚bã“s#"Ó#2ã3“R3 ¢fW'FW‚bã““2Ó#Bã#ƒ2Ó3 ¢fW'FW‚bã““2Ó#Bã#ƒ23 ¢VæFÆö÷ ¢VæFf6W@¢f6WBæ÷&ÖÂãC#ccrÓã“ƒƒ" ¢÷WFW"Æö÷ ¢fW'FW‚"ã#RÓ#ãÓ3 ¢fW'FW‚"ãsS2Ó#ãs3ƒ"3 ¢fW'FW‚"ã#RÓ#ã3 ¢VæFÆö÷ ¢VæFf6W@¢f6WBæ÷&ÖÂãC#ccrÓã“ƒƒ" ¢÷WFW"Æö÷ ¢fW'FW‚"ãsS2Ó#ãs3ƒ"3 ¢fW'FW‚"ã#RÓ#ãÓ3 ¢fW'FW‚"ãsS2Ó#ãs3ƒ"Ó3 ¢VæFÆö÷ ¢VæFf6W@¢f6WBæ÷&ÖÂãƒC“#SrÓãS#s“‚ ¢÷WFW"Æö÷ ¢fW'FW‚ãƒ3S"Ó#"ã3sƒ23 ¢fW'FW‚ãsbÓ#ãƒ3s"Ó3 ¢fW'FW‚ãsbÓ#ãƒ3s"3 ¢VæFÆö÷ ¢VæFf6W@¢f6WBæ÷&ÖÂãƒC“#SrÓãS#s“‚ ¢÷WFW"Æö÷ ¢fW'FW‚ãsbÓ#ãƒ3s"Ó3 ¢fW'FW‚ãƒ3S"Ó#"ã3sƒ23 ¢fW'FW‚ãƒ3S"Ó#"ã3sƒ2Ó3 ¢VæFÆö÷ ¢VæFf6W@¢f6WBæ÷&ÖÂÓã3S#3“bÓã“3SƒS ¢÷WFW"Æö÷ ¢fW'FW‚BãS“"Ó#ãcscBÓ3 ¢fW'FW‚RãƒsBÓ#ã“’3 ¢fW'FW‚BãS“"Ó#ãcscB3 ¢VæFÆö÷ ¢VæFf6W@¢f6WBæ÷&ÖÂÓã3S#3“bÓã“3SƒSÓ ¢÷WFW"Æö÷ ¢fW'FW‚RãƒsBÓ#ã“’3 ¢fW'FW‚BãS“"Ó#ãcscBÓ3 ¢fW'FW‚RãƒsBÓ#ã“’Ó3 ¢VæFÆö÷ ¢VæFf6W@¢f6WBæ÷&ÖÂã3S#3“bã“3SƒSÓ ¢÷WFW"Æö÷ ¢fW'FW‚"ã“ƒ‚Ó#bã“SRÓ3 ¢fW'FW‚"ã3#bÓ#bãs3R3 ¢fW'FW‚"ã“ƒ‚Ó#bã“SR3 ¢VæFÆö÷ ¢VæFf6W@¢f6WBæ÷&ÖÂã3S#3“bã“3SƒS ¢÷WFW"Æö÷ ¢fW'FW‚"ã3#bÓ#bãs3R3 ¢fW'FW‚"ã“ƒ‚Ó#bã“SRÓ3 ¢fW'FW‚"ã3#bÓ#bãs3RÓ3 ¢VæFÆö÷ ¢VæFf6W@¢f6WBæ÷&ÖÂã“3SƒSÓã3S#3“b ¢÷WFW"Æö÷ ¢fW'FW‚ãcrÓ#"ã“sCR3 ¢fW'FW‚ãƒ3S"Ó#"ã3sƒ2Ó3 ¢fW'FW‚ãƒ3S"Ó#"ã3sƒ23 ¢VæFÆö÷ ¢VæFf6W@¢f6WBæ÷&ÖÂã“3SƒSÓã3S#3“b ¢÷WFW"Æö÷ ¢fW'FW‚ãƒ3S"Ó#"ã3sƒ2Ó3 ¢fW'FW‚ãcrÓ#"ã“sCR3 ¢fW'FW‚ãcrÓ#"ã“sCRÓ3 ¢VæFÆö÷ ¢VæFf6W@¢f6WBæ÷&ÖÂãs#“ƒ‚Óãcƒ3Ssb ¢÷WFW"Æö÷ ¢fW'FW‚ãsbÓ#ãƒ3s"3 ¢fW'FW‚ãcsÓ#ã3s#"Ó3 ¢fW'FW‚ãcsÓ#ã3s#"3 ¢VæFÆö÷ ¢VæFf6W@¢f6WBæ÷&ÖÂãs#“ƒ‚Óãcƒ3Ssb ¢÷WFW"Æö÷ ¢fW'FW‚ãcsÓ#ã3s#"Ó3 ¢fW'FW‚ãsbÓ#ãƒ3s"3 ¢fW'FW‚ãsbÓ#ãƒ3s"Ó3 ¢VæFÆö÷ ¢VæFf6W@¢f6WBæ÷&ÖÂã##sbÓã“s3ƒr ¢÷WFW"Æö÷ ¢fW'FW‚"ãsS2Ó#ãs3ƒ"Ó3 ¢fW'FW‚2ã3#S‚Ó#ãS“3R3 ¢fW'FW‚"ãsS2Ó#ãs3ƒ"3 ¢VæFÆö÷ ¢VæFf6W@¢f6WBæ÷&ÖÂã##sbÓã“s3ƒr ¢÷WFW"Æö÷ ¢fW'FW‚2ã3#S‚Ó#ãS“3R3 ¢fW'FW‚"ãsS2Ó#ãs3ƒ"Ó3 ¢fW'FW‚2ã3#S‚Ó#ãS“3RÓ3 ¢VæFÆö÷ ¢VæFf6W@¢f6WBæ÷&ÖÂãƒ#ƒc2ãSƒ#CSR ¢÷WFW"Æö÷ ¢fW'FW‚ã3cRÓ#Rã“Sƒb3 ¢fW'FW‚ã“3SBÓ#RãCCrÓ3 ¢fW'FW‚ã“3SBÓ#RãCCr3 ¢VæFÆö÷ ¢VæFf6W@¢f6WBæ÷&ÖÂãƒ#ƒc2ãSƒ#CSR ¢÷WFW"Æö÷ ¢fW'FW‚ã“3SBÓ#RãCCrÓ3 ¢fW'FW‚ã3cRÓ#Rã“Sƒb3 ¢fW'FW‚ã3cRÓ#Rã“SƒbÓ3 ¢VæFÆö÷ ¢VæFf6W@¢f6WBæ÷&ÖÂÓãcsSS‚ãsC“S" ¢÷WFW"Æö÷ ¢fW'FW‚bã3c3“bÓbã3c3“bÓ3 ¢fW'FW‚Rãs“SBÓbã“Ss’3 ¢fW'FW‚bã3c3“bÓbã3c3“b3 ¢VæFÆö÷ ¢VæFf6W@¢f6WBæ÷&ÖÂÓãcsSS‚ãsC“S" ¢÷WFW"Æö÷ ¢fW'FW‚Rãs“SBÓbã“Ss’3 ¢fW'FW‚bã3c3“bÓbã3c3“bÓ3 ¢fW'FW‚Rãs“SBÓbã“Ss’Ó3 ¢VæFÆö÷ ¢VæFf6W@¢f6WBæ÷&ÖÂÓã“ƒ“srÓãCcs#R ¢÷WFW"Æö÷ ¢fW'FW‚‚ã“Sccbãƒƒ#SBÓ3 ¢fW'FW‚‚ãƒ#srãsSSƒ3 ¢fW'FW‚‚ãƒ#srãsSSƒÓ3 ¢VæFÆö÷ ¢VæFf6W@¢f6WBæ÷&ÖÂÓã“ƒ“srÓãCcs#R ¢÷WFW"Æö÷ ¢fW'FW‚‚ãƒ#srãsSSƒ3 ¢fW'FW‚‚ã“Sccbãƒƒ#SBÓ3 ¢fW'FW‚‚ã“Sccbãƒƒ#SB3 ¢VæFÆö÷ ¢VæFf6W@¢f6WBæ÷&ÖÂÓã““ƒs“RÓãC“sb ¢÷WFW"Æö÷ ¢fW'FW‚’Ó3 ¢fW'FW‚‚ã“Sccbãƒƒ#SB3 ¢fW'FW‚‚ã“Sccbãƒƒ#SBÓ3 ¢VæFÆö÷ ¢VæFf6W@¢f6WBæ÷&ÖÂÓã““ƒs“RÓãC“sb ¢÷WFW"Æö÷ ¢fW'FW‚‚ã“Sccbãƒƒ#SB3 ¢fW'FW‚’Ó3 ¢fW'FW‚’3 ¢VæFÆö÷ ¢VæFf6W@¢f6WBæ÷&ÖÂÓã“s2Óã#C#“ƒb ¢÷WFW"Æö÷ ¢fW'FW‚‚ãƒ#srãsSSƒÓ3 ¢fW'FW‚‚ãc#Cb"ãc#Sb3 ¢fW'FW‚‚ãc#Cb"ãc#SbÓ3 ¢VæFÆö÷ ¢VæFf6W@¢f6WBæ÷&ÖÂÓã“s2Óã#C#“ƒb ¢÷WFW"Æö÷ ¢fW'FW‚‚ãc#Cb"ãc#Sb3 ¢fW'FW‚‚ãƒ#srãsSSƒÓ3 ¢fW'FW‚‚ãƒ#srãsSSƒ3 ¢VæFÆö÷ ¢VæFf6W@¢f6WBæ÷&ÖÂÓã33cƒƒ"ã“CSCr ¢÷WFW"Æö÷ ¢fW'FW‚2ãCCCRÓ‚ã3C“"Ó3 ¢fW'FW‚"ãc#SbÓ‚ãc#Cb3 ¢fW'FW‚2ãCCCRÓ‚ã3C“"3 ¢VæFÆö÷ ¢VæFf6W@¢f6WBæ÷&ÖÂÓã33cƒƒ"ã“CSCr ¢÷WFW"Æö÷ ¢fW'FW‚"ãc#SbÓ‚ãc#Cb3 ¢fW'FW‚2ãCCCRÓ‚ã3C“"Ó3 ¢fW'FW‚"ãc#SbÓ‚ãc#CbÓ3 ¢VæFÆö÷ ¢VæFf6W@¢f6WBæ÷&ÖÂãƒ3#BãS“Ss2 ¢÷WFW"Æö÷ ¢fW'FW‚Óbã“Ss’ÓRãs“SB3 ¢fW'FW‚ÓrãCƒ3#2ÓRã2Ó3 ¢fW'FW‚ÓrãCƒ3#2ÓRã23 ¢VæFÆö÷ ¢VæFf6W@¢f6WBæ÷&ÖÂãƒ3#BãS“Ss2 ¢÷WFW"Æö÷ ¢fW'FW‚ÓrãCƒ3#2ÓRã2Ó3 ¢fW'FW‚Óbã“Ss’ÓRãs“SB3 ¢fW'FW‚Óbã“Ss’ÓRãs“SBÓ3 ¢VæFÆö÷ ¢VæFf6W@¢f6WBæ÷&ÖÂãCcs#Rã“ƒ“srÓ ¢÷WFW"Æö÷ ¢fW'FW‚Óãƒƒ#SBÓ‚ã“SccbÓ3 ¢fW'FW‚ÓãsSSƒÓ‚ãƒ#sr3 ¢fW'FW‚Óãƒƒ#SBÓ‚ã“Sccb3 ¢VæFÆö÷ ¢VæFf6W@¢f6WBæ÷&ÖÂãCcs#Rã“ƒ“sr ¢÷WFW"Æö÷ ¢fW'FW‚ÓãsSSƒÓ‚ãƒ#sr3 ¢fW'FW‚Óãƒƒ#SBÓ‚ã“SccbÓ3 ¢fW'FW‚ÓãsSSƒÓ‚ãƒ#srÓ3 ¢VæFÆö÷ ¢VæFf6W@¢f6WBæ÷&ÖÂÓãcsSS‚ÓãsC“S" ¢÷WFW"Æö÷ ¢fW'FW‚Rãs“SBbã“Ss’Ó3 ¢fW'FW‚bã3c3“bbã3c3“b3 ¢fW'FW‚Rãs“SBbã“Ss’3 ¢VæFÆö÷ ¢VæFf6W@¢f6WBæ÷&ÖÂÓãcsSS‚ÓãsC“S"Ó ¢÷WFW"Æö÷ ¢fW'FW‚bã3c3“bbã3c3“b3 ¢fW'FW‚Rãs“SBbã“Ss’Ó3 ¢fW'FW‚bã3c3“bbã3c3“bÓ3 ¢VæFÆö÷ ¢VæFf6W@¢f6WBæ÷&ÖÂÓãC#sSbÓã“3“ƒr ¢÷WFW"Æö÷ ¢fW'FW‚2ãCCCR‚ã3C“"Ó3 ¢fW'FW‚Bã#C#Srrã“3s#’3 ¢fW'FW‚2ãCCCR‚ã3C“"3 ¢VæFÆö÷ ¢VæFf6W@¢f6WBæ÷&ÖÂÓãC#sSbÓã“3“ƒrÓ ¢÷WFW"Æö÷ ¢fW'FW‚Bã#C#Srrã“3s#’3 ¢fW'FW‚2ãCCCR‚ã3C“"Ó3 ¢fW'FW‚Bã#C#Srrã“3s#’Ó3 ¢VæFÆö÷ ¢VæFf6W@¢f6WBæ÷&ÖÂãƒ3#BÓãS“Ss2 ¢÷WFW"Æö÷ ¢fW'FW‚ÓrãCƒ3#2Rã23 ¢fW'FW‚Óbã“Ss’Rãs“SBÓ3 ¢fW'FW‚Óbã“Ss’Rãs“SB3 ¢VæFÆö÷ ¢VæFf6W@¢f6WBæ÷&ÖÂãƒ3#BÓãS“Ss2 ¢÷WFW"Æö÷ ¢fW'FW‚Óbã“Ss’Rãs“SBÓ3 ¢fW'FW‚ÓrãCƒ3#2Rã23 ¢fW'FW‚ÓrãCƒ3#2Rã2Ó3 ¢VæFÆö÷ ¢VæFf6W@¢f6WBæ÷&ÖÂãSC“’ÓãƒSss3 ¢÷WFW"Æö÷ ¢fW'FW‚ÓRã2rãCƒ3#2Ó3 ¢fW'FW‚ÓBã#C#Srrã“3s#’3 ¢fW'FW‚ÓRã2rãCƒ3#23 ¢VæFÆö÷ ¢VæFf6W@¢f6WBæ÷&ÖÂãSC“’ÓãƒSss3 ¢÷WFW"Æö÷ ¢fW'FW‚ÓBã#C#Srrã“3s#’3 ¢fW'FW‚ÓRã2rãCƒ3#2Ó3 ¢fW'FW‚ÓBã#C#Srrã“3s#’Ó3 ¢VæFÆö÷ ¢VæFf6W@¢f6WBæ÷&ÖÂÓã33cƒƒ"Óã“CSCr ¢÷WFW"Æö÷ ¢fW'FW‚"ãc#Sb‚ãc#CbÓ3 ¢fW'FW‚2ãCCCR‚ã3C“"3 ¢fW'FW‚"ãc#Sb‚ãc#Cb3 ¢VæFÆö÷ ¢VæFf6W@¢f6WBæ÷&ÖÂÓã33cƒƒ"Óã“CSCrÓ ¢÷WFW"Æö÷ ¢fW'FW‚2ãCCCR‚ã3C“"3 ¢fW'FW‚"ãc#Sb‚ãc#CbÓ3 ¢fW'FW‚2ãCCCR‚ã3C“"Ó3 ¢VæFÆö÷ ¢VæFf6W@¢f6WBæ÷&ÖÂã“s2Óã#C#“ƒb ¢÷WFW"Æö÷ ¢fW'FW‚Ó‚ãƒ#srãsSSƒ3 ¢fW'FW‚Ó‚ãc#Cb"ãc#SbÓ3 ¢fW'FW‚Ó‚ãc#Cb"ãc#Sb3 ¢VæFÆö÷ ¢VæFf6W@¢f6WBæ÷&ÖÂã“s2Óã#C#“ƒb ¢÷WFW"Æö÷ ¢fW'FW‚Ó‚ãc#Cb"ãc#SbÓ3 ¢fW'FW‚Ó‚ãƒ#srãsSSƒ3 ¢fW'FW‚Ó‚ãƒ#srãsSSƒÓ3 ¢VæFÆö÷ ¢VæFf6W@¢f6WBæ÷&ÖÂã“3“ƒrÓãC#sSb ¢÷WFW"Æö÷ ¢fW'FW‚Ó‚ã3C“"2ãCCCR3 ¢fW'FW‚Órã“3s#’Bã#C#SrÓ3 ¢fW'FW‚Órã“3s#’Bã#C#Sr3 ¢VæFÆö÷ ¢VæFf6W@¢f6WBæ÷&ÖÂã“3“ƒrÓãC#sSb ¢÷WFW"Æö÷ ¢fW'FW‚Órã“3s#’Bã#C#SrÓ3 ¢fW'FW‚Ó‚ã3C“"2ãCCCR3 ¢fW'FW‚Ó‚ã3C“"2ãCCCRÓ3 ¢VæFÆö÷ ¢VæFf6W@¢f6WBæ÷&ÖÂÓãS“Ss2ãƒ3#B ¢÷WFW"Æö÷ ¢fW'FW‚Rãs“SBÓbã“Ss’Ó3 ¢fW'FW‚Rã2ÓrãCƒ3#23 ¢fW'FW‚Rãs“SBÓbã“Ss’3 ¢VæFÆö÷ ¢VæFf6W@¢f6WBæ÷&ÖÂÓãS“Ss2ãƒ3#B ¢÷WFW"Æö÷ ¢fW'FW‚Rã2ÓrãCƒ3#23 ¢fW'FW‚Rãs“SBÓbã“Ss’Ó3 ¢fW'FW‚Rã2ÓrãCƒ3#2Ó3 ¢VæFÆö÷ ¢VæFf6W@¢f6WBæ÷&ÖÂãC#sSbÓã“3“ƒr ¢÷WFW"Æö÷ ¢fW'FW‚ÓBã#C#Srrã“3s#’Ó3 ¢fW'FW‚Ó2ãCCCR‚ã3C“"3 ¢fW'FW‚ÓBã#C#Srrã“3s#’3 ¢VæFÆö÷ ¢VæFf6W@¢f6WBæ÷&ÖÂãC#sSbÓã“3“ƒr ¢÷WFW"Æö÷ ¢fW'FW‚Ó2ãCCCR‚ã3C“"3 ¢fW'FW‚ÓBã#C#Srrã“3s#’Ó3 ¢fW'FW‚Ó2ãCCCR‚ã3C“"Ó3 ¢VæFÆö÷ ¢VæFf6W@¢f6WBæ÷&ÖÂã“s2ã#C#“ƒb ¢÷WFW"Æö÷ ¢fW'FW‚Ó‚ãc#CbÓ"ãc#Sb3 ¢fW'FW‚Ó‚ãƒ#srÓãsSSƒÓ3 ¢fW'FW‚Ó‚ãƒ#srÓãsSSƒ3 ¢VæFÆö÷ ¢VæFf6W@¢f6WBæ÷&ÖÂã“s2ã#C#“ƒb ¢÷WFW"Æö÷ ¢fW'FW‚Ó‚ãƒ#srÓãsSSƒÓ3 ¢fW'FW‚Ó‚ãc#CbÓ"ãc#Sb3 ¢fW'FW‚Ó‚ãc#CbÓ"ãc#SbÓ3 ¢VæFÆö÷ ¢VæFf6W@¢f6WBæ÷&ÖÂã#C#“ƒbÓã“s2 ¢÷WFW"Æö÷ ¢fW'FW‚Ó"ãc#Sb‚ãc#CbÓ3 ¢fW'FW‚ÓãsSSƒ‚ãƒ#sr3 ¢fW'FW‚Ó"ãc#Sb‚ãc#Cb3 ¢VæFÆö÷ ¢VæFf6W@¢f6WBæ÷&ÖÂã#C#“ƒbÓã“s2 ¢÷WFW"Æö÷ ¢fW'FW‚ÓãsSSƒ‚ãƒ#sr3 ¢fW'FW‚Ó"ãc#Sb‚ãc#CbÓ3 ¢fW'FW‚ÓãsSSƒ‚ãƒ#srÓ3 ¢VæFÆö÷ ¢VæFf6W@¢f6WBæ÷&ÖÂã“3“ƒrãC#sSb ¢÷WFW"Æö÷ ¢fW'FW‚Órã“3s#’ÓBã#C#Sr3 ¢fW'FW‚Ó‚ã3C“"Ó2ãCCCRÓ3 ¢fW'FW‚Ó‚ã3C“"Ó2ãCCCR3 ¢VæFÆö÷ ¢VæFf6W@¢f6WBæ÷&ÖÂã“3“ƒrãC#sSb ¢÷WFW"Æö÷ ¢fW'FW‚Ó‚ã3C“"Ó2ãCCCRÓ3 ¢fW'FW‚Órã“3s#’ÓBã#C#Sr3 ¢fW'FW‚Órã“3s#’ÓBã#C#SrÓ3 ¢VæFÆö÷ ¢VæFf6W@¢f6WBæ÷&ÖÂÓãC#sSbã“3“ƒr ¢÷WFW"Æö÷ ¢fW'FW‚Bã#C#SrÓrã“3s#’Ó3 ¢fW'FW‚2ãCCCRÓ‚ã3C“"3 ¢fW'FW‚Bã#C#SrÓrã“3s#’3 ¢VæFÆö÷ ¢VæFf6W@¢f6WBæ÷&ÖÂÓãC#sSbã“3“ƒr ¢÷WFW"Æö÷ ¢fW'FW‚2ãCCCRÓ‚ã3C“"3 ¢fW'FW‚Bã#C#SrÓrã“3s#’Ó3 ¢fW'FW‚2ãCCCRÓ‚ã3C“"Ó3 ¢VæFÆö÷ ¢VæFf6W@¢f6WBæ÷&ÖÂãS“Ss2Óãƒ3#B ¢÷WFW"Æö÷ ¢fW'FW‚ÓRãs“SBbã“Ss’Ó3 ¢fW'FW‚ÓRã2rãCƒ3#23 ¢fW'FW‚ÓRãs“SBbã“Ss’3 ¢VæFÆö÷ ¢VæFf6W@¢f6WBæ÷&ÖÂãS“Ss2Óãƒ3#B ¢÷WFW"Æö÷ ¢fW'FW‚ÓRã2rãCƒ3#23 ¢fW'FW‚ÓRãs“SBbã“Ss’Ó3 ¢fW'FW‚ÓRã2rãCƒ3#2Ó3 ¢VæFÆö÷ ¢VæFf6W@¢f6WBæ÷&ÖÂã““ƒs“RãC“sb ¢÷WFW"Æö÷ ¢fW'FW‚Ó‚ã“SccbÓãƒƒ#SB3 ¢fW'FW‚Ó’Ó3 ¢fW'FW‚Ó’3 ¢VæFÆö÷ ¢VæFf6W@¢f6WBæ÷&ÖÂã““ƒs“RãC“sb ¢÷WFW"Æö÷ ¢fW'FW‚Ó’Ó3 ¢fW'FW‚Ó‚ã“SccbÓãƒƒ#SB3 ¢fW'FW‚Ó‚ã“SccbÓãƒƒ#SBÓ3 ¢VæFÆö÷ ¢VæFf6W@¢f6WBæ÷&ÖÂÓã“3“ƒrãC#sSb ¢÷WFW"Æö÷ ¢fW'FW‚rã“3s#’ÓBã#C#SrÓ3 ¢fW'FW‚‚ã3C“"Ó2ãCCCR3 ¢fW'FW‚‚ã3C“"Ó2ãCCCRÓ3 ¢VæFÆö÷ ¢VæFf6W@¢f6WBæ÷&ÖÂÓã“3“ƒrãC#sSb ¢÷WFW"Æö÷ ¢fW'FW‚‚ã3C“"Ó2ãCCCR3 ¢fW'FW‚rã“3s#’ÓBã#C#SrÓ3 ¢fW'FW‚rã“3s#’ÓBã#C#Sr3 ¢VæFÆö÷ ¢VæFf6W@¢f6WBæ÷&ÖÂÓã“s2ã#C#“ƒb ¢÷WFW"Æö÷ ¢fW'FW‚‚ãc#CbÓ"ãc#SbÓ3 ¢fW'FW‚‚ãƒ#srÓãsSSƒ3 ¢fW'FW‚‚ãƒ#srÓãsSSƒÓ3 ¢VæFÆö÷ ¢VæFf6W@¢f6WBæ÷&ÖÂÓã“s2ã#C#“ƒb ¢÷WFW"Æö÷ ¢fW'FW‚‚ãƒ#srÓãsSSƒ3 ¢fW'FW‚‚ãc#CbÓ"ãc#SbÓ3 ¢fW'FW‚‚ãc#CbÓ"ãc#Sb3 ¢VæFÆö÷ ¢VæFf6W@¢f6WBæ÷&ÖÂã33cƒƒ"Óã“CSCr ¢÷WFW"Æö÷ ¢fW'FW‚Ó2ãCCCR‚ã3C“"Ó3 ¢fW'FW‚Ó"ãc#Sb‚ãc#Cb3 ¢fW'FW‚Ó2ãCCCR‚ã3C“"3 ¢VæFÆö÷ ¢VæFf6W@¢f6WBæ÷&ÖÂã33cƒƒ"Óã“CSCr ¢÷WFW"Æö÷ ¢fW'FW‚Ó"ãc#Sb‚ãc#Cb3 ¢fW'FW‚Ó2ãCCCR‚ã3C“"Ó3 ¢fW'FW‚Ó"ãc#Sb‚ãc#CbÓ3 ¢VæFÆö÷ ¢VæFf6W@¢f6WBæ÷&ÖÂã“CSCrã33cƒƒ" ¢÷WFW"Æö÷ ¢fW'FW‚Ó‚ã3C“"Ó2ãCCCR3 ¢fW'FW‚Ó‚ãc#CbÓ"ãc#SbÓ3 ¢fW'FW‚Ó‚ãc#CbÓ"ãc#Sb3 ¢VæFÆö÷ ¢VæFf6W@¢f6WBæ÷&ÖÂã“CSCrã33cƒƒ" ¢÷WFW"Æö÷ ¢fW'FW‚Ó‚ãc#CbÓ"ãc#SbÓ3 ¢fW'FW‚Ó‚ã3C“"Ó2ãCCCR3 ¢fW'FW‚Ó‚ã3C“"Ó2ãCCCRÓ3 ¢VæFÆö÷ ¢VæFf6W@¢f6WBæ÷&ÖÂÓãSC“’ãƒSss3 ¢÷WFW"Æö÷ ¢fW'FW‚Rã2ÓrãCƒ3#2Ó3 ¢fW'FW‚Bã#C#SrÓrã“3s#’3 ¢fW'FW‚Rã2ÓrãCƒ3#23 ¢VæFÆö÷ ¢VæFf6W@¢f6WBæ÷&ÖÂÓãSC“’ãƒSss3 ¢÷WFW"Æö÷ ¢fW'FW‚Bã#C#SrÓrã“3s#’3 ¢fW'FW‚Rã2ÓrãCƒ3#2Ó3 ¢fW'FW‚Bã#C#SrÓrã“3s#’Ó3 ¢VæFÆö÷ ¢VæFf6W@¢f6WBæ÷&ÖÂãSC“’ãƒSss3Ó ¢÷WFW"Æö÷ ¢fW'FW‚ÓBã#C#SrÓrã“3s#’Ó3 ¢fW'FW‚ÓRã2ÓrãCƒ3#23 ¢fW'FW‚ÓBã#C#SrÓrã“3s#’3 ¢VæFÆö÷ ¢VæFf6W@¢f6WBæ÷&ÖÂãSC“’ãƒSss3 ¢÷WFW"Æö÷ ¢fW'FW‚ÓRã2ÓrãCƒ3#23 ¢fW'FW‚ÓBã#C#SrÓrã“3s#’Ó3 ¢fW'FW‚ÓRã2ÓrãCƒ3#2Ó3 ¢VæFÆö÷ ¢VæFf6W@¢f6WBæ÷&ÖÂÓã“ƒ“srãCcs#R ¢÷WFW"Æö÷ ¢fW'FW‚‚ãƒ#srÓãsSSƒÓ3 ¢fW'FW‚‚ã“SccbÓãƒƒ#SB3 ¢fW'FW‚‚ã“SccbÓãƒƒ#SBÓ3 ¢VæFÆö÷ ¢VæFf6W@¢f6WBæ÷&ÖÂÓã“ƒ“srãCcs#R ¢÷WFW"Æö÷ ¢fW'FW‚‚ã“SccbÓãƒƒ#SB3 ¢fW'FW‚‚ãƒ#srÓãsSSƒÓ3 ¢fW'FW‚‚ãƒ#srÓãsSSƒ3 ¢VæFÆö÷ ¢VæFf6W@¢f6WBæ÷&ÖÂã“CSCrÓã33cƒƒ" ¢÷WFW"Æö÷ ¢fW'FW‚Ó‚ãc#Cb"ãc#Sb3 ¢fW'FW‚Ó‚ã3C“"2ãCCCRÓ3 ¢fW'FW‚Ó‚ã3C“"2ãCCCR3 ¢VæFÆö÷ ¢VæFf6W@¢f6WBæ÷&ÖÂã“CSCrÓã33cƒƒ" ¢÷WFW"Æö÷ ¢fW'FW‚Ó‚ã3C“"2ãCCCRÓ3 ¢fW'FW‚Ó‚ãc#Cb"ãc#Sb3 ¢fW'FW‚Ó‚ãc#Cb"ãc#SbÓ3 ¢VæFÆö÷ ¢VæFf6W@¢f6WBæ÷&ÖÂÓãsC“S"ÓãcsSS‚ ¢÷WFW"Æö÷ ¢fW'FW‚bã“Ss’Rãs“SBÓ3 ¢fW'FW‚bã3c3“bbã3c3“b3 ¢fW'FW‚bã3c3“bbã3c3“bÓ3 ¢VæFÆö÷ ¢VæFf6W@¢f6WBæ÷&ÖÂÓãsC“S"ÓãcsSS‚ ¢÷WFW"Æö÷ ¢fW'FW‚bã3c3“bbã3c3“b3 ¢fW'FW‚bã“Ss’Rãs“SBÓ3 ¢fW'FW‚bã“Ss’Rãs“SB3 ¢VæFÆö÷ ¢VæFf6W@¢f6WBæ÷&ÖÂã“ƒ“srÓãCcs#R ¢÷WFW"Æö÷ ¢fW'FW‚Ó‚ã“Sccbãƒƒ#SB3 ¢fW'FW‚Ó‚ãƒ#srãsSSƒÓ3 ¢fW'FW‚Ó‚ãƒ#srãsSSƒ3 ¢VæFÆö÷ ¢VæFf6W@¢f6WBæ÷&ÖÂã“ƒ“srÓãCcs#R ¢÷WFW"Æö÷ ¢fW'FW‚Ó‚ãƒ#srãsSSƒÓ3 ¢fW'FW‚Ó‚ã“Sccbãƒƒ#SB3 ¢fW'FW‚Ó‚ã“Sccbãƒƒ#SBÓ3 ¢VæFÆö÷ ¢VæFf6W@¢f6WBæ÷&ÖÂÓãC“sbÓã““ƒs“R ¢÷WFW"Æö÷ ¢fW'FW‚’Ó3 ¢fW'FW‚ãƒƒ#SB‚ã“Sccb3 ¢fW'FW‚’3 ¢VæFÆö÷ ¢VæFf6W@¢f6WBæ÷&ÖÂÓãC“sbÓã““ƒs“RÓ ¢÷WFW"Æö÷ ¢fW'FW‚ãƒƒ#SB‚ã“Sccb3 ¢fW'FW‚’Ó3 ¢fW'FW‚ãƒƒ#SB‚ã“SccbÓ3 ¢VæFÆö÷ ¢VæFf6W@¢f6WBæ÷&ÖÂÓã““ƒs“RãC“sb ¢÷WFW"Æö÷ ¢fW'FW‚‚ã“SccbÓãƒƒ#SBÓ3 ¢fW'FW‚’3 ¢fW'FW‚’Ó3 ¢VæFÆö÷ ¢VæFf6W@¢f6WBæ÷&ÖÂÓã““ƒs“RãC“sb ¢÷WFW"Æö÷ ¢fW'FW‚’3 ¢fW'FW‚‚ã“SccbÓãƒƒ#SBÓ3 ¢fW'FW‚‚ã“SccbÓãƒƒ#SB3 ¢VæFÆö÷ ¢VæFf6W@¢f6WBæ÷&ÖÂÓãS“Ss2Óãƒ3#B ¢÷WFW"Æö÷ ¢fW'FW‚Rã2rãCƒ3#2Ó3 ¢fW'FW‚Rãs“SBbã“Ss’3 ¢fW'FW‚Rã2rãCƒ3#23 ¢VæFÆö÷ ¢VæFf6W@¢f6WBæ÷&ÖÂÓãS“Ss2Óãƒ3#BÓ ¢÷WFW"Æö÷ ¢fW'FW‚Rãs“SBbã“Ss’3 ¢fW'FW‚Rã2rãCƒ3#2Ó3 ¢fW'FW‚Rãs“SBbã“Ss’Ó3 ¢VæFÆö÷ ¢VæFf6W@¢f6WBæ÷&ÖÂã#C#“ƒbã“s2Ó ¢÷WFW"Æö÷ ¢fW'FW‚ÓãsSSƒÓ‚ãƒ#srÓ3 ¢fW'FW‚Ó"ãc#SbÓ‚ãc#Cb3 ¢fW'FW‚ÓãsSSƒÓ‚ãƒ#sr3 ¢VæFÆö÷ ¢VæFf6W@¢f6WBæ÷&ÖÂã#C#“ƒbã“s2 ¢÷WFW"Æö÷ ¢fW'FW‚Ó"ãc#SbÓ‚ãc#Cb3 ¢fW'FW‚ÓãsSSƒÓ‚ãƒ#srÓ3 ¢fW'FW‚Ó"ãc#SbÓ‚ãc#CbÓ3 ¢VæFÆö÷ ¢VæFf6W@¢f6WBæ÷&ÖÂÓã#C#“ƒbã“s2 ¢÷WFW"Æö÷ ¢fW'FW‚"ãc#SbÓ‚ãc#CbÓ3 ¢fW'FW‚ãsSSƒÓ‚ãƒ#sr3 ¢fW'FW‚"ãc#SbÓ‚ãc#Cb3 ¢VæFÆö÷ ¢VæFf6W@¢f6WBæ÷&ÖÂÓã#C#“ƒbã“s2 ¢÷WFW"Æö÷ ¢fW'FW‚ãsSSƒÓ‚ãƒ#sr3 ¢fW'FW‚"ãc#SbÓ‚ãc#CbÓ3 ¢fW'FW‚ãsSSƒÓ‚ãƒ#srÓ3 ¢VæFÆö÷ ¢VæFf6W@¢f6WBæ÷&ÖÂÓã“CSCrÓã33cƒƒ" ¢÷WFW"Æö÷ ¢fW'FW‚‚ãc#Cb"ãc#SbÓ3 ¢fW'FW‚‚ã3C“"2ãCCCR3 ¢fW'FW‚‚ã3C“"2ãCCCRÓ3 ¢VæFÆö÷ ¢VæFf6W@¢f6WBæ÷&ÖÂÓã“CSCrÓã33cƒƒ" ¢÷WFW"Æö÷ ¢fW'FW‚‚ã3C“"2ãCCCR3 ¢fW'FW‚‚ãc#Cb"ãc#SbÓ3 ¢fW'FW‚‚ãc#Cb"ãc#Sb3 ¢VæFÆö÷ ¢VæFf6W@¢f6WBæ÷&ÖÂÓãƒ3#BãS“Ss2 ¢÷WFW"Æö÷ ¢fW'FW‚bã“Ss’ÓRãs“SBÓ3 ¢fW'FW‚rãCƒ3#2ÓRã23 ¢fW'FW‚rãCƒ3#2ÓRã2Ó3 ¢VæFÆö÷ ¢VæFf6W@¢f6WBæ÷&ÖÂÓãƒ3#BãS“Ss2 ¢÷WFW"Æö÷ ¢fW'FW‚rãCƒ3#2ÓRã23 ¢fW'FW‚bã“Ss’ÓRãs“SBÓ3 ¢fW'FW‚bã“Ss’ÓRãs“SB3 ¢VæFÆö÷ ¢VæFf6W@¢f6WBæ÷&ÖÂÓãƒSss3ãSC“’ ¢÷WFW"Æö÷ ¢fW'FW‚rãCƒ3#2ÓRã2Ó3 ¢fW'FW‚rã“3s#’ÓBã#C#Sr3 ¢fW'FW‚rã“3s#’ÓBã#C#SrÓ3 ¢VæFÆö÷ ¢VæFf6W@¢f6WBæ÷&ÖÂÓãƒSss3ãSC“’ ¢÷WFW"Æö÷ ¢fW'FW‚rã“3s#’ÓBã#C#Sr3 ¢fW'FW‚rãCƒ3#2ÓRã2Ó3 ¢fW'FW‚rãCƒ3#2ÓRã23 ¢VæFÆö÷ ¢VæFf6W@¢f6WBæ÷&ÖÂÓã“CSCrã33cƒƒ" ¢÷WFW"Æö÷ ¢fW'FW‚‚ã3C“"Ó2ãCCCRÓ3 ¢fW'FW‚‚ãc#CbÓ"ãc#Sb3 ¢fW'FW‚‚ãc#CbÓ"ãc#SbÓ3 ¢VæFÆö÷ ¢VæFf6W@¢f6WBæ÷&ÖÂÓã“CSCrã33cƒƒ" ¢÷WFW"Æö÷ ¢fW'FW‚‚ãc#CbÓ"ãc#Sb3 ¢fW'FW‚‚ã3C“"Ó2ãCCCRÓ3 ¢fW'FW‚‚ã3C“"Ó2ãCCCR3 ¢VæFÆö÷ ¢VæFf6W@¢f6WBæ÷&ÖÂãƒSss3ãSC“’ ¢÷WFW"Æö÷ ¢fW'FW‚ÓrãCƒ3#2ÓRã23 ¢fW'FW‚Órã“3s#’ÓBã#C#SrÓ3 ¢fW'FW‚Órã“3s#’ÓBã#C#Sr3 ¢VæFÆö÷ ¢VæFf6W@¢f6WBæ÷&ÖÂãƒSss3ãSC“’ ¢÷WFW"Æö÷ ¢fW'FW‚Órã“3s#’ÓBã#C#SrÓ3 ¢fW'FW‚ÓrãCƒ3#2ÓRã23 ¢fW'FW‚ÓrãCƒ3#2ÓRã2Ó3 ¢VæFÆö÷ ¢VæFf6W@¢f6WBæ÷&ÖÂÓãSC“’ÓãƒSss3 ¢÷WFW"Æö÷ ¢fW'FW‚Bã#C#Srrã“3s#’Ó3 ¢fW'FW‚Rã2rãCƒ3#23 ¢fW'FW‚Bã#C#Srrã“3s#’3 ¢VæFÆö÷ ¢VæFf6W@¢f6WBæ÷&ÖÂÓãSC“’ÓãƒSss3Ó ¢÷WFW"Æö÷ ¢fW'FW‚Rã2rãCƒ3#23 ¢fW'FW‚Bã#C#Srrã“3s#’Ó3 ¢fW'FW‚Rã2rãCƒ3#2Ó3 ¢VæFÆö÷ ¢VæFf6W@¢f6WBæ÷&ÖÂÓãƒ3#BÓãS“Ss2 ¢÷WFW"Æö÷ ¢fW'FW‚rãCƒ3#2Rã2Ó3 ¢fW'FW‚bã“Ss’Rãs“SB3 ¢fW'FW‚bã“Ss’Rãs“SBÓ3 ¢VæFÆö÷ ¢VæFf6W@¢f6WBæ÷&ÖÂÓãƒ3#BÓãS“Ss2 ¢÷WFW"Æö÷ ¢fW'FW‚bã“Ss’Rãs“SB3 ¢fW'FW‚rãCƒ3#2Rã2Ó3 ¢fW'FW‚rãCƒ3#2Rã23 ¢VæFÆö÷ ¢VæFf6W@¢f6WBæ÷&ÖÂãC#sSbã“3“ƒrÓ ¢÷WFW"Æö÷ ¢fW'FW‚Ó2ãCCCRÓ‚ã3C“"Ó3 ¢fW'FW‚ÓBã#C#SrÓrã“3s#’3 ¢fW'FW‚Ó2ãCCCRÓ‚ã3C“"3 ¢VæFÆö÷ ¢VæFf6W@¢f6WBæ÷&ÖÂãC#sSbã“3“ƒr ¢÷WFW"Æö÷ ¢fW'FW‚ÓBã#C#SrÓrã“3s#’3 ¢fW'FW‚Ó2ãCCCRÓ‚ã3C“"Ó3 ¢fW'FW‚ÓBã#C#SrÓrã“3s#’Ó3 ¢VæFÆö÷ ¢VæFf6W@¢f6WBæ÷&ÖÂÓã“3“ƒrÓãC#sSb ¢÷WFW"Æö÷ ¢fW'FW‚‚ã3C“"2ãCCCRÓ3 ¢fW'FW‚rã“3s#’Bã#C#Sr3 ¢fW'FW‚rã“3s#’Bã#C#SrÓ3 ¢VæFÆö÷ ¢VæFf6W@¢f6WBæ÷&ÖÂÓã“3“ƒrÓãC#sSb ¢÷WFW"Æö÷ ¢fW'FW‚rã“3s#’Bã#C#Sr3 ¢fW'FW‚‚ã3C“"2ãCCCRÓ3 ¢fW'FW‚‚ã3C“"2ãCCCR3 ¢VæFÆö÷ ¢VæFf6W@¢f6WBæ÷&ÖÂÓãC“sbã““ƒs“R ¢÷WFW"Æö÷ ¢fW'FW‚ãƒƒ#SBÓ‚ã“SccbÓ3 ¢fW'FW‚Ó’3 ¢fW'FW‚ãƒƒ#SBÓ‚ã“Sccb3 ¢VæFÆö÷ ¢VæFf6W@¢f6WBæ÷&ÖÂÓãC“sbã““ƒs“R ¢÷WFW"Æö÷ ¢fW'FW‚Ó’3 ¢fW'FW‚ãƒƒ#SBÓ‚ã“SccbÓ3 ¢fW'FW‚Ó’Ó3 ¢VæFÆö÷ ¢VæFf6W@¢f6WBæ÷&ÖÂÓãCcs#RÓã“ƒ“sr ¢÷WFW"Æö÷ ¢fW'FW‚ãƒƒ#SB‚ã“SccbÓ3 ¢fW'FW‚ãsSSƒ‚ãƒ#sr3 ¢fW'FW‚ãƒƒ#SB‚ã“Sccb3 ¢VæFÆö÷ ¢VæFf6W@¢f6WBæ÷&ÖÂÓãCcs#RÓã“ƒ“srÓ ¢÷WFW"Æö÷ ¢fW'FW‚ãsSSƒ‚ãƒ#sr3 ¢fW'FW‚ãƒƒ#SB‚ã“SccbÓ3 ¢fW'FW‚ãsSSƒ‚ãƒ#srÓ3 ¢VæFÆö÷ ¢VæFf6W@¢f6WBæ÷&ÖÂÓãƒSss3ÓãSC“’ ¢÷WFW"Æö÷ ¢fW'FW‚rã“3s#’Bã#C#SrÓ3 ¢fW'FW‚rãCƒ3#2Rã23 ¢fW'FW‚rãCƒ3#2Rã2Ó3 ¢VæFÆö÷ ¢VæFf6W@¢f6WBæ÷&ÖÂÓãƒSss3ÓãSC“’ ¢÷WFW"Æö÷ ¢fW'FW‚rãCƒ3#2Rã23 ¢fW'FW‚rã“3s#’Bã#C#SrÓ3 ¢fW'FW‚rã“3s#’Bã#C#Sr3 ¢VæFÆö÷ ¢VæFf6W@¢f6WBæ÷&ÖÂãcsSS‚ÓãsC“S" ¢÷WFW"Æö÷ ¢fW'FW‚Óbã3c3“bbã3c3“bÓ3 ¢fW'FW‚ÓRãs“SBbã“Ss’3 ¢fW'FW‚Óbã3c3“bbã3c3“b3 ¢VæFÆö÷ ¢VæFf6W@¢f6WBæ÷&ÖÂãcsSS‚ÓãsC“S" ¢÷WFW"Æö÷ ¢fW'FW‚ÓRãs“SBbã“Ss’3 ¢fW'FW‚Óbã3c3“bbã3c3“bÓ3 ¢fW'FW‚ÓRãs“SBbã“Ss’Ó3 ¢VæFÆö÷ ¢VæFf6W@¢f6WBæ÷&ÖÂãC“sbÓã““ƒs“R ¢÷WFW"Æö÷ ¢fW'FW‚Óãƒƒ#SB‚ã“SccbÓ3 ¢fW'FW‚’3 ¢fW'FW‚Óãƒƒ#SB‚ã“Sccb3 ¢VæFÆö÷ ¢VæFf6W@¢f6WBæ÷&ÖÂãC“sbÓã““ƒs“R ¢÷WFW"Æö÷ ¢fW'FW‚’3 ¢fW'FW‚Óãƒƒ#SB‚ã“SccbÓ3 ¢fW'FW‚’Ó3 ¢VæFÆö÷ ¢VæFf6W@¢f6WBæ÷&ÖÂãcsSS‚ãsC“S"Ó ¢÷WFW"Æö÷ ¢fW'FW‚ÓRãs“SBÓbã“Ss’Ó3 ¢fW'FW‚Óbã3c3“bÓbã3c3“b3 ¢fW'FW‚ÓRãs“SBÓbã“Ss’3 ¢VæFÆö÷ ¢VæFf6W@¢f6WBæ÷&ÖÂãcsSS‚ãsC“S" ¢÷WFW"Æö÷ ¢fW'FW‚Óbã3c3“bÓbã3c3“b3 ¢fW'FW‚ÓRãs“SBÓbã“Ss’Ó3 ¢fW'FW‚Óbã3c3“bÓbã3c3“bÓ3 ¢VæFÆö÷ ¢VæFf6W@¢f6WBæ÷&ÖÂãCcs#RÓã“ƒ“sr ¢÷WFW"Æö÷ ¢fW'FW‚ÓãsSSƒ‚ãƒ#srÓ3 ¢fW'FW‚Óãƒƒ#SB‚ã“Sccb3 ¢fW'FW‚ÓãsSSƒ‚ãƒ#sr3 ¢VæFÆö÷ ¢VæFf6W@¢f6WBæ÷&ÖÂãCcs#RÓã“ƒ“sr ¢÷WFW"Æö÷ ¢fW'FW‚Óãƒƒ#SB‚ã“Sccb3 ¢fW'FW‚ÓãsSSƒ‚ãƒ#srÓ3 ¢fW'FW‚Óãƒƒ#SB‚ã“SccbÓ3 ¢VæFÆö÷ ¢VæFf6W@¢f6WBæ÷&ÖÂã“ƒ“srãCcs#R ¢÷WFW"Æö÷ ¢fW'FW‚Ó‚ãƒ#srÓãsSSƒ3 ¢fW'FW‚Ó‚ã“SccbÓãƒƒ#SBÓ3 ¢fW'FW‚Ó‚ã“SccbÓãƒƒ#SB3 ¢VæFÆö÷ ¢VæFf6W@¢f6WBæ÷&ÖÂã“ƒ“srãCcs#R ¢÷WFW"Æö÷ ¢fW'FW‚Ó‚ã“SccbÓãƒƒ#SBÓ3 ¢fW'FW‚Ó‚ãƒ#srÓãsSSƒ3 ¢fW'FW‚Ó‚ãƒ#srÓãsSSƒÓ3 ¢VæFÆö÷ ¢VæFf6W@¢f6WBæ÷&ÖÂãsC“S"ãcsSS‚ ¢÷WFW"Æö÷ ¢fW'FW‚Óbã3c3“bÓbã3c3“b3 ¢fW'FW‚Óbã“Ss’ÓRãs“SBÓ3 ¢fW'FW‚Óbã“Ss’ÓRãs“SB3 ¢VæFÆö÷ ¢VæFf6W@¢f6WBæ÷&ÖÂãsC“S"ãcsSS‚ ¢÷WFW"Æö÷ ¢fW'FW‚Óbã“Ss’ÓRãs“SBÓ3 ¢fW'FW‚Óbã3c3“bÓbã3c3“b3 ¢fW'FW‚Óbã3c3“bÓbã3c3“bÓ3 ¢VæFÆö÷ ¢VæFf6W@¢f6WBæ÷&ÖÂÓãCcs#Rã“ƒ“sr ¢÷WFW"Æö÷ ¢fW'FW‚ãsSSƒÓ‚ãƒ#srÓ3 ¢fW'FW‚ãƒƒ#SBÓ‚ã“Sccb3 ¢fW'FW‚ãsSSƒÓ‚ãƒ#sr3 ¢VæFÆö÷ ¢VæFf6W@¢f6WBæ÷&ÖÂÓãCcs#Rã“ƒ“sr ¢÷WFW"Æö÷ ¢fW'FW‚ãƒƒ#SBÓ‚ã“Sccb3 ¢fW'FW‚ãsSSƒÓ‚ãƒ#srÓ3 ¢fW'FW‚ãƒƒ#SBÓ‚ã“SccbÓ3 ¢VæFÆö÷ ¢VæFf6W@¢f6WBæ÷&ÖÂãsC“S"ÓãcsSS‚ ¢÷WFW"Æö÷ ¢fW'FW‚Óbã“Ss’Rãs“SB3 ¢fW'FW‚Óbã3c3“bbã3c3“bÓ3 ¢fW'FW‚Óbã3c3“bbã3c3“b3 ¢VæFÆö÷ ¢VæFf6W@¢f6WBæ÷&ÖÂãsC“S"ÓãcsSS‚ ¢÷WFW"Æö÷ ¢fW'FW‚Óbã3c3“bbã3c3“bÓ3 ¢fW'FW‚Óbã“Ss’Rãs“SB3 ¢fW'FW‚Óbã“Ss’Rãs“SBÓ3 ¢VæFÆö÷ ¢VæFf6W@¢f6WBæ÷&ÖÂãS“Ss2ãƒ3#BÓ ¢÷WFW"Æö÷ ¢fW'FW‚ÓRã2ÓrãCƒ3#2Ó3 ¢fW'FW‚ÓRãs“SBÓbã“Ss’3 ¢fW'FW‚ÓRã2ÓrãCƒ3#23 ¢VæFÆö÷ ¢VæFf6W@¢f6WBæ÷&ÖÂãS“Ss2ãƒ3#B ¢÷WFW"Æö÷ ¢fW'FW‚ÓRãs“SBÓbã“Ss’3 ¢fW'FW‚ÓRã2ÓrãCƒ3#2Ó3 ¢fW'FW‚ÓRãs“SBÓbã“Ss’Ó3 ¢VæFÆö÷ ¢VæFf6W@¢f6WBæ÷&ÖÂÓã#C#“ƒbÓã“s2 ¢÷WFW"Æö÷ ¢fW'FW‚ãsSSƒ‚ãƒ#srÓ3 ¢fW'FW‚"ãc#Sb‚ãc#Cb3 ¢fW'FW‚ãsSSƒ‚ãƒ#sr3 ¢VæFÆö÷ ¢VæFf6W@¢f6WBæ÷&ÖÂÓã#C#“ƒbÓã“s2Ó ¢÷WFW"Æö÷ ¢fW'FW‚"ãc#Sb‚ãc#Cb3 ¢fW'FW‚ãsSSƒ‚ãƒ#srÓ3 ¢fW'FW‚"ãc#Sb‚ãc#CbÓ3 ¢VæFÆö÷ ¢VæFf6W@¢f6WBæ÷&ÖÂãƒSss3ÓãSC“’ ¢÷WFW"Æö÷ ¢fW'FW‚Órã“3s#’Bã#C#Sr3 ¢fW'FW‚ÓrãCƒ3#2Rã2Ó3 ¢fW'FW‚ÓrãCƒ3#2Rã23 ¢VæFÆö÷ ¢VæFf6W@¢f6WBæ÷&ÖÂãƒSss3ÓãSC“’ ¢÷WFW"Æö÷ ¢fW'FW‚ÓrãCƒ3#2Rã2Ó3 ¢fW'FW‚Órã“3s#’Bã#C#Sr3 ¢fW'FW‚Órã“3s#’Bã#C#SrÓ3 ¢VæFÆö÷ ¢VæFf6W@¢f6WBæ÷&ÖÂãC“sbã““ƒs“RÓ ¢÷WFW"Æö÷ ¢fW'FW‚Ó’Ó3 ¢fW'FW‚Óãƒƒ#SBÓ‚ã“Sccb3 ¢fW'FW‚Ó’3 ¢VæFÆö÷ ¢VæFf6W@¢f6WBæ÷&ÖÂãC“sbã““ƒs“R ¢÷WFW"Æö÷ ¢fW'FW‚Óãƒƒ#SBÓ‚ã“Sccb3 ¢fW'FW‚Ó’Ó3 ¢fW'FW‚Óãƒƒ#SBÓ‚ã“SccbÓ3 ¢VæFÆö÷ ¢VæFf6W@¢f6WBæ÷&ÖÂã““ƒs“RÓãC“sb ¢÷WFW"Æö÷ ¢fW'FW‚Ó’3 ¢fW'FW‚Ó‚ã“Sccbãƒƒ#SBÓ3 ¢fW'FW‚Ó‚ã“Sccbãƒƒ#SB3 ¢VæFÆö÷ ¢VæFf6W@¢f6WBæ÷&ÖÂã““ƒs“RÓãC“sb ¢÷WFW"Æö÷ ¢fW'FW‚Ó‚ã“Sccbãƒƒ#SBÓ3 ¢fW'FW‚Ó’3 ¢fW'FW‚Ó’Ó3 ¢VæFÆö÷ ¢VæFf6W@¢f6WBæ÷&ÖÂã33cƒƒ"ã“CSCrÓ ¢÷WFW"Æö÷ ¢fW'FW‚Ó"ãc#SbÓ‚ãc#CbÓ3 ¢fW'FW‚Ó2ãCCCRÓ‚ã3C“"3 ¢fW'FW‚Ó"ãc#SbÓ‚ãc#Cb3 ¢VæFÆö÷ ¢VæFf6W@¢f6WBæ÷&ÖÂã33cƒƒ"ã“CSCr ¢÷WFW"Æö÷ ¢fW'FW‚Ó2ãCCCRÓ‚ã3C“"3 ¢fW'FW‚Ó"ãc#SbÓ‚ãc#CbÓ3 ¢fW'FW‚Ó2ãCCCRÓ‚ã3C“"Ó3 ¢VæFÆö÷ ¢VæFf6W@¢f6WBæ÷&ÖÂÓãsC“S"ãcsSS‚ ¢÷WFW"Æö÷ ¢fW'FW‚bã3c3“bÓbã3c3“bÓ3 ¢fW'FW‚bã“Ss’ÓRãs“SB3 ¢fW'FW‚bã“Ss’ÓRãs“SBÓ3 ¢VæFÆö÷ ¢VæFf6W@¢f6WBæ÷&ÖÂÓãsC“S"ãcsSS‚ ¢÷WFW"Æö÷ ¢fW'FW‚bã“Ss’ÓRãs“SB3 ¢fW'FW‚bã3c3“bÓbã3c3“bÓ3 ¢fW'FW‚bã3c3“bÓbã3c3“b3 ¢VæFÆö÷ ¢VæFf6W@¦VæG6öÆ–B÷Vå44EôÖöFVÀ